[{"stream_name":"stdout","time":0.889351139,"data":"[00:00:00] === MixerTTS Egyptian FROM-SCRATCH (GPU) ===\n"}
,{"stream_name":"stdout","time":7.355115253,"data":"[00:00:06] torch 2.10.0+cu128 cuda=True\n"}
,{"stream_name":"stdout","time":7.398977058,"data":"[00:00:06]   gpu 0: Tesla T4\n"}
,{"stream_name":"stdout","time":7.39900707,"data":"[00:00:06]   gpu 1: Tesla T4\n"}
,{"stream_name":"stdout","time":13.881167845,"data":"[00:00:12] onnxruntime install rc=0\n"}
,{"stream_name":"stderr","time":42.519765753,"data":"/kaggle/input/datasets/ahmedyaseen86/mixer-tts-scratch-data/tts_arabic_pkg/tts_arabic/text/phonetise_buckwalter.py:190: SyntaxWarning: invalid escape sequence '\\S'\n"}
,{"stream_name":"stderr","time":42.519800276,"data":"  utterance = re.sub(\"(\\S)(\\.|\\?|,|!)\", \"\\\\1 \\\\2\", utterance)\n"}
,{"stream_name":"stderr","time":47.457897142,"data":"/usr/local/lib/python3.12/dist-packages/torch/functional.py:681: UserWarning: stft with return_complex=False is deprecated. In a future pytorch release, stft will return complex tensors for all inputs, and return_complex=False will raise an error.\n"}
,{"stream_name":"stderr","time":47.457932511,"data":"Note: you can still call torch.view_as_real on the complex output to recover the old return format. (Triggered internally at /pytorch/aten/src/ATen/native/SpectralOps.cpp:874.)\n"}
,{"stream_name":"stderr","time":47.457938203,"data":"  return _VF.stft(  # type: ignore[attr-defined]\n"}
,{"stream_name":"stdout","time":62.31932623,"data":"[00:01:01] sanity feature: {'status': 'ok', 'n_tokens': 139, 'n_frames': 751}\n"}
,{"stream_name":"stdout","time":63.419639417,"data":"[00:01:02] sanity feature: {'status': 'ok', 'n_tokens': 82, 'n_frames': 507}\n"}
,{"stream_name":"stdout","time":63.427164376,"data":"[00:01:02] sanity feature shape: ids=82 mel=(80, 507) pitch=(507,)\n"}
,{"stream_name":"stdout","time":93.868492168,"data":"[00:01:32] sanity forward ok: spect=(1, 507, 80)\n"}
,{"stream_name":"stdout","time":104.149189345,"data":"[00:01:43] sanity random-init audio saved (expected: noise — untrained)\n"}
,{"stream_name":"stdout","time":104.263044363,"data":"[00:01:43] features found (mounted or local) — skipping process phase\n"}
,{"stream_name":"stdout","time":110.791918862,"data":"[00:00:06] [train] device=cuda\n"}
,{"stream_name":"stdout","time":110.791958622,"data":"[00:00:06] [train] session elapsed 2m -\u003e train budget 255m\n"}
,{"stream_name":"stdout","time":110.865196084,"data":"[00:00:06] [train] using mounted features at /kaggle/input/notebooks/ahmedyaseen86/niletts-4h-prep/features\n"}
,{"stream_name":"stdout","time":111.066034457,"data":"[00:00:06] [train] pool: 19721 train / 2157 val (held out) / 21880 features (pitch mean=185.1 std=79.5)\n"}
,{"stream_name":"stdout","time":111.100797169,"data":"[00:00:06] [train] fresh model: 2.87M params\n"}
,{"stream_name":"stdout","time":114.068490611,"data":"[00:00:09] [train] NO resume checkpoint found — FRESH FROM-SCRATCH start (iter 0). Controlled experiment: previous experiment's checkpoints deliberately not mounted.\n"}
,{"stream_name":"stderr","time":114.174129898,"data":"/kaggle/input/datasets/ahmedyaseen86/mixer-tts-scratch-data/tts_arabic_pkg/tts_arabic/text/phonetise_buckwalter.py:190: SyntaxWarning: invalid escape sequence '\\S'\n"}
,{"stream_name":"stderr","time":114.174164847,"data":"  utterance = re.sub(\"(\\S)(\\.|\\?|,|!)\", \"\\\\1 \\\\2\", utterance)\n"}
,{"stream_name":"stdout","time":114.628346178,"data":"[00:00:10] [train] start iter=0 budget=15300s pool=19721 val=2157 gan_warmup=2000\n"}
,{"stream_name":"stdout","time":120.403836608,"data":"[00:00:16] it 1 loss=42.452 mel=33.870 durs=3.834 pitch=1.537 ctc=5.667 bin=2.378 score=0.000 fmatch=0.000 d=0.000 lr=1.000e-04 | 0.17it/s skip=0 (0.1m)\n"}
,{"stream_name":"stdout","time":120.797083042,"data":"[00:00:16] it 2 loss=41.845 mel=33.611 durs=1.725 pitch=0.961 ctc=5.604 bin=2.361 score=0.000 fmatch=0.000 d=0.000 lr=1.000e-04 | 0.22it/s skip=0 (0.1m)\n"}
,{"stream_name":"stdout","time":121.711634675,"data":"[00:00:17] it 3 loss=41.706 mel=33.564 durs=0.970 pitch=1.109 ctc=5.619 bin=2.315 score=0.000 fmatch=0.000 d=0.000 lr=1.000e-04 | 0.24it/s skip=0 (0.1m)\n"}
,{"stream_name":"stdout","time":122.648590766,"data":"[00:00:18] it 4 loss=41.019 mel=32.718 durs=0.815 pitch=0.893 ctc=5.728 bin=2.402 score=0.000 fmatch=0.000 d=0.000 lr=1.000e-04 | 0.25it/s skip=0 (0.1m)\n"}
,{"stream_name":"stdout","time":123.466832583,"data":"[00:00:19] it 5 loss=39.043 mel=30.961 durs=0.784 pitch=0.997 ctc=5.547 bin=2.358 score=0.000 fmatch=0.000 d=0.000 lr=1.000e-04 | 0.27it/s skip=0 (0.1m)\n"}
,{"stream_name":"stdout","time":124.578529908,"data":"[00:00:20] it 6 loss=39.721 mel=31.436 durs=0.763 pitch=0.891 ctc=5.717 bin=2.403 score=0.000 fmatch=0.000 d=0.000 lr=1.000e-04 | 0.29it/s skip=0 (0.2m)\n"}
,{"stream_name":"stdout","time":137.137565925,"data":"[00:00:32] it 25 loss=33.293 mel=25.630 durs=0.481 pitch=0.734 ctc=5.599 bin=1.943 score=0.000 fmatch=0.000 d=0.000 lr=1.000e-04 | 0.78it/s skip=0 (0.4m)\n"}
,{"stream_name":"stdout","time":150.577263396,"data":"[00:00:46] it 50 loss=29.623 mel=22.250 durs=0.343 pitch=0.545 ctc=5.697 bin=1.587 score=0.000 fmatch=0.000 d=0.000 lr=1.000e-04 | 1.46it/s skip=0 (0.6m)\n"}
,{"stream_name":"stdout","time":160.769911429,"data":"[00:00:56] it 75 loss=27.334 mel=20.040 durs=0.297 pitch=0.622 ctc=5.666 bin=1.536 score=0.000 fmatch=0.000 d=0.000 lr=1.000e-04 | 2.05it/s skip=0 (0.8m)\n"}
,{"stream_name":"stdout","time":170.406093313,"data":"[00:01:06] it 100 loss=26.311 mel=18.991 durs=0.182 pitch=0.590 ctc=5.720 bin=1.522 score=0.000 fmatch=0.000 d=0.000 lr=1.000e-04 | 2.43it/s skip=0 (0.9m)\n"}
,{"stream_name":"stdout","time":179.380140657,"data":"[00:01:15] it 125 loss=23.327 mel=16.115 durs=0.169 pitch=0.579 ctc=5.612 bin=1.525 score=0.000 fmatch=0.000 d=0.000 lr=1.000e-04 | 2.70it/s skip=0 (1.1m)\n"}
,{"stream_name":"stdout","time":188.348762844,"data":"[00:01:23] it 150 loss=22.176 mel=14.800 durs=0.151 pitch=0.474 ctc=5.777 bin=1.537 score=0.000 fmatch=0.000 d=0.000 lr=1.000e-04 | 2.83it/s skip=0 (1.2m)\n"}
,{"stream_name":"stdout","time":195.526922984,"data":"[00:01:31] it 175 loss=19.046 mel=11.873 durs=0.130 pitch=0.584 ctc=5.640 bin=1.461 score=0.000 fmatch=0.000 d=0.000 lr=1.000e-04 | 3.21it/s skip=0 (1.3m)\n"}
,{"stream_name":"stdout","time":203.612459921,"data":"[00:01:39] it 200 loss=18.444 mel=11.431 durs=0.118 pitch=1.032 ctc=5.467 bin=1.432 score=0.000 fmatch=0.000 d=0.000 lr=1.000e-04 | 3.28it/s skip=0 (1.5m)\n"}
,{"stream_name":"stdout","time":210.884442199,"data":"[00:01:46] it 225 loss=17.407 mel=10.102 durs=0.122 pitch=0.683 ctc=5.716 bin=1.508 score=0.000 fmatch=0.000 d=0.000 lr=1.000e-04 | 3.45it/s skip=0 (1.6m)\n"}
,{"stream_name":"stdout","time":217.745006852,"data":"[00:01:53] it 250 loss=16.886 mel=9.733 durs=0.107 pitch=0.540 ctc=5.633 bin=1.455 score=0.000 fmatch=0.000 d=0.000 lr=1.000e-04 | 3.66it/s skip=0 (1.7m)\n"}
,{"stream_name":"stdout","time":224.577476144,"data":"[00:02:00] it 275 loss=15.114 mel=7.920 durs=0.124 pitch=0.520 ctc=5.653 bin=1.477 score=0.000 fmatch=0.000 d=0.000 lr=1.000e-04 | 3.81it/s skip=0 (1.8m)\n"}
,{"stream_name":"stdout","time":231.647480909,"data":"[00:02:07] it 300 loss=14.805 mel=7.685 durs=0.087 pitch=0.599 ctc=5.616 bin=1.435 score=0.000 fmatch=0.000 d=0.000 lr=1.000e-04 | 3.80it/s skip=0 (2.0m)\n"}
,{"stream_name":"stdout","time":238.966139343,"data":"[00:02:14] it 325 loss=13.888 mel=6.809 durs=0.112 pitch=0.451 ctc=5.591 bin=1.431 score=0.000 fmatch=0.000 d=0.000 lr=1.000e-04 | 3.75it/s skip=0 (2.1m)\n"}
,{"stream_name":"stdout","time":245.073888293,"data":"[00:02:20] it 350 loss=13.302 mel=6.136 durs=0.083 pitch=0.424 ctc=5.607 bin=1.507 score=0.000 fmatch=0.000 d=0.000 lr=1.000e-04 | 3.97it/s skip=0 (2.2m)\n"}
,{"stream_name":"stdout","time":251.544518367,"data":"[00:02:27] it 375 loss=13.388 mel=6.228 durs=0.083 pitch=0.530 ctc=5.562 bin=1.536 score=0.000 fmatch=0.000 d=0.000 lr=1.000e-04 | 4.05it/s skip=0 (2.3m)\n"}
,{"stream_name":"stdout","time":258.512886375,"data":"[00:02:34] it 400 loss=12.960 mel=5.834 durs=0.107 pitch=0.538 ctc=5.525 bin=1.536 score=0.000 fmatch=0.000 d=0.000 lr=1.000e-04 | 4.00it/s skip=0 (2.4m)\n"}
,{"stream_name":"stdout","time":266.459965621,"data":"[00:02:42] it 425 loss=12.314 mel=5.371 durs=0.081 pitch=0.631 ctc=5.368 bin=1.504 score=0.000 fmatch=0.000 d=0.000 lr=1.000e-04 | 4.03it/s skip=0 (2.5m)\n"}
,{"stream_name":"stdout","time":272.488997446,"data":"[00:02:48] it 450 loss=12.779 mel=5.531 durs=0.086 pitch=0.464 ctc=5.711 bin=1.482 score=0.000 fmatch=0.000 d=0.000 lr=1.000e-04 | 4.16it/s skip=0 (2.6m)\n"}
,{"stream_name":"stdout","time":278.13158956,"data":"[00:02:53] it 475 loss=12.030 mel=5.012 durs=0.099 pitch=0.503 ctc=5.441 bin=1.517 score=0.000 fmatch=0.000 d=0.000 lr=1.000e-04 | 4.34it/s skip=0 (2.7m)\n"}
,{"stream_name":"stdout","time":283.760317018,"data":"[00:02:59] it 500 loss=12.082 mel=5.042 durs=0.079 pitch=0.359 ctc=5.547 bin=1.448 score=0.000 fmatch=0.000 d=0.000 lr=1.000e-04 | 4.43it/s skip=0 (2.8m)\n"}
,{"stream_name":"stdout","time":290.021694225,"data":"[00:03:05] it 525 loss=11.779 mel=4.556 durs=0.074 pitch=0.452 ctc=5.718 bin=1.453 score=0.000 fmatch=0.000 d=0.000 lr=1.000e-04 | 4.37it/s skip=0 (2.9m)\n"}
,{"stream_name":"stdout","time":296.17661873,"data":"[00:03:11] it 550 loss=11.719 mel=4.634 durs=0.090 pitch=0.592 ctc=5.518 bin=1.499 score=0.000 fmatch=0.000 d=0.000 lr=1.000e-04 | 4.34it/s skip=0 (3.0m)\n"}
,{"stream_name":"stdout","time":302.306428522,"data":"[00:03:17] it 575 loss=11.999 mel=5.062 durs=0.078 pitch=0.548 ctc=5.431 bin=1.444 score=0.000 fmatch=0.000 d=0.000 lr=1.000e-04 | 4.33it/s skip=0 (3.1m)\n"}
,{"stream_name":"stdout","time":309.245468307,"data":"[00:03:24] it 600 loss=11.869 mel=4.833 durs=0.069 pitch=0.582 ctc=5.491 bin=1.479 score=0.000 fmatch=0.000 d=0.000 lr=1.000e-04 | 4.18it/s skip=0 (3.2m)\n"}
,{"stream_name":"stdout","time":315.176336508,"data":"[00:03:30] it 625 loss=12.114 mel=4.947 durs=0.074 pitch=0.487 ctc=5.587 bin=1.524 score=0.000 fmatch=0.000 d=0.000 lr=1.000e-04 | 4.28it/s skip=0 (3.3m)\n"}
,{"stream_name":"stdout","time":321.078074492,"data":"[00:03:36] it 650 loss=11.573 mel=4.618 durs=0.072 pitch=0.594 ctc=5.502 bin=1.387 score=0.000 fmatch=0.000 d=0.000 lr=1.000e-04 | 4.35it/s skip=0 (3.4m)\n"}
,{"stream_name":"stdout","time":326.858429454,"data":"[00:03:42] it 675 loss=12.133 mel=4.995 durs=0.062 pitch=0.460 ctc=5.684 bin=1.402 score=0.000 fmatch=0.000 d=0.000 lr=1.000e-04 | 4.42it/s skip=0 (3.5m)\n"}
,{"stream_name":"stdout","time":333.372223959,"data":"[00:03:49] it 700 loss=11.767 mel=4.672 durs=0.068 pitch=0.431 ctc=5.512 bin=1.532 score=0.000 fmatch=0.000 d=0.000 lr=1.000e-04 | 4.33it/s skip=0 (3.6m)\n"}
,{"stream_name":"stdout","time":339.246552323,"data":"[00:03:54] it 725 loss=11.222 mel=4.300 durs=0.098 pitch=0.531 ctc=5.408 bin=1.451 score=0.000 fmatch=0.000 d=0.000 lr=1.000e-04 | 4.38it/s skip=0 (3.7m)\n"}
,{"stream_name":"stdout","time":345.088976045,"data":"[00:04:00] it 750 loss=11.960 mel=4.906 durs=0.081 pitch=0.728 ctc=5.531 bin=1.442 score=0.000 fmatch=0.000 d=0.000 lr=1.000e-04 | 4.39it/s skip=0 (3.8m)\n"}
,{"stream_name":"stdout","time":350.779159944,"data":"[00:04:06] it 775 loss=11.785 mel=4.624 durs=0.061 pitch=0.536 ctc=5.619 bin=1.482 score=0.000 fmatch=0.000 d=0.000 lr=1.000e-04 | 4.45it/s skip=0 (3.9m)\n"}
,{"stream_name":"stdout","time":356.520605157,"data":"[00:04:12] it 800 loss=11.202 mel=4.138 durs=0.081 pitch=0.516 ctc=5.581 bin=1.423 score=0.000 fmatch=0.000 d=0.000 lr=1.000e-04 | 4.48it/s skip=0 (4.0m)\n"}
,{"stream_name":"stdout","time":362.464085818,"data":"[00:04:18] it 825 loss=11.697 mel=4.562 durs=0.079 pitch=0.496 ctc=5.594 bin=1.483 score=0.000 fmatch=0.000 d=0.000 lr=1.000e-04 | 4.45it/s skip=0 (4.1m)\n"}
,{"stream_name":"stdout","time":368.423680654,"data":"[00:04:24] it 850 loss=11.996 mel=4.783 durs=0.084 pitch=0.576 ctc=5.615 bin=1.532 score=0.000 fmatch=0.000 d=0.000 lr=1.000e-04 | 4.41it/s skip=0 (4.2m)\n"}
,{"stream_name":"stdout","time":374.653908394,"data":"[00:04:30] it 875 loss=11.354 mel=4.388 durs=0.068 pitch=0.488 ctc=5.509 bin=1.401 score=0.000 fmatch=0.000 d=0.000 lr=1.000e-04 | 4.34it/s skip=0 (4.3m)\n"}
,{"stream_name":"stdout","time":381.151402071,"data":"[00:04:36] it 900 loss=11.647 mel=4.589 durs=0.073 pitch=0.430 ctc=5.539 bin=1.469 score=0.000 fmatch=0.000 d=0.000 lr=1.000e-04 | 4.21it/s skip=0 (4.4m)\n"}
,{"stream_name":"stdout","time":386.982536007,"data":"[00:04:42] it 925 loss=11.257 mel=4.257 durs=0.090 pitch=0.599 ctc=5.465 bin=1.467 score=0.000 fmatch=0.000 d=0.000 lr=1.000e-04 | 4.30it/s skip=0 (4.5m)\n"}
,{"stream_name":"stdout","time":392.850127502,"data":"[00:04:48] it 950 loss=10.761 mel=3.894 durs=0.075 pitch=0.484 ctc=5.330 bin=1.481 score=0.000 fmatch=0.000 d=0.000 lr=1.000e-04 | 4.38it/s skip=0 (4.6m)\n"}
,{"stream_name":"stdout","time":398.571034593,"data":"[00:04:54] it 975 loss=11.197 mel=4.183 durs=0.075 pitch=0.504 ctc=5.446 bin=1.510 score=0.000 fmatch=0.000 d=0.000 lr=1.000e-04 | 4.43it/s skip=0 (4.7m)\n"}
,{"stream_name":"stdout","time":404.549669659,"data":"[00:05:00] it 1000 loss=11.273 mel=4.276 durs=0.075 pitch=0.558 ctc=5.507 bin=1.427 score=0.000 fmatch=0.000 d=0.000 lr=1.000e-04 | 4.43it/s skip=0 (4.8m)\n"}
,{"stream_name":"stdout","time":410.815333794,"data":"[00:05:06] it 1025 loss=11.866 mel=4.761 durs=0.067 pitch=0.546 ctc=5.688 bin=1.356 score=0.000 fmatch=0.000 d=0.000 lr=1.000e-04 | 4.38it/s skip=0 (4.9m)\n"}
,{"stream_name":"stdout","time":417.015945857,"data":"[00:05:12] it 1050 loss=11.396 mel=4.317 durs=0.070 pitch=0.472 ctc=5.549 bin=1.476 score=0.000 fmatch=0.000 d=0.000 lr=1.000e-04 | 4.36it/s skip=0 (5.0m)\n"}
,{"stream_name":"stdout","time":422.898433272,"data":"[00:05:18] it 1075 loss=11.334 mel=4.344 durs=0.072 pitch=0.540 ctc=5.601 bin=1.328 score=0.000 fmatch=0.000 d=0.000 lr=1.000e-04 | 4.36it/s skip=0 (5.1m)\n"}
,{"stream_name":"stdout","time":428.692702325,"data":"[00:05:24] it 1100 loss=11.480 mel=4.682 durs=0.062 pitch=0.415 ctc=5.338 bin=1.412 score=0.000 fmatch=0.000 d=0.000 lr=1.000e-04 | 4.38it/s skip=0 (5.2m)\n"}
,{"stream_name":"stdout","time":435.400821606,"data":"[00:05:31] it 1125 loss=11.302 mel=4.273 durs=0.071 pitch=0.618 ctc=5.487 bin=1.473 score=0.000 fmatch=0.000 d=0.000 lr=1.000e-04 | 4.27it/s skip=0 (5.3m)\n"}
,{"stream_name":"stdout","time":441.267867726,"data":"[00:05:36] it 1150 loss=11.185 mel=4.065 durs=0.071 pitch=0.644 ctc=5.637 bin=1.413 score=0.000 fmatch=0.000 d=0.000 lr=1.000e-04 | 4.30it/s skip=0 (5.4m)\n"}
,{"stream_name":"stdout","time":447.149196127,"data":"[00:05:42] it 1175 loss=10.909 mel=3.784 durs=0.103 pitch=0.629 ctc=5.534 bin=1.518 score=0.000 fmatch=0.000 d=0.000 lr=1.000e-04 | 4.34it/s skip=0 (5.5m)\n"}
,{"stream_name":"stdout","time":452.842635019,"data":"[00:05:48] it 1200 loss=10.809 mel=3.933 durs=0.079 pitch=0.500 ctc=5.406 bin=1.412 score=0.000 fmatch=0.000 d=0.000 lr=1.000e-04 | 4.38it/s skip=0 (5.6m)\n"}
,{"stream_name":"stdout","time":459.018131998,"data":"[00:05:54] it 1225 loss=11.039 mel=4.025 durs=0.070 pitch=0.576 ctc=5.526 bin=1.424 score=0.000 fmatch=0.000 d=0.000 lr=1.000e-04 | 4.31it/s skip=0 (5.7m)\n"}
,{"stream_name":"stdout","time":464.216883822,"data":"[00:05:59] it 1250 loss=11.005 mel=4.211 durs=0.083 pitch=0.676 ctc=5.338 bin=1.380 score=0.000 fmatch=0.000 d=0.000 lr=1.000e-04 | 5.01it/s skip=0 (5.8m)\n"}
,{"stream_name":"stdout","time":468.036398309,"data":"[00:06:03] it 1275 loss=11.106 mel=3.991 durs=0.081 pitch=0.619 ctc=5.543 bin=1.503 score=0.000 fmatch=0.000 d=0.000 lr=1.000e-04 | 5.67it/s skip=0 (5.9m)\n"}
,{"stream_name":"stdout","time":471.938500808,"data":"[00:06:07] it 1300 loss=11.479 mel=4.471 durs=0.081 pitch=0.679 ctc=5.525 bin=1.407 score=0.000 fmatch=0.000 d=0.000 lr=1.000e-04 | 6.01it/s skip=0 (6.0m)\n"}
,{"stream_name":"stdout","time":475.703550115,"data":"[00:06:11] it 1325 loss=11.707 mel=4.760 durs=0.082 pitch=0.464 ctc=5.460 bin=1.432 score=0.000 fmatch=0.000 d=0.000 lr=1.000e-04 | 6.32it/s skip=0 (6.0m)\n"}
,{"stream_name":"stdout","time":479.480608125,"data":"[00:06:15] it 1350 loss=11.086 mel=4.284 durs=0.074 pitch=0.409 ctc=5.408 bin=1.346 score=0.000 fmatch=0.000 d=0.000 lr=1.000e-04 | 6.48it/s skip=0 (6.1m)\n"}
,{"stream_name":"stdout","time":483.263510261,"data":"[00:06:18] it 1375 loss=11.245 mel=4.176 durs=0.073 pitch=0.566 ctc=5.561 bin=1.445 score=0.000 fmatch=0.000 d=0.000 lr=1.000e-04 | 6.59it/s skip=0 (6.1m)\n"}
,{"stream_name":"stdout","time":487.01432051,"data":"[00:06:22] it 1400 loss=10.646 mel=3.782 durs=0.111 pitch=0.530 ctc=5.319 bin=1.481 score=0.000 fmatch=0.000 d=0.000 lr=1.000e-04 | 6.67it/s skip=0 (6.2m)\n"}
,{"stream_name":"stdout","time":490.796316358,"data":"[00:06:26] it 1425 loss=11.024 mel=4.155 durs=0.071 pitch=0.487 ctc=5.373 bin=1.441 score=0.000 fmatch=0.000 d=0.000 lr=1.000e-04 | 6.71it/s skip=0 (6.3m)\n"}
,{"stream_name":"stdout","time":494.626288377,"data":"[00:06:30] it 1450 loss=10.889 mel=3.755 durs=0.079 pitch=0.675 ctc=5.580 bin=1.478 score=0.000 fmatch=0.000 d=0.000 lr=1.000e-04 | 6.70it/s skip=0 (6.3m)\n"}
,{"stream_name":"stdout","time":498.608289332,"data":"[00:06:34] it 1475 loss=10.846 mel=3.810 durs=0.067 pitch=0.428 ctc=5.562 bin=1.424 score=0.000 fmatch=0.000 d=0.000 lr=1.000e-04 | 6.63it/s skip=0 (6.4m)\n"}
,{"stream_name":"stdout","time":502.559968562,"data":"[00:06:38] it 1500 loss=10.679 mel=3.843 durs=0.082 pitch=0.546 ctc=5.345 bin=1.428 score=0.000 fmatch=0.000 d=0.000 lr=1.000e-04 | 6.61it/s skip=0 (6.5m)\n"}
,{"stream_name":"stdout","time":506.443204099,"data":"[00:06:42] it 1525 loss=10.846 mel=4.010 durs=0.088 pitch=0.443 ctc=5.394 bin=1.388 score=0.000 fmatch=0.000 d=0.000 lr=1.000e-04 | 6.67it/s skip=0 (6.5m)\n"}
,{"stream_name":"stdout","time":511.739517303,"data":"[00:06:47] it 1550 loss=10.795 mel=3.782 durs=0.096 pitch=0.521 ctc=5.463 bin=1.488 score=0.000 fmatch=0.000 d=0.000 lr=1.000e-04 | 6.55it/s skip=0 (6.6m)\n"}
,{"stream_name":"stdout","time":515.656932355,"data":"[00:06:51] it 1575 loss=11.476 mel=4.585 durs=0.082 pitch=0.695 ctc=5.388 bin=1.425 score=0.000 fmatch=0.000 d=0.000 lr=1.000e-04 | 6.57it/s skip=0 (6.7m)\n"}
,{"stream_name":"stdout","time":519.683791818,"data":"[00:06:55] it 1600 loss=10.820 mel=3.732 durs=0.094 pitch=0.371 ctc=5.551 bin=1.490 score=0.000 fmatch=0.000 d=0.000 lr=1.000e-04 | 6.58it/s skip=0 (6.7m)\n"}
,{"stream_name":"stdout","time":523.509483671,"data":"[00:06:59] it 1625 loss=11.452 mel=4.427 durs=0.076 pitch=0.537 ctc=5.551 bin=1.413 score=0.000 fmatch=0.000 d=0.000 lr=1.000e-04 | 6.62it/s skip=0 (6.8m)\n"}
,{"stream_name":"stdout","time":527.281409446,"data":"[00:07:02] it 1650 loss=11.038 mel=4.017 durs=0.110 pitch=0.722 ctc=5.456 bin=1.482 score=0.000 fmatch=0.000 d=0.000 lr=1.000e-04 | 6.68it/s skip=0 (6.9m)\n"}
,{"stream_name":"stdout","time":533.123953446,"data":"[00:07:08] it 1675 loss=11.145 mel=4.291 durs=0.078 pitch=0.678 ctc=5.406 bin=1.372 score=0.000 fmatch=0.000 d=0.000 lr=1.000e-04 | 6.63it/s skip=0 (7.0m)\n"}
,{"stream_name":"stdout","time":536.839349508,"data":"[00:07:12] it 1700 loss=11.005 mel=3.995 durs=0.073 pitch=0.515 ctc=5.544 bin=1.408 score=0.000 fmatch=0.000 d=0.000 lr=1.000e-04 | 6.72it/s skip=0 (7.0m)\n"}
,{"stream_name":"stdout","time":540.758543682,"data":"[00:07:16] it 1725 loss=10.485 mel=3.611 durs=0.086 pitch=0.501 ctc=5.358 bin=1.457 score=0.000 fmatch=0.000 d=0.000 lr=1.000e-04 | 6.65it/s skip=0 (7.1m)\n"}
,{"stream_name":"stdout","time":544.592199247,"data":"[00:07:20] it 1750 loss=10.589 mel=3.668 durs=0.114 pitch=0.522 ctc=5.372 bin=1.485 score=0.000 fmatch=0.000 d=0.000 lr=1.000e-04 | 6.66it/s skip=0 (7.2m)\n"}
,{"stream_name":"stdout","time":548.352860276,"data":"[00:07:23] it 1775 loss=11.154 mel=4.380 durs=0.079 pitch=0.483 ctc=5.390 bin=1.327 score=0.000 fmatch=0.000 d=0.000 lr=1.000e-04 | 6.73it/s skip=0 (7.2m)\n"}
,{"stream_name":"stdout","time":552.19682264,"data":"[00:07:27] it 1800 loss=10.647 mel=3.722 durs=0.066 pitch=0.597 ctc=5.504 bin=1.355 score=0.000 fmatch=0.000 d=0.000 lr=1.000e-04 | 6.68it/s skip=0 (7.3m)\n"}
,{"stream_name":"stdout","time":555.97423931,"data":"[00:07:31] it 1825 loss=11.038 mel=3.997 durs=0.074 pitch=0.559 ctc=5.590 bin=1.388 score=0.000 fmatch=0.000 d=0.000 lr=1.000e-04 | 6.73it/s skip=0 (7.4m)\n"}
,{"stream_name":"stdout","time":559.839157615,"data":"[00:07:35] it 1850 loss=10.467 mel=3.543 durs=0.092 pitch=0.538 ctc=5.445 bin=1.416 score=0.000 fmatch=0.000 d=0.000 lr=1.000e-04 | 6.68it/s skip=0 (7.4m)\n"}
,{"stream_name":"stdout","time":563.767371699,"data":"[00:07:39] it 1875 loss=10.933 mel=3.921 durs=0.077 pitch=0.839 ctc=5.479 bin=1.442 score=0.000 fmatch=0.000 d=0.000 lr=1.000e-04 | 6.61it/s skip=0 (7.5m)\n"}
,{"stream_name":"stdout","time":569.142475011,"data":"[00:07:44] it 1900 loss=10.730 mel=3.744 durs=0.077 pitch=0.638 ctc=5.452 bin=1.462 score=0.000 fmatch=0.000 d=0.000 lr=1.000e-04 | 6.52it/s skip=0 (7.6m)\n"}
,{"stream_name":"stdout","time":573.001138399,"data":"[00:07:48] it 1925 loss=10.396 mel=3.525 durs=0.076 pitch=0.626 ctc=5.397 bin=1.404 score=0.000 fmatch=0.000 d=0.000 lr=1.000e-04 | 6.55it/s skip=0 (7.6m)\n"}
,{"stream_name":"stdout","time":576.756225418,"data":"[00:07:52] it 1950 loss=10.379 mel=3.464 durs=0.079 pitch=0.414 ctc=5.441 bin=1.424 score=0.000 fmatch=0.000 d=0.000 lr=1.000e-04 | 6.64it/s skip=0 (7.7m)\n"}
,{"stream_name":"stdout","time":580.678068083,"data":"[00:07:56] it 1975 loss=10.702 mel=3.780 durs=0.072 pitch=0.397 ctc=5.519 bin=1.356 score=0.000 fmatch=0.000 d=0.000 lr=1.000e-04 | 6.66it/s skip=0 (7.8m)\n"}
,{"stream_name":"stdout","time":584.452821204,"data":"[00:08:00] it 2000 loss=10.822 mel=3.820 durs=0.110 pitch=0.510 ctc=5.452 bin=1.488 score=0.000 fmatch=0.000 d=0.000 lr=1.000e-04 | 6.70it/s skip=0 (7.8m)\n"}
,{"stream_name":"stdout","time":598.840356816,"data":"[00:08:14] [train] probes saved at iter 2000\n"}
,{"stream_name":"stdout","time":626.263263265,"data":"[00:08:41] [val] it 2000 loss=10.666 mel=3.773 durs=0.075 pitch=0.522 ctc=5.434 (27.4s)\n"}
,{"stream_name":"stdout","time":631.061606684,"data":"[00:08:46] it 2025 loss=12.148 mel=3.950 durs=0.090 pitch=0.550 ctc=5.386 bin=1.393 score=0.317 fmatch=0.089 d=0.209 lr=1.000e-04 | 6.31it/s skip=0 (8.6m)\n"}
,{"stream_name":"stdout","time":635.314832086,"data":"[00:08:50] it 2050 loss=12.631 mel=4.365 durs=0.082 pitch=0.535 ctc=5.503 bin=1.377 score=0.309 fmatch=0.090 d=0.197 lr=1.000e-04 | 6.18it/s skip=0 (8.7m)\n"}
,{"stream_name":"stdout","time":639.728148336,"data":"[00:08:55] it 2075 loss=13.577 mel=4.425 durs=0.093 pitch=0.366 ctc=5.529 bin=1.481 score=0.496 fmatch=0.110 d=0.221 lr=1.000e-04 | 6.01it/s skip=0 (8.8m)\n"}
,{"stream_name":"stdout","time":644.221253277,"data":"[00:08:59] it 2100 loss=13.075 mel=4.657 durs=0.101 pitch=0.561 ctc=5.283 bin=1.366 score=0.399 fmatch=0.105 d=0.179 lr=1.000e-04 | 5.87it/s skip=0 (8.8m)\n"}
,{"stream_name":"stdout","time":648.723539665,"data":"[00:09:04] it 2125 loss=12.945 mel=4.337 durs=0.082 pitch=0.632 ctc=5.429 bin=1.366 score=0.411 fmatch=0.096 d=0.205 lr=1.000e-04 | 5.78it/s skip=0 (8.9m)\n"}
,{"stream_name":"stdout","time":653.150115505,"data":"[00:09:08] it 2150 loss=13.247 mel=4.415 durs=0.094 pitch=0.451 ctc=5.387 bin=1.459 score=0.457 fmatch=0.103 d=0.199 lr=1.000e-04 | 5.76it/s skip=0 (9.0m)\n"}
,{"stream_name":"stdout","time":657.625390364,"data":"[00:09:13] it 2175 loss=12.900 mel=4.423 durs=0.107 pitch=0.446 ctc=5.400 bin=1.514 score=0.355 fmatch=0.091 d=0.216 lr=1.000e-04 | 5.73it/s skip=0 (9.0m)\n"}
,{"stream_name":"stdout","time":662.133591768,"data":"[00:09:17] it 2200 loss=12.911 mel=4.822 durs=0.084 pitch=0.508 ctc=5.284 bin=1.356 score=0.326 fmatch=0.087 d=0.248 lr=1.000e-04 | 5.69it/s skip=0 (9.1m)\n"}
,{"stream_name":"stdout","time":666.535826166,"data":"[00:09:22] it 2225 loss=13.286 mel=4.664 durs=0.101 pitch=0.489 ctc=5.470 bin=1.460 score=0.384 fmatch=0.097 d=0.197 lr=1.000e-04 | 5.72it/s skip=0 (9.2m)\n"}
,{"stream_name":"stdout","time":670.925376392,"data":"[00:09:26] it 2250 loss=13.118 mel=4.642 durs=0.105 pitch=0.577 ctc=5.401 bin=1.459 score=0.365 fmatch=0.087 d=0.196 lr=1.000e-04 | 5.74it/s skip=0 (9.3m)\n"}
,{"stream_name":"stdout","time":675.256873847,"data":"[00:09:30] it 2275 loss=13.337 mel=4.922 durs=0.096 pitch=0.538 ctc=5.371 bin=1.416 score=0.369 fmatch=0.090 d=0.224 lr=1.000e-04 | 5.79it/s skip=0 (9.3m)\n"}
,{"stream_name":"stdout","time":679.739136422,"data":"[00:09:35] it 2300 loss=13.387 mel=4.514 durs=0.086 pitch=0.514 ctc=5.516 bin=1.416 score=0.445 fmatch=0.100 d=0.197 lr=1.000e-04 | 5.78it/s skip=0 (9.4m)\n"}
,{"stream_name":"stdout","time":684.162749907,"data":"[00:09:39] it 2325 loss=13.139 mel=4.476 durs=0.103 pitch=0.562 ctc=5.461 bin=1.499 score=0.386 fmatch=0.092 d=0.223 lr=1.000e-04 | 5.83it/s skip=0 (9.5m)\n"}
,{"stream_name":"stdout","time":688.413194168,"data":"[00:09:44] it 2350 loss=13.361 mel=4.711 durs=0.116 pitch=0.478 ctc=5.329 bin=1.453 score=0.427 fmatch=0.098 d=0.231 lr=1.000e-04 | 5.88it/s skip=0 (9.6m)\n"}
,{"stream_name":"stdout","time":692.684347178,"data":"[00:09:48] it 2375 loss=13.603 mel=4.871 durs=0.112 pitch=0.539 ctc=5.256 bin=1.404 score=0.475 fmatch=0.105 d=0.236 lr=1.000e-04 | 5.91it/s skip=0 (9.6m)\n"}
,{"stream_name":"stdout","time":696.861886867,"data":"[00:09:52] it 2400 loss=12.964 mel=4.221 durs=0.138 pitch=0.538 ctc=5.317 bin=1.480 score=0.443 fmatch=0.106 d=0.203 lr=1.000e-04 | 5.98it/s skip=0 (9.7m)\n"}
,{"stream_name":"stdout","time":701.108031795,"data":"[00:09:56] it 2425 loss=13.482 mel=4.295 durs=0.131 pitch=0.625 ctc=5.420 bin=1.490 score=0.522 fmatch=0.113 d=0.243 lr=1.000e-04 | 5.99it/s skip=0 (9.8m)\n"}
,{"stream_name":"stdout","time":705.506818538,"data":"[00:10:01] it 2450 loss=13.928 mel=4.456 durs=0.088 pitch=0.455 ctc=5.488 bin=1.403 score=0.602 fmatch=0.120 d=0.249 lr=1.000e-04 | 5.94it/s skip=0 (9.8m)\n"}
,{"stream_name":"stdout","time":710.45624076,"data":"[00:10:06] it 2475 loss=13.944 mel=4.859 durs=0.086 pitch=0.507 ctc=5.249 bin=1.327 score=0.581 fmatch=0.126 d=0.237 lr=1.000e-04 | 5.93it/s skip=0 (9.9m)\n"}
,{"stream_name":"stdout","time":714.761096386,"data":"[00:10:10] it 2500 loss=12.395 mel=4.354 durs=0.099 pitch=0.592 ctc=5.364 bin=1.433 score=0.270 fmatch=0.095 d=0.247 lr=1.000e-04 | 5.92it/s skip=0 (10.0m)\n"}
,{"stream_name":"stdout","time":719.08607397,"data":"[00:10:14] it 2525 loss=13.755 mel=5.102 durs=0.091 pitch=0.482 ctc=5.558 bin=1.359 score=0.394 fmatch=0.103 d=0.220 lr=1.000e-04 | 5.97it/s skip=0 (10.1m)\n"}
,{"stream_name":"stdout","time":723.422606322,"data":"[00:10:19] it 2550 loss=12.500 mel=4.482 durs=0.089 pitch=0.551 ctc=5.413 bin=1.409 score=0.260 fmatch=0.092 d=0.226 lr=1.000e-04 | 5.92it/s skip=0 (10.1m)\n"}
,{"stream_name":"stdout","time":727.702635579,"data":"[00:10:23] it 2575 loss=13.606 mel=4.872 durs=0.097 pitch=0.873 ctc=5.462 bin=1.441 score=0.407 fmatch=0.107 d=0.190 lr=1.000e-04 | 5.93it/s skip=0 (10.2m)\n"}
,{"stream_name":"stdout","time":732.034993018,"data":"[00:10:27] it 2600 loss=13.589 mel=4.935 durs=0.124 pitch=0.612 ctc=5.383 bin=1.486 score=0.402 fmatch=0.103 d=0.198 lr=1.000e-04 | 5.91it/s skip=0 (10.3m)\n"}
,{"stream_name":"stdout","time":736.356371792,"data":"[00:10:31] it 2625 loss=12.905 mel=4.526 durs=0.088 pitch=0.478 ctc=5.378 bin=1.355 score=0.373 fmatch=0.097 d=0.219 lr=1.000e-04 | 5.91it/s skip=0 (10.4m)\n"}
,{"stream_name":"stdout","time":740.767076328,"data":"[00:10:36] it 2650 loss=13.186 mel=4.578 durs=0.110 pitch=0.586 ctc=5.285 bin=1.442 score=0.427 fmatch=0.103 d=0.217 lr=1.000e-04 | 5.85it/s skip=0 (10.4m)\n"}
,{"stream_name":"stdout","time":745.16043087,"data":"[00:10:40] it 2675 loss=12.736 mel=4.470 durs=0.104 pitch=0.593 ctc=5.338 bin=1.465 score=0.325 fmatch=0.093 d=0.211 lr=1.000e-04 | 5.82it/s skip=0 (10.5m)\n"}
,{"stream_name":"stdout","time":749.490907639,"data":"[00:10:45] it 2700 loss=12.968 mel=4.273 durs=0.144 pitch=0.422 ctc=5.225 bin=1.479 score=0.457 fmatch=0.106 d=0.209 lr=1.000e-04 | 5.83it/s skip=0 (10.6m)\n"}
,{"stream_name":"stdout","time":754.166476412,"data":"[00:10:49] it 2725 loss=13.010 mel=4.440 durs=0.108 pitch=0.518 ctc=5.491 bin=1.448 score=0.367 fmatch=0.102 d=0.220 lr=1.000e-04 | 5.75it/s skip=0 (10.7m)\n"}
,{"stream_name":"stdout","time":758.459792128,"data":"[00:10:54] it 2750 loss=13.744 mel=4.627 durs=0.123 pitch=0.519 ctc=5.337 bin=1.494 score=0.526 fmatch=0.117 d=0.252 lr=1.000e-04 | 5.82it/s skip=0 (10.7m)\n"}
,{"stream_name":"stdout","time":762.838963179,"data":"[00:10:58] it 2775 loss=12.834 mel=4.655 durs=0.089 pitch=0.623 ctc=5.480 bin=1.374 score=0.289 fmatch=0.099 d=0.210 lr=1.000e-04 | 5.82it/s skip=0 (10.8m)\n"}
,{"stream_name":"stdout","time":767.156080272,"data":"[00:11:02] it 2800 loss=12.615 mel=4.331 durs=0.114 pitch=0.574 ctc=5.222 bin=1.452 score=0.361 fmatch=0.097 d=0.230 lr=1.000e-04 | 5.85it/s skip=0 (10.9m)\n"}
,{"stream_name":"stdout","time":771.631021403,"data":"[00:11:07] it 2825 loss=13.098 mel=4.631 durs=0.101 pitch=0.615 ctc=5.157 bin=1.396 score=0.434 fmatch=0.107 d=0.221 lr=1.000e-04 | 5.82it/s skip=0 (10.9m)\n"}
,{"stream_name":"stdout","time":775.914869963,"data":"[00:11:11] it 2850 loss=12.671 mel=4.352 durs=0.116 pitch=0.538 ctc=5.324 bin=1.430 score=0.351 fmatch=0.095 d=0.213 lr=1.000e-04 | 5.86it/s skip=0 (11.0m)\n"}
,{"stream_name":"stdout","time":780.147910488,"data":"[00:11:15] it 2875 loss=12.904 mel=4.397 durs=0.111 pitch=0.604 ctc=5.261 bin=1.408 score=0.415 fmatch=0.108 d=0.208 lr=1.000e-04 | 5.93it/s skip=0 (11.1m)\n"}
,{"stream_name":"stdout","time":784.392994502,"data":"[00:11:20] it 2900 loss=12.951 mel=4.586 durs=0.128 pitch=0.625 ctc=5.308 bin=1.461 score=0.355 fmatch=0.098 d=0.230 lr=1.000e-04 | 5.95it/s skip=0 (11.2m)\n"}
,{"stream_name":"stdout","time":788.594241792,"data":"[00:11:24] it 2925 loss=13.669 mel=4.084 durs=0.097 pitch=0.581 ctc=5.519 bin=1.411 score=0.615 fmatch=0.128 d=0.243 lr=1.000e-04 | 5.99it/s skip=0 (11.2m)\n"}
,{"stream_name":"stdout","time":792.830600788,"data":"[00:11:28] it 2950 loss=12.482 mel=4.348 durs=0.088 pitch=0.626 ctc=5.372 bin=1.305 score=0.323 fmatch=0.092 d=0.213 lr=1.000e-04 | 5.99it/s skip=0 (11.3m)\n"}
,{"stream_name":"stdout","time":797.10768651,"data":"[00:11:32] it 2975 loss=13.088 mel=4.572 durs=0.105 pitch=0.338 ctc=5.345 bin=1.453 score=0.393 fmatch=0.100 d=0.221 lr=1.000e-04 | 5.97it/s skip=0 (11.4m)\n"}
,{"stream_name":"stdout","time":801.415697355,"data":"[00:11:37] it 3000 loss=13.016 mel=4.550 durs=0.133 pitch=0.541 ctc=5.294 bin=1.409 score=0.399 fmatch=0.102 d=0.226 lr=1.000e-04 | 5.95it/s skip=0 (11.4m)\n"}
,{"stream_name":"stdout","time":805.87063762,"data":"[00:11:41] it 3025 loss=12.724 mel=4.309 durs=0.115 pitch=0.457 ctc=5.560 bin=1.462 score=0.311 fmatch=0.090 d=0.204 lr=1.000e-04 | 5.93it/s skip=0 (11.5m)\n"}
,{"stream_name":"stdout","time":811.475150859,"data":"[00:11:47] it 3050 loss=13.099 mel=4.224 durs=0.109 pitch=0.420 ctc=5.330 bin=1.438 score=0.487 fmatch=0.107 d=0.230 lr=1.000e-04 | 5.81it/s skip=0 (11.6m)\n"}
,{"stream_name":"stdout","time":815.73291664,"data":"[00:11:51] it 3075 loss=14.095 mel=4.737 durs=0.141 pitch=0.508 ctc=5.287 bin=1.491 score=0.597 fmatch=0.127 d=0.244 lr=1.000e-04 | 5.87it/s skip=0 (11.7m)\n"}
,{"stream_name":"stdout","time":820.070194894,"data":"[00:11:55] it 3100 loss=12.957 mel=4.424 durs=0.099 pitch=0.513 ctc=5.428 bin=1.396 score=0.387 fmatch=0.098 d=0.239 lr=1.000e-04 | 5.86it/s skip=0 (11.8m)\n"}
,{"stream_name":"stdout","time":824.34403926,"data":"[00:11:59] it 3125 loss=12.309 mel=4.333 durs=0.103 pitch=0.566 ctc=5.383 bin=1.379 score=0.265 fmatch=0.088 d=0.223 lr=1.000e-04 | 5.91it/s skip=0 (11.8m)\n"}
,{"stream_name":"stdout","time":828.725432369,"data":"[00:12:04] it 3150 loss=13.415 mel=4.606 durs=0.136 pitch=0.495 ctc=5.439 bin=1.507 score=0.423 fmatch=0.107 d=0.221 lr=1.000e-04 | 5.87it/s skip=0 (11.9m)\n"}
,{"stream_name":"stdout","time":833.183837674,"data":"[00:12:08] it 3175 loss=12.236 mel=4.267 durs=0.121 pitch=0.487 ctc=5.428 bin=1.465 score=0.230 fmatch=0.095 d=0.242 lr=1.000e-04 | 5.85it/s skip=0 (12.0m)\n"}
,{"stream_name":"stdout","time":837.550971153,"data":"[00:12:13] it 3200 loss=13.695 mel=4.431 durs=0.152 pitch=0.519 ctc=5.339 bin=1.530 score=0.551 fmatch=0.123 d=0.236 lr=1.000e-04 | 5.84it/s skip=0 (12.0m)\n"}
,{"stream_name":"stdout","time":841.946875157,"data":"[00:12:17] it 3225 loss=12.568 mel=4.181 durs=0.128 pitch=0.478 ctc=5.209 bin=1.412 score=0.402 fmatch=0.099 d=0.216 lr=1.000e-04 | 5.83it/s skip=0 (12.1m)\n"}
,{"stream_name":"stdout","time":846.171641239,"data":"[00:12:21] it 3250 loss=12.402 mel=4.501 durs=0.118 pitch=0.530 ctc=5.257 bin=1.352 score=0.284 fmatch=0.089 d=0.211 lr=1.000e-04 | 5.90it/s skip=0 (12.2m)\n"}
,{"stream_name":"stdout","time":850.430292445,"data":"[00:12:26] it 3275 loss=12.415 mel=4.151 durs=0.107 pitch=0.375 ctc=5.452 bin=1.353 score=0.330 fmatch=0.090 d=0.203 lr=1.000e-04 | 5.93it/s skip=0 (12.3m)\n"}
,{"stream_name":"stdout","time":854.770185519,"data":"[00:12:30] it 3300 loss=12.644 mel=4.219 durs=0.117 pitch=0.604 ctc=5.400 bin=1.458 score=0.350 fmatch=0.094 d=0.193 lr=1.000e-04 | 5.90it/s skip=0 (12.3m)\n"}
,{"stream_name":"stdout","time":858.986669075,"data":"[00:12:34] it 3325 loss=13.243 mel=4.408 durs=0.130 pitch=0.512 ctc=5.243 bin=1.445 score=0.494 fmatch=0.108 d=0.239 lr=1.000e-04 | 5.95it/s skip=0 (12.4m)\n"}
,{"stream_name":"stdout","time":863.269238021,"data":"[00:12:38] it 3350 loss=13.324 mel=4.416 durs=0.122 pitch=0.587 ctc=5.301 bin=1.458 score=0.491 fmatch=0.113 d=0.232 lr=1.000e-04 | 5.94it/s skip=0 (12.5m)\n"}
,{"stream_name":"stdout","time":867.564609489,"data":"[00:12:43] it 3375 loss=13.182 mel=4.421 durs=0.144 pitch=0.498 ctc=5.470 bin=1.487 score=0.410 fmatch=0.102 d=0.203 lr=1.000e-04 | 5.94it/s skip=0 (12.5m)\n"}
,{"stream_name":"stdout","time":871.871330103,"data":"[00:12:47] it 3400 loss=13.070 mel=4.359 durs=0.135 pitch=0.605 ctc=5.114 bin=1.458 score=0.488 fmatch=0.114 d=0.214 lr=1.000e-04 | 5.92it/s skip=0 (12.6m)\n"}
,{"stream_name":"stdout","time":876.214655324,"data":"[00:12:51] it 3425 loss=12.645 mel=4.344 durs=0.120 pitch=0.640 ctc=5.343 bin=1.406 score=0.347 fmatch=0.090 d=0.231 lr=1.000e-04 | 5.90it/s skip=0 (12.7m)\n"}
,{"stream_name":"stdout","time":880.542850106,"data":"[00:12:56] it 3450 loss=11.803 mel=3.917 durs=0.128 pitch=0.441 ctc=5.228 bin=1.412 score=0.275 fmatch=0.086 d=0.221 lr=1.000e-04 | 5.89it/s skip=0 (12.8m)\n"}
,{"stream_name":"stdout","time":884.890060224,"data":"[00:13:00] it 3475 loss=12.452 mel=4.553 durs=0.125 pitch=0.505 ctc=5.215 bin=1.387 score=0.285 fmatch=0.095 d=0.225 lr=1.000e-04 | 5.87it/s skip=0 (12.8m)\n"}
,{"stream_name":"stdout","time":889.253548346,"data":"[00:13:04] it 3500 loss=12.341 mel=4.316 durs=0.144 pitch=0.480 ctc=5.178 bin=1.422 score=0.316 fmatch=0.096 d=0.220 lr=1.000e-04 | 5.84it/s skip=0 (12.9m)\n"}
,{"stream_name":"stdout","time":893.742812502,"data":"[00:13:09] it 3525 loss=12.821 mel=4.219 durs=0.106 pitch=0.534 ctc=5.508 bin=1.383 score=0.388 fmatch=0.096 d=0.209 lr=1.000e-04 | 5.85it/s skip=0 (13.0m)\n"}
,{"stream_name":"stdout","time":898.014708742,"data":"[00:13:13] it 3550 loss=12.345 mel=4.316 durs=0.118 pitch=0.462 ctc=5.423 bin=1.446 score=0.253 fmatch=0.091 d=0.255 lr=1.000e-04 | 5.89it/s skip=0 (13.1m)\n"}
,{"stream_name":"stdout","time":902.462362502,"data":"[00:13:18] it 3575 loss=12.682 mel=4.393 durs=0.084 pitch=0.693 ctc=5.458 bin=1.334 score=0.332 fmatch=0.093 d=0.207 lr=1.000e-04 | 5.82it/s skip=0 (13.1m)\n"}
,{"stream_name":"stdout","time":906.760309304,"data":"[00:13:22] it 3600 loss=13.248 mel=4.216 durs=0.157 pitch=0.388 ctc=5.312 bin=1.463 score=0.523 fmatch=0.111 d=0.248 lr=1.000e-04 | 5.86it/s skip=0 (13.2m)\n"}
,{"stream_name":"stdout","time":911.047003339,"data":"[00:13:26] it 3625 loss=12.466 mel=4.313 durs=0.107 pitch=0.826 ctc=5.493 bin=1.372 score=0.278 fmatch=0.084 d=0.221 lr=1.000e-04 | 5.88it/s skip=0 (13.3m)\n"}
,{"stream_name":"stdout","time":915.369360552,"data":"[00:13:31] it 3650 loss=12.770 mel=4.102 durs=0.100 pitch=0.643 ctc=5.483 bin=1.440 score=0.394 fmatch=0.095 d=0.221 lr=1.000e-04 | 5.89it/s skip=0 (13.3m)\n"}
,{"stream_name":"stdout","time":919.576671993,"data":"[00:13:35] it 3675 loss=13.038 mel=4.348 durs=0.106 pitch=0.498 ctc=5.406 bin=1.370 score=0.437 fmatch=0.105 d=0.211 lr=1.000e-04 | 5.94it/s skip=0 (13.4m)\n"}
,{"stream_name":"stdout","time":924.861897577,"data":"[00:13:40] it 3700 loss=13.230 mel=4.506 durs=0.151 pitch=0.597 ctc=5.284 bin=1.460 score=0.449 fmatch=0.109 d=0.190 lr=1.000e-04 | 5.79it/s skip=0 (13.5m)\n"}
,{"stream_name":"stdout","time":929.149551328,"data":"[00:13:44] it 3725 loss=13.302 mel=4.635 durs=0.117 pitch=0.604 ctc=5.470 bin=1.416 score=0.403 fmatch=0.096 d=0.240 lr=1.000e-04 | 5.84it/s skip=0 (13.6m)\n"}
,{"stream_name":"stdout","time":933.420324893,"data":"[00:13:49] it 3750 loss=11.936 mel=4.000 durs=0.106 pitch=0.690 ctc=5.211 bin=1.336 score=0.307 fmatch=0.083 d=0.217 lr=1.000e-04 | 5.88it/s skip=0 (13.6m)\n"}
,{"stream_name":"stdout","time":937.883480322,"data":"[00:13:53] it 3775 loss=12.694 mel=4.582 durs=0.105 pitch=0.488 ctc=5.406 bin=1.295 score=0.315 fmatch=0.093 d=0.215 lr=1.000e-04 | 5.81it/s skip=0 (13.7m)\n"}
,{"stream_name":"stdout","time":942.172941495,"data":"[00:13:57] it 3800 loss=11.790 mel=3.852 durs=0.136 pitch=0.408 ctc=5.359 bin=1.443 score=0.249 fmatch=0.085 d=0.246 lr=1.000e-04 | 5.85it/s skip=0 (13.8m)\n"}
,{"stream_name":"stdout","time":946.401266547,"data":"[00:14:02] it 3825 loss=12.866 mel=4.512 durs=0.130 pitch=0.465 ctc=5.434 bin=1.378 score=0.348 fmatch=0.092 d=0.213 lr=1.000e-04 | 5.91it/s skip=0 (13.9m)\n"}
,{"stream_name":"stdout","time":950.740755753,"data":"[00:14:06] it 3850 loss=12.800 mel=4.393 durs=0.138 pitch=0.575 ctc=5.333 bin=1.460 score=0.363 fmatch=0.091 d=0.217 lr=1.000e-04 | 5.89it/s skip=0 (13.9m)\n"}
,{"stream_name":"stdout","time":955.013184314,"data":"[00:14:10] it 3875 loss=12.181 mel=4.241 durs=0.121 pitch=0.621 ctc=5.333 bin=1.361 score=0.272 fmatch=0.084 d=0.222 lr=1.000e-04 | 5.92it/s skip=0 (14.0m)\n"}
,{"stream_name":"stdout","time":959.293625534,"data":"[00:14:14] it 3900 loss=12.750 mel=4.318 durs=0.129 pitch=0.509 ctc=5.419 bin=1.400 score=0.364 fmatch=0.093 d=0.210 lr=1.000e-04 | 5.93it/s skip=0 (14.1m)\n"}
,{"stream_name":"stdout","time":963.570209329,"data":"[00:14:19] it 3925 loss=11.977 mel=3.941 durs=0.132 pitch=0.535 ctc=5.252 bin=1.433 score=0.302 fmatch=0.078 d=0.227 lr=1.000e-04 | 5.93it/s skip=0 (14.1m)\n"}
,{"stream_name":"stdout","time":967.815759669,"data":"[00:14:23] it 3950 loss=12.617 mel=4.393 durs=0.117 pitch=0.626 ctc=5.439 bin=1.377 score=0.312 fmatch=0.087 d=0.233 lr=1.000e-04 | 5.95it/s skip=0 (14.2m)\n"}
,{"stream_name":"stdout","time":972.17364276,"data":"[00:14:27] it 3975 loss=12.421 mel=4.468 durs=0.120 pitch=0.612 ctc=5.329 bin=1.333 score=0.284 fmatch=0.082 d=0.229 lr=1.000e-04 | 5.92it/s skip=0 (14.3m)\n"}
,{"stream_name":"stdout","time":976.510159482,"data":"[00:14:32] it 4000 loss=12.711 mel=4.301 durs=0.149 pitch=0.462 ctc=5.276 bin=1.506 score=0.369 fmatch=0.091 d=0.224 lr=1.000e-04 | 5.90it/s skip=0 (14.4m)\n"}
,{"stream_name":"stdout","time":976.970760989,"data":"[00:14:32] [train] probes saved at iter 4000\n"}
,{"stream_name":"stdout","time":989.545961184,"data":"[00:14:45] [val] it 4000 loss=11.352 mel=4.549 durs=0.110 pitch=0.534 ctc=5.398 (12.6s)\n"}
,{"stream_name":"stdout","time":993.828753357,"data":"[00:14:49] it 4025 loss=12.528 mel=4.506 durs=0.132 pitch=0.693 ctc=5.337 bin=1.375 score=0.286 fmatch=0.085 d=0.221 lr=1.000e-04 | 5.93it/s skip=0 (14.7m)\n"}
,{"stream_name":"stdout","time":997.967664877,"data":"[00:14:53] it 4050 loss=12.270 mel=4.246 durs=0.122 pitch=0.540 ctc=5.294 bin=1.314 score=0.316 fmatch=0.085 d=0.201 lr=1.000e-04 | 6.00it/s skip=0 (14.7m)\n"}
,{"stream_name":"stdout","time":1002.259537108,"data":"[00:14:57] it 4075 loss=12.960 mel=4.346 durs=0.165 pitch=0.516 ctc=5.424 bin=1.487 score=0.386 fmatch=0.091 d=0.229 lr=1.000e-04 | 5.97it/s skip=0 (14.8m)\n"}
,{"stream_name":"stdout","time":1006.543746418,"data":"[00:15:02] it 4100 loss=12.036 mel=4.165 durs=0.112 pitch=0.566 ctc=5.301 bin=1.370 score=0.262 fmatch=0.085 d=0.228 lr=1.000e-04 | 5.94it/s skip=0 (14.9m)\n"}
,{"stream_name":"stdout","time":1010.853570764,"data":"[00:15:06] it 4125 loss=11.926 mel=4.073 durs=0.141 pitch=0.578 ctc=5.335 bin=1.352 score=0.252 fmatch=0.084 d=0.242 lr=1.000e-04 | 5.92it/s skip=0 (14.9m)\n"}
,{"stream_name":"stdout","time":1015.141001872,"data":"[00:15:10] it 4150 loss=12.261 mel=4.194 durs=0.163 pitch=0.561 ctc=5.249 bin=1.479 score=0.296 fmatch=0.083 d=0.224 lr=1.000e-04 | 5.92it/s skip=0 (15.0m)\n"}
,{"stream_name":"stdout","time":1019.426475339,"data":"[00:15:15] it 4175 loss=13.336 mel=4.727 durs=0.134 pitch=0.399 ctc=5.217 bin=1.390 score=0.463 fmatch=0.098 d=0.244 lr=1.000e-04 | 5.92it/s skip=0 (15.1m)\n"}
,{"stream_name":"stdout","time":1023.71841077,"data":"[00:15:19] it 4200 loss=13.047 mel=4.608 durs=0.139 pitch=0.477 ctc=5.326 bin=1.386 score=0.392 fmatch=0.096 d=0.222 lr=1.000e-04 | 5.93it/s skip=0 (15.2m)\n"}
,{"stream_name":"stdout","time":1028.005893157,"data":"[00:15:23] it 4225 loss=12.016 mel=3.973 durs=0.131 pitch=0.462 ctc=5.288 bin=1.384 score=0.308 fmatch=0.081 d=0.236 lr=1.000e-04 | 5.93it/s skip=0 (15.2m)\n"}
,{"stream_name":"stdout","time":1032.371042381,"data":"[00:15:28] it 4250 loss=12.059 mel=3.938 durs=0.135 pitch=0.496 ctc=5.223 bin=1.390 score=0.339 fmatch=0.088 d=0.207 lr=1.000e-04 | 5.88it/s skip=0 (15.3m)\n"}
,{"stream_name":"stdout","time":1036.738104777,"data":"[00:15:32] it 4275 loss=12.349 mel=4.179 durs=0.191 pitch=0.442 ctc=5.307 bin=1.482 score=0.310 fmatch=0.078 d=0.246 lr=1.000e-04 | 5.86it/s skip=0 (15.4m)\n"}
,{"stream_name":"stdout","time":1041.151548208,"data":"[00:15:36] it 4300 loss=12.242 mel=4.110 durs=0.168 pitch=0.608 ctc=5.435 bin=1.468 score=0.268 fmatch=0.079 d=0.228 lr=1.000e-04 | 5.86it/s skip=0 (15.4m)\n"}
,{"stream_name":"stdout","time":1045.482757883,"data":"[00:15:41] it 4325 loss=11.617 mel=3.889 durs=0.178 pitch=0.490 ctc=5.157 bin=1.483 score=0.233 fmatch=0.088 d=0.241 lr=1.000e-04 | 5.87it/s skip=0 (15.5m)\n"}
,{"stream_name":"stdout","time":1049.938611655,"data":"[00:15:45] it 4350 loss=12.205 mel=3.977 durs=0.145 pitch=0.492 ctc=5.254 bin=1.380 score=0.361 fmatch=0.088 d=0.224 lr=1.000e-04 | 5.83it/s skip=0 (15.6m)\n"}
,{"stream_name":"stdout","time":1056.178306016,"data":"[00:15:51] it 4375 loss=12.870 mel=4.234 durs=0.160 pitch=0.463 ctc=5.310 bin=1.479 score=0.423 fmatch=0.095 d=0.226 lr=1.000e-04 | 5.79it/s skip=0 (15.7m)\n"}
,{"stream_name":"stdout","time":1060.413778011,"data":"[00:15:56] it 4400 loss=12.496 mel=4.099 durs=0.122 pitch=0.753 ctc=5.317 bin=1.362 score=0.384 fmatch=0.094 d=0.194 lr=1.000e-04 | 5.87it/s skip=0 (15.8m)\n"}
,{"stream_name":"stdout","time":1064.64777832,"data":"[00:16:00] it 4425 loss=12.221 mel=4.250 durs=0.142 pitch=0.563 ctc=5.382 bin=1.375 score=0.266 fmatch=0.079 d=0.228 lr=1.000e-04 | 5.93it/s skip=0 (15.8m)\n"}
,{"stream_name":"stdout","time":1068.91248086,"data":"[00:16:04] it 4450 loss=12.021 mel=3.967 durs=0.160 pitch=0.610 ctc=5.362 bin=1.407 score=0.282 fmatch=0.081 d=0.215 lr=1.000e-04 | 5.94it/s skip=0 (15.9m)\n"}
,{"stream_name":"stdout","time":1073.221810864,"data":"[00:16:08] it 4475 loss=11.822 mel=3.977 durs=0.138 pitch=0.564 ctc=5.447 bin=1.337 score=0.228 fmatch=0.081 d=0.230 lr=1.000e-04 | 5.93it/s skip=0 (16.0m)\n"}
,{"stream_name":"stdout","time":1077.592516287,"data":"[00:16:13] it 4500 loss=12.557 mel=4.276 durs=0.144 pitch=0.541 ctc=5.272 bin=1.446 score=0.353 fmatch=0.082 d=0.227 lr=1.000e-04 | 5.89it/s skip=0 (16.0m)\n"}
,{"stream_name":"stdout","time":1082.051711899,"data":"[00:16:17] it 4525 loss=11.792 mel=4.037 durs=0.155 pitch=0.451 ctc=5.219 bin=1.399 score=0.249 fmatch=0.080 d=0.232 lr=1.000e-04 | 5.89it/s skip=0 (16.1m)\n"}
,{"stream_name":"stdout","time":1086.322161624,"data":"[00:16:21] it 4550 loss=11.939 mel=4.174 durs=0.136 pitch=0.561 ctc=5.366 bin=1.371 score=0.218 fmatch=0.086 d=0.242 lr=1.000e-04 | 5.92it/s skip=0 (16.2m)\n"}
,{"stream_name":"stdout","time":1090.542685647,"data":"[00:16:26] it 4575 loss=12.201 mel=4.211 durs=0.158 pitch=0.554 ctc=5.286 bin=1.387 score=0.292 fmatch=0.075 d=0.226 lr=1.000e-04 | 5.97it/s skip=0 (16.3m)\n"}
,{"stream_name":"stdout","time":1094.744487022,"data":"[00:16:30] it 4600 loss=12.561 mel=4.117 durs=0.156 pitch=0.484 ctc=5.200 bin=1.372 score=0.430 fmatch=0.089 d=0.241 lr=1.000e-04 | 5.99it/s skip=0 (16.3m)\n"}
,{"stream_name":"stdout","time":1099.098747129,"data":"[00:16:34] it 4625 loss=12.298 mel=4.216 durs=0.146 pitch=0.519 ctc=5.484 bin=1.433 score=0.256 fmatch=0.073 d=0.233 lr=1.000e-04 | 5.93it/s skip=0 (16.4m)\n"}
,{"stream_name":"stdout","time":1104.892456875,"data":"[00:16:40] it 4650 loss=12.298 mel=4.312 durs=0.152 pitch=0.523 ctc=5.245 bin=1.400 score=0.298 fmatch=0.080 d=0.215 lr=1.000e-04 | 5.86it/s skip=0 (16.5m)\n"}
,{"stream_name":"stdout","time":1109.361125881,"data":"[00:16:45] it 4675 loss=11.828 mel=3.982 durs=0.132 pitch=0.412 ctc=5.303 bin=1.373 score=0.260 fmatch=0.078 d=0.246 lr=1.000e-04 | 5.83it/s skip=0 (16.6m)\n"}
,{"stream_name":"stdout","time":1113.737081054,"data":"[00:16:49] it 4700 loss=12.066 mel=3.887 durs=0.156 pitch=0.692 ctc=5.292 bin=1.400 score=0.332 fmatch=0.075 d=0.231 lr=1.000e-04 | 5.82it/s skip=0 (16.7m)\n"}
,{"stream_name":"stdout","time":1118.084156391,"data":"[00:16:53] it 4725 loss=12.314 mel=4.009 durs=0.164 pitch=0.658 ctc=5.219 bin=1.447 score=0.370 fmatch=0.076 d=0.227 lr=1.000e-04 | 5.82it/s skip=0 (16.7m)\n"}
,{"stream_name":"stdout","time":1123.668474231,"data":"[00:16:59] it 4750 loss=12.087 mel=4.081 durs=0.121 pitch=0.549 ctc=5.326 bin=1.395 score=0.285 fmatch=0.078 d=0.243 lr=1.000e-04 | 5.76it/s skip=0 (16.8m)\n"}
,{"stream_name":"stdout","time":1128.166555597,"data":"[00:17:03] it 4775 loss=11.890 mel=3.898 durs=0.140 pitch=0.609 ctc=5.337 bin=1.365 score=0.285 fmatch=0.073 d=0.222 lr=1.000e-04 | 5.76it/s skip=0 (16.9m)\n"}
,{"stream_name":"stdout","time":1132.480466949,"data":"[00:17:08] it 4800 loss=12.122 mel=4.016 durs=0.162 pitch=0.459 ctc=5.333 bin=1.450 score=0.297 fmatch=0.075 d=0.208 lr=1.000e-04 | 5.81it/s skip=0 (17.0m)\n"}
,{"stream_name":"stdout","time":1136.835908103,"data":"[00:17:12] it 4825 loss=13.096 mel=4.192 durs=0.180 pitch=0.583 ctc=5.280 bin=1.473 score=0.494 fmatch=0.098 d=0.231 lr=1.000e-04 | 5.83it/s skip=0 (17.0m)\n"}
,{"stream_name":"stdout","time":1141.12961541,"data":"[00:17:16] it 4850 loss=12.579 mel=4.550 durs=0.153 pitch=0.409 ctc=5.293 bin=1.398 score=0.302 fmatch=0.075 d=0.204 lr=1.000e-04 | 5.87it/s skip=0 (17.1m)\n"}
,{"stream_name":"stdout","time":1145.451440433,"data":"[00:17:21] it 4875 loss=12.313 mel=4.232 durs=0.170 pitch=0.620 ctc=5.437 bin=1.405 score=0.271 fmatch=0.078 d=0.242 lr=1.000e-04 | 5.88it/s skip=0 (17.2m)\n"}
,{"stream_name":"stdout","time":1149.80412689,"data":"[00:17:25] it 4900 loss=12.388 mel=4.163 durs=0.182 pitch=0.679 ctc=5.382 bin=1.480 score=0.302 fmatch=0.069 d=0.216 lr=1.000e-04 | 5.86it/s skip=0 (17.3m)\n"}
,{"stream_name":"stdout","time":1154.065483873,"data":"[00:17:29] it 4925 loss=11.992 mel=4.045 durs=0.140 pitch=0.497 ctc=5.390 bin=1.419 score=0.249 fmatch=0.079 d=0.253 lr=1.000e-04 | 5.91it/s skip=0 (17.3m)\n"}
,{"stream_name":"stdout","time":1159.084899241,"data":"[00:17:34] it 4950 loss=12.012 mel=4.079 durs=0.144 pitch=0.455 ctc=5.379 bin=1.328 score=0.274 fmatch=0.072 d=0.225 lr=1.000e-04 | 5.85it/s skip=0 (17.4m)\n"}
,{"stream_name":"stdout","time":1163.511481004,"data":"[00:17:39] it 4975 loss=12.337 mel=4.107 durs=0.146 pitch=0.533 ctc=5.410 bin=1.420 score=0.316 fmatch=0.070 d=0.232 lr=1.000e-04 | 5.84it/s skip=0 (17.5m)\n"}
,{"stream_name":"stdout","time":1167.941784062,"data":"[00:17:43] it 5000 loss=11.823 mel=3.917 durs=0.162 pitch=0.508 ctc=5.166 bin=1.492 score=0.277 fmatch=0.074 d=0.247 lr=1.000e-04 | 5.80it/s skip=0 (17.6m)\n"}
,{"stream_name":"stdout","time":1172.529064639,"data":"[00:17:48] it 5025 loss=11.968 mel=3.910 durs=0.206 pitch=0.568 ctc=5.252 bin=1.432 score=0.306 fmatch=0.073 d=0.218 lr=1.000e-04 | 5.86it/s skip=0 (17.6m)\n"}
,{"stream_name":"stdout","time":1176.912566882,"data":"[00:17:52] it 5050 loss=12.255 mel=3.888 durs=0.243 pitch=0.532 ctc=5.281 bin=1.587 score=0.337 fmatch=0.072 d=0.228 lr=1.000e-04 | 5.84it/s skip=0 (17.7m)\n"}
,{"stream_name":"stdout","time":1181.189231463,"data":"[00:17:56] it 5075 loss=12.116 mel=4.152 durs=0.144 pitch=0.506 ctc=5.330 bin=1.346 score=0.289 fmatch=0.069 d=0.210 lr=1.000e-04 | 5.88it/s skip=0 (17.8m)\n"}
,{"stream_name":"stdout","time":1185.463127286,"data":"[00:18:01] it 5100 loss=12.558 mel=4.000 durs=0.155 pitch=0.487 ctc=5.373 bin=1.379 score=0.414 fmatch=0.083 d=0.200 lr=1.000e-04 | 5.90it/s skip=0 (17.8m)\n"}
,{"stream_name":"stdout","time":1189.732513819,"data":"[00:18:05] it 5125 loss=11.693 mel=3.686 durs=0.133 pitch=0.453 ctc=5.248 bin=1.352 score=0.320 fmatch=0.066 d=0.224 lr=1.000e-04 | 5.93it/s skip=0 (17.9m)\n"}
,{"stream_name":"stdout","time":1194.003664034,"data":"[00:18:09] it 5150 loss=12.333 mel=3.854 durs=0.163 pitch=0.559 ctc=5.329 bin=1.415 score=0.396 fmatch=0.081 d=0.213 lr=1.000e-04 | 5.94it/s skip=0 (18.0m)\n"}
,{"stream_name":"stdout","time":1199.768089826,"data":"[00:18:15] it 5175 loss=12.511 mel=3.850 durs=0.177 pitch=0.458 ctc=5.194 bin=1.442 score=0.468 fmatch=0.089 d=0.217 lr=1.000e-04 | 5.92it/s skip=0 (18.1m)\n"}
,{"stream_name":"stdout","time":1204.016306862,"data":"[00:18:19] it 5200 loss=11.988 mel=3.757 durs=0.148 pitch=0.500 ctc=5.178 bin=1.355 score=0.389 fmatch=0.076 d=0.213 lr=1.000e-04 | 5.94it/s skip=0 (18.2m)\n"}
,{"stream_name":"stdout","time":1208.480197136,"data":"[00:18:24] it 5225 loss=13.114 mel=4.173 durs=0.137 pitch=0.567 ctc=5.396 bin=1.331 score=0.512 fmatch=0.096 d=0.223 lr=1.000e-04 | 5.87it/s skip=0 (18.2m)\n"}
,{"stream_name":"stdout","time":1212.786338725,"data":"[00:18:28] it 5250 loss=12.294 mel=3.976 durs=0.184 pitch=0.587 ctc=5.010 bin=1.420 score=0.432 fmatch=0.081 d=0.231 lr=1.000e-04 | 5.88it/s skip=0 (18.3m)\n"}
,{"stream_name":"stdout","time":1217.079785758,"data":"[00:18:32] it 5275 loss=11.269 mel=3.611 durs=0.182 pitch=0.593 ctc=5.082 bin=1.479 score=0.237 fmatch=0.072 d=0.262 lr=1.000e-04 | 5.90it/s skip=0 (18.4m)\n"}
,{"stream_name":"stdout","time":1221.422999282,"data":"[00:18:37] it 5300 loss=12.352 mel=3.720 durs=0.180 pitch=0.475 ctc=5.178 bin=1.400 score=0.475 fmatch=0.090 d=0.222 lr=1.000e-04 | 5.87it/s skip=0 (18.4m)\n"}
,{"stream_name":"stdout","time":1225.688727007,"data":"[00:18:41] it 5325 loss=12.061 mel=4.354 durs=0.158 pitch=0.611 ctc=5.312 bin=1.342 score=0.226 fmatch=0.074 d=0.227 lr=1.000e-04 | 5.90it/s skip=0 (18.5m)\n"}
,{"stream_name":"stdout","time":1230.045255651,"data":"[00:18:45] it 5350 loss=12.066 mel=3.921 durs=0.162 pitch=0.685 ctc=5.250 bin=1.390 score=0.337 fmatch=0.070 d=0.223 lr=1.000e-04 | 5.88it/s skip=0 (18.6m)\n"}
,{"stream_name":"stdout","time":1234.464161442,"data":"[00:18:50] it 5375 loss=12.299 mel=4.224 durs=0.157 pitch=0.621 ctc=5.389 bin=1.397 score=0.286 fmatch=0.068 d=0.205 lr=1.000e-04 | 5.84it/s skip=0 (18.7m)\n"}
,{"stream_name":"stdout","time":1238.775965533,"data":"[00:18:54] it 5400 loss=12.681 mel=3.914 durs=0.208 pitch=0.543 ctc=5.248 bin=1.518 score=0.459 fmatch=0.090 d=0.220 lr=1.000e-04 | 5.87it/s skip=0 (18.7m)\n"}
,{"stream_name":"stdout","time":1243.152418785,"data":"[00:18:58] it 5425 loss=11.663 mel=3.843 durs=0.237 pitch=0.686 ctc=5.166 bin=1.472 score=0.256 fmatch=0.068 d=0.226 lr=1.000e-04 | 5.85it/s skip=0 (18.8m)\n"}
,{"stream_name":"stdout","time":1247.338512432,"data":"[00:19:02] it 5450 loss=13.257 mel=4.001 durs=0.152 pitch=0.541 ctc=5.414 bin=1.371 score=0.576 fmatch=0.098 d=0.239 lr=1.000e-04 | 5.95it/s skip=0 (18.9m)\n"}
,{"stream_name":"stdout","time":1251.644832224,"data":"[00:19:07] it 5475 loss=12.144 mel=3.838 durs=0.189 pitch=0.427 ctc=5.133 bin=1.420 score=0.404 fmatch=0.074 d=0.235 lr=1.000e-04 | 5.93it/s skip=0 (18.9m)\n"}
,{"stream_name":"stdout","time":1256.123589778,"data":"[00:19:11] it 5500 loss=12.611 mel=3.886 durs=0.180 pitch=0.539 ctc=5.237 bin=1.418 score=0.478 fmatch=0.087 d=0.219 lr=1.000e-04 | 5.83it/s skip=0 (19.0m)\n"}
,{"stream_name":"stdout","time":1260.591474072,"data":"[00:19:16] it 5525 loss=12.672 mel=4.246 durs=0.187 pitch=0.508 ctc=5.123 bin=1.429 score=0.432 fmatch=0.076 d=0.240 lr=1.000e-04 | 5.85it/s skip=0 (19.1m)\n"}
,{"stream_name":"stdout","time":1264.904419548,"data":"[00:19:20] it 5550 loss=12.245 mel=3.864 durs=0.182 pitch=0.535 ctc=5.377 bin=1.414 score=0.362 fmatch=0.071 d=0.222 lr=1.000e-04 | 5.87it/s skip=0 (19.2m)\n"}
,{"stream_name":"stdout","time":1269.155959416,"data":"[00:19:24] it 5575 loss=11.866 mel=3.639 durs=0.185 pitch=0.679 ctc=5.085 bin=1.455 score=0.383 fmatch=0.069 d=0.239 lr=1.000e-04 | 5.91it/s skip=0 (19.2m)\n"}
,{"stream_name":"stdout","time":1273.546605334,"data":"[00:19:29] it 5600 loss=12.223 mel=3.957 durs=0.172 pitch=0.551 ctc=5.220 bin=1.378 score=0.381 fmatch=0.073 d=0.218 lr=1.000e-04 | 5.89it/s skip=0 (19.3m)\n"}
,{"stream_name":"stdout","time":1277.996322217,"data":"[00:19:33] it 5625 loss=12.666 mel=3.870 durs=0.191 pitch=0.509 ctc=5.298 bin=1.489 score=0.464 fmatch=0.083 d=0.214 lr=1.000e-04 | 5.83it/s skip=0 (19.4m)\n"}
,{"stream_name":"stdout","time":1282.284596993,"data":"[00:19:37] it 5650 loss=12.698 mel=4.026 durs=0.229 pitch=0.479 ctc=5.265 bin=1.507 score=0.437 fmatch=0.083 d=0.203 lr=1.000e-04 | 5.87it/s skip=0 (19.5m)\n"}
,{"stream_name":"stdout","time":1286.48460535,"data":"[00:19:42] it 5675 loss=11.870 mel=4.080 durs=0.166 pitch=0.548 ctc=5.062 bin=1.407 score=0.296 fmatch=0.062 d=0.223 lr=1.000e-04 | 5.95it/s skip=0 (19.5m)\n"}
,{"stream_name":"stdout","time":1290.743553979,"data":"[00:19:46] it 5700 loss=11.723 mel=3.793 durs=0.144 pitch=0.389 ctc=5.223 bin=1.393 score=0.299 fmatch=0.065 d=0.215 lr=1.000e-04 | 5.95it/s skip=0 (19.6m)\n"}
,{"stream_name":"stdout","time":1295.049249498,"data":"[00:19:50] it 5725 loss=11.442 mel=3.720 durs=0.159 pitch=0.492 ctc=5.125 bin=1.374 score=0.273 fmatch=0.064 d=0.227 lr=1.000e-04 | 5.93it/s skip=0 (19.7m)\n"}
,{"stream_name":"stdout","time":1299.35737322,"data":"[00:19:54] it 5750 loss=12.524 mel=4.134 durs=0.158 pitch=0.623 ctc=5.517 bin=1.385 score=0.335 fmatch=0.069 d=0.227 lr=1.000e-04 | 5.92it/s skip=0 (19.7m)\n"}
,{"stream_name":"stdout","time":1303.582322864,"data":"[00:19:59] it 5775 loss=11.868 mel=3.950 durs=0.164 pitch=0.377 ctc=5.272 bin=1.455 score=0.268 fmatch=0.065 d=0.238 lr=1.000e-04 | 5.96it/s skip=0 (19.8m)\n"}
,{"stream_name":"stdout","time":1307.884241871,"data":"[00:20:03] it 5800 loss=12.652 mel=3.966 durs=0.164 pitch=0.504 ctc=5.385 bin=1.314 score=0.459 fmatch=0.085 d=0.186 lr=1.000e-04 | 5.93it/s skip=0 (19.9m)\n"}
,{"stream_name":"stdout","time":1312.134407638,"data":"[00:20:07] it 5825 loss=11.547 mel=3.531 durs=0.178 pitch=0.465 ctc=5.274 bin=1.417 score=0.300 fmatch=0.062 d=0.216 lr=1.000e-04 | 5.96it/s skip=0 (20.0m)\n"}
,{"stream_name":"stdout","time":1316.595183792,"data":"[00:20:12] it 5850 loss=12.461 mel=3.712 durs=0.177 pitch=0.496 ctc=5.159 bin=1.375 score=0.515 fmatch=0.088 d=0.206 lr=1.000e-04 | 5.90it/s skip=0 (20.0m)\n"}
,{"stream_name":"stdout","time":1320.939527767,"data":"[00:20:16] it 5875 loss=12.131 mel=4.020 durs=0.164 pitch=0.574 ctc=5.335 bin=1.399 score=0.310 fmatch=0.063 d=0.224 lr=1.000e-04 | 5.89it/s skip=0 (20.1m)\n"}
,{"stream_name":"stdout","time":1325.227156183,"data":"[00:20:20] it 5900 loss=12.043 mel=3.700 durs=0.151 pitch=0.550 ctc=5.348 bin=1.442 score=0.353 fmatch=0.068 d=0.217 lr=1.000e-04 | 5.91it/s skip=0 (20.2m)\n"}
,{"stream_name":"stdout","time":1329.593350225,"data":"[00:20:25] it 5925 loss=11.751 mel=4.083 durs=0.155 pitch=0.478 ctc=5.114 bin=1.362 score=0.267 fmatch=0.061 d=0.226 lr=1.000e-04 | 5.87it/s skip=0 (20.2m)\n"}
,{"stream_name":"stdout","time":1333.980124557,"data":"[00:20:29] it 5950 loss=11.631 mel=3.892 durs=0.174 pitch=0.385 ctc=5.149 bin=1.444 score=0.256 fmatch=0.067 d=0.229 lr=1.000e-04 | 5.83it/s skip=0 (20.3m)\n"}
,{"stream_name":"stdout","time":1338.282644741,"data":"[00:20:33] it 5975 loss=12.239 mel=3.691 durs=0.181 pitch=0.448 ctc=5.395 bin=1.471 score=0.387 fmatch=0.071 d=0.216 lr=1.000e-04 | 5.86it/s skip=0 (20.4m)\n"}
,{"stream_name":"stdout","time":1342.607558047,"data":"[00:20:38] it 6000 loss=12.299 mel=3.949 durs=0.172 pitch=0.646 ctc=5.398 bin=1.399 score=0.351 fmatch=0.068 d=0.197 lr=1.000e-04 | 5.86it/s skip=0 (20.5m)\n"}
,{"stream_name":"stdout","time":1343.099363034,"data":"[00:20:38] [train] probes saved at iter 6000\n"}
,{"stream_name":"stdout","time":1355.523930045,"data":"[00:20:51] [val] it 6000 loss=10.780 mel=4.054 durs=0.170 pitch=0.551 ctc=5.239 (12.4s)\n"}
,{"stream_name":"stdout","time":1359.8117588,"data":"[00:20:55] it 6025 loss=11.911 mel=3.620 durs=0.216 pitch=0.604 ctc=5.170 bin=1.492 score=0.370 fmatch=0.066 d=0.229 lr=1.000e-04 | 5.88it/s skip=0 (20.8m)\n"}
,{"stream_name":"stdout","time":1364.166233103,"data":"[00:20:59] it 6050 loss=11.901 mel=3.555 durs=0.213 pitch=0.444 ctc=5.089 bin=1.505 score=0.404 fmatch=0.070 d=0.208 lr=1.000e-04 | 5.86it/s skip=0 (20.8m)\n"}
,{"stream_name":"stdout","time":1368.612873698,"data":"[00:21:04] it 6075 loss=12.893 mel=4.119 durs=0.184 pitch=0.460 ctc=5.067 bin=1.355 score=0.548 fmatch=0.096 d=0.251 lr=1.000e-04 | 5.85it/s skip=0 (20.9m)\n"}
,{"stream_name":"stdout","time":1372.848106444,"data":"[00:21:08] it 6100 loss=12.396 mel=4.091 durs=0.153 pitch=0.574 ctc=5.460 bin=1.383 score=0.331 fmatch=0.065 d=0.200 lr=1.000e-04 | 5.90it/s skip=0 (21.0m)\n"}
,{"stream_name":"stdout","time":1377.17863174,"data":"[00:21:12] it 6125 loss=11.810 mel=3.847 durs=0.170 pitch=0.478 ctc=5.424 bin=1.429 score=0.245 fmatch=0.064 d=0.245 lr=1.000e-04 | 5.90it/s skip=0 (21.0m)\n"}
,{"stream_name":"stdout","time":1381.491589673,"data":"[00:21:17] it 6150 loss=12.283 mel=3.753 durs=0.170 pitch=0.589 ctc=5.304 bin=1.421 score=0.413 fmatch=0.077 d=0.211 lr=1.000e-04 | 5.89it/s skip=0 (21.1m)\n"}
,{"stream_name":"stdout","time":1386.671551865,"data":"[00:21:22] it 6175 loss=12.028 mel=3.822 durs=0.194 pitch=0.522 ctc=5.312 bin=1.503 score=0.315 fmatch=0.060 d=0.211 lr=1.000e-04 | 5.78it/s skip=0 (21.2m)\n"}
,{"stream_name":"stdout","time":1391.021556025,"data":"[00:21:26] it 6200 loss=12.144 mel=3.514 durs=0.207 pitch=0.482 ctc=5.259 bin=1.485 score=0.435 fmatch=0.075 d=0.223 lr=1.000e-04 | 5.80it/s skip=0 (21.3m)\n"}
,{"stream_name":"stdout","time":1395.307197183,"data":"[00:21:30] it 6225 loss=11.599 mel=3.386 durs=0.184 pitch=0.452 ctc=5.346 bin=1.485 score=0.315 fmatch=0.057 d=0.225 lr=1.000e-04 | 5.87it/s skip=0 (21.3m)\n"}
,{"stream_name":"stdout","time":1399.63377483,"data":"[00:21:35] it 6250 loss=11.901 mel=3.833 durs=0.190 pitch=0.553 ctc=5.189 bin=1.430 score=0.328 fmatch=0.064 d=0.195 lr=1.000e-04 | 5.87it/s skip=0 (21.4m)\n"}
,{"stream_name":"stdout","time":1404.098266983,"data":"[00:21:39] it 6275 loss=12.098 mel=3.508 durs=0.181 pitch=0.665 ctc=5.377 bin=1.434 score=0.405 fmatch=0.074 d=0.216 lr=1.000e-04 | 5.85it/s skip=0 (21.5m)\n"}
,{"stream_name":"stdout","time":1408.546937702,"data":"[00:21:44] it 6300 loss=12.062 mel=4.015 durs=0.150 pitch=0.494 ctc=5.384 bin=1.347 score=0.297 fmatch=0.065 d=0.238 lr=1.000e-04 | 5.83it/s skip=0 (21.6m)\n"}
,{"stream_name":"stdout","time":1412.989145686,"data":"[00:21:48] it 6325 loss=12.091 mel=3.784 durs=0.179 pitch=0.470 ctc=5.364 bin=1.432 score=0.345 fmatch=0.068 d=0.204 lr=1.000e-04 | 5.81it/s skip=0 (21.6m)\n"}
,{"stream_name":"stdout","time":1417.271388699,"data":"[00:21:52] it 6350 loss=12.318 mel=3.937 durs=0.173 pitch=0.507 ctc=5.299 bin=1.398 score=0.386 fmatch=0.071 d=0.202 lr=1.000e-04 | 5.86it/s skip=0 (21.7m)\n"}
,{"stream_name":"stdout","time":1421.681452867,"data":"[00:21:57] it 6375 loss=11.369 mel=3.589 durs=0.171 pitch=0.503 ctc=5.224 bin=1.404 score=0.257 fmatch=0.058 d=0.211 lr=1.000e-04 | 5.87it/s skip=0 (21.8m)\n"}
,{"stream_name":"stdout","time":1426.005248907,"data":"[00:22:01] it 6400 loss=11.676 mel=3.492 durs=0.210 pitch=0.503 ctc=5.181 bin=1.485 score=0.346 fmatch=0.062 d=0.208 lr=1.000e-04 | 5.90it/s skip=0 (21.9m)\n"}
,{"stream_name":"stdout","time":1430.255975999,"data":"[00:22:05] it 6425 loss=11.840 mel=3.781 durs=0.170 pitch=0.610 ctc=5.338 bin=1.404 score=0.294 fmatch=0.062 d=0.208 lr=1.000e-04 | 5.94it/s skip=0 (21.9m)\n"}
,{"stream_name":"stdout","time":1434.581022101,"data":"[00:22:10] it 6450 loss=12.007 mel=3.910 durs=0.165 pitch=0.580 ctc=5.376 bin=1.443 score=0.286 fmatch=0.060 d=0.220 lr=1.000e-04 | 5.91it/s skip=0 (22.0m)\n"}
,{"stream_name":"stdout","time":1438.922157396,"data":"[00:22:14] it 6475 loss=12.323 mel=4.033 durs=0.166 pitch=0.487 ctc=5.221 bin=1.449 score=0.371 fmatch=0.069 d=0.253 lr=1.000e-04 | 5.90it/s skip=0 (22.1m)\n"}
,{"stream_name":"stdout","time":1443.159447058,"data":"[00:22:18] it 6500 loss=11.742 mel=3.807 durs=0.183 pitch=0.498 ctc=5.121 bin=1.462 score=0.306 fmatch=0.061 d=0.219 lr=1.000e-04 | 5.93it/s skip=0 (22.1m)\n"}
,{"stream_name":"stdout","time":1447.517765456,"data":"[00:22:23] it 6525 loss=12.252 mel=3.967 durs=0.158 pitch=0.531 ctc=5.322 bin=1.446 score=0.345 fmatch=0.067 d=0.201 lr=1.000e-04 | 5.98it/s skip=0 (22.2m)\n"}
,{"stream_name":"stdout","time":1451.809486433,"data":"[00:22:27] it 6550 loss=11.615 mel=3.899 durs=0.169 pitch=0.542 ctc=5.180 bin=1.407 score=0.249 fmatch=0.062 d=0.235 lr=1.000e-04 | 5.95it/s skip=0 (22.3m)\n"}
,{"stream_name":"stdout","time":1456.21382827,"data":"[00:22:31] it 6575 loss=11.976 mel=3.426 durs=0.216 pitch=0.430 ctc=5.111 bin=1.510 score=0.448 fmatch=0.073 d=0.229 lr=1.000e-04 | 5.88it/s skip=0 (22.4m)\n"}
,{"stream_name":"stdout","time":1460.480268154,"data":"[00:22:36] it 6600 loss=12.151 mel=4.030 durs=0.194 pitch=0.645 ctc=5.118 bin=1.462 score=0.349 fmatch=0.062 d=0.261 lr=1.000e-04 | 5.91it/s skip=0 (22.4m)\n"}
,{"stream_name":"stdout","time":1464.813481912,"data":"[00:22:40] it 6625 loss=11.489 mel=3.733 durs=0.187 pitch=0.742 ctc=5.141 bin=1.347 score=0.278 fmatch=0.062 d=0.230 lr=1.000e-04 | 5.90it/s skip=0 (22.5m)\n"}
,{"stream_name":"stdout","time":1469.098091628,"data":"[00:22:44] it 6650 loss=12.334 mel=3.990 durs=0.176 pitch=0.550 ctc=5.284 bin=1.410 score=0.378 fmatch=0.068 d=0.214 lr=1.000e-04 | 5.92it/s skip=0 (22.6m)\n"}
,{"stream_name":"stdout","time":1473.336740843,"data":"[00:22:48] it 6675 loss=12.336 mel=3.790 durs=0.183 pitch=0.605 ctc=5.342 bin=1.459 score=0.398 fmatch=0.073 d=0.192 lr=1.000e-04 | 5.95it/s skip=0 (22.6m)\n"}
,{"stream_name":"stdout","time":1477.638436764,"data":"[00:22:53] it 6700 loss=11.642 mel=3.477 durs=0.189 pitch=0.487 ctc=5.010 bin=1.400 score=0.405 fmatch=0.070 d=0.210 lr=1.000e-04 | 5.93it/s skip=0 (22.7m)\n"}
,{"stream_name":"stdout","time":1481.993365085,"data":"[00:22:57] it 6725 loss=11.594 mel=3.620 durs=0.168 pitch=0.467 ctc=5.277 bin=1.368 score=0.302 fmatch=0.057 d=0.222 lr=1.000e-04 | 5.89it/s skip=0 (22.8m)\n"}
,{"stream_name":"stdout","time":1486.32405477,"data":"[00:23:01] it 6750 loss=11.913 mel=3.540 durs=0.230 pitch=0.588 ctc=4.935 bin=1.430 score=0.463 fmatch=0.075 d=0.236 lr=1.000e-04 | 5.88it/s skip=0 (22.9m)\n"}
,{"stream_name":"stdout","time":1490.547787132,"data":"[00:23:06] it 6775 loss=12.024 mel=3.513 durs=0.185 pitch=0.466 ctc=5.240 bin=1.447 score=0.422 fmatch=0.069 d=0.246 lr=1.000e-04 | 5.93it/s skip=0 (22.9m)\n"}
,{"stream_name":"stdout","time":1494.877249142,"data":"[00:23:10] it 6800 loss=11.944 mel=3.566 durs=0.226 pitch=0.445 ctc=5.153 bin=1.488 score=0.401 fmatch=0.067 d=0.222 lr=1.000e-04 | 5.91it/s skip=0 (23.0m)\n"}
,{"stream_name":"stdout","time":1499.082508794,"data":"[00:23:14] it 6825 loss=11.832 mel=3.820 durs=0.170 pitch=0.395 ctc=5.411 bin=1.437 score=0.263 fmatch=0.057 d=0.220 lr=1.000e-04 | 5.97it/s skip=0 (23.1m)\n"}
,{"stream_name":"stdout","time":1503.333354647,"data":"[00:23:18] it 6850 loss=11.588 mel=3.488 durs=0.184 pitch=0.493 ctc=5.231 bin=1.382 score=0.340 fmatch=0.058 d=0.244 lr=1.000e-04 | 5.98it/s skip=0 (23.1m)\n"}
,{"stream_name":"stdout","time":1507.634626445,"data":"[00:23:23] it 6875 loss=12.309 mel=3.939 durs=0.172 pitch=0.578 ctc=5.373 bin=1.414 score=0.360 fmatch=0.067 d=0.186 lr=1.000e-04 | 5.96it/s skip=0 (23.2m)\n"}
,{"stream_name":"stdout","time":1511.871173995,"data":"[00:23:27] it 6900 loss=12.334 mel=4.078 durs=0.178 pitch=0.663 ctc=5.374 bin=1.414 score=0.331 fmatch=0.061 d=0.191 lr=1.000e-04 | 5.98it/s skip=0 (23.3m)\n"}
,{"stream_name":"stdout","time":1516.246236258,"data":"[00:23:31] it 6925 loss=11.445 mel=3.544 durs=0.173 pitch=0.663 ctc=5.275 bin=1.375 score=0.278 fmatch=0.054 d=0.208 lr=1.000e-04 | 5.91it/s skip=0 (23.4m)\n"}
,{"stream_name":"stdout","time":1520.5594761,"data":"[00:23:36] it 6950 loss=12.247 mel=4.046 durs=0.173 pitch=0.791 ctc=5.280 bin=1.459 score=0.326 fmatch=0.059 d=0.212 lr=1.000e-04 | 5.91it/s skip=0 (23.4m)\n"}
,{"stream_name":"stdout","time":1524.904906562,"data":"[00:23:40] it 6975 loss=11.701 mel=3.487 durs=0.177 pitch=0.505 ctc=5.243 bin=1.412 score=0.357 fmatch=0.062 d=0.241 lr=1.000e-04 | 5.88it/s skip=0 (23.5m)\n"}
,{"stream_name":"stdout","time":1529.161599284,"data":"[00:23:44] it 7000 loss=12.203 mel=4.047 durs=0.192 pitch=0.640 ctc=5.108 bin=1.330 score=0.392 fmatch=0.067 d=0.216 lr=1.000e-04 | 5.92it/s skip=0 (23.6m)\n"}
,{"stream_name":"stdout","time":1533.722974282,"data":"[00:23:49] it 7025 loss=12.206 mel=3.782 durs=0.194 pitch=0.555 ctc=5.229 bin=1.473 score=0.395 fmatch=0.068 d=0.220 lr=1.000e-04 | 5.85it/s skip=0 (23.7m)\n"}
,{"stream_name":"stdout","time":1538.048724483,"data":"[00:23:53] it 7050 loss=11.694 mel=3.727 durs=0.194 pitch=0.561 ctc=5.233 bin=1.412 score=0.297 fmatch=0.056 d=0.209 lr=1.000e-04 | 5.86it/s skip=0 (23.7m)\n"}
,{"stream_name":"stdout","time":1542.340699865,"data":"[00:23:57] it 7075 loss=12.015 mel=3.744 durs=0.178 pitch=0.598 ctc=5.144 bin=1.407 score=0.395 fmatch=0.063 d=0.226 lr=1.000e-04 | 5.88it/s skip=0 (23.8m)\n"}
,{"stream_name":"stdout","time":1546.541910592,"data":"[00:24:02] it 7100 loss=12.201 mel=3.766 durs=0.210 pitch=0.532 ctc=5.211 bin=1.471 score=0.403 fmatch=0.067 d=0.216 lr=1.000e-04 | 5.95it/s skip=0 (23.9m)\n"}
,{"stream_name":"stdout","time":1550.778124693,"data":"[00:24:06] it 7125 loss=12.869 mel=3.511 durs=0.234 pitch=0.687 ctc=5.220 bin=1.526 score=0.606 fmatch=0.096 d=0.237 lr=1.000e-04 | 5.96it/s skip=0 (23.9m)\n"}
,{"stream_name":"stdout","time":1555.212704562,"data":"[00:24:10] it 7150 loss=11.500 mel=3.674 durs=0.193 pitch=0.838 ctc=5.127 bin=1.367 score=0.292 fmatch=0.059 d=0.209 lr=1.000e-04 | 5.88it/s skip=0 (24.0m)\n"}
,{"stream_name":"stdout","time":1559.493717543,"data":"[00:24:15] it 7175 loss=12.360 mel=3.945 durs=0.191 pitch=0.440 ctc=5.171 bin=1.403 score=0.428 fmatch=0.065 d=0.254 lr=1.000e-04 | 5.91it/s skip=0 (24.1m)\n"}
,{"stream_name":"stdout","time":1563.799866842,"data":"[00:24:19] it 7200 loss=11.222 mel=3.623 durs=0.184 pitch=0.567 ctc=5.110 bin=1.331 score=0.257 fmatch=0.054 d=0.218 lr=1.000e-04 | 5.91it/s skip=0 (24.2m)\n"}
,{"stream_name":"stdout","time":1568.089576053,"data":"[00:24:23] it 7225 loss=11.656 mel=3.661 durs=0.229 pitch=0.595 ctc=5.067 bin=1.515 score=0.319 fmatch=0.055 d=0.227 lr=1.000e-04 | 5.91it/s skip=0 (24.2m)\n"}
,{"stream_name":"stdout","time":1572.440682592,"data":"[00:24:28] it 7250 loss=11.570 mel=3.491 durs=0.187 pitch=0.429 ctc=5.140 bin=1.434 score=0.347 fmatch=0.058 d=0.221 lr=1.000e-04 | 5.88it/s skip=0 (24.3m)\n"}
,{"stream_name":"stdout","time":1576.753025139,"data":"[00:24:32] it 7275 loss=12.171 mel=3.731 durs=0.181 pitch=0.575 ctc=5.163 bin=1.389 score=0.435 fmatch=0.072 d=0.219 lr=1.000e-04 | 5.89it/s skip=0 (24.4m)\n"}
,{"stream_name":"stdout","time":1581.122231828,"data":"[00:24:36] it 7300 loss=11.511 mel=3.470 durs=0.175 pitch=0.665 ctc=5.177 bin=1.450 score=0.319 fmatch=0.056 d=0.212 lr=1.000e-04 | 5.86it/s skip=0 (24.4m)\n"}
,{"stream_name":"stdout","time":1585.418544088,"data":"[00:24:41] it 7325 loss=11.873 mel=3.785 durs=0.217 pitch=0.509 ctc=5.206 bin=1.420 score=0.333 fmatch=0.058 d=0.232 lr=1.000e-04 | 5.88it/s skip=0 (24.5m)\n"}
,{"stream_name":"stdout","time":1589.749431571,"data":"[00:24:45] it 7350 loss=11.242 mel=3.542 durs=0.176 pitch=0.552 ctc=5.138 bin=1.423 score=0.252 fmatch=0.059 d=0.239 lr=1.000e-04 | 5.87it/s skip=0 (24.6m)\n"}
,{"stream_name":"stdout","time":1594.078772873,"data":"[00:24:49] it 7375 loss=12.021 mel=3.886 durs=0.243 pitch=0.753 ctc=5.047 bin=1.458 score=0.367 fmatch=0.062 d=0.227 lr=1.000e-04 | 5.87it/s skip=0 (24.7m)\n"}
,{"stream_name":"stdout","time":1599.149322671,"data":"[00:24:54] it 7400 loss=11.487 mel=3.449 durs=0.205 pitch=0.658 ctc=5.161 bin=1.430 score=0.326 fmatch=0.056 d=0.217 lr=1.000e-04 | 5.78it/s skip=0 (24.7m)\n"}
,{"stream_name":"stdout","time":1603.456471512,"data":"[00:24:59] it 7425 loss=11.509 mel=3.718 durs=0.193 pitch=0.679 ctc=5.112 bin=1.412 score=0.282 fmatch=0.051 d=0.252 lr=1.000e-04 | 5.83it/s skip=0 (24.8m)\n"}
,{"stream_name":"stdout","time":1607.660230098,"data":"[00:25:03] it 7450 loss=11.696 mel=3.831 durs=0.164 pitch=0.640 ctc=5.382 bin=1.381 score=0.241 fmatch=0.056 d=0.235 lr=1.000e-04 | 5.92it/s skip=0 (24.9m)\n"}
,{"stream_name":"stdout","time":1611.989194727,"data":"[00:25:07] it 7475 loss=11.727 mel=3.795 durs=0.180 pitch=0.570 ctc=5.268 bin=1.321 score=0.304 fmatch=0.052 d=0.206 lr=1.000e-04 | 5.90it/s skip=0 (25.0m)\n"}
,{"stream_name":"stdout","time":1616.15901318,"data":"[00:25:11] it 7500 loss=11.225 mel=3.399 durs=0.205 pitch=0.492 ctc=5.292 bin=1.373 score=0.259 fmatch=0.054 d=0.226 lr=1.000e-04 | 5.97it/s skip=0 (25.0m)\n"}
,{"stream_name":"stdout","time":1620.556752425,"data":"[00:25:16] it 7525 loss=11.827 mel=3.609 durs=0.176 pitch=0.696 ctc=5.261 bin=1.383 score=0.357 fmatch=0.057 d=0.216 lr=1.000e-04 | 5.98it/s skip=0 (25.1m)\n"}
,{"stream_name":"stdout","time":1624.806614634,"data":"[00:25:20] it 7550 loss=12.213 mel=3.888 durs=0.203 pitch=0.744 ctc=5.207 bin=1.381 score=0.395 fmatch=0.064 d=0.206 lr=1.000e-04 | 5.99it/s skip=0 (25.2m)\n"}
,{"stream_name":"stdout","time":1629.129794536,"data":"[00:25:24] it 7575 loss=12.176 mel=3.694 durs=0.205 pitch=0.610 ctc=5.344 bin=1.429 score=0.391 fmatch=0.063 d=0.229 lr=1.000e-04 | 5.95it/s skip=0 (25.2m)\n"}
,{"stream_name":"stdout","time":1633.349701326,"data":"[00:25:28] it 7600 loss=12.192 mel=3.652 durs=0.213 pitch=0.637 ctc=5.154 bin=1.423 score=0.451 fmatch=0.073 d=0.233 lr=1.000e-04 | 5.98it/s skip=0 (25.3m)\n"}
,{"stream_name":"stdout","time":1637.686850923,"data":"[00:25:33] it 7625 loss=11.403 mel=3.462 durs=0.197 pitch=0.465 ctc=5.188 bin=1.391 score=0.311 fmatch=0.051 d=0.217 lr=1.000e-04 | 5.93it/s skip=0 (25.4m)\n"}
,{"stream_name":"stdout","time":1641.974530834,"data":"[00:25:37] it 7650 loss=11.945 mel=3.999 durs=0.245 pitch=0.881 ctc=5.019 bin=1.439 score=0.329 fmatch=0.058 d=0.228 lr=1.000e-04 | 5.93it/s skip=0 (25.5m)\n"}
,{"stream_name":"stdout","time":1646.344862449,"data":"[00:25:41] it 7675 loss=12.119 mel=3.581 durs=0.209 pitch=0.567 ctc=5.317 bin=1.449 score=0.407 fmatch=0.067 d=0.209 lr=1.000e-04 | 5.89it/s skip=0 (25.5m)\n"}
,{"stream_name":"stdout","time":1650.767814585,"data":"[00:25:46] it 7700 loss=12.346 mel=3.761 durs=0.200 pitch=0.495 ctc=5.309 bin=1.407 score=0.433 fmatch=0.068 d=0.235 lr=1.000e-04 | 5.83it/s skip=0 (25.6m)\n"}
,{"stream_name":"stdout","time":1655.017195822,"data":"[00:25:50] it 7725 loss=11.246 mel=3.327 durs=0.226 pitch=0.444 ctc=5.025 bin=1.470 score=0.327 fmatch=0.050 d=0.239 lr=1.000e-04 | 5.90it/s skip=0 (25.7m)\n"}
,{"stream_name":"stdout","time":1659.359536885,"data":"[00:25:55] it 7750 loss=11.292 mel=3.397 durs=0.210 pitch=0.415 ctc=5.195 bin=1.438 score=0.287 fmatch=0.053 d=0.212 lr=1.000e-04 | 5.88it/s skip=0 (25.7m)\n"}
,{"stream_name":"stdout","time":1663.56391187,"data":"[00:25:59] it 7775 loss=11.731 mel=3.611 durs=0.196 pitch=0.588 ctc=5.085 bin=1.416 score=0.370 fmatch=0.059 d=0.227 lr=1.000e-04 | 5.95it/s skip=0 (25.8m)\n"}
,{"stream_name":"stdout","time":1667.780817664,"data":"[00:26:03] it 7800 loss=12.018 mel=3.471 durs=0.192 pitch=0.617 ctc=5.159 bin=1.398 score=0.458 fmatch=0.074 d=0.210 lr=1.000e-04 | 5.98it/s skip=0 (25.9m)\n"}
,{"stream_name":"stdout","time":1672.316220806,"data":"[00:26:07] it 7825 loss=11.514 mel=3.539 durs=0.232 pitch=0.360 ctc=5.037 bin=1.434 score=0.347 fmatch=0.055 d=0.214 lr=1.000e-04 | 5.84it/s skip=0 (26.0m)\n"}
,{"stream_name":"stdout","time":1676.536106812,"data":"[00:26:12] it 7850 loss=11.253 mel=3.566 durs=0.204 pitch=0.468 ctc=5.040 bin=1.363 score=0.292 fmatch=0.050 d=0.209 lr=1.000e-04 | 5.91it/s skip=0 (26.0m)\n"}
,{"stream_name":"stdout","time":1680.761470267,"data":"[00:26:16] it 7875 loss=12.144 mel=3.739 durs=0.183 pitch=0.441 ctc=5.278 bin=1.445 score=0.389 fmatch=0.064 d=0.220 lr=1.000e-04 | 5.94it/s skip=0 (26.1m)\n"}
,{"stream_name":"stdout","time":1685.052494304,"data":"[00:26:20] it 7900 loss=11.660 mel=3.511 durs=0.215 pitch=0.438 ctc=5.104 bin=1.421 score=0.375 fmatch=0.058 d=0.222 lr=1.000e-04 | 5.94it/s skip=0 (26.2m)\n"}
,{"stream_name":"stdout","time":1689.344593105,"data":"[00:26:24] it 7925 loss=11.539 mel=3.674 durs=0.183 pitch=0.690 ctc=5.110 bin=1.354 score=0.315 fmatch=0.055 d=0.219 lr=1.000e-04 | 5.93it/s skip=0 (26.2m)\n"}
,{"stream_name":"stdout","time":1693.68081071,"data":"[00:26:29] it 7950 loss=12.176 mel=3.732 durs=0.229 pitch=0.601 ctc=5.207 bin=1.467 score=0.407 fmatch=0.061 d=0.229 lr=1.000e-04 | 5.91it/s skip=0 (26.3m)\n"}
,{"stream_name":"stdout","time":1697.940961837,"data":"[00:26:33] it 7975 loss=11.622 mel=3.615 durs=0.227 pitch=0.503 ctc=5.345 bin=1.512 score=0.256 fmatch=0.052 d=0.229 lr=1.000e-04 | 5.93it/s skip=0 (26.4m)\n"}
,{"stream_name":"stdout","time":1702.187230657,"data":"[00:26:37] it 8000 loss=11.504 mel=3.696 durs=0.228 pitch=0.333 ctc=5.101 bin=1.436 score=0.291 fmatch=0.051 d=0.212 lr=1.000e-04 | 5.95it/s skip=0 (26.5m)\n"}
,{"stream_name":"stdout","time":1702.650068855,"data":"[00:26:38] [train] probes saved at iter 8000\n"}
,{"stream_name":"stdout","time":1715.159615578,"data":"[00:26:50] [val] it 8000 loss=10.423 mel=3.761 durs=0.195 pitch=0.552 ctc=5.174 (12.5s)\n"}
,{"stream_name":"stdout","time":1719.489786647,"data":"[00:26:55] it 8025 loss=12.016 mel=4.061 durs=0.207 pitch=0.684 ctc=5.203 bin=1.426 score=0.295 fmatch=0.056 d=0.220 lr=1.000e-04 | 5.92it/s skip=0 (26.7m)\n"}
,{"stream_name":"stdout","time":1723.967304076,"data":"[00:26:59] it 8050 loss=11.721 mel=3.522 durs=0.194 pitch=0.627 ctc=5.312 bin=1.427 score=0.332 fmatch=0.052 d=0.215 lr=1.000e-04 | 5.87it/s skip=0 (26.8m)\n"}
,{"stream_name":"stdout","time":1728.352057737,"data":"[00:27:03] it 8075 loss=12.676 mel=3.699 durs=0.180 pitch=0.553 ctc=5.220 bin=1.371 score=0.558 fmatch=0.082 d=0.246 lr=1.000e-04 | 5.84it/s skip=0 (26.9m)\n"}
,{"stream_name":"stdout","time":1732.667565888,"data":"[00:27:08] it 8100 loss=11.653 mel=3.537 durs=0.274 pitch=0.427 ctc=5.117 bin=1.502 score=0.344 fmatch=0.051 d=0.235 lr=1.000e-04 | 5.87it/s skip=0 (27.0m)\n"}
,{"stream_name":"stdout","time":1737.069495438,"data":"[00:27:12] it 8125 loss=11.916 mel=3.553 durs=0.169 pitch=0.476 ctc=5.356 bin=1.387 score=0.374 fmatch=0.057 d=0.228 lr=1.000e-04 | 5.83it/s skip=0 (27.0m)\n"}
,{"stream_name":"stdout","time":1741.571975454,"data":"[00:27:17] it 8150 loss=11.856 mel=3.322 durs=0.223 pitch=0.594 ctc=5.057 bin=1.500 score=0.457 fmatch=0.067 d=0.233 lr=1.000e-04 | 5.80it/s skip=0 (27.1m)\n"}
,{"stream_name":"stdout","time":1745.79996415,"data":"[00:27:21] it 8175 loss=12.231 mel=3.811 durs=0.177 pitch=0.489 ctc=5.449 bin=1.368 score=0.370 fmatch=0.057 d=0.190 lr=1.000e-04 | 5.89it/s skip=0 (27.2m)\n"}
,{"stream_name":"stdout","time":1750.050305394,"data":"[00:27:25] it 8200 loss=11.292 mel=3.461 durs=0.225 pitch=0.523 ctc=5.182 bin=1.407 score=0.279 fmatch=0.051 d=0.233 lr=1.000e-04 | 5.92it/s skip=0 (27.3m)\n"}
,{"stream_name":"stdout","time":1754.525228005,"data":"[00:27:30] it 8225 loss=12.520 mel=3.765 durs=0.210 pitch=0.424 ctc=5.338 bin=1.449 score=0.458 fmatch=0.072 d=0.232 lr=1.000e-04 | 5.87it/s skip=0 (27.3m)\n"}
,{"stream_name":"stdout","time":1758.85296236,"data":"[00:27:34] it 8250 loss=12.259 mel=3.663 durs=0.209 pitch=0.543 ctc=5.329 bin=1.458 score=0.417 fmatch=0.068 d=0.190 lr=1.000e-04 | 5.88it/s skip=0 (27.4m)\n"}
,{"stream_name":"stdout","time":1763.224540039,"data":"[00:27:38] it 8275 loss=12.229 mel=3.712 durs=0.248 pitch=0.462 ctc=5.025 bin=1.495 score=0.464 fmatch=0.070 d=0.257 lr=1.000e-04 | 5.84it/s skip=0 (27.5m)\n"}
,{"stream_name":"stdout","time":1767.492886391,"data":"[00:27:43] it 8300 loss=11.988 mel=3.766 durs=0.196 pitch=0.724 ctc=5.252 bin=1.326 score=0.374 fmatch=0.057 d=0.227 lr=1.000e-04 | 5.89it/s skip=0 (27.5m)\n"}
,{"stream_name":"stdout","time":1771.728582984,"data":"[00:27:47] it 8325 loss=12.782 mel=3.825 durs=0.200 pitch=0.646 ctc=5.183 bin=1.416 score=0.547 fmatch=0.087 d=0.229 lr=1.000e-04 | 5.93it/s skip=0 (27.6m)\n"}
,{"stream_name":"stdout","time":1776.032523986,"data":"[00:27:51] it 8350 loss=11.548 mel=3.478 durs=0.202 pitch=0.537 ctc=5.171 bin=1.402 score=0.343 fmatch=0.054 d=0.213 lr=1.000e-04 | 5.94it/s skip=0 (27.7m)\n"}
,{"stream_name":"stdout","time":1780.360686769,"data":"[00:27:56] it 8375 loss=11.426 mel=3.570 durs=0.193 pitch=0.608 ctc=5.225 bin=1.421 score=0.270 fmatch=0.048 d=0.221 lr=1.000e-04 | 5.91it/s skip=0 (27.8m)\n"}
,{"stream_name":"stdout","time":1784.563657449,"data":"[00:28:00] it 8400 loss=12.087 mel=3.690 durs=0.185 pitch=0.441 ctc=5.151 bin=1.382 score=0.434 fmatch=0.067 d=0.217 lr=1.000e-04 | 5.97it/s skip=0 (27.8m)\n"}
,{"stream_name":"stdout","time":1788.78795891,"data":"[00:28:04] it 8425 loss=11.247 mel=3.524 durs=0.229 pitch=0.443 ctc=5.123 bin=1.433 score=0.262 fmatch=0.053 d=0.246 lr=1.000e-04 | 5.98it/s skip=0 (27.9m)\n"}
,{"stream_name":"stdout","time":1793.121846265,"data":"[00:28:08] it 8450 loss=12.034 mel=3.648 durs=0.177 pitch=0.528 ctc=5.193 bin=1.384 score=0.419 fmatch=0.061 d=0.233 lr=1.000e-04 | 5.94it/s skip=0 (28.0m)\n"}
,{"stream_name":"stdout","time":1797.374941066,"data":"[00:28:13] it 8475 loss=11.538 mel=3.251 durs=0.191 pitch=0.439 ctc=5.387 bin=1.422 score=0.341 fmatch=0.051 d=0.210 lr=1.000e-04 | 5.95it/s skip=0 (28.0m)\n"}
,{"stream_name":"stdout","time":1801.752356628,"data":"[00:28:17] it 8500 loss=11.392 mel=3.511 durs=0.193 pitch=0.531 ctc=5.104 bin=1.361 score=0.324 fmatch=0.047 d=0.225 lr=1.000e-04 | 5.89it/s skip=0 (28.1m)\n"}
,{"stream_name":"stdout","time":1806.154522197,"data":"[00:28:21] it 8525 loss=11.873 mel=3.615 durs=0.220 pitch=0.473 ctc=5.285 bin=1.432 score=0.354 fmatch=0.058 d=0.194 lr=1.000e-04 | 5.91it/s skip=0 (28.2m)\n"}
,{"stream_name":"stdout","time":1810.41487642,"data":"[00:28:26] it 8550 loss=12.334 mel=3.730 durs=0.199 pitch=0.565 ctc=5.187 bin=1.454 score=0.455 fmatch=0.068 d=0.187 lr=1.000e-04 | 5.93it/s skip=0 (28.3m)\n"}
,{"stream_name":"stdout","time":1814.90036515,"data":"[00:28:30] it 8575 loss=11.624 mel=3.781 durs=0.197 pitch=0.517 ctc=5.274 bin=1.401 score=0.261 fmatch=0.052 d=0.238 lr=1.000e-04 | 5.87it/s skip=0 (28.3m)\n"}
,{"stream_name":"stdout","time":1819.238853022,"data":"[00:28:34] it 8600 loss=11.391 mel=3.603 durs=0.209 pitch=0.533 ctc=5.116 bin=1.456 score=0.273 fmatch=0.051 d=0.237 lr=1.000e-04 | 5.87it/s skip=0 (28.4m)\n"}
,{"stream_name":"stdout","time":1823.642462845,"data":"[00:28:39] it 8625 loss=11.875 mel=3.829 durs=0.203 pitch=0.601 ctc=5.266 bin=1.432 score=0.305 fmatch=0.049 d=0.226 lr=1.000e-04 | 5.83it/s skip=0 (28.5m)\n"}
,{"stream_name":"stdout","time":1828.660437404,"data":"[00:28:44] it 8650 loss=11.607 mel=3.739 durs=0.187 pitch=0.589 ctc=5.209 bin=1.383 score=0.287 fmatch=0.050 d=0.217 lr=1.000e-04 | 5.80it/s skip=0 (28.6m)\n"}
,{"stream_name":"stdout","time":1832.982580169,"data":"[00:28:48] it 8675 loss=11.818 mel=3.792 durs=0.201 pitch=0.631 ctc=5.079 bin=1.365 score=0.361 fmatch=0.055 d=0.215 lr=1.000e-04 | 5.84it/s skip=0 (28.6m)\n"}
,{"stream_name":"stdout","time":1837.280674601,"data":"[00:28:52] it 8700 loss=11.228 mel=3.495 durs=0.213 pitch=0.551 ctc=5.023 bin=1.374 score=0.303 fmatch=0.047 d=0.209 lr=1.000e-04 | 5.87it/s skip=0 (28.7m)\n"}
,{"stream_name":"stdout","time":1841.621973989,"data":"[00:28:57] it 8725 loss=11.696 mel=3.750 durs=0.196 pitch=0.551 ctc=5.158 bin=1.364 score=0.324 fmatch=0.053 d=0.207 lr=1.000e-04 | 5.87it/s skip=0 (28.8m)\n"}
,{"stream_name":"stdout","time":1845.968080669,"data":"[00:29:01] it 8750 loss=11.914 mel=3.479 durs=0.241 pitch=0.469 ctc=5.141 bin=1.449 score=0.427 fmatch=0.064 d=0.230 lr=1.000e-04 | 5.86it/s skip=0 (28.9m)\n"}
,{"stream_name":"stdout","time":1850.305967254,"data":"[00:29:05] it 8775 loss=11.645 mel=3.759 durs=0.207 pitch=0.649 ctc=5.102 bin=1.419 score=0.308 fmatch=0.046 d=0.245 lr=1.000e-04 | 5.85it/s skip=0 (28.9m)\n"}
,{"stream_name":"stdout","time":1854.665511816,"data":"[00:29:10] it 8800 loss=11.477 mel=3.490 durs=0.230 pitch=0.422 ctc=5.144 bin=1.428 score=0.325 fmatch=0.050 d=0.214 lr=1.000e-04 | 5.85it/s skip=0 (29.0m)\n"}
,{"stream_name":"stdout","time":1859.046274001,"data":"[00:29:14] it 8825 loss=11.176 mel=3.184 durs=0.219 pitch=0.694 ctc=5.065 bin=1.442 score=0.336 fmatch=0.050 d=0.229 lr=1.000e-04 | 5.83it/s skip=0 (29.1m)\n"}
,{"stream_name":"stdout","time":1863.276791585,"data":"[00:29:18] it 8850 loss=11.639 mel=3.583 durs=0.222 pitch=0.490 ctc=4.975 bin=1.409 score=0.386 fmatch=0.055 d=0.237 lr=1.000e-04 | 5.90it/s skip=0 (29.1m)\n"}
,{"stream_name":"stdout","time":1867.719283348,"data":"[00:29:23] it 8875 loss=11.372 mel=3.485 durs=0.236 pitch=0.446 ctc=5.280 bin=1.441 score=0.263 fmatch=0.047 d=0.224 lr=1.000e-04 | 5.83it/s skip=0 (29.2m)\n"}
,{"stream_name":"stdout","time":1872.046002753,"data":"[00:29:27] it 8900 loss=11.675 mel=3.596 durs=0.224 pitch=0.479 ctc=5.096 bin=1.429 score=0.358 fmatch=0.054 d=0.214 lr=1.000e-04 | 5.84it/s skip=0 (29.3m)\n"}
,{"stream_name":"stdout","time":1876.373136719,"data":"[00:29:32] it 8925 loss=12.039 mel=4.050 durs=0.228 pitch=0.456 ctc=5.023 bin=1.390 score=0.363 fmatch=0.056 d=0.208 lr=1.000e-04 | 5.85it/s skip=0 (29.4m)\n"}
,{"stream_name":"stdout","time":1880.606162671,"data":"[00:29:36] it 8950 loss=11.546 mel=3.827 durs=0.250 pitch=0.615 ctc=5.040 bin=1.461 score=0.272 fmatch=0.045 d=0.234 lr=1.000e-04 | 5.91it/s skip=0 (29.4m)\n"}
,{"stream_name":"stdout","time":1885.05733756,"data":"[00:29:40] it 8975 loss=11.510 mel=3.489 durs=0.226 pitch=0.495 ctc=5.240 bin=1.431 score=0.308 fmatch=0.047 d=0.213 lr=1.000e-04 | 5.87it/s skip=0 (29.5m)\n"}
,{"stream_name":"stdout","time":1889.284876714,"data":"[00:29:44] it 9000 loss=11.231 mel=3.488 durs=0.208 pitch=0.520 ctc=5.142 bin=1.386 score=0.273 fmatch=0.051 d=0.230 lr=1.000e-04 | 5.92it/s skip=0 (29.6m)\n"}
,{"stream_name":"stdout","time":1893.730541086,"data":"[00:29:49] it 9025 loss=11.464 mel=3.672 durs=0.220 pitch=0.458 ctc=5.112 bin=1.449 score=0.279 fmatch=0.047 d=0.215 lr=1.000e-04 | 5.92it/s skip=0 (29.7m)\n"}
,{"stream_name":"stdout","time":1897.972893749,"data":"[00:29:53] it 9050 loss=11.398 mel=3.680 durs=0.234 pitch=0.580 ctc=5.139 bin=1.385 score=0.266 fmatch=0.048 d=0.241 lr=1.000e-04 | 5.94it/s skip=0 (29.7m)\n"}
,{"stream_name":"stdout","time":1902.293541454,"data":"[00:29:57] it 9075 loss=12.142 mel=3.879 durs=0.200 pitch=0.446 ctc=5.476 bin=1.379 score=0.323 fmatch=0.051 d=0.204 lr=1.000e-04 | 5.92it/s skip=0 (29.8m)\n"}
,{"stream_name":"stdout","time":1906.585320677,"data":"[00:30:02] it 9100 loss=12.504 mel=3.649 durs=0.227 pitch=0.625 ctc=5.308 bin=1.453 score=0.484 fmatch=0.073 d=0.214 lr=1.000e-04 | 5.92it/s skip=0 (29.9m)\n"}
,{"stream_name":"stdout","time":1910.897039315,"data":"[00:30:06] it 9125 loss=11.625 mel=3.350 durs=0.239 pitch=0.543 ctc=5.207 bin=1.494 score=0.361 fmatch=0.053 d=0.221 lr=1.000e-04 | 5.92it/s skip=0 (29.9m)\n"}
,{"stream_name":"stdout","time":1915.208533826,"data":"[00:30:10] it 9150 loss=12.066 mel=3.853 durs=0.213 pitch=0.560 ctc=5.191 bin=1.451 score=0.361 fmatch=0.052 d=0.193 lr=1.000e-04 | 5.91it/s skip=0 (30.0m)\n"}
,{"stream_name":"stdout","time":1919.514687548,"data":"[00:30:15] it 9175 loss=11.791 mel=3.517 durs=0.208 pitch=0.692 ctc=5.223 bin=1.478 score=0.357 fmatch=0.054 d=0.227 lr=1.000e-04 | 5.91it/s skip=0 (30.1m)\n"}
,{"stream_name":"stdout","time":1923.841224805,"data":"[00:30:19] it 9200 loss=11.157 mel=3.403 durs=0.235 pitch=0.513 ctc=5.110 bin=1.452 score=0.269 fmatch=0.044 d=0.230 lr=1.000e-04 | 5.90it/s skip=0 (30.2m)\n"}
,{"stream_name":"stdout","time":1928.133568105,"data":"[00:30:23] it 9225 loss=10.921 mel=3.407 durs=0.224 pitch=0.717 ctc=5.004 bin=1.417 score=0.238 fmatch=0.048 d=0.243 lr=1.000e-04 | 5.91it/s skip=0 (30.2m)\n"}
,{"stream_name":"stdout","time":1932.525063074,"data":"[00:30:28] it 9250 loss=12.110 mel=3.562 durs=0.211 pitch=0.524 ctc=5.203 bin=1.406 score=0.451 fmatch=0.062 d=0.248 lr=1.000e-04 | 5.86it/s skip=0 (30.3m)\n"}
,{"stream_name":"stdout","time":1936.776414013,"data":"[00:30:32] it 9275 loss=11.192 mel=3.563 durs=0.225 pitch=0.556 ctc=5.103 bin=1.420 score=0.246 fmatch=0.045 d=0.221 lr=1.000e-04 | 5.92it/s skip=0 (30.4m)\n"}
,{"stream_name":"stdout","time":1942.48575133,"data":"[00:30:38] it 9300 loss=11.379 mel=3.564 durs=0.195 pitch=0.502 ctc=5.097 bin=1.374 score=0.307 fmatch=0.045 d=0.204 lr=1.000e-04 | 5.84it/s skip=0 (30.5m)\n"}
,{"stream_name":"stdout","time":1946.706229876,"data":"[00:30:42] it 9325 loss=11.196 mel=3.115 durs=0.246 pitch=0.493 ctc=5.025 bin=1.472 score=0.365 fmatch=0.051 d=0.205 lr=1.000e-04 | 5.91it/s skip=0 (30.5m)\n"}
,{"stream_name":"stdout","time":1950.935318631,"data":"[00:30:46] it 9350 loss=11.379 mel=3.142 durs=0.226 pitch=0.542 ctc=5.115 bin=1.423 score=0.392 fmatch=0.055 d=0.232 lr=1.000e-04 | 5.95it/s skip=0 (30.6m)\n"}
,{"stream_name":"stdout","time":1955.297203159,"data":"[00:30:50] it 9375 loss=11.757 mel=3.520 durs=0.262 pitch=0.548 ctc=5.072 bin=1.451 score=0.394 fmatch=0.055 d=0.227 lr=1.000e-04 | 5.94it/s skip=0 (30.7m)\n"}
,{"stream_name":"stdout","time":1959.461601122,"data":"[00:30:55] it 9400 loss=11.412 mel=3.276 durs=0.211 pitch=0.493 ctc=5.193 bin=1.420 score=0.351 fmatch=0.047 d=0.280 lr=1.000e-04 | 6.00it/s skip=0 (30.7m)\n"}
,{"stream_name":"stdout","time":1963.809486835,"data":"[00:30:59] it 9425 loss=11.175 mel=3.422 durs=0.210 pitch=0.506 ctc=5.195 bin=1.392 score=0.262 fmatch=0.046 d=0.210 lr=1.000e-04 | 5.94it/s skip=0 (30.8m)\n"}
,{"stream_name":"stdout","time":1968.336904702,"data":"[00:31:03] it 9450 loss=11.578 mel=3.545 durs=0.220 pitch=0.666 ctc=5.123 bin=1.413 score=0.340 fmatch=0.050 d=0.227 lr=1.000e-04 | 5.86it/s skip=0 (30.9m)\n"}
,{"stream_name":"stdout","time":1972.628314875,"data":"[00:31:08] it 9475 loss=11.808 mel=3.324 durs=0.196 pitch=0.671 ctc=5.335 bin=1.391 score=0.403 fmatch=0.058 d=0.200 lr=1.000e-04 | 5.88it/s skip=0 (31.0m)\n"}
,{"stream_name":"stdout","time":1976.898006375,"data":"[00:31:12] it 9500 loss=11.711 mel=3.706 durs=0.237 pitch=0.686 ctc=5.122 bin=1.402 score=0.334 fmatch=0.052 d=0.210 lr=1.000e-04 | 5.90it/s skip=0 (31.0m)\n"}
,{"stream_name":"stdout","time":1981.308415032,"data":"[00:31:16] it 9525 loss=12.010 mel=3.715 durs=0.270 pitch=0.791 ctc=4.986 bin=1.472 score=0.417 fmatch=0.062 d=0.232 lr=1.000e-04 | 5.90it/s skip=0 (31.1m)\n"}
,{"stream_name":"stdout","time":1985.629104491,"data":"[00:31:21] it 9550 loss=11.744 mel=3.763 durs=0.254 pitch=0.515 ctc=4.994 bin=1.369 score=0.372 fmatch=0.053 d=0.212 lr=1.000e-04 | 5.89it/s skip=0 (31.2m)\n"}
,{"stream_name":"stdout","time":1989.9134401,"data":"[00:31:25] it 9575 loss=11.068 mel=3.273 durs=0.226 pitch=0.719 ctc=4.902 bin=1.383 score=0.342 fmatch=0.048 d=0.225 lr=1.000e-04 | 5.90it/s skip=0 (31.3m)\n"}
,{"stream_name":"stdout","time":1994.270816609,"data":"[00:31:29] it 9600 loss=11.590 mel=3.830 durs=0.217 pitch=0.577 ctc=5.137 bin=1.380 score=0.279 fmatch=0.050 d=0.216 lr=1.000e-04 | 5.87it/s skip=0 (31.3m)\n"}
,{"stream_name":"stdout","time":1998.644991935,"data":"[00:31:34] it 9625 loss=11.524 mel=3.410 durs=0.244 pitch=0.412 ctc=5.184 bin=1.477 score=0.335 fmatch=0.047 d=0.241 lr=1.000e-04 | 5.85it/s skip=0 (31.4m)\n"}
,{"stream_name":"stdout","time":2002.849132486,"data":"[00:31:38] it 9650 loss=11.543 mel=3.577 durs=0.234 pitch=0.602 ctc=5.178 bin=1.408 score=0.312 fmatch=0.048 d=0.218 lr=1.000e-04 | 5.93it/s skip=0 (31.5m)\n"}
,{"stream_name":"stdout","time":2007.319093595,"data":"[00:31:42] it 9675 loss=11.033 mel=3.180 durs=0.216 pitch=0.463 ctc=4.826 bin=1.376 score=0.382 fmatch=0.054 d=0.231 lr=1.000e-04 | 5.86it/s skip=0 (31.5m)\n"}
,{"stream_name":"stdout","time":2011.660682787,"data":"[00:31:47] it 9700 loss=11.149 mel=3.421 durs=0.233 pitch=0.489 ctc=5.121 bin=1.410 score=0.270 fmatch=0.045 d=0.252 lr=1.000e-04 | 5.86it/s skip=0 (31.6m)\n"}
,{"stream_name":"stdout","time":2015.937546312,"data":"[00:31:51] it 9725 loss=11.166 mel=3.261 durs=0.246 pitch=0.537 ctc=4.962 bin=1.395 score=0.355 fmatch=0.051 d=0.221 lr=1.000e-04 | 5.89it/s skip=0 (31.7m)\n"}
,{"stream_name":"stdout","time":2020.233581343,"data":"[00:31:55] it 9750 loss=11.327 mel=3.250 durs=0.218 pitch=0.556 ctc=5.067 bin=1.363 score=0.379 fmatch=0.055 d=0.215 lr=1.000e-04 | 5.90it/s skip=0 (31.8m)\n"}
,{"stream_name":"stdout","time":2024.534814375,"data":"[00:32:00] it 9775 loss=11.111 mel=3.391 durs=0.219 pitch=0.541 ctc=4.968 bin=1.438 score=0.299 fmatch=0.043 d=0.219 lr=1.000e-04 | 5.90it/s skip=0 (31.8m)\n"}
,{"stream_name":"stdout","time":2028.849360949,"data":"[00:32:04] it 9800 loss=11.204 mel=3.571 durs=0.199 pitch=0.480 ctc=5.196 bin=1.334 score=0.247 fmatch=0.046 d=0.244 lr=1.000e-04 | 5.90it/s skip=0 (31.9m)\n"}
,{"stream_name":"stdout","time":2033.152483475,"data":"[00:32:08] it 9825 loss=11.707 mel=3.653 durs=0.211 pitch=0.455 ctc=5.094 bin=1.397 score=0.361 fmatch=0.051 d=0.206 lr=1.000e-04 | 5.90it/s skip=0 (32.0m)\n"}
,{"stream_name":"stdout","time":2037.427341468,"data":"[00:32:13] it 9850 loss=11.068 mel=3.390 durs=0.216 pitch=0.510 ctc=5.070 bin=1.339 score=0.288 fmatch=0.045 d=0.218 lr=1.000e-04 | 5.92it/s skip=0 (32.0m)\n"}
,{"stream_name":"stdout","time":2042.609434628,"data":"[00:32:18] it 9875 loss=11.147 mel=3.201 durs=0.269 pitch=0.482 ctc=4.996 bin=1.470 score=0.340 fmatch=0.047 d=0.224 lr=1.000e-04 | 5.80it/s skip=0 (32.1m)\n"}
,{"stream_name":"stdout","time":2046.952568508,"data":"[00:32:22] it 9900 loss=11.940 mel=3.761 durs=0.224 pitch=0.641 ctc=5.261 bin=1.386 score=0.348 fmatch=0.053 d=0.190 lr=1.000e-04 | 5.84it/s skip=0 (32.2m)\n"}
,{"stream_name":"stdout","time":2051.283365833,"data":"[00:32:26] it 9925 loss=11.488 mel=3.196 durs=0.225 pitch=0.605 ctc=5.334 bin=1.485 score=0.336 fmatch=0.047 d=0.193 lr=1.000e-04 | 5.84it/s skip=0 (32.3m)\n"}
,{"stream_name":"stdout","time":2055.679442596,"data":"[00:32:31] it 9950 loss=11.429 mel=3.456 durs=0.254 pitch=0.482 ctc=5.168 bin=1.458 score=0.307 fmatch=0.047 d=0.206 lr=1.000e-04 | 5.82it/s skip=0 (32.3m)\n"}
,{"stream_name":"stdout","time":2059.990156343,"data":"[00:32:35] it 9975 loss=11.509 mel=3.601 durs=0.243 pitch=0.508 ctc=5.162 bin=1.431 score=0.299 fmatch=0.044 d=0.237 lr=1.000e-04 | 5.85it/s skip=0 (32.4m)\n"}
,{"stream_name":"stdout","time":2064.225410863,"data":"[00:32:39] it 10000 loss=11.205 mel=3.193 durs=0.237 pitch=0.628 ctc=5.025 bin=1.395 score=0.364 fmatch=0.049 d=0.228 lr=1.000e-04 | 5.91it/s skip=0 (32.5m)\n"}
,{"stream_name":"stdout","time":2065.03464244,"data":"[00:32:40] [train] probes saved at iter 10000\n"}
,{"stream_name":"stdout","time":2077.48850132,"data":"[00:32:53] [val] it 10000 loss=10.064 mel=3.465 durs=0.227 pitch=0.542 ctc=5.108 (12.5s)\n"}
,{"stream_name":"stdout","time":2081.951425875,"data":"[00:32:57] it 10025 loss=11.678 mel=3.297 durs=0.232 pitch=0.546 ctc=5.197 bin=1.471 score=0.395 fmatch=0.056 d=0.216 lr=1.000e-04 | 5.82it/s skip=0 (32.8m)\n"}
,{"stream_name":"stdout","time":2086.202867373,"data":"[00:33:01] it 10050 loss=11.137 mel=3.271 durs=0.243 pitch=0.479 ctc=5.237 bin=1.494 score=0.255 fmatch=0.042 d=0.244 lr=1.000e-04 | 5.88it/s skip=0 (32.9m)\n"}
,{"stream_name":"stdout","time":2090.502367382,"data":"[00:33:06] it 10075 loss=11.301 mel=3.483 durs=0.261 pitch=0.587 ctc=5.212 bin=1.403 score=0.269 fmatch=0.043 d=0.210 lr=1.000e-04 | 5.88it/s skip=0 (32.9m)\n"}
,{"stream_name":"stdout","time":2094.839278038,"data":"[00:33:10] it 10100 loss=11.245 mel=3.321 durs=0.210 pitch=0.895 ctc=5.286 bin=1.407 score=0.270 fmatch=0.042 d=0.230 lr=1.000e-04 | 5.88it/s skip=0 (33.0m)\n"}
,{"stream_name":"stdout","time":2099.225617461,"data":"[00:33:14] it 10125 loss=10.677 mel=2.985 durs=0.234 pitch=0.475 ctc=5.128 bin=1.439 score=0.253 fmatch=0.043 d=0.228 lr=1.000e-04 | 5.84it/s skip=0 (33.1m)\n"}
,{"stream_name":"stdout","time":2103.598520904,"data":"[00:33:19] it 10150 loss=11.330 mel=3.219 durs=0.256 pitch=0.594 ctc=5.000 bin=1.446 score=0.382 fmatch=0.053 d=0.228 lr=1.000e-04 | 5.82it/s skip=0 (33.1m)\n"}
,{"stream_name":"stdout","time":2108.075299575,"data":"[00:33:23] it 10175 loss=11.410 mel=3.509 durs=0.280 pitch=0.601 ctc=5.155 bin=1.491 score=0.280 fmatch=0.045 d=0.223 lr=1.000e-04 | 5.78it/s skip=0 (33.2m)\n"}
,{"stream_name":"stdout","time":2112.421781426,"data":"[00:33:28] it 10200 loss=11.398 mel=3.683 durs=0.223 pitch=0.519 ctc=5.124 bin=1.396 score=0.269 fmatch=0.044 d=0.237 lr=1.000e-04 | 5.81it/s skip=0 (33.3m)\n"}
,{"stream_name":"stdout","time":2116.722604378,"data":"[00:33:32] it 10225 loss=11.332 mel=3.599 durs=0.226 pitch=0.445 ctc=5.135 bin=1.432 score=0.263 fmatch=0.047 d=0.211 lr=1.000e-04 | 5.85it/s skip=0 (33.4m)\n"}
,{"stream_name":"stdout","time":2121.091231338,"data":"[00:33:36] it 10250 loss=11.290 mel=3.274 durs=0.251 pitch=0.607 ctc=5.253 bin=1.476 score=0.290 fmatch=0.040 d=0.211 lr=1.000e-04 | 5.83it/s skip=0 (33.4m)\n"}
,{"stream_name":"stdout","time":2125.438902533,"data":"[00:33:41] it 10275 loss=10.820 mel=3.089 durs=0.258 pitch=0.675 ctc=4.917 bin=1.437 score=0.310 fmatch=0.044 d=0.228 lr=1.000e-04 | 5.83it/s skip=0 (33.5m)\n"}
,{"stream_name":"stdout","time":2129.714620928,"data":"[00:33:45] it 10300 loss=11.309 mel=3.572 durs=0.252 pitch=0.619 ctc=5.065 bin=1.435 score=0.277 fmatch=0.043 d=0.223 lr=1.000e-04 | 5.88it/s skip=0 (33.6m)\n"}
,{"stream_name":"stdout","time":2133.980648209,"data":"[00:33:49] it 10325 loss=11.540 mel=3.287 durs=0.227 pitch=0.591 ctc=5.166 bin=1.421 score=0.382 fmatch=0.055 d=0.197 lr=1.000e-04 | 5.90it/s skip=0 (33.7m)\n"}
,{"stream_name":"stdout","time":2138.446507318,"data":"[00:33:54] it 10350 loss=11.445 mel=3.696 durs=0.228 pitch=0.640 ctc=5.140 bin=1.415 score=0.265 fmatch=0.048 d=0.246 lr=1.000e-04 | 5.87it/s skip=0 (33.7m)\n"}
,{"stream_name":"stdout","time":2142.673159784,"data":"[00:33:58] it 10375 loss=11.505 mel=3.261 durs=0.264 pitch=0.653 ctc=5.106 bin=1.434 score=0.389 fmatch=0.055 d=0.238 lr=1.000e-04 | 5.93it/s skip=0 (33.8m)\n"}
,{"stream_name":"stdout","time":2146.928048462,"data":"[00:34:02] it 10400 loss=10.591 mel=3.187 durs=0.255 pitch=0.404 ctc=4.757 bin=1.338 score=0.301 fmatch=0.039 d=0.230 lr=1.000e-04 | 5.95it/s skip=0 (33.9m)\n"}
,{"stream_name":"stdout","time":2151.128548618,"data":"[00:34:06] it 10425 loss=10.852 mel=3.108 durs=0.261 pitch=0.467 ctc=4.948 bin=1.438 score=0.311 fmatch=0.041 d=0.232 lr=1.000e-04 | 5.99it/s skip=0 (33.9m)\n"}
,{"stream_name":"stdout","time":2155.464864139,"data":"[00:34:11] it 10450 loss=11.351 mel=3.284 durs=0.212 pitch=0.420 ctc=5.041 bin=1.378 score=0.383 fmatch=0.052 d=0.233 lr=1.000e-04 | 5.94it/s skip=0 (34.0m)\n"}
,{"stream_name":"stdout","time":2159.888263973,"data":"[00:34:15] it 10475 loss=11.396 mel=3.498 durs=0.255 pitch=0.580 ctc=5.125 bin=1.457 score=0.298 fmatch=0.040 d=0.229 lr=1.000e-04 | 5.87it/s skip=0 (34.1m)\n"}
,{"stream_name":"stdout","time":2164.156573697,"data":"[00:34:19] it 10500 loss=11.727 mel=3.358 durs=0.246 pitch=0.491 ctc=5.158 bin=1.449 score=0.408 fmatch=0.058 d=0.227 lr=1.000e-04 | 5.90it/s skip=0 (34.2m)\n"}
,{"stream_name":"stdout","time":2168.718789095,"data":"[00:34:24] it 10525 loss=11.421 mel=3.614 durs=0.261 pitch=0.521 ctc=5.084 bin=1.442 score=0.290 fmatch=0.042 d=0.228 lr=1.000e-04 | 5.85it/s skip=0 (34.2m)\n"}
,{"stream_name":"stdout","time":2173.015177962,"data":"[00:34:28] it 10550 loss=11.191 mel=3.576 durs=0.240 pitch=0.700 ctc=4.947 bin=1.410 score=0.280 fmatch=0.043 d=0.227 lr=1.000e-04 | 5.88it/s skip=0 (34.3m)\n"}
,{"stream_name":"stdout","time":2177.178386221,"data":"[00:34:32] it 10575 loss=11.079 mel=3.320 durs=0.259 pitch=0.627 ctc=5.091 bin=1.448 score=0.272 fmatch=0.042 d=0.231 lr=1.000e-04 | 5.97it/s skip=0 (34.4m)\n"}
,{"stream_name":"stdout","time":2181.502176174,"data":"[00:34:37] it 10600 loss=11.177 mel=3.158 durs=0.305 pitch=0.518 ctc=4.961 bin=1.493 score=0.358 fmatch=0.051 d=0.215 lr=1.000e-04 | 5.94it/s skip=0 (34.4m)\n"}
,{"stream_name":"stdout","time":2185.897044629,"data":"[00:34:41] it 10625 loss=11.486 mel=3.397 durs=0.253 pitch=0.489 ctc=5.230 bin=1.476 score=0.316 fmatch=0.044 d=0.229 lr=1.000e-04 | 5.88it/s skip=0 (34.5m)\n"}
,{"stream_name":"stdout","time":2190.149220979,"data":"[00:34:45] it 10650 loss=11.896 mel=3.577 durs=0.246 pitch=0.497 ctc=5.150 bin=1.398 score=0.409 fmatch=0.059 d=0.202 lr=1.000e-04 | 5.91it/s skip=0 (34.6m)\n"}
,{"stream_name":"stdout","time":2194.497366088,"data":"[00:34:50] it 10675 loss=11.142 mel=3.156 durs=0.242 pitch=0.435 ctc=5.156 bin=1.443 score=0.319 fmatch=0.044 d=0.232 lr=1.000e-04 | 5.90it/s skip=0 (34.7m)\n"}
,{"stream_name":"stdout","time":2198.68186727,"data":"[00:34:54] it 10700 loss=10.937 mel=3.044 durs=0.265 pitch=0.388 ctc=5.014 bin=1.425 score=0.336 fmatch=0.044 d=0.227 lr=1.000e-04 | 5.97it/s skip=0 (34.7m)\n"}
,{"stream_name":"stdout","time":2203.102808444,"data":"[00:34:58] it 10725 loss=11.416 mel=3.268 durs=0.222 pitch=0.620 ctc=5.112 bin=1.371 score=0.381 fmatch=0.056 d=0.199 lr=1.000e-04 | 5.88it/s skip=0 (34.8m)\n"}
,{"stream_name":"stdout","time":2207.51963574,"data":"[00:35:03] it 10750 loss=11.870 mel=3.421 durs=0.237 pitch=0.542 ctc=5.048 bin=1.428 score=0.459 fmatch=0.058 d=0.239 lr=1.000e-04 | 5.83it/s skip=0 (34.9m)\n"}
,{"stream_name":"stdout","time":2211.748112252,"data":"[00:35:07] it 10775 loss=10.678 mel=3.244 durs=0.283 pitch=0.585 ctc=4.994 bin=1.379 score=0.234 fmatch=0.041 d=0.227 lr=1.000e-04 | 5.90it/s skip=0 (35.0m)\n"}
,{"stream_name":"stdout","time":2216.133972712,"data":"[00:35:11] it 10800 loss=11.124 mel=3.284 durs=0.286 pitch=0.398 ctc=4.986 bin=1.467 score=0.318 fmatch=0.045 d=0.216 lr=1.000e-04 | 5.86it/s skip=0 (35.0m)\n"}
,{"stream_name":"stdout","time":2220.439449316,"data":"[00:35:16] it 10825 loss=11.146 mel=3.348 durs=0.257 pitch=0.939 ctc=5.046 bin=1.453 score=0.284 fmatch=0.042 d=0.216 lr=1.000e-04 | 5.88it/s skip=0 (35.1m)\n"}
,{"stream_name":"stdout","time":2224.769886961,"data":"[00:35:20] it 10850 loss=11.328 mel=3.500 durs=0.266 pitch=0.593 ctc=5.060 bin=1.492 score=0.286 fmatch=0.045 d=0.209 lr=1.000e-04 | 5.88it/s skip=0 (35.2m)\n"}
,{"stream_name":"stdout","time":2229.147726453,"data":"[00:35:24] it 10875 loss=11.085 mel=3.279 durs=0.239 pitch=0.633 ctc=5.124 bin=1.420 score=0.283 fmatch=0.045 d=0.203 lr=1.000e-04 | 5.86it/s skip=0 (35.2m)\n"}
,{"stream_name":"stdout","time":2233.499195645,"data":"[00:35:29] it 10900 loss=10.719 mel=3.256 durs=0.260 pitch=0.464 ctc=4.847 bin=1.379 score=0.281 fmatch=0.039 d=0.223 lr=1.000e-04 | 5.85it/s skip=0 (35.3m)\n"}
,{"stream_name":"stdout","time":2237.742684667,"data":"[00:35:33] it 10925 loss=11.109 mel=3.145 durs=0.240 pitch=0.485 ctc=5.069 bin=1.430 score=0.337 fmatch=0.044 d=0.220 lr=1.000e-04 | 5.91it/s skip=0 (35.4m)\n"}
,{"stream_name":"stdout","time":2242.1840115,"data":"[00:35:37] it 10950 loss=11.600 mel=3.733 durs=0.229 pitch=0.611 ctc=5.059 bin=1.372 score=0.326 fmatch=0.047 d=0.208 lr=1.000e-04 | 5.87it/s skip=0 (35.5m)\n"}
,{"stream_name":"stdout","time":2246.379376532,"data":"[00:35:42] it 10975 loss=11.112 mel=3.192 durs=0.264 pitch=0.440 ctc=4.917 bin=1.377 score=0.377 fmatch=0.049 d=0.247 lr=1.000e-04 | 5.95it/s skip=0 (35.5m)\n"}
,{"stream_name":"stdout","time":2250.764483182,"data":"[00:35:46] it 11000 loss=11.259 mel=3.508 durs=0.264 pitch=0.652 ctc=5.113 bin=1.417 score=0.272 fmatch=0.042 d=0.215 lr=1.000e-04 | 5.94it/s skip=0 (35.6m)\n"}
,{"stream_name":"stdout","time":2255.190464381,"data":"[00:35:50] it 11025 loss=11.565 mel=3.563 durs=0.257 pitch=0.609 ctc=5.150 bin=1.447 score=0.318 fmatch=0.044 d=0.216 lr=1.000e-04 | 5.94it/s skip=0 (35.7m)\n"}
,{"stream_name":"stdout","time":2259.572238451,"data":"[00:35:55] it 11050 loss=11.006 mel=3.178 durs=0.227 pitch=0.403 ctc=5.180 bin=1.463 score=0.270 fmatch=0.044 d=0.228 lr=1.000e-04 | 5.93it/s skip=0 (35.7m)\n"}
,{"stream_name":"stdout","time":2263.804803721,"data":"[00:35:59] it 11075 loss=10.455 mel=2.934 durs=0.270 pitch=0.703 ctc=4.800 bin=1.360 score=0.306 fmatch=0.039 d=0.224 lr=1.000e-04 | 5.94it/s skip=0 (35.8m)\n"}
,{"stream_name":"stdout","time":2268.452819787,"data":"[00:36:04] it 11100 loss=11.441 mel=3.395 durs=0.243 pitch=0.497 ctc=5.104 bin=1.433 score=0.347 fmatch=0.047 d=0.216 lr=1.000e-04 | 5.87it/s skip=0 (35.9m)\n"}
,{"stream_name":"stdout","time":2272.754220816,"data":"[00:36:08] it 11125 loss=10.672 mel=3.119 durs=0.268 pitch=0.390 ctc=5.024 bin=1.436 score=0.247 fmatch=0.040 d=0.251 lr=1.000e-04 | 5.88it/s skip=0 (36.0m)\n"}
,{"stream_name":"stdout","time":2277.221834547,"data":"[00:36:12] it 11150 loss=11.406 mel=3.785 durs=0.257 pitch=0.611 ctc=4.988 bin=1.371 score=0.283 fmatch=0.044 d=0.196 lr=1.000e-04 | 5.85it/s skip=0 (36.0m)\n"}
,{"stream_name":"stdout","time":2281.55238206,"data":"[00:36:17] it 11175 loss=11.055 mel=3.255 durs=0.266 pitch=0.757 ctc=5.006 bin=1.419 score=0.307 fmatch=0.046 d=0.231 lr=1.000e-04 | 5.85it/s skip=0 (36.1m)\n"}
,{"stream_name":"stdout","time":2285.872141966,"data":"[00:36:21] it 11200 loss=11.519 mel=3.580 durs=0.296 pitch=0.653 ctc=5.258 bin=1.519 score=0.256 fmatch=0.044 d=0.232 lr=1.000e-04 | 5.87it/s skip=0 (36.2m)\n"}
,{"stream_name":"stdout","time":2290.064047123,"data":"[00:36:25] it 11225 loss=10.803 mel=3.184 durs=0.265 pitch=0.383 ctc=4.852 bin=1.392 score=0.317 fmatch=0.042 d=0.211 lr=1.000e-04 | 5.95it/s skip=0 (36.3m)\n"}
,{"stream_name":"stdout","time":2294.414678463,"data":"[00:36:30] it 11250 loss=11.169 mel=3.216 durs=0.277 pitch=0.438 ctc=5.122 bin=1.527 score=0.298 fmatch=0.042 d=0.220 lr=1.000e-04 | 5.92it/s skip=0 (36.3m)\n"}
,{"stream_name":"stdout","time":2298.791511718,"data":"[00:36:34] it 11275 loss=11.344 mel=3.065 durs=0.307 pitch=0.599 ctc=5.020 bin=1.503 score=0.403 fmatch=0.055 d=0.237 lr=1.000e-04 | 5.87it/s skip=0 (36.4m)\n"}
,{"stream_name":"stdout","time":2303.101670235,"data":"[00:36:38] it 11300 loss=11.010 mel=3.284 durs=0.249 pitch=0.618 ctc=4.919 bin=1.391 score=0.322 fmatch=0.043 d=0.229 lr=1.000e-04 | 5.88it/s skip=0 (36.5m)\n"}
,{"stream_name":"stdout","time":2307.372161974,"data":"[00:36:43] it 11325 loss=10.614 mel=3.059 durs=0.289 pitch=0.438 ctc=4.896 bin=1.419 score=0.282 fmatch=0.039 d=0.209 lr=1.000e-04 | 5.90it/s skip=0 (36.5m)\n"}
,{"stream_name":"stdout","time":2311.772034731,"data":"[00:36:47] it 11350 loss=10.655 mel=2.988 durs=0.265 pitch=0.577 ctc=4.926 bin=1.405 score=0.303 fmatch=0.041 d=0.226 lr=1.000e-04 | 5.89it/s skip=0 (36.6m)\n"}
,{"stream_name":"stdout","time":2316.092027753,"data":"[00:36:51] it 11375 loss=11.299 mel=3.298 durs=0.268 pitch=0.786 ctc=5.174 bin=1.442 score=0.310 fmatch=0.042 d=0.206 lr=1.000e-04 | 5.89it/s skip=0 (36.7m)\n"}
,{"stream_name":"stdout","time":2320.395186764,"data":"[00:36:56] it 11400 loss=10.735 mel=3.167 durs=0.260 pitch=0.581 ctc=4.917 bin=1.396 score=0.283 fmatch=0.041 d=0.234 lr=1.000e-04 | 5.89it/s skip=0 (36.8m)\n"}
,{"stream_name":"stdout","time":2324.69853954,"data":"[00:37:00] it 11425 loss=10.457 mel=2.865 durs=0.285 pitch=0.503 ctc=4.998 bin=1.407 score=0.267 fmatch=0.039 d=0.228 lr=1.000e-04 | 5.90it/s skip=0 (36.8m)\n"}
,{"stream_name":"stdout","time":2328.957837257,"data":"[00:37:04] it 11450 loss=10.430 mel=3.046 durs=0.254 pitch=0.497 ctc=4.852 bin=1.358 score=0.266 fmatch=0.037 d=0.224 lr=1.000e-04 | 5.93it/s skip=0 (36.9m)\n"}
,{"stream_name":"stdout","time":2333.293107005,"data":"[00:37:08] it 11475 loss=11.667 mel=3.535 durs=0.273 pitch=0.583 ctc=5.108 bin=1.415 score=0.369 fmatch=0.050 d=0.228 lr=1.000e-04 | 5.91it/s skip=0 (37.0m)\n"}
,{"stream_name":"stdout","time":2337.610009548,"data":"[00:37:13] it 11500 loss=11.363 mel=2.977 durs=0.256 pitch=0.513 ctc=5.114 bin=1.424 score=0.430 fmatch=0.052 d=0.257 lr=1.000e-04 | 5.90it/s skip=0 (37.0m)\n"}
,{"stream_name":"stdout","time":2342.185031463,"data":"[00:37:17] it 11525 loss=11.516 mel=3.230 durs=0.288 pitch=0.703 ctc=5.029 bin=1.507 score=0.400 fmatch=0.050 d=0.243 lr=1.000e-04 | 5.86it/s skip=0 (37.1m)\n"}
,{"stream_name":"stdout","time":2346.426614477,"data":"[00:37:22] it 11550 loss=11.081 mel=3.266 durs=0.264 pitch=0.525 ctc=5.128 bin=1.438 score=0.283 fmatch=0.040 d=0.213 lr=1.000e-04 | 5.91it/s skip=0 (37.2m)\n"}
,{"stream_name":"stdout","time":2350.763512593,"data":"[00:37:26] it 11575 loss=10.951 mel=3.303 durs=0.259 pitch=0.682 ctc=5.020 bin=1.404 score=0.273 fmatch=0.040 d=0.221 lr=1.000e-04 | 5.89it/s skip=0 (37.3m)\n"}
,{"stream_name":"stdout","time":2355.127423404,"data":"[00:37:30] it 11600 loss=11.150 mel=3.346 durs=0.241 pitch=0.530 ctc=4.910 bin=1.341 score=0.357 fmatch=0.047 d=0.224 lr=1.000e-04 | 5.87it/s skip=0 (37.3m)\n"}
,{"stream_name":"stdout","time":2359.395104684,"data":"[00:37:35] it 11625 loss=11.478 mel=3.243 durs=0.284 pitch=0.749 ctc=5.058 bin=1.416 score=0.402 fmatch=0.052 d=0.233 lr=1.000e-04 | 5.89it/s skip=0 (37.4m)\n"}
,{"stream_name":"stdout","time":2363.682438163,"data":"[00:37:39] it 11650 loss=11.646 mel=3.518 durs=0.267 pitch=0.597 ctc=5.125 bin=1.426 score=0.360 fmatch=0.050 d=0.203 lr=1.000e-04 | 5.91it/s skip=0 (37.5m)\n"}
,{"stream_name":"stdout","time":2367.962910695,"data":"[00:37:43] it 11675 loss=11.267 mel=3.567 durs=0.242 pitch=0.703 ctc=4.786 bin=1.323 score=0.362 fmatch=0.050 d=0.231 lr=1.000e-04 | 5.92it/s skip=0 (37.6m)\n"}
,{"stream_name":"stdout","time":2372.266457023,"data":"[00:37:47] it 11700 loss=10.796 mel=3.021 durs=0.237 pitch=0.525 ctc=5.205 bin=1.397 score=0.263 fmatch=0.042 d=0.226 lr=1.000e-04 | 5.93it/s skip=0 (37.6m)\n"}
,{"stream_name":"stdout","time":2376.512560025,"data":"[00:37:52] it 11725 loss=10.749 mel=3.183 durs=0.238 pitch=0.449 ctc=4.897 bin=1.389 score=0.293 fmatch=0.042 d=0.217 lr=1.000e-04 | 5.95it/s skip=0 (37.7m)\n"}
,{"stream_name":"stdout","time":2380.871937847,"data":"[00:37:56] it 11750 loss=10.823 mel=2.917 durs=0.316 pitch=0.441 ctc=4.960 bin=1.472 score=0.340 fmatch=0.040 d=0.251 lr=1.000e-04 | 5.91it/s skip=0 (37.8m)\n"}
,{"stream_name":"stdout","time":2385.195352456,"data":"[00:38:00] it 11775 loss=10.662 mel=3.123 durs=0.279 pitch=0.476 ctc=5.027 bin=1.411 score=0.247 fmatch=0.040 d=0.224 lr=1.000e-04 | 5.90it/s skip=0 (37.8m)\n"}
,{"stream_name":"stdout","time":2389.554211781,"data":"[00:38:05] it 11800 loss=11.438 mel=3.259 durs=0.267 pitch=0.542 ctc=5.151 bin=1.460 score=0.360 fmatch=0.047 d=0.221 lr=1.000e-04 | 5.87it/s skip=0 (37.9m)\n"}
,{"stream_name":"stdout","time":2393.825210918,"data":"[00:38:09] it 11825 loss=10.457 mel=2.905 durs=0.289 pitch=0.456 ctc=4.824 bin=1.454 score=0.289 fmatch=0.041 d=0.219 lr=1.000e-04 | 5.89it/s skip=0 (38.0m)\n"}
,{"stream_name":"stdout","time":2398.231091236,"data":"[00:38:13] it 11850 loss=10.579 mel=2.978 durs=0.255 pitch=0.598 ctc=5.075 bin=1.457 score=0.235 fmatch=0.044 d=0.252 lr=1.000e-04 | 5.84it/s skip=0 (38.1m)\n"}
,{"stream_name":"stdout","time":2402.525434005,"data":"[00:38:18] it 11875 loss=10.459 mel=3.024 durs=0.250 pitch=0.579 ctc=4.928 bin=1.350 score=0.259 fmatch=0.038 d=0.228 lr=1.000e-04 | 5.88it/s skip=0 (38.1m)\n"}
,{"stream_name":"stdout","time":2406.914069522,"data":"[00:38:22] it 11900 loss=10.679 mel=2.967 durs=0.274 pitch=0.572 ctc=4.922 bin=1.396 score=0.317 fmatch=0.040 d=0.230 lr=1.000e-04 | 5.84it/s skip=0 (38.2m)\n"}
,{"stream_name":"stdout","time":2411.130366612,"data":"[00:38:26] it 11925 loss=11.188 mel=3.294 durs=0.269 pitch=0.614 ctc=4.968 bin=1.437 score=0.339 fmatch=0.046 d=0.231 lr=1.000e-04 | 5.91it/s skip=0 (38.3m)\n"}
,{"stream_name":"stdout","time":2415.515327265,"data":"[00:38:31] it 11950 loss=11.028 mel=3.380 durs=0.312 pitch=0.412 ctc=4.904 bin=1.432 score=0.300 fmatch=0.041 d=0.212 lr=1.000e-04 | 5.86it/s skip=0 (38.3m)\n"}
,{"stream_name":"stdout","time":2419.761343389,"data":"[00:38:35] it 11975 loss=11.383 mel=3.138 durs=0.276 pitch=0.558 ctc=5.089 bin=1.482 score=0.385 fmatch=0.052 d=0.210 lr=1.000e-04 | 5.93it/s skip=0 (38.4m)\n"}
,{"stream_name":"stdout","time":2424.119126654,"data":"[00:38:39] it 12000 loss=10.940 mel=3.107 durs=0.277 pitch=0.474 ctc=5.099 bin=1.490 score=0.283 fmatch=0.038 d=0.242 lr=1.000e-04 | 5.89it/s skip=0 (38.5m)\n"}
,{"stream_name":"stdout","time":2424.581304006,"data":"[00:38:40] [train] probes saved at iter 12000\n"}
,{"stream_name":"stdout","time":2437.097924544,"data":"[00:38:52] [val] it 12000 loss=9.767 mel=3.260 durs=0.256 pitch=0.533 ctc=5.027 (12.5s)\n"}
,{"stream_name":"stdout","time":2441.436194955,"data":"[00:38:57] it 12025 loss=10.874 mel=3.119 durs=0.263 pitch=0.595 ctc=5.068 bin=1.470 score=0.273 fmatch=0.040 d=0.226 lr=1.000e-04 | 5.88it/s skip=0 (38.8m)\n"}
,{"stream_name":"stdout","time":2445.690281875,"data":"[00:39:01] it 12050 loss=10.534 mel=2.941 durs=0.275 pitch=0.479 ctc=4.738 bin=1.374 score=0.341 fmatch=0.043 d=0.226 lr=1.000e-04 | 5.92it/s skip=0 (38.9m)\n"}
,{"stream_name":"stdout","time":2449.934819251,"data":"[00:39:05] it 12075 loss=10.262 mel=2.678 durs=0.297 pitch=0.631 ctc=4.988 bin=1.454 score=0.253 fmatch=0.037 d=0.228 lr=1.000e-04 | 5.94it/s skip=0 (38.9m)\n"}
,{"stream_name":"stdout","time":2454.244664904,"data":"[00:39:09] it 12100 loss=11.129 mel=3.294 durs=0.275 pitch=0.565 ctc=5.131 bin=1.383 score=0.298 fmatch=0.043 d=0.222 lr=1.000e-04 | 5.93it/s skip=0 (39.0m)\n"}
,{"stream_name":"stdout","time":2458.563389734,"data":"[00:39:14] it 12125 loss=11.354 mel=3.234 durs=0.291 pitch=0.580 ctc=5.013 bin=1.453 score=0.379 fmatch=0.050 d=0.221 lr=1.000e-04 | 5.91it/s skip=0 (39.1m)\n"}
,{"stream_name":"stdout","time":2462.94368844,"data":"[00:39:18] it 12150 loss=10.337 mel=2.850 durs=0.312 pitch=0.518 ctc=4.925 bin=1.439 score=0.250 fmatch=0.039 d=0.222 lr=1.000e-04 | 5.87it/s skip=0 (39.1m)\n"}
,{"stream_name":"stdout","time":2467.35514385,"data":"[00:39:22] it 12175 loss=10.732 mel=2.939 durs=0.284 pitch=0.518 ctc=4.860 bin=1.443 score=0.342 fmatch=0.042 d=0.234 lr=1.000e-04 | 5.83it/s skip=0 (39.2m)\n"}
,{"stream_name":"stdout","time":2471.666791224,"data":"[00:39:27] it 12200 loss=10.323 mel=3.021 durs=0.265 pitch=0.338 ctc=4.865 bin=1.414 score=0.230 fmatch=0.043 d=0.240 lr=1.000e-04 | 5.85it/s skip=0 (39.3m)\n"}
,{"stream_name":"stdout","time":2476.030477459,"data":"[00:39:31] it 12225 loss=11.088 mel=3.080 durs=0.270 pitch=0.543 ctc=5.066 bin=1.383 score=0.358 fmatch=0.047 d=0.227 lr=1.000e-04 | 5.84it/s skip=0 (39.4m)\n"}
,{"stream_name":"stdout","time":2480.411152957,"data":"[00:39:36] it 12250 loss=10.731 mel=3.203 durs=0.250 pitch=0.535 ctc=4.972 bin=1.357 score=0.271 fmatch=0.038 d=0.208 lr=1.000e-04 | 5.83it/s skip=0 (39.4m)\n"}
,{"stream_name":"stdout","time":2484.656353382,"data":"[00:39:40] it 12275 loss=10.425 mel=2.983 durs=0.277 pitch=0.411 ctc=4.907 bin=1.401 score=0.257 fmatch=0.039 d=0.237 lr=1.000e-04 | 5.89it/s skip=0 (39.5m)\n"}
,{"stream_name":"stdout","time":2488.822833303,"data":"[00:39:44] it 12300 loss=11.310 mel=3.088 durs=0.290 pitch=0.607 ctc=5.049 bin=1.431 score=0.400 fmatch=0.054 d=0.210 lr=1.000e-04 | 5.98it/s skip=0 (39.6m)\n"}
,{"stream_name":"stdout","time":2493.070470281,"data":"[00:39:48] it 12325 loss=11.166 mel=3.281 durs=0.266 pitch=0.626 ctc=5.123 bin=1.427 score=0.301 fmatch=0.043 d=0.219 lr=1.000e-04 | 5.98it/s skip=0 (39.6m)\n"}
,{"stream_name":"stdout","time":2498.306210522,"data":"[00:39:53] it 12350 loss=10.599 mel=2.756 durs=0.279 pitch=0.590 ctc=4.776 bin=1.401 score=0.383 fmatch=0.047 d=0.252 lr=1.000e-04 | 5.88it/s skip=0 (39.7m)\n"}
,{"stream_name":"stdout","time":2502.594228012,"data":"[00:39:58] it 12375 loss=10.740 mel=3.249 durs=0.294 pitch=0.555 ctc=4.793 bin=1.384 score=0.297 fmatch=0.041 d=0.212 lr=1.000e-04 | 5.90it/s skip=0 (39.8m)\n"}
,{"stream_name":"stdout","time":2506.921897913,"data":"[00:40:02] it 12400 loss=10.983 mel=3.269 durs=0.290 pitch=0.390 ctc=4.986 bin=1.412 score=0.302 fmatch=0.042 d=0.211 lr=1.000e-04 | 5.90it/s skip=0 (39.9m)\n"}
,{"stream_name":"stdout","time":2511.124604743,"data":"[00:40:06] it 12425 loss=11.050 mel=3.242 durs=0.266 pitch=0.614 ctc=5.041 bin=1.425 score=0.303 fmatch=0.041 d=0.231 lr=1.000e-04 | 5.96it/s skip=0 (39.9m)\n"}
,{"stream_name":"stdout","time":2515.485203016,"data":"[00:40:11] it 12450 loss=10.515 mel=3.125 durs=0.292 pitch=0.617 ctc=4.843 bin=1.416 score=0.250 fmatch=0.040 d=0.228 lr=1.000e-04 | 5.91it/s skip=0 (40.0m)\n"}
,{"stream_name":"stdout","time":2519.76709383,"data":"[00:40:15] it 12475 loss=11.135 mel=3.283 durs=0.281 pitch=0.476 ctc=5.066 bin=1.428 score=0.310 fmatch=0.041 d=0.215 lr=1.000e-04 | 5.92it/s skip=0 (40.1m)\n"}
,{"stream_name":"stdout","time":2524.248805311,"data":"[00:40:19] it 12500 loss=10.836 mel=3.005 durs=0.307 pitch=0.496 ctc=5.109 bin=1.518 score=0.271 fmatch=0.039 d=0.234 lr=1.000e-04 | 5.85it/s skip=0 (40.2m)\n"}
,{"stream_name":"stdout","time":2528.657020146,"data":"[00:40:24] it 12525 loss=10.620 mel=2.796 durs=0.254 pitch=0.593 ctc=4.989 bin=1.421 score=0.322 fmatch=0.041 d=0.209 lr=1.000e-04 | 5.89it/s skip=0 (40.2m)\n"}
,{"stream_name":"stdout","time":2532.911831436,"data":"[00:40:28] it 12550 loss=10.985 mel=3.177 durs=0.288 pitch=0.552 ctc=5.091 bin=1.494 score=0.275 fmatch=0.039 d=0.221 lr=1.000e-04 | 5.93it/s skip=0 (40.3m)\n"}
,{"stream_name":"stdout","time":2537.183206353,"data":"[00:40:32] it 12575 loss=10.549 mel=2.868 durs=0.274 pitch=0.475 ctc=4.998 bin=1.370 score=0.300 fmatch=0.038 d=0.229 lr=1.000e-04 | 5.94it/s skip=0 (40.4m)\n"}
,{"stream_name":"stdout","time":2541.459337384,"data":"[00:40:37] it 12600 loss=10.829 mel=2.951 durs=0.263 pitch=0.736 ctc=5.114 bin=1.437 score=0.297 fmatch=0.040 d=0.228 lr=1.000e-04 | 5.94it/s skip=0 (40.4m)\n"}
,{"stream_name":"stdout","time":2545.845040442,"data":"[00:40:41] it 12625 loss=10.952 mel=3.011 durs=0.287 pitch=0.517 ctc=4.947 bin=1.405 score=0.365 fmatch=0.047 d=0.249 lr=1.000e-04 | 5.89it/s skip=0 (40.5m)\n"}
,{"stream_name":"stdout","time":2550.076291662,"data":"[00:40:45] it 12650 loss=11.285 mel=3.136 durs=0.283 pitch=0.432 ctc=5.284 bin=1.482 score=0.317 fmatch=0.041 d=0.221 lr=1.000e-04 | 5.92it/s skip=0 (40.6m)\n"}
,{"stream_name":"stdout","time":2554.399765161,"data":"[00:40:50] it 12675 loss=11.243 mel=3.030 durs=0.280 pitch=0.625 ctc=4.983 bin=1.497 score=0.399 fmatch=0.048 d=0.245 lr=1.000e-04 | 5.92it/s skip=0 (40.7m)\n"}
,{"stream_name":"stdout","time":2558.647897641,"data":"[00:40:54] it 12700 loss=10.866 mel=2.833 durs=0.302 pitch=0.511 ctc=5.009 bin=1.485 score=0.353 fmatch=0.045 d=0.228 lr=1.000e-04 | 5.95it/s skip=0 (40.7m)\n"}
,{"stream_name":"stdout","time":2562.91290229,"data":"[00:40:58] it 12725 loss=10.643 mel=3.096 durs=0.270 pitch=0.710 ctc=4.829 bin=1.379 score=0.301 fmatch=0.038 d=0.231 lr=1.000e-04 | 5.95it/s skip=0 (40.8m)\n"}
,{"stream_name":"stdout","time":2567.25108416,"data":"[00:41:02] it 12750 loss=10.885 mel=3.334 durs=0.297 pitch=0.531 ctc=5.043 bin=1.482 score=0.225 fmatch=0.042 d=0.243 lr=1.000e-04 | 5.92it/s skip=0 (40.9m)\n"}
,{"stream_name":"stdout","time":2571.556439366,"data":"[00:41:07] it 12775 loss=10.886 mel=3.151 durs=0.270 pitch=0.398 ctc=4.784 bin=1.391 score=0.362 fmatch=0.045 d=0.236 lr=1.000e-04 | 5.92it/s skip=0 (40.9m)\n"}
,{"stream_name":"stdout","time":2575.841951083,"data":"[00:41:11] it 12800 loss=10.839 mel=2.920 durs=0.284 pitch=0.520 ctc=4.891 bin=1.455 score=0.362 fmatch=0.043 d=0.259 lr=1.000e-04 | 5.92it/s skip=0 (41.0m)\n"}
,{"stream_name":"stdout","time":2580.131167867,"data":"[00:41:15] it 12825 loss=10.306 mel=2.791 durs=0.260 pitch=0.522 ctc=4.902 bin=1.412 score=0.272 fmatch=0.037 d=0.232 lr=1.000e-04 | 5.92it/s skip=0 (41.1m)\n"}
,{"stream_name":"stdout","time":2584.435787083,"data":"[00:41:20] it 12850 loss=10.807 mel=3.052 durs=0.302 pitch=0.587 ctc=4.961 bin=1.444 score=0.305 fmatch=0.040 d=0.216 lr=1.000e-04 | 5.92it/s skip=0 (41.2m)\n"}
,{"stream_name":"stdout","time":2588.793464917,"data":"[00:41:24] it 12875 loss=10.362 mel=2.705 durs=0.268 pitch=0.708 ctc=4.833 bin=1.460 score=0.307 fmatch=0.037 d=0.248 lr=1.000e-04 | 5.88it/s skip=0 (41.2m)\n"}
,{"stream_name":"stdout","time":2593.121873553,"data":"[00:41:28] it 12900 loss=10.963 mel=2.920 durs=0.289 pitch=0.509 ctc=5.091 bin=1.437 score=0.347 fmatch=0.047 d=0.221 lr=1.000e-04 | 5.88it/s skip=0 (41.3m)\n"}
,{"stream_name":"stdout","time":2597.447805976,"data":"[00:41:33] it 12925 loss=10.289 mel=2.715 durs=0.277 pitch=0.473 ctc=4.873 bin=1.363 score=0.306 fmatch=0.040 d=0.210 lr=1.000e-04 | 5.87it/s skip=0 (41.4m)\n"}
,{"stream_name":"stdout","time":2601.753338783,"data":"[00:41:37] it 12950 loss=10.818 mel=3.041 durs=0.301 pitch=0.464 ctc=4.842 bin=1.367 score=0.361 fmatch=0.048 d=0.224 lr=1.000e-04 | 5.88it/s skip=0 (41.5m)\n"}
,{"stream_name":"stdout","time":2606.093686893,"data":"[00:41:41] it 12975 loss=11.104 mel=3.285 durs=0.267 pitch=0.532 ctc=5.074 bin=1.379 score=0.311 fmatch=0.045 d=0.193 lr=1.000e-04 | 5.87it/s skip=0 (41.5m)\n"}
,{"stream_name":"stdout","time":2610.67403737,"data":"[00:41:46] it 13000 loss=10.905 mel=2.937 durs=0.286 pitch=0.588 ctc=5.102 bin=1.426 score=0.328 fmatch=0.041 d=0.238 lr=1.000e-04 | 5.80it/s skip=0 (41.6m)\n"}
,{"stream_name":"stdout","time":2615.158863463,"data":"[00:41:50] it 13025 loss=10.683 mel=2.895 durs=0.298 pitch=0.568 ctc=4.884 bin=1.444 score=0.333 fmatch=0.042 d=0.236 lr=1.000e-04 | 5.83it/s skip=0 (41.7m)\n"}
,{"stream_name":"stdout","time":2619.476750411,"data":"[00:41:55] it 13050 loss=11.021 mel=3.309 durs=0.320 pitch=0.472 ctc=4.939 bin=1.476 score=0.295 fmatch=0.039 d=0.233 lr=1.000e-04 | 5.85it/s skip=0 (41.7m)\n"}
,{"stream_name":"stdout","time":2623.7609584,"data":"[00:41:59] it 13075 loss=11.705 mel=3.260 durs=0.297 pitch=0.599 ctc=5.155 bin=1.420 score=0.431 fmatch=0.057 d=0.241 lr=1.000e-04 | 5.88it/s skip=0 (41.8m)\n"}
,{"stream_name":"stdout","time":2628.089219599,"data":"[00:42:03] it 13100 loss=10.796 mel=3.295 durs=0.287 pitch=0.511 ctc=4.664 bin=1.312 score=0.350 fmatch=0.045 d=0.225 lr=1.000e-04 | 5.88it/s skip=0 (41.9m)\n"}
,{"stream_name":"stdout","time":2632.44578507,"data":"[00:42:08] it 13125 loss=10.547 mel=3.073 durs=0.289 pitch=0.499 ctc=4.849 bin=1.359 score=0.287 fmatch=0.040 d=0.216 lr=1.000e-04 | 5.87it/s skip=0 (42.0m)\n"}
,{"stream_name":"stdout","time":2636.72908221,"data":"[00:42:12] it 13150 loss=10.785 mel=2.905 durs=0.298 pitch=0.615 ctc=4.811 bin=1.440 score=0.372 fmatch=0.048 d=0.227 lr=1.000e-04 | 5.90it/s skip=0 (42.0m)\n"}
,{"stream_name":"stdout","time":2641.059193152,"data":"[00:42:16] it 13175 loss=11.084 mel=3.034 durs=0.264 pitch=0.438 ctc=5.189 bin=1.416 score=0.333 fmatch=0.042 d=0.219 lr=1.000e-04 | 5.89it/s skip=0 (42.1m)\n"}
,{"stream_name":"stdout","time":2645.400528907,"data":"[00:42:21] it 13200 loss=10.511 mel=2.957 durs=0.300 pitch=0.404 ctc=4.853 bin=1.397 score=0.299 fmatch=0.039 d=0.231 lr=1.000e-04 | 5.87it/s skip=0 (42.2m)\n"}
,{"stream_name":"stdout","time":2649.561278069,"data":"[00:42:25] it 13225 loss=9.980 mel=2.737 durs=0.299 pitch=0.486 ctc=4.783 bin=1.422 score=0.231 fmatch=0.038 d=0.224 lr=1.000e-04 | 5.96it/s skip=0 (42.2m)\n"}
,{"stream_name":"stdout","time":2653.881869536,"data":"[00:42:29] it 13250 loss=11.091 mel=3.058 durs=0.309 pitch=0.704 ctc=5.016 bin=1.433 score=0.359 fmatch=0.048 d=0.222 lr=1.000e-04 | 5.92it/s skip=0 (42.3m)\n"}
,{"stream_name":"stdout","time":2658.318880331,"data":"[00:42:33] it 13275 loss=10.661 mel=3.008 durs=0.277 pitch=0.496 ctc=4.994 bin=1.420 score=0.281 fmatch=0.037 d=0.223 lr=1.000e-04 | 5.84it/s skip=0 (42.4m)\n"}
,{"stream_name":"stdout","time":2662.629378474,"data":"[00:42:38] it 13300 loss=10.926 mel=3.173 durs=0.274 pitch=0.441 ctc=4.912 bin=1.376 score=0.338 fmatch=0.042 d=0.231 lr=1.000e-04 | 5.86it/s skip=0 (42.5m)\n"}
,{"stream_name":"stdout","time":2667.002977597,"data":"[00:42:42] it 13325 loss=11.258 mel=3.392 durs=0.302 pitch=0.526 ctc=5.075 bin=1.418 score=0.312 fmatch=0.042 d=0.216 lr=1.000e-04 | 5.84it/s skip=0 (42.5m)\n"}
,{"stream_name":"stdout","time":2671.366940159,"data":"[00:42:47] it 13350 loss=11.283 mel=3.487 durs=0.312 pitch=0.561 ctc=4.988 bin=1.517 score=0.290 fmatch=0.042 d=0.205 lr=1.000e-04 | 5.83it/s skip=0 (42.6m)\n"}
,{"stream_name":"stdout","time":2675.858443058,"data":"[00:42:51] it 13375 loss=11.222 mel=3.421 durs=0.302 pitch=0.569 ctc=4.906 bin=1.421 score=0.336 fmatch=0.042 d=0.256 lr=1.000e-04 | 5.76it/s skip=0 (42.7m)\n"}
,{"stream_name":"stdout","time":2680.262467197,"data":"[00:42:55] it 13400 loss=10.843 mel=3.057 durs=0.317 pitch=0.471 ctc=4.991 bin=1.456 score=0.305 fmatch=0.042 d=0.205 lr=1.000e-04 | 5.76it/s skip=0 (42.8m)\n"}
,{"stream_name":"stdout","time":2684.608974419,"data":"[00:43:00] it 13425 loss=11.406 mel=3.351 durs=0.294 pitch=0.358 ctc=5.128 bin=1.481 score=0.334 fmatch=0.043 d=0.221 lr=1.000e-04 | 5.79it/s skip=0 (42.8m)\n"}
,{"stream_name":"stdout","time":2688.902334378,"data":"[00:43:04] it 13450 loss=10.392 mel=2.865 durs=0.296 pitch=0.557 ctc=4.889 bin=1.423 score=0.272 fmatch=0.039 d=0.226 lr=1.000e-04 | 5.84it/s skip=0 (42.9m)\n"}
,{"stream_name":"stdout","time":2693.235798376,"data":"[00:43:08] it 13475 loss=11.089 mel=3.042 durs=0.317 pitch=0.449 ctc=4.866 bin=1.452 score=0.399 fmatch=0.054 d=0.213 lr=1.000e-04 | 5.85it/s skip=0 (43.0m)\n"}
,{"stream_name":"stdout","time":2697.547973513,"data":"[00:43:13] it 13500 loss=10.662 mel=2.913 durs=0.310 pitch=0.592 ctc=4.788 bin=1.438 score=0.348 fmatch=0.043 d=0.233 lr=1.000e-04 | 5.87it/s skip=0 (43.0m)\n"}
,{"stream_name":"stdout","time":2702.001212371,"data":"[00:43:17] it 13525 loss=10.415 mel=2.962 durs=0.284 pitch=0.518 ctc=4.991 bin=1.409 score=0.234 fmatch=0.036 d=0.241 lr=1.000e-04 | 5.88it/s skip=0 (43.1m)\n"}
,{"stream_name":"stdout","time":2706.330450769,"data":"[00:43:21] it 13550 loss=10.877 mel=2.891 durs=0.284 pitch=0.477 ctc=4.961 bin=1.405 score=0.374 fmatch=0.048 d=0.229 lr=1.000e-04 | 5.88it/s skip=0 (43.2m)\n"}
,{"stream_name":"stdout","time":2710.878305116,"data":"[00:43:26] it 13575 loss=10.814 mel=3.059 durs=0.274 pitch=0.427 ctc=5.033 bin=1.431 score=0.296 fmatch=0.038 d=0.226 lr=1.000e-04 | 5.79it/s skip=0 (43.3m)\n"}
,{"stream_name":"stdout","time":2715.139074974,"data":"[00:43:30] it 13600 loss=10.892 mel=3.155 durs=0.282 pitch=0.575 ctc=4.954 bin=1.450 score=0.302 fmatch=0.039 d=0.234 lr=1.000e-04 | 5.86it/s skip=0 (43.3m)\n"}
,{"stream_name":"stdout","time":2719.418501591,"data":"[00:43:35] it 13625 loss=10.430 mel=2.972 durs=0.293 pitch=0.375 ctc=4.834 bin=1.427 score=0.273 fmatch=0.037 d=0.224 lr=1.000e-04 | 5.89it/s skip=0 (43.4m)\n"}
,{"stream_name":"stdout","time":2723.730733084,"data":"[00:43:39] it 13650 loss=10.489 mel=2.952 durs=0.280 pitch=0.570 ctc=4.920 bin=1.434 score=0.265 fmatch=0.040 d=0.222 lr=1.000e-04 | 5.89it/s skip=0 (43.5m)\n"}
,{"stream_name":"stdout","time":2728.039428959,"data":"[00:43:43] it 13675 loss=10.493 mel=2.768 durs=0.292 pitch=0.494 ctc=4.964 bin=1.424 score=0.305 fmatch=0.038 d=0.226 lr=1.000e-04 | 5.89it/s skip=0 (43.6m)\n"}
,{"stream_name":"stdout","time":2732.497377553,"data":"[00:43:48] it 13700 loss=10.776 mel=2.907 durs=0.311 pitch=0.531 ctc=5.009 bin=1.461 score=0.319 fmatch=0.038 d=0.217 lr=1.000e-04 | 5.84it/s skip=0 (43.6m)\n"}
,{"stream_name":"stdout","time":2736.760805632,"data":"[00:43:52] it 13725 loss=10.883 mel=3.103 durs=0.286 pitch=0.608 ctc=4.762 bin=1.375 score=0.376 fmatch=0.049 d=0.229 lr=1.000e-04 | 5.88it/s skip=0 (43.7m)\n"}
,{"stream_name":"stdout","time":2741.071475353,"data":"[00:43:56] it 13750 loss=11.109 mel=3.411 durs=0.317 pitch=0.843 ctc=4.985 bin=1.437 score=0.280 fmatch=0.041 d=0.200 lr=1.000e-04 | 5.88it/s skip=0 (43.8m)\n"}
,{"stream_name":"stdout","time":2745.277450135,"data":"[00:44:00] it 13775 loss=10.869 mel=3.343 durs=0.280 pitch=0.520 ctc=5.050 bin=1.434 score=0.230 fmatch=0.043 d=0.232 lr=1.000e-04 | 5.95it/s skip=0 (43.8m)\n"}
,{"stream_name":"stdout","time":2749.57779002,"data":"[00:44:05] it 13800 loss=10.596 mel=2.994 durs=0.260 pitch=0.753 ctc=5.048 bin=1.440 score=0.243 fmatch=0.039 d=0.239 lr=1.000e-04 | 5.94it/s skip=0 (43.9m)\n"}
,{"stream_name":"stdout","time":2753.870766852,"data":"[00:44:09] it 13825 loss=9.870 mel=2.432 durs=0.290 pitch=0.579 ctc=4.808 bin=1.397 score=0.278 fmatch=0.034 d=0.240 lr=1.000e-04 | 5.93it/s skip=0 (44.0m)\n"}
,{"stream_name":"stdout","time":2758.098932863,"data":"[00:44:13] it 13850 loss=10.004 mel=2.531 durs=0.329 pitch=0.416 ctc=4.840 bin=1.441 score=0.271 fmatch=0.035 d=0.223 lr=1.000e-04 | 5.96it/s skip=0 (44.1m)\n"}
,{"stream_name":"stdout","time":2762.425385515,"data":"[00:44:18] it 13875 loss=10.075 mel=2.681 durs=0.274 pitch=0.555 ctc=4.869 bin=1.394 score=0.253 fmatch=0.037 d=0.244 lr=1.000e-04 | 5.93it/s skip=0 (44.1m)\n"}
,{"stream_name":"stdout","time":2766.810216229,"data":"[00:44:22] it 13900 loss=10.496 mel=2.923 durs=0.298 pitch=0.650 ctc=4.916 bin=1.431 score=0.273 fmatch=0.037 d=0.233 lr=1.000e-04 | 5.89it/s skip=0 (44.2m)\n"}
,{"stream_name":"stdout","time":2771.16430755,"data":"[00:44:26] it 13925 loss=10.465 mel=2.936 durs=0.326 pitch=0.386 ctc=4.781 bin=1.428 score=0.303 fmatch=0.036 d=0.234 lr=1.000e-04 | 5.87it/s skip=0 (44.3m)\n"}
,{"stream_name":"stdout","time":2775.536139811,"data":"[00:44:31] it 13950 loss=10.677 mel=3.045 durs=0.311 pitch=0.517 ctc=4.973 bin=1.469 score=0.267 fmatch=0.040 d=0.215 lr=1.000e-04 | 5.86it/s skip=0 (44.3m)\n"}
,{"stream_name":"stdout","time":2779.830618587,"data":"[00:44:35] it 13975 loss=10.607 mel=2.920 durs=0.325 pitch=0.602 ctc=4.914 bin=1.397 score=0.310 fmatch=0.042 d=0.215 lr=1.000e-04 | 5.89it/s skip=0 (44.4m)\n"}
,{"stream_name":"stdout","time":2784.116040912,"data":"[00:44:39] it 14000 loss=10.368 mel=2.798 durs=0.309 pitch=0.571 ctc=4.795 bin=1.423 score=0.306 fmatch=0.039 d=0.208 lr=1.000e-04 | 5.91it/s skip=0 (44.5m)\n"}
,{"stream_name":"stdout","time":2784.587632658,"data":"[00:44:40] [train] probes saved at iter 14000\n"}
,{"stream_name":"stdout","time":2797.018839368,"data":"[00:44:52] [val] it 14000 loss=9.413 mel=3.006 durs=0.290 pitch=0.532 ctc=4.922 (12.4s)\n"}
,{"stream_name":"stdout","time":2801.242506514,"data":"[00:44:56] it 14025 loss=10.242 mel=2.752 durs=0.309 pitch=0.577 ctc=4.914 bin=1.359 score=0.272 fmatch=0.039 d=0.247 lr=1.000e-04 | 5.96it/s skip=0 (44.8m)\n"}
,{"stream_name":"stdout","time":2805.495221934,"data":"[00:45:01] it 14050 loss=10.756 mel=2.958 durs=0.269 pitch=0.386 ctc=5.006 bin=1.418 score=0.317 fmatch=0.039 d=0.226 lr=1.000e-04 | 5.97it/s skip=0 (44.8m)\n"}
,{"stream_name":"stdout","time":2810.001669738,"data":"[00:45:05] it 14075 loss=10.787 mel=3.167 durs=0.336 pitch=0.516 ctc=5.038 bin=1.473 score=0.246 fmatch=0.039 d=0.238 lr=1.000e-04 | 5.89it/s skip=0 (44.9m)\n"}
,{"stream_name":"stdout","time":2814.478155187,"data":"[00:45:10] it 14100 loss=10.976 mel=2.970 durs=0.316 pitch=0.394 ctc=5.060 bin=1.497 score=0.334 fmatch=0.042 d=0.236 lr=1.000e-04 | 5.85it/s skip=0 (45.0m)\n"}
,{"stream_name":"stdout","time":2818.704037793,"data":"[00:45:14] it 14125 loss=9.760 mel=2.449 durs=0.264 pitch=0.467 ctc=4.847 bin=1.375 score=0.245 fmatch=0.035 d=0.255 lr=1.000e-04 | 5.92it/s skip=0 (45.1m)\n"}
,{"stream_name":"stdout","time":2822.941464466,"data":"[00:45:18] it 14150 loss=10.705 mel=2.966 durs=0.375 pitch=0.449 ctc=4.872 bin=1.459 score=0.321 fmatch=0.041 d=0.213 lr=1.000e-04 | 5.96it/s skip=0 (45.1m)\n"}
,{"stream_name":"stdout","time":2827.254843149,"data":"[00:45:22] it 14175 loss=10.523 mel=2.973 durs=0.340 pitch=0.609 ctc=4.862 bin=1.475 score=0.271 fmatch=0.036 d=0.237 lr=1.000e-04 | 5.93it/s skip=0 (45.2m)\n"}
,{"stream_name":"stdout","time":2831.514741476,"data":"[00:45:27] it 14200 loss=9.774 mel=2.443 durs=0.296 pitch=0.493 ctc=4.637 bin=1.330 score=0.312 fmatch=0.036 d=0.225 lr=1.000e-04 | 5.95it/s skip=0 (45.3m)\n"}
,{"stream_name":"stdout","time":2835.768150879,"data":"[00:45:31] it 14225 loss=11.331 mel=3.082 durs=0.313 pitch=0.644 ctc=5.049 bin=1.432 score=0.405 fmatch=0.053 d=0.249 lr=1.000e-04 | 5.96it/s skip=0 (45.4m)\n"}
,{"stream_name":"stdout","time":2840.053835746,"data":"[00:45:35] it 14250 loss=11.313 mel=3.270 durs=0.320 pitch=0.602 ctc=5.093 bin=1.478 score=0.335 fmatch=0.041 d=0.238 lr=1.000e-04 | 5.96it/s skip=0 (45.4m)\n"}
,{"stream_name":"stdout","time":2844.429714792,"data":"[00:45:40] it 14275 loss=10.508 mel=2.778 durs=0.303 pitch=0.536 ctc=4.973 bin=1.485 score=0.288 fmatch=0.035 d=0.241 lr=1.000e-04 | 5.89it/s skip=0 (45.5m)\n"}
,{"stream_name":"stdout","time":2848.724795949,"data":"[00:45:44] it 14300 loss=11.243 mel=3.053 durs=0.306 pitch=0.516 ctc=5.116 bin=1.469 score=0.369 fmatch=0.046 d=0.232 lr=1.000e-04 | 5.91it/s skip=0 (45.6m)\n"}
,{"stream_name":"stdout","time":2852.986887569,"data":"[00:45:48] it 14325 loss=11.189 mel=3.278 durs=0.308 pitch=0.558 ctc=5.204 bin=1.465 score=0.279 fmatch=0.039 d=0.223 lr=1.000e-04 | 5.94it/s skip=0 (45.6m)\n"}
,{"stream_name":"stdout","time":2857.270769516,"data":"[00:45:52] it 14350 loss=11.009 mel=3.097 durs=0.350 pitch=0.501 ctc=5.110 bin=1.531 score=0.287 fmatch=0.037 d=0.234 lr=1.000e-04 | 5.93it/s skip=0 (45.7m)\n"}
,{"stream_name":"stdout","time":2861.645141426,"data":"[00:45:57] it 14375 loss=10.303 mel=2.942 durs=0.297 pitch=0.617 ctc=4.806 bin=1.372 score=0.264 fmatch=0.036 d=0.227 lr=1.000e-04 | 5.88it/s skip=0 (45.8m)\n"}
,{"stream_name":"stdout","time":2865.896417497,"data":"[00:46:01] it 14400 loss=10.907 mel=2.927 durs=0.339 pitch=0.744 ctc=4.977 bin=1.467 score=0.346 fmatch=0.045 d=0.215 lr=1.000e-04 | 5.93it/s skip=0 (45.9m)\n"}
,{"stream_name":"stdout","time":2870.282766759,"data":"[00:46:05] it 14425 loss=10.330 mel=2.829 durs=0.335 pitch=0.425 ctc=4.897 bin=1.436 score=0.264 fmatch=0.036 d=0.222 lr=1.000e-04 | 5.89it/s skip=0 (45.9m)\n"}
,{"stream_name":"stdout","time":2874.559714964,"data":"[00:46:10] it 14450 loss=10.343 mel=2.704 durs=0.348 pitch=0.396 ctc=4.879 bin=1.533 score=0.279 fmatch=0.038 d=0.219 lr=1.000e-04 | 5.90it/s skip=0 (46.0m)\n"}
,{"stream_name":"stdout","time":2878.895169614,"data":"[00:46:14] it 14475 loss=10.719 mel=3.007 durs=0.313 pitch=0.717 ctc=5.012 bin=1.406 score=0.289 fmatch=0.037 d=0.213 lr=1.000e-04 | 5.89it/s skip=0 (46.1m)\n"}
,{"stream_name":"stdout","time":2883.289048328,"data":"[00:46:18] it 14500 loss=10.479 mel=2.685 durs=0.341 pitch=0.546 ctc=4.806 bin=1.481 score=0.344 fmatch=0.043 d=0.248 lr=1.000e-04 | 5.90it/s skip=0 (46.1m)\n"}
,{"stream_name":"stdout","time":2887.68546503,"data":"[00:46:23] it 14525 loss=11.208 mel=3.131 durs=0.338 pitch=0.541 ctc=4.893 bin=1.470 score=0.394 fmatch=0.048 d=0.253 lr=1.000e-04 | 5.93it/s skip=0 (46.2m)\n"}
,{"stream_name":"stdout","time":2892.065645407,"data":"[00:46:27] it 14550 loss=10.956 mel=3.029 durs=0.316 pitch=0.535 ctc=5.033 bin=1.438 score=0.332 fmatch=0.043 d=0.229 lr=1.000e-04 | 5.91it/s skip=0 (46.3m)\n"}
,{"stream_name":"stdout","time":2896.356542756,"data":"[00:46:31] it 14575 loss=10.700 mel=2.602 durs=0.311 pitch=0.513 ctc=4.840 bin=1.388 score=0.434 fmatch=0.051 d=0.261 lr=1.000e-04 | 5.92it/s skip=0 (46.4m)\n"}
,{"stream_name":"stdout","time":2900.676699914,"data":"[00:46:36] it 14600 loss=10.510 mel=2.822 durs=0.292 pitch=0.472 ctc=4.854 bin=1.394 score=0.331 fmatch=0.041 d=0.231 lr=1.000e-04 | 5.90it/s skip=0 (46.4m)\n"}
,{"stream_name":"stdout","time":2904.903083081,"data":"[00:46:40] it 14625 loss=10.750 mel=2.990 durs=0.372 pitch=0.650 ctc=5.076 bin=1.494 score=0.263 fmatch=0.035 d=0.236 lr=1.000e-04 | 5.94it/s skip=0 (46.5m)\n"}
,{"stream_name":"stdout","time":2909.152753815,"data":"[00:46:44] it 14650 loss=9.948 mel=2.547 durs=0.317 pitch=0.670 ctc=4.704 bin=1.401 score=0.291 fmatch=0.035 d=0.236 lr=1.000e-04 | 5.96it/s skip=0 (46.6m)\n"}
,{"stream_name":"stdout","time":2913.487084081,"data":"[00:46:49] it 14675 loss=10.404 mel=2.721 durs=0.313 pitch=0.711 ctc=4.758 bin=1.383 score=0.349 fmatch=0.044 d=0.219 lr=1.000e-04 | 5.91it/s skip=0 (46.6m)\n"}
,{"stream_name":"stdout","time":2917.776164871,"data":"[00:46:53] it 14700 loss=10.369 mel=2.684 durs=0.322 pitch=0.606 ctc=4.953 bin=1.434 score=0.292 fmatch=0.036 d=0.231 lr=1.000e-04 | 5.92it/s skip=0 (46.7m)\n"}
,{"stream_name":"stdout","time":2922.047440392,"data":"[00:46:57] it 14725 loss=10.837 mel=2.939 durs=0.302 pitch=0.662 ctc=5.116 bin=1.422 score=0.306 fmatch=0.039 d=0.221 lr=1.000e-04 | 5.93it/s skip=0 (46.8m)\n"}
,{"stream_name":"stdout","time":2926.347841317,"data":"[00:47:01] it 14750 loss=10.843 mel=3.075 durs=0.353 pitch=0.654 ctc=5.004 bin=1.456 score=0.293 fmatch=0.035 d=0.212 lr=1.000e-04 | 5.92it/s skip=0 (46.9m)\n"}
,{"stream_name":"stdout","time":2930.633489962,"data":"[00:47:06] it 14775 loss=10.314 mel=2.874 durs=0.348 pitch=0.494 ctc=4.767 bin=1.399 score=0.288 fmatch=0.038 d=0.228 lr=1.000e-04 | 5.93it/s skip=0 (46.9m)\n"}
,{"stream_name":"stdout","time":2935.680275403,"data":"[00:47:11] it 14800 loss=10.336 mel=2.812 durs=0.312 pitch=0.537 ctc=4.887 bin=1.455 score=0.266 fmatch=0.034 d=0.231 lr=1.000e-04 | 5.83it/s skip=0 (47.0m)\n"}
,{"stream_name":"stdout","time":2940.070920442,"data":"[00:47:15] it 14825 loss=10.524 mel=2.741 durs=0.362 pitch=0.668 ctc=4.962 bin=1.501 score=0.295 fmatch=0.035 d=0.232 lr=1.000e-04 | 5.81it/s skip=0 (47.1m)\n"}
,{"stream_name":"stdout","time":2944.319997701,"data":"[00:47:19] it 14850 loss=10.105 mel=2.764 durs=0.313 pitch=0.543 ctc=4.802 bin=1.450 score=0.241 fmatch=0.039 d=0.234 lr=1.000e-04 | 5.88it/s skip=0 (47.2m)\n"}
,{"stream_name":"stdout","time":2948.618782835,"data":"[00:47:24] it 14875 loss=10.133 mel=2.738 durs=0.299 pitch=0.442 ctc=4.755 bin=1.407 score=0.280 fmatch=0.037 d=0.226 lr=1.000e-04 | 5.89it/s skip=0 (47.2m)\n"}
,{"stream_name":"stdout","time":2952.885861764,"data":"[00:47:28] it 14900 loss=10.998 mel=2.925 durs=0.323 pitch=0.549 ctc=4.988 bin=1.455 score=0.374 fmatch=0.048 d=0.220 lr=1.000e-04 | 5.93it/s skip=0 (47.3m)\n"}
,{"stream_name":"stdout","time":2957.163687612,"data":"[00:47:32] it 14925 loss=10.376 mel=2.610 durs=0.342 pitch=0.416 ctc=4.986 bin=1.537 score=0.283 fmatch=0.036 d=0.216 lr=1.000e-04 | 5.94it/s skip=0 (47.4m)\n"}
,{"stream_name":"stdout","time":2961.5167943,"data":"[00:47:37] it 14950 loss=10.730 mel=2.762 durs=0.320 pitch=0.513 ctc=4.959 bin=1.391 score=0.372 fmatch=0.048 d=0.225 lr=1.000e-04 | 5.90it/s skip=0 (47.4m)\n"}
,{"stream_name":"stdout","time":2965.993507514,"data":"[00:47:41] it 14975 loss=10.735 mel=3.038 durs=0.367 pitch=0.677 ctc=4.967 bin=1.441 score=0.287 fmatch=0.035 d=0.237 lr=1.000e-04 | 5.84it/s skip=0 (47.5m)\n"}
,{"stream_name":"stdout","time":2970.215541912,"data":"[00:47:45] it 15000 loss=10.426 mel=2.762 durs=0.339 pitch=0.421 ctc=4.879 bin=1.413 score=0.314 fmatch=0.040 d=0.218 lr=1.000e-04 | 5.91it/s skip=0 (47.6m)\n"}
,{"stream_name":"stdout","time":2974.823668998,"data":"[00:47:50] it 15025 loss=10.288 mel=2.836 durs=0.337 pitch=0.516 ctc=4.889 bin=1.359 score=0.271 fmatch=0.034 d=0.225 lr=1.000e-04 | 5.92it/s skip=0 (47.7m)\n"}
,{"stream_name":"stdout","time":2979.135468996,"data":"[00:47:54] it 15050 loss=10.422 mel=2.953 durs=0.317 pitch=0.614 ctc=4.698 bin=1.369 score=0.317 fmatch=0.040 d=0.243 lr=1.000e-04 | 5.91it/s skip=0 (47.7m)\n"}
,{"stream_name":"stdout","time":2983.440255717,"data":"[00:47:59] it 15075 loss=10.470 mel=2.785 durs=0.316 pitch=0.524 ctc=4.814 bin=1.368 score=0.344 fmatch=0.045 d=0.222 lr=1.000e-04 | 5.91it/s skip=0 (47.8m)\n"}
,{"stream_name":"stdout","time":2987.792187712,"data":"[00:48:03] it 15100 loss=10.728 mel=2.843 durs=0.337 pitch=0.466 ctc=5.089 bin=1.497 score=0.296 fmatch=0.037 d=0.218 lr=1.000e-04 | 5.88it/s skip=0 (47.9m)\n"}
,{"stream_name":"stdout","time":2992.158127077,"data":"[00:48:07] it 15125 loss=10.236 mel=2.741 durs=0.355 pitch=0.571 ctc=4.893 bin=1.483 score=0.248 fmatch=0.034 d=0.224 lr=1.000e-04 | 5.86it/s skip=0 (48.0m)\n"}
,{"stream_name":"stdout","time":2996.526128773,"data":"[00:48:12] it 15150 loss=10.045 mel=2.665 durs=0.346 pitch=0.489 ctc=4.752 bin=1.379 score=0.283 fmatch=0.036 d=0.217 lr=1.000e-04 | 5.84it/s skip=0 (48.0m)\n"}
,{"stream_name":"stdout","time":3000.892798903,"data":"[00:48:16] it 15175 loss=11.136 mel=3.235 durs=0.311 pitch=0.515 ctc=5.039 bin=1.465 score=0.318 fmatch=0.043 d=0.220 lr=1.000e-04 | 5.83it/s skip=0 (48.1m)\n"}
,{"stream_name":"stdout","time":3005.185948259,"data":"[00:48:20] it 15200 loss=10.248 mel=2.492 durs=0.284 pitch=0.488 ctc=4.895 bin=1.362 score=0.345 fmatch=0.043 d=0.231 lr=1.000e-04 | 5.88it/s skip=0 (48.2m)\n"}
,{"stream_name":"stdout","time":3009.461856954,"data":"[00:48:25] it 15225 loss=10.741 mel=3.088 durs=0.335 pitch=0.682 ctc=4.799 bin=1.392 score=0.330 fmatch=0.040 d=0.227 lr=1.000e-04 | 5.90it/s skip=0 (48.2m)\n"}
,{"stream_name":"stdout","time":3013.761665387,"data":"[00:48:29] it 15250 loss=9.496 mel=2.386 durs=0.325 pitch=0.494 ctc=4.531 bin=1.351 score=0.278 fmatch=0.033 d=0.236 lr=1.000e-04 | 5.90it/s skip=0 (48.3m)\n"}
,{"stream_name":"stdout","time":3018.033078385,"data":"[00:48:33] it 15275 loss=10.151 mel=2.690 durs=0.324 pitch=0.821 ctc=4.891 bin=1.405 score=0.254 fmatch=0.036 d=0.224 lr=1.000e-04 | 5.92it/s skip=0 (48.4m)\n"}
,{"stream_name":"stdout","time":3022.384716479,"data":"[00:48:38] it 15300 loss=9.855 mel=2.522 durs=0.341 pitch=0.535 ctc=4.860 bin=1.391 score=0.240 fmatch=0.034 d=0.247 lr=1.000e-04 | 5.89it/s skip=0 (48.5m)\n"}
,{"stream_name":"stdout","time":3026.637006181,"data":"[00:48:42] it 15325 loss=10.641 mel=2.754 durs=0.346 pitch=0.454 ctc=4.895 bin=1.417 score=0.362 fmatch=0.046 d=0.224 lr=1.000e-04 | 5.93it/s skip=0 (48.5m)\n"}
,{"stream_name":"stdout","time":3030.882563239,"data":"[00:48:46] it 15350 loss=9.768 mel=2.709 durs=0.337 pitch=0.609 ctc=4.651 bin=1.375 score=0.226 fmatch=0.037 d=0.231 lr=1.000e-04 | 5.95it/s skip=0 (48.6m)\n"}
,{"stream_name":"stdout","time":3035.219508426,"data":"[00:48:50] it 15375 loss=10.226 mel=2.752 durs=0.327 pitch=0.666 ctc=4.905 bin=1.436 score=0.249 fmatch=0.038 d=0.227 lr=1.000e-04 | 5.92it/s skip=0 (48.7m)\n"}
,{"stream_name":"stdout","time":3039.526403419,"data":"[00:48:55] it 15400 loss=9.830 mel=2.738 durs=0.298 pitch=0.436 ctc=4.603 bin=1.327 score=0.264 fmatch=0.032 d=0.232 lr=1.000e-04 | 5.91it/s skip=0 (48.7m)\n"}
,{"stream_name":"stdout","time":3043.861045699,"data":"[00:48:59] it 15425 loss=10.680 mel=2.830 durs=0.316 pitch=0.551 ctc=4.719 bin=1.408 score=0.396 fmatch=0.052 d=0.220 lr=1.000e-04 | 5.89it/s skip=0 (48.8m)\n"}
,{"stream_name":"stdout","time":3048.145643046,"data":"[00:49:03] it 15450 loss=10.627 mel=2.923 durs=0.371 pitch=0.789 ctc=4.831 bin=1.394 score=0.331 fmatch=0.041 d=0.222 lr=1.000e-04 | 5.91it/s skip=0 (48.9m)\n"}
,{"stream_name":"stdout","time":3052.510481362,"data":"[00:49:08] it 15475 loss=10.758 mel=2.835 durs=0.329 pitch=0.815 ctc=4.747 bin=1.404 score=0.401 fmatch=0.054 d=0.215 lr=1.000e-04 | 5.87it/s skip=0 (49.0m)\n"}
,{"stream_name":"stdout","time":3056.816237557,"data":"[00:49:12] it 15500 loss=10.710 mel=2.821 durs=0.326 pitch=0.603 ctc=4.924 bin=1.512 score=0.329 fmatch=0.043 d=0.206 lr=1.000e-04 | 5.89it/s skip=0 (49.0m)\n"}
,{"stream_name":"stdout","time":3061.327574731,"data":"[00:49:16] it 15525 loss=10.513 mel=2.565 durs=0.301 pitch=0.528 ctc=4.992 bin=1.428 score=0.351 fmatch=0.042 d=0.237 lr=1.000e-04 | 5.86it/s skip=0 (49.1m)\n"}
,{"stream_name":"stdout","time":3065.673760697,"data":"[00:49:21] it 15550 loss=9.815 mel=2.580 durs=0.287 pitch=0.508 ctc=4.606 bin=1.261 score=0.313 fmatch=0.037 d=0.226 lr=1.000e-04 | 5.85it/s skip=0 (49.2m)\n"}
,{"stream_name":"stdout","time":3069.937075015,"data":"[00:49:25] it 15575 loss=10.007 mel=2.630 durs=0.326 pitch=0.526 ctc=4.775 bin=1.359 score=0.281 fmatch=0.033 d=0.230 lr=1.000e-04 | 5.89it/s skip=0 (49.3m)\n"}
,{"stream_name":"stdout","time":3074.158864306,"data":"[00:49:29] it 15600 loss=10.164 mel=2.869 durs=0.332 pitch=0.628 ctc=4.661 bin=1.352 score=0.288 fmatch=0.034 d=0.243 lr=1.000e-04 | 5.95it/s skip=0 (49.3m)\n"}
,{"stream_name":"stdout","time":3078.420292469,"data":"[00:49:34] it 15625 loss=10.612 mel=2.932 durs=0.316 pitch=0.459 ctc=4.841 bin=1.380 score=0.335 fmatch=0.042 d=0.226 lr=1.000e-04 | 5.96it/s skip=0 (49.4m)\n"}
,{"stream_name":"stdout","time":3082.704172393,"data":"[00:49:38] it 15650 loss=10.091 mel=2.611 durs=0.322 pitch=0.513 ctc=4.623 bin=1.384 score=0.338 fmatch=0.037 d=0.245 lr=1.000e-04 | 5.95it/s skip=0 (49.5m)\n"}
,{"stream_name":"stdout","time":3087.005280536,"data":"[00:49:42] it 15675 loss=10.337 mel=2.784 durs=0.359 pitch=0.604 ctc=4.786 bin=1.389 score=0.312 fmatch=0.035 d=0.248 lr=1.000e-04 | 5.94it/s skip=0 (49.5m)\n"}
,{"stream_name":"stdout","time":3091.344445674,"data":"[00:49:46] it 15700 loss=10.582 mel=3.023 durs=0.373 pitch=0.571 ctc=4.928 bin=1.519 score=0.244 fmatch=0.039 d=0.240 lr=1.000e-04 | 5.90it/s skip=0 (49.6m)\n"}
,{"stream_name":"stdout","time":3095.611277302,"data":"[00:49:51] it 15725 loss=10.357 mel=2.685 durs=0.333 pitch=0.466 ctc=4.771 bin=1.369 score=0.352 fmatch=0.045 d=0.221 lr=1.000e-04 | 5.91it/s skip=0 (49.7m)\n"}
,{"stream_name":"stdout","time":3099.807970707,"data":"[00:49:55] it 15750 loss=9.718 mel=2.449 durs=0.329 pitch=0.464 ctc=4.664 bin=1.409 score=0.271 fmatch=0.031 d=0.237 lr=1.000e-04 | 5.96it/s skip=0 (49.8m)\n"}
,{"stream_name":"stdout","time":3104.14208983,"data":"[00:49:59] it 15775 loss=10.438 mel=2.692 durs=0.354 pitch=0.733 ctc=4.706 bin=1.396 score=0.372 fmatch=0.046 d=0.247 lr=1.000e-04 | 5.93it/s skip=0 (49.8m)\n"}
,{"stream_name":"stdout","time":3108.468635619,"data":"[00:50:04] it 15800 loss=10.185 mel=2.598 durs=0.314 pitch=0.505 ctc=4.781 bin=1.337 score=0.336 fmatch=0.043 d=0.217 lr=1.000e-04 | 5.91it/s skip=0 (49.9m)\n"}
,{"stream_name":"stdout","time":3112.821456168,"data":"[00:50:08] it 15825 loss=9.850 mel=2.629 durs=0.332 pitch=0.489 ctc=4.697 bin=1.350 score=0.265 fmatch=0.032 d=0.239 lr=1.000e-04 | 5.88it/s skip=0 (50.0m)\n"}
,{"stream_name":"stdout","time":3117.148116868,"data":"[00:50:12] it 15850 loss=10.346 mel=2.769 durs=0.345 pitch=0.645 ctc=4.819 bin=1.380 score=0.310 fmatch=0.038 d=0.233 lr=1.000e-04 | 5.89it/s skip=0 (50.0m)\n"}
,{"stream_name":"stdout","time":3121.393262759,"data":"[00:50:17] it 15875 loss=9.981 mel=2.535 durs=0.307 pitch=0.574 ctc=4.700 bin=1.321 score=0.324 fmatch=0.041 d=0.227 lr=1.000e-04 | 5.92it/s skip=0 (50.1m)\n"}
,{"stream_name":"stdout","time":3125.594684402,"data":"[00:50:21] it 15900 loss=11.221 mel=3.204 durs=0.393 pitch=0.550 ctc=5.002 bin=1.503 score=0.344 fmatch=0.043 d=0.231 lr=1.000e-04 | 5.98it/s skip=0 (50.2m)\n"}
,{"stream_name":"stdout","time":3129.816859251,"data":"[00:50:25] it 15925 loss=9.783 mel=2.443 durs=0.309 pitch=0.519 ctc=4.690 bin=1.330 score=0.301 fmatch=0.035 d=0.234 lr=1.000e-04 | 5.99it/s skip=0 (50.3m)\n"}
,{"stream_name":"stdout","time":3134.101496761,"data":"[00:50:29] it 15950 loss=10.454 mel=2.688 durs=0.362 pitch=0.425 ctc=5.086 bin=1.470 score=0.274 fmatch=0.037 d=0.227 lr=1.000e-04 | 5.96it/s skip=0 (50.3m)\n"}
,{"stream_name":"stdout","time":3138.416026827,"data":"[00:50:34] it 15975 loss=10.568 mel=2.901 durs=0.351 pitch=0.722 ctc=5.041 bin=1.446 score=0.259 fmatch=0.037 d=0.246 lr=1.000e-04 | 5.93it/s skip=0 (50.4m)\n"}
,{"stream_name":"stdout","time":3142.858445119,"data":"[00:50:38] it 16000 loss=10.574 mel=2.833 durs=0.355 pitch=0.637 ctc=5.045 bin=1.471 score=0.273 fmatch=0.035 d=0.226 lr=1.000e-04 | 5.91it/s skip=0 (50.5m)\n"}
,{"stream_name":"stdout","time":3143.335615354,"data":"[00:50:38] [train] probes saved at iter 16000\n"}
,{"stream_name":"stdout","time":3156.00645507,"data":"[00:50:51] [val] it 16000 loss=8.999 mel=2.724 durs=0.334 pitch=0.526 ctc=4.786 (12.7s)\n"}
,{"stream_name":"stdout","time":3160.184607674,"data":"[00:50:55] it 16025 loss=10.574 mel=2.844 durs=0.353 pitch=0.486 ctc=5.015 bin=1.441 score=0.289 fmatch=0.036 d=0.231 lr=1.000e-04 | 5.98it/s skip=0 (50.8m)\n"}
,{"stream_name":"stdout","time":3165.307302849,"data":"[00:51:00] it 16050 loss=10.344 mel=2.613 durs=0.359 pitch=0.531 ctc=5.027 bin=1.540 score=0.261 fmatch=0.033 d=0.224 lr=1.000e-04 | 5.90it/s skip=0 (50.8m)\n"}
,{"stream_name":"stdout","time":3169.585344605,"data":"[00:51:05] it 16075 loss=10.282 mel=2.730 durs=0.370 pitch=0.612 ctc=4.751 bin=1.463 score=0.302 fmatch=0.033 d=0.239 lr=1.000e-04 | 5.91it/s skip=0 (50.9m)\n"}
,{"stream_name":"stdout","time":3173.965533624,"data":"[00:51:09] it 16100 loss=10.824 mel=2.778 durs=0.380 pitch=0.715 ctc=4.870 bin=1.459 score=0.390 fmatch=0.048 d=0.238 lr=1.000e-04 | 5.87it/s skip=0 (51.0m)\n"}
,{"stream_name":"stdout","time":3178.272839141,"data":"[00:51:13] it 16125 loss=10.532 mel=2.602 durs=0.367 pitch=0.555 ctc=4.901 bin=1.483 score=0.353 fmatch=0.043 d=0.227 lr=1.000e-04 | 5.88it/s skip=0 (51.1m)\n"}
,{"stream_name":"stdout","time":3182.81924385,"data":"[00:51:18] it 16150 loss=9.817 mel=2.572 durs=0.331 pitch=0.477 ctc=4.793 bin=1.370 score=0.241 fmatch=0.036 d=0.224 lr=1.000e-04 | 5.81it/s skip=0 (51.1m)\n"}
,{"stream_name":"stdout","time":3187.084421695,"data":"[00:51:22] it 16175 loss=10.080 mel=2.659 durs=0.365 pitch=0.516 ctc=4.688 bin=1.489 score=0.280 fmatch=0.034 d=0.233 lr=1.000e-04 | 5.88it/s skip=0 (51.2m)\n"}
,{"stream_name":"stdout","time":3191.401971,"data":"[00:51:27] it 16200 loss=10.417 mel=2.695 durs=0.344 pitch=0.385 ctc=4.867 bin=1.362 score=0.345 fmatch=0.042 d=0.240 lr=1.000e-04 | 5.88it/s skip=0 (51.3m)\n"}
,{"stream_name":"stdout","time":3195.859562623,"data":"[00:51:31] it 16225 loss=9.403 mel=2.262 durs=0.329 pitch=0.624 ctc=4.630 bin=1.351 score=0.259 fmatch=0.030 d=0.241 lr=1.000e-04 | 5.86it/s skip=0 (51.4m)\n"}
,{"stream_name":"stdout","time":3200.192851525,"data":"[00:51:35] it 16250 loss=10.391 mel=2.734 durs=0.350 pitch=0.653 ctc=4.792 bin=1.451 score=0.319 fmatch=0.036 d=0.244 lr=1.000e-04 | 5.86it/s skip=0 (51.4m)\n"}
,{"stream_name":"stdout","time":3204.510423928,"data":"[00:51:40] it 16275 loss=10.198 mel=2.604 durs=0.344 pitch=0.468 ctc=4.791 bin=1.426 score=0.314 fmatch=0.038 d=0.226 lr=1.000e-04 | 5.88it/s skip=0 (51.5m)\n"}
,{"stream_name":"stdout","time":3208.921255177,"data":"[00:51:44] it 16300 loss=10.449 mel=2.759 durs=0.354 pitch=0.591 ctc=4.794 bin=1.388 score=0.343 fmatch=0.041 d=0.229 lr=1.000e-04 | 5.87it/s skip=0 (51.6m)\n"}
,{"stream_name":"stdout","time":3213.218948344,"data":"[00:51:48] it 16325 loss=10.560 mel=3.040 durs=0.368 pitch=0.496 ctc=4.959 bin=1.457 score=0.246 fmatch=0.035 d=0.248 lr=1.000e-04 | 5.88it/s skip=0 (51.6m)\n"}
,{"stream_name":"stdout","time":3217.602366236,"data":"[00:51:53] it 16350 loss=10.218 mel=2.487 durs=0.363 pitch=0.646 ctc=4.856 bin=1.418 score=0.329 fmatch=0.040 d=0.222 lr=1.000e-04 | 5.88it/s skip=0 (51.7m)\n"}
,{"stream_name":"stdout","time":3221.873140516,"data":"[00:51:57] it 16375 loss=10.391 mel=2.689 durs=0.373 pitch=0.518 ctc=4.825 bin=1.417 score=0.333 fmatch=0.040 d=0.221 lr=1.000e-04 | 5.91it/s skip=0 (51.8m)\n"}
,{"stream_name":"stdout","time":3226.093108955,"data":"[00:52:01] it 16400 loss=10.094 mel=2.658 durs=0.343 pitch=0.465 ctc=4.612 bin=1.397 score=0.327 fmatch=0.038 d=0.243 lr=1.000e-04 | 5.94it/s skip=0 (51.9m)\n"}
,{"stream_name":"stdout","time":3230.37959903,"data":"[00:52:06] it 16425 loss=10.188 mel=2.828 durs=0.377 pitch=0.410 ctc=4.892 bin=1.433 score=0.230 fmatch=0.038 d=0.249 lr=1.000e-04 | 5.93it/s skip=0 (51.9m)\n"}
,{"stream_name":"stdout","time":3234.670443717,"data":"[00:52:10] it 16450 loss=10.608 mel=2.662 durs=0.380 pitch=0.426 ctc=4.981 bin=1.490 score=0.339 fmatch=0.040 d=0.240 lr=1.000e-04 | 5.93it/s skip=0 (52.0m)\n"}
,{"stream_name":"stdout","time":3239.026792094,"data":"[00:52:14] it 16475 loss=9.335 mel=2.330 durs=0.357 pitch=0.518 ctc=4.590 bin=1.324 score=0.242 fmatch=0.037 d=0.252 lr=1.000e-04 | 5.89it/s skip=0 (52.1m)\n"}
,{"stream_name":"stdout","time":3243.311043726,"data":"[00:52:18] it 16500 loss=9.451 mel=2.335 durs=0.347 pitch=0.577 ctc=4.690 bin=1.367 score=0.233 fmatch=0.036 d=0.228 lr=1.000e-04 | 5.91it/s skip=0 (52.1m)\n"}
,{"stream_name":"stdout","time":3247.855656742,"data":"[00:52:23] it 16525 loss=9.581 mel=2.475 durs=0.319 pitch=0.461 ctc=4.621 bin=1.296 score=0.270 fmatch=0.032 d=0.239 lr=1.000e-04 | 5.86it/s skip=0 (52.2m)\n"}
,{"stream_name":"stdout","time":3252.137837892,"data":"[00:52:27] it 16550 loss=9.757 mel=2.329 durs=0.348 pitch=0.621 ctc=4.926 bin=1.370 score=0.251 fmatch=0.030 d=0.227 lr=1.000e-04 | 5.89it/s skip=0 (52.3m)\n"}
,{"stream_name":"stdout","time":3256.476026476,"data":"[00:52:32] it 16575 loss=9.791 mel=2.397 durs=0.348 pitch=0.537 ctc=4.513 bin=1.391 score=0.340 fmatch=0.040 d=0.228 lr=1.000e-04 | 5.87it/s skip=0 (52.4m)\n"}
,{"stream_name":"stdout","time":3260.825581497,"data":"[00:52:36] it 16600 loss=9.769 mel=2.413 durs=0.336 pitch=0.493 ctc=4.659 bin=1.354 score=0.307 fmatch=0.034 d=0.244 lr=1.000e-04 | 5.86it/s skip=0 (52.4m)\n"}
,{"stream_name":"stdout","time":3265.138658011,"data":"[00:52:40] it 16625 loss=10.698 mel=2.867 durs=0.391 pitch=0.569 ctc=4.746 bin=1.442 score=0.374 fmatch=0.049 d=0.222 lr=1.000e-04 | 5.87it/s skip=0 (52.5m)\n"}
,{"stream_name":"stdout","time":3269.550246299,"data":"[00:52:45] it 16650 loss=9.821 mel=2.449 durs=0.358 pitch=0.583 ctc=4.693 bin=1.343 score=0.301 fmatch=0.037 d=0.225 lr=1.000e-04 | 5.86it/s skip=0 (52.6m)\n"}
,{"stream_name":"stdout","time":3273.965303187,"data":"[00:52:49] it 16675 loss=10.673 mel=2.601 durs=0.362 pitch=0.520 ctc=5.057 bin=1.441 score=0.361 fmatch=0.043 d=0.232 lr=1.000e-04 | 5.84it/s skip=0 (52.7m)\n"}
,{"stream_name":"stdout","time":3278.221247027,"data":"[00:52:53] it 16700 loss=9.956 mel=2.528 durs=0.324 pitch=0.607 ctc=4.729 bin=1.317 score=0.313 fmatch=0.039 d=0.221 lr=1.000e-04 | 5.89it/s skip=0 (52.7m)\n"}
,{"stream_name":"stdout","time":3282.558955199,"data":"[00:52:58] it 16725 loss=10.165 mel=2.616 durs=0.370 pitch=0.419 ctc=4.964 bin=1.392 score=0.270 fmatch=0.032 d=0.230 lr=1.000e-04 | 5.88it/s skip=0 (52.8m)\n"}
,{"stream_name":"stdout","time":3286.845321291,"data":"[00:53:02] it 16750 loss=10.024 mel=2.668 durs=0.338 pitch=0.739 ctc=4.827 bin=1.402 score=0.247 fmatch=0.031 d=0.235 lr=1.000e-04 | 5.90it/s skip=0 (52.9m)\n"}
,{"stream_name":"stdout","time":3291.142072485,"data":"[00:53:06] it 16775 loss=10.120 mel=2.538 durs=0.366 pitch=0.615 ctc=4.911 bin=1.408 score=0.283 fmatch=0.033 d=0.225 lr=1.000e-04 | 5.90it/s skip=0 (52.9m)\n"}
,{"stream_name":"stdout","time":3295.348853182,"data":"[00:53:10] it 16800 loss=10.327 mel=2.590 durs=0.374 pitch=0.593 ctc=5.028 bin=1.452 score=0.281 fmatch=0.035 d=0.212 lr=1.000e-04 | 5.97it/s skip=0 (53.0m)\n"}
,{"stream_name":"stdout","time":3299.619999511,"data":"[00:53:15] it 16825 loss=10.281 mel=2.547 durs=0.360 pitch=0.626 ctc=4.974 bin=1.435 score=0.298 fmatch=0.033 d=0.231 lr=1.000e-04 | 5.96it/s skip=0 (53.1m)\n"}
,{"stream_name":"stdout","time":3303.915312819,"data":"[00:53:19] it 16850 loss=10.438 mel=2.663 durs=0.366 pitch=0.400 ctc=4.824 bin=1.442 score=0.348 fmatch=0.039 d=0.250 lr=1.000e-04 | 5.94it/s skip=0 (53.2m)\n"}
,{"stream_name":"stdout","time":3308.178173046,"data":"[00:53:23] it 16875 loss=9.963 mel=2.448 durs=0.359 pitch=0.572 ctc=4.739 bin=1.328 score=0.329 fmatch=0.039 d=0.231 lr=1.000e-04 | 5.94it/s skip=0 (53.2m)\n"}
,{"stream_name":"stdout","time":3312.518114203,"data":"[00:53:28] it 16900 loss=10.666 mel=2.987 durs=0.384 pitch=0.670 ctc=4.857 bin=1.415 score=0.316 fmatch=0.038 d=0.243 lr=1.000e-04 | 5.91it/s skip=0 (53.3m)\n"}
,{"stream_name":"stdout","time":3316.927741942,"data":"[00:53:32] it 16925 loss=9.995 mel=2.636 durs=0.408 pitch=0.435 ctc=4.650 bin=1.434 score=0.289 fmatch=0.034 d=0.229 lr=1.000e-04 | 5.85it/s skip=0 (53.4m)\n"}
,{"stream_name":"stdout","time":3321.278519991,"data":"[00:53:36] it 16950 loss=10.652 mel=2.856 durs=0.406 pitch=0.562 ctc=5.149 bin=1.516 score=0.249 fmatch=0.036 d=0.236 lr=1.000e-04 | 5.84it/s skip=0 (53.4m)\n"}
,{"stream_name":"stdout","time":3325.566418532,"data":"[00:53:41] it 16975 loss=10.315 mel=2.541 durs=0.372 pitch=0.601 ctc=4.984 bin=1.513 score=0.286 fmatch=0.037 d=0.232 lr=1.000e-04 | 5.88it/s skip=0 (53.5m)\n"}
,{"stream_name":"stdout","time":3329.823298669,"data":"[00:53:45] it 17000 loss=10.107 mel=2.501 durs=0.365 pitch=0.476 ctc=4.844 bin=1.384 score=0.314 fmatch=0.037 d=0.216 lr=1.000e-04 | 5.91it/s skip=0 (53.6m)\n"}
,{"stream_name":"stdout","time":3334.358984055,"data":"[00:53:49] it 17025 loss=9.963 mel=2.430 durs=0.320 pitch=0.465 ctc=4.735 bin=1.428 score=0.314 fmatch=0.036 d=0.236 lr=1.000e-04 | 5.86it/s skip=0 (53.7m)\n"}
,{"stream_name":"stdout","time":3338.675656958,"data":"[00:53:54] it 17050 loss=9.935 mel=2.401 durs=0.318 pitch=0.574 ctc=4.599 bin=1.368 score=0.358 fmatch=0.044 d=0.234 lr=1.000e-04 | 5.88it/s skip=0 (53.7m)\n"}
,{"stream_name":"stdout","time":3342.976246226,"data":"[00:53:58] it 17075 loss=9.447 mel=2.443 durs=0.310 pitch=0.558 ctc=4.602 bin=1.317 score=0.240 fmatch=0.037 d=0.249 lr=1.000e-04 | 5.89it/s skip=0 (53.8m)\n"}
,{"stream_name":"stdout","time":3347.289892525,"data":"[00:54:02] it 17100 loss=9.410 mel=2.380 durs=0.342 pitch=0.614 ctc=4.531 bin=1.327 score=0.261 fmatch=0.033 d=0.228 lr=1.000e-04 | 5.89it/s skip=0 (53.9m)\n"}
,{"stream_name":"stdout","time":3351.57898972,"data":"[00:54:07] it 17125 loss=10.204 mel=2.724 durs=0.388 pitch=0.491 ctc=4.795 bin=1.488 score=0.268 fmatch=0.037 d=0.221 lr=1.000e-04 | 5.90it/s skip=0 (53.9m)\n"}
,{"stream_name":"stdout","time":3355.886353844,"data":"[00:54:11] it 17150 loss=8.991 mel=2.181 durs=0.325 pitch=0.369 ctc=4.465 bin=1.306 score=0.234 fmatch=0.036 d=0.251 lr=1.000e-04 | 5.89it/s skip=0 (54.0m)\n"}
,{"stream_name":"stdout","time":3360.118093014,"data":"[00:54:15] it 17175 loss=9.244 mel=2.176 durs=0.319 pitch=0.646 ctc=4.404 bin=1.273 score=0.315 fmatch=0.036 d=0.234 lr=1.000e-04 | 5.93it/s skip=0 (54.1m)\n"}
,{"stream_name":"stdout","time":3364.414632534,"data":"[00:54:20] it 17200 loss=10.520 mel=2.930 durs=0.426 pitch=0.721 ctc=4.730 bin=1.451 score=0.313 fmatch=0.042 d=0.207 lr=1.000e-04 | 5.93it/s skip=0 (54.2m)\n"}
,{"stream_name":"stdout","time":3368.672409017,"data":"[00:54:24] it 17225 loss=9.194 mel=2.203 durs=0.315 pitch=0.517 ctc=4.677 bin=1.355 score=0.210 fmatch=0.036 d=0.240 lr=1.000e-04 | 5.94it/s skip=0 (54.2m)\n"}
,{"stream_name":"stdout","time":3374.366654868,"data":"[00:54:30] it 17250 loss=10.332 mel=2.507 durs=0.361 pitch=0.605 ctc=4.760 bin=1.451 score=0.367 fmatch=0.047 d=0.231 lr=1.000e-04 | 5.82it/s skip=0 (54.3m)\n"}
,{"stream_name":"stdout","time":3379.374039712,"data":"[00:54:35] it 17275 loss=10.508 mel=2.741 durs=0.388 pitch=0.420 ctc=4.854 bin=1.451 score=0.335 fmatch=0.040 d=0.237 lr=1.000e-04 | 5.81it/s skip=0 (54.4m)\n"}
,{"stream_name":"stdout","time":3383.672122207,"data":"[00:54:39] it 17300 loss=10.158 mel=2.536 durs=0.357 pitch=0.687 ctc=4.784 bin=1.403 score=0.323 fmatch=0.038 d=0.231 lr=1.000e-04 | 5.85it/s skip=0 (54.5m)\n"}
,{"stream_name":"stdout","time":3387.89306489,"data":"[00:54:43] it 17325 loss=10.061 mel=2.563 durs=0.340 pitch=0.542 ctc=4.694 bin=1.372 score=0.326 fmatch=0.039 d=0.243 lr=1.000e-04 | 5.92it/s skip=0 (54.6m)\n"}
,{"stream_name":"stdout","time":3392.286124739,"data":"[00:54:47] it 17350 loss=9.679 mel=2.393 durs=0.322 pitch=0.692 ctc=4.592 bin=1.343 score=0.304 fmatch=0.035 d=0.221 lr=1.000e-04 | 5.86it/s skip=0 (54.6m)\n"}
,{"stream_name":"stdout","time":3396.466683159,"data":"[00:54:52] it 17375 loss=9.739 mel=2.505 durs=0.350 pitch=0.461 ctc=4.702 bin=1.366 score=0.263 fmatch=0.034 d=0.235 lr=1.000e-04 | 5.95it/s skip=0 (54.7m)\n"}
,{"stream_name":"stdout","time":3400.747458382,"data":"[00:54:56] it 17400 loss=10.453 mel=2.613 durs=0.350 pitch=0.595 ctc=4.940 bin=1.491 score=0.319 fmatch=0.039 d=0.232 lr=1.000e-04 | 5.95it/s skip=0 (54.8m)\n"}
,{"stream_name":"stdout","time":3405.127258784,"data":"[00:55:00] it 17425 loss=9.651 mel=2.306 durs=0.325 pitch=0.483 ctc=4.714 bin=1.323 score=0.299 fmatch=0.031 d=0.240 lr=1.000e-04 | 5.89it/s skip=0 (54.8m)\n"}
,{"stream_name":"stdout","time":3409.524516003,"data":"[00:55:05] it 17450 loss=9.930 mel=2.606 durs=0.371 pitch=0.621 ctc=4.801 bin=1.382 score=0.251 fmatch=0.036 d=0.230 lr=1.000e-04 | 5.85it/s skip=0 (54.9m)\n"}
,{"stream_name":"stdout","time":3413.820155119,"data":"[00:55:09] it 17475 loss=9.647 mel=2.242 durs=0.337 pitch=0.410 ctc=4.718 bin=1.377 score=0.301 fmatch=0.032 d=0.238 lr=1.000e-04 | 5.88it/s skip=0 (55.0m)\n"}
,{"stream_name":"stdout","time":3418.062007471,"data":"[00:55:13] it 17500 loss=9.949 mel=2.531 durs=0.377 pitch=0.626 ctc=4.483 bin=1.363 score=0.357 fmatch=0.043 d=0.240 lr=1.000e-04 | 5.92it/s skip=0 (55.1m)\n"}
,{"stream_name":"stdout","time":3422.637162632,"data":"[00:55:18] it 17525 loss=10.302 mel=2.827 durs=0.365 pitch=0.416 ctc=4.641 bin=1.396 score=0.330 fmatch=0.040 d=0.217 lr=1.000e-04 | 5.84it/s skip=0 (55.1m)\n"}
,{"stream_name":"stdout","time":3426.912579376,"data":"[00:55:22] it 17550 loss=9.578 mel=2.452 durs=0.345 pitch=0.392 ctc=4.616 bin=1.387 score=0.254 fmatch=0.032 d=0.242 lr=1.000e-04 | 5.88it/s skip=0 (55.2m)\n"}
,{"stream_name":"stdout","time":3431.239112221,"data":"[00:55:26] it 17575 loss=9.840 mel=2.417 durs=0.307 pitch=0.532 ctc=4.602 bin=1.312 score=0.346 fmatch=0.040 d=0.232 lr=1.000e-04 | 5.89it/s skip=0 (55.3m)\n"}
,{"stream_name":"stdout","time":3435.550961937,"data":"[00:55:31] it 17600 loss=8.935 mel=2.178 durs=0.316 pitch=0.639 ctc=4.399 bin=1.215 score=0.254 fmatch=0.032 d=0.235 lr=1.000e-04 | 5.90it/s skip=0 (55.3m)\n"}
,{"stream_name":"stdout","time":3439.766057332,"data":"[00:55:35] it 17625 loss=9.317 mel=2.287 durs=0.297 pitch=0.478 ctc=4.587 bin=1.277 score=0.264 fmatch=0.032 d=0.241 lr=1.000e-04 | 5.95it/s skip=0 (55.4m)\n"}
,{"stream_name":"stdout","time":3444.165942249,"data":"[00:55:39] it 17650 loss=9.446 mel=2.341 durs=0.336 pitch=0.511 ctc=4.658 bin=1.363 score=0.241 fmatch=0.035 d=0.229 lr=1.000e-04 | 5.92it/s skip=0 (55.5m)\n"}
,{"stream_name":"stdout","time":3448.32398985,"data":"[00:55:43] it 17675 loss=9.849 mel=2.424 durs=0.346 pitch=0.446 ctc=4.913 bin=1.341 score=0.265 fmatch=0.032 d=0.225 lr=1.000e-04 | 6.00it/s skip=0 (55.6m)\n"}
,{"stream_name":"stdout","time":3452.553681691,"data":"[00:55:48] it 17700 loss=10.352 mel=2.810 durs=0.357 pitch=0.608 ctc=4.839 bin=1.456 score=0.279 fmatch=0.036 d=0.220 lr=1.000e-04 | 6.00it/s skip=0 (55.6m)\n"}
,{"stream_name":"stdout","time":3456.830877454,"data":"[00:55:52] it 17725 loss=9.702 mel=2.615 durs=0.336 pitch=0.573 ctc=4.473 bin=1.251 score=0.309 fmatch=0.037 d=0.241 lr=1.000e-04 | 5.97it/s skip=0 (55.7m)\n"}
,{"stream_name":"stdout","time":3461.157979575,"data":"[00:55:56] it 17750 loss=9.648 mel=2.402 durs=0.330 pitch=0.441 ctc=4.759 bin=1.298 score=0.269 fmatch=0.035 d=0.227 lr=1.000e-04 | 5.93it/s skip=0 (55.8m)\n"}
,{"stream_name":"stdout","time":3465.458686341,"data":"[00:56:01] it 17775 loss=9.588 mel=2.273 durs=0.326 pitch=0.527 ctc=4.797 bin=1.375 score=0.256 fmatch=0.033 d=0.230 lr=1.000e-04 | 5.92it/s skip=0 (55.8m)\n"}
,{"stream_name":"stdout","time":3469.711354079,"data":"[00:56:05] it 17800 loss=10.146 mel=2.637 durs=0.380 pitch=0.458 ctc=4.744 bin=1.419 score=0.307 fmatch=0.036 d=0.233 lr=1.000e-04 | 5.95it/s skip=0 (55.9m)\n"}
,{"stream_name":"stdout","time":3474.04856158,"data":"[00:56:09] it 17825 loss=9.614 mel=2.358 durs=0.336 pitch=0.532 ctc=4.696 bin=1.321 score=0.280 fmatch=0.033 d=0.240 lr=1.000e-04 | 5.91it/s skip=0 (56.0m)\n"}
,{"stream_name":"stdout","time":3478.39207106,"data":"[00:56:14] it 17850 loss=10.426 mel=2.879 durs=0.416 pitch=0.530 ctc=4.991 bin=1.499 score=0.232 fmatch=0.036 d=0.224 lr=1.000e-04 | 5.89it/s skip=0 (56.1m)\n"}
,{"stream_name":"stdout","time":3482.574553919,"data":"[00:56:18] it 17875 loss=10.608 mel=2.709 durs=0.378 pitch=0.570 ctc=4.969 bin=1.445 score=0.337 fmatch=0.042 d=0.236 lr=1.000e-04 | 5.96it/s skip=0 (56.1m)\n"}
,{"stream_name":"stdout","time":3486.735944599,"data":"[00:56:22] it 17900 loss=9.515 mel=2.439 durs=0.348 pitch=0.474 ctc=4.471 bin=1.322 score=0.292 fmatch=0.032 d=0.231 lr=1.000e-04 | 6.01it/s skip=0 (56.2m)\n"}
,{"stream_name":"stdout","time":3490.950207872,"data":"[00:56:26] it 17925 loss=9.835 mel=2.331 durs=0.340 pitch=0.405 ctc=4.745 bin=1.324 score=0.331 fmatch=0.038 d=0.253 lr=1.000e-04 | 6.01it/s skip=0 (56.3m)\n"}
,{"stream_name":"stdout","time":3495.288313587,"data":"[00:56:30] it 17950 loss=9.554 mel=2.477 durs=0.356 pitch=0.589 ctc=4.431 bin=1.326 score=0.297 fmatch=0.037 d=0.225 lr=1.000e-04 | 5.95it/s skip=0 (56.3m)\n"}
,{"stream_name":"stdout","time":3499.53730316,"data":"[00:56:35] it 17975 loss=10.192 mel=2.477 durs=0.394 pitch=0.569 ctc=5.034 bin=1.482 score=0.268 fmatch=0.032 d=0.222 lr=1.000e-04 | 5.96it/s skip=0 (56.4m)\n"}
,{"stream_name":"stdout","time":3503.74675832,"data":"[00:56:39] it 18000 loss=9.508 mel=2.364 durs=0.308 pitch=0.504 ctc=4.632 bin=1.298 score=0.275 fmatch=0.033 d=0.234 lr=1.000e-04 | 5.99it/s skip=0 (56.5m)\n"}
,{"stream_name":"stdout","time":3504.300560615,"data":"[00:56:39] [train] probes saved at iter 18000\n"}
,{"stream_name":"stdout","time":3516.70900618,"data":"[00:56:52] [val] it 18000 loss=8.669 mel=2.526 durs=0.346 pitch=0.520 ctc=4.687 (12.4s)\n"}
,{"stream_name":"stdout","time":3521.004435252,"data":"[00:56:56] it 18025 loss=9.886 mel=2.541 durs=0.332 pitch=0.536 ctc=4.540 bin=1.228 score=0.362 fmatch=0.043 d=0.237 lr=1.000e-04 | 5.96it/s skip=0 (56.8m)\n"}
,{"stream_name":"stdout","time":3525.298016953,"data":"[00:57:00] it 18050 loss=10.050 mel=2.474 durs=0.312 pitch=0.546 ctc=4.738 bin=1.380 score=0.334 fmatch=0.036 d=0.240 lr=1.000e-04 | 5.96it/s skip=0 (56.8m)\n"}
,{"stream_name":"stdout","time":3529.596008837,"data":"[00:57:05] it 18075 loss=9.181 mel=2.227 durs=0.320 pitch=0.502 ctc=4.399 bin=1.279 score=0.290 fmatch=0.031 d=0.243 lr=1.000e-04 | 5.94it/s skip=0 (56.9m)\n"}
,{"stream_name":"stdout","time":3533.810064113,"data":"[00:57:09] it 18100 loss=9.388 mel=2.248 durs=0.266 pitch=0.445 ctc=4.265 bin=1.184 score=0.394 fmatch=0.044 d=0.251 lr=1.000e-04 | 5.97it/s skip=0 (57.0m)\n"}
,{"stream_name":"stdout","time":3538.178892355,"data":"[00:57:13] it 18125 loss=9.840 mel=2.351 durs=0.333 pitch=0.578 ctc=4.687 bin=1.350 score=0.331 fmatch=0.039 d=0.238 lr=1.000e-04 | 5.91it/s skip=0 (57.1m)\n"}
,{"stream_name":"stdout","time":3542.485759268,"data":"[00:57:18] it 18150 loss=9.604 mel=2.471 durs=0.382 pitch=0.512 ctc=4.678 bin=1.398 score=0.233 fmatch=0.036 d=0.247 lr=1.000e-04 | 5.91it/s skip=0 (57.1m)\n"}
,{"stream_name":"stdout","time":3546.80176807,"data":"[00:57:22] it 18175 loss=10.015 mel=2.422 durs=0.344 pitch=0.444 ctc=4.724 bin=1.383 score=0.341 fmatch=0.044 d=0.214 lr=1.000e-04 | 5.90it/s skip=0 (57.2m)\n"}
,{"stream_name":"stdout","time":3551.10830046,"data":"[00:57:26] it 18200 loss=10.094 mel=2.613 durs=0.372 pitch=0.598 ctc=4.774 bin=1.419 score=0.289 fmatch=0.035 d=0.225 lr=1.000e-04 | 5.90it/s skip=0 (57.3m)\n"}
,{"stream_name":"stdout","time":3555.409693775,"data":"[00:57:31] it 18225 loss=11.130 mel=3.098 durs=0.438 pitch=0.782 ctc=5.083 bin=1.570 score=0.304 fmatch=0.041 d=0.210 lr=1.000e-04 | 5.91it/s skip=0 (57.3m)\n"}
,{"stream_name":"stdout","time":3559.697574541,"data":"[00:57:35] it 18250 loss=9.196 mel=2.284 durs=0.332 pitch=0.509 ctc=4.484 bin=1.273 score=0.260 fmatch=0.032 d=0.222 lr=1.000e-04 | 5.93it/s skip=0 (57.4m)\n"}
,{"stream_name":"stdout","time":3564.117245832,"data":"[00:57:39] it 18275 loss=9.570 mel=2.418 durs=0.336 pitch=0.541 ctc=4.547 bin=1.342 score=0.285 fmatch=0.033 d=0.231 lr=1.000e-04 | 5.87it/s skip=0 (57.5m)\n"}
,{"stream_name":"stdout","time":3568.321531063,"data":"[00:57:43] it 18300 loss=10.085 mel=2.462 durs=0.363 pitch=0.414 ctc=4.876 bin=1.446 score=0.297 fmatch=0.035 d=0.236 lr=1.000e-04 | 5.95it/s skip=0 (57.6m)\n"}
,{"stream_name":"stdout","time":3572.737576305,"data":"[00:57:48] it 18325 loss=9.413 mel=2.389 durs=0.330 pitch=0.542 ctc=4.527 bin=1.304 score=0.269 fmatch=0.031 d=0.237 lr=1.000e-04 | 5.88it/s skip=0 (57.6m)\n"}
,{"stream_name":"stdout","time":3576.94166445,"data":"[00:57:52] it 18350 loss=10.179 mel=2.603 durs=0.378 pitch=0.525 ctc=4.897 bin=1.412 score=0.285 fmatch=0.035 d=0.231 lr=1.000e-04 | 5.95it/s skip=0 (57.7m)\n"}
,{"stream_name":"stdout","time":3581.086607979,"data":"[00:57:56] it 18375 loss=9.694 mel=2.465 durs=0.355 pitch=0.619 ctc=4.739 bin=1.343 score=0.254 fmatch=0.033 d=0.237 lr=1.000e-04 | 6.02it/s skip=0 (57.8m)\n"}
,{"stream_name":"stdout","time":3585.412560104,"data":"[00:58:01] it 18400 loss=10.381 mel=2.488 durs=0.348 pitch=0.523 ctc=4.944 bin=1.377 score=0.360 fmatch=0.046 d=0.234 lr=1.000e-04 | 5.96it/s skip=0 (57.8m)\n"}
,{"stream_name":"stdout","time":3589.663750895,"data":"[00:58:05] it 18425 loss=9.968 mel=2.368 durs=0.328 pitch=0.729 ctc=4.821 bin=1.392 score=0.311 fmatch=0.036 d=0.224 lr=1.000e-04 | 5.97it/s skip=0 (57.9m)\n"}
,{"stream_name":"stdout","time":3594.004002188,"data":"[00:58:09] it 18450 loss=9.477 mel=2.250 durs=0.333 pitch=0.434 ctc=4.801 bin=1.286 score=0.258 fmatch=0.032 d=0.245 lr=1.000e-04 | 5.93it/s skip=0 (58.0m)\n"}
,{"stream_name":"stdout","time":3598.261261142,"data":"[00:58:13] it 18475 loss=9.157 mel=2.220 durs=0.314 pitch=0.668 ctc=4.502 bin=1.247 score=0.264 fmatch=0.035 d=0.241 lr=1.000e-04 | 5.94it/s skip=0 (58.1m)\n"}
,{"stream_name":"stdout","time":3602.791649774,"data":"[00:58:18] it 18500 loss=10.125 mel=2.571 durs=0.360 pitch=0.566 ctc=4.785 bin=1.389 score=0.312 fmatch=0.038 d=0.235 lr=1.000e-04 | 5.87it/s skip=0 (58.1m)\n"}
,{"stream_name":"stdout","time":3607.412714935,"data":"[00:58:23] it 18525 loss=9.058 mel=2.211 durs=0.342 pitch=0.581 ctc=4.498 bin=1.258 score=0.240 fmatch=0.039 d=0.241 lr=1.000e-04 | 5.95it/s skip=0 (58.2m)\n"}
,{"stream_name":"stdout","time":3611.646600568,"data":"[00:58:27] it 18550 loss=9.256 mel=2.141 durs=0.327 pitch=0.453 ctc=4.655 bin=1.327 score=0.255 fmatch=0.036 d=0.244 lr=1.000e-04 | 5.96it/s skip=0 (58.3m)\n"}
,{"stream_name":"stdout","time":3615.902874096,"data":"[00:58:31] it 18575 loss=9.838 mel=2.507 durs=0.374 pitch=0.505 ctc=4.777 bin=1.357 score=0.269 fmatch=0.032 d=0.223 lr=1.000e-04 | 5.96it/s skip=0 (58.4m)\n"}
,{"stream_name":"stdout","time":3620.168619376,"data":"[00:58:35] it 18600 loss=10.226 mel=2.762 durs=0.406 pitch=0.602 ctc=4.850 bin=1.527 score=0.237 fmatch=0.037 d=0.230 lr=1.000e-04 | 5.96it/s skip=0 (58.4m)\n"}
,{"stream_name":"stdout","time":3624.519586457,"data":"[00:58:40] it 18625 loss=10.462 mel=2.646 durs=0.382 pitch=0.468 ctc=4.753 bin=1.426 score=0.376 fmatch=0.047 d=0.229 lr=1.000e-04 | 5.91it/s skip=0 (58.5m)\n"}
,{"stream_name":"stdout","time":3628.781366309,"data":"[00:58:44] it 18650 loss=9.449 mel=2.155 durs=0.318 pitch=0.708 ctc=4.732 bin=1.368 score=0.265 fmatch=0.031 d=0.234 lr=1.000e-04 | 5.93it/s skip=0 (58.6m)\n"}
,{"stream_name":"stdout","time":3633.103119974,"data":"[00:58:48] it 18675 loss=9.256 mel=2.216 durs=0.334 pitch=0.543 ctc=4.556 bin=1.269 score=0.274 fmatch=0.032 d=0.233 lr=1.000e-04 | 5.91it/s skip=0 (58.6m)\n"}
,{"stream_name":"stdout","time":3637.356956305,"data":"[00:58:52] it 18700 loss=9.587 mel=2.326 durs=0.308 pitch=0.439 ctc=4.874 bin=1.291 score=0.247 fmatch=0.032 d=0.236 lr=1.000e-04 | 5.93it/s skip=0 (58.7m)\n"}
,{"stream_name":"stdout","time":3641.715499508,"data":"[00:58:57] it 18725 loss=9.265 mel=1.997 durs=0.323 pitch=0.512 ctc=4.727 bin=1.329 score=0.276 fmatch=0.028 d=0.242 lr=1.000e-04 | 5.94it/s skip=0 (58.8m)\n"}
,{"stream_name":"stdout","time":3646.03498802,"data":"[00:59:01] it 18750 loss=9.260 mel=2.227 durs=0.338 pitch=0.514 ctc=4.406 bin=1.251 score=0.315 fmatch=0.034 d=0.237 lr=1.000e-04 | 5.92it/s skip=0 (58.9m)\n"}
,{"stream_name":"stdout","time":3650.255049634,"data":"[00:59:05] it 18775 loss=9.266 mel=2.033 durs=0.296 pitch=0.423 ctc=4.501 bin=1.248 score=0.344 fmatch=0.038 d=0.247 lr=1.000e-04 | 5.95it/s skip=0 (58.9m)\n"}
,{"stream_name":"stdout","time":3654.633476139,"data":"[00:59:10] it 18800 loss=9.916 mel=2.590 durs=0.344 pitch=0.431 ctc=4.695 bin=1.348 score=0.292 fmatch=0.036 d=0.236 lr=1.000e-04 | 5.90it/s skip=0 (59.0m)\n"}
,{"stream_name":"stdout","time":3658.912552715,"data":"[00:59:14] it 18825 loss=9.791 mel=2.480 durs=0.343 pitch=0.398 ctc=4.793 bin=1.344 score=0.267 fmatch=0.031 d=0.227 lr=1.000e-04 | 5.91it/s skip=0 (59.1m)\n"}
,{"stream_name":"stdout","time":3663.162690526,"data":"[00:59:18] it 18850 loss=9.927 mel=2.733 durs=0.396 pitch=0.501 ctc=4.744 bin=1.455 score=0.217 fmatch=0.039 d=0.228 lr=1.000e-04 | 5.93it/s skip=0 (59.1m)\n"}
,{"stream_name":"stdout","time":3667.433284036,"data":"[00:59:23] it 18875 loss=9.633 mel=2.444 durs=0.367 pitch=0.526 ctc=4.516 bin=1.306 score=0.311 fmatch=0.035 d=0.245 lr=1.000e-04 | 5.95it/s skip=0 (59.2m)\n"}
,{"stream_name":"stdout","time":3671.699748669,"data":"[00:59:27] it 18900 loss=9.663 mel=2.355 durs=0.349 pitch=0.467 ctc=4.614 bin=1.340 score=0.309 fmatch=0.035 d=0.229 lr=1.000e-04 | 5.96it/s skip=0 (59.3m)\n"}
,{"stream_name":"stdout","time":3675.9944207,"data":"[00:59:31] it 18925 loss=9.028 mel=2.192 durs=0.315 pitch=0.477 ctc=4.427 bin=1.240 score=0.265 fmatch=0.030 d=0.232 lr=1.000e-04 | 5.94it/s skip=0 (59.4m)\n"}
,{"stream_name":"stdout","time":3680.347738873,"data":"[00:59:35] it 18950 loss=9.467 mel=2.399 durs=0.323 pitch=0.409 ctc=4.553 bin=1.256 score=0.288 fmatch=0.033 d=0.240 lr=1.000e-04 | 5.90it/s skip=0 (59.4m)\n"}
,{"stream_name":"stdout","time":3684.623671062,"data":"[00:59:40] it 18975 loss=9.116 mel=2.083 durs=0.309 pitch=0.560 ctc=4.523 bin=1.178 score=0.303 fmatch=0.035 d=0.235 lr=1.000e-04 | 5.92it/s skip=0 (59.5m)\n"}
,{"stream_name":"stdout","time":3688.773522959,"data":"[00:59:44] it 19000 loss=9.759 mel=2.475 durs=0.340 pitch=0.423 ctc=4.807 bin=1.393 score=0.244 fmatch=0.033 d=0.236 lr=1.000e-04 | 6.00it/s skip=0 (59.6m)\n"}
,{"stream_name":"stdout","time":3693.175770507,"data":"[00:59:48] it 19025 loss=9.672 mel=2.236 durs=0.321 pitch=0.593 ctc=4.711 bin=1.370 score=0.307 fmatch=0.034 d=0.221 lr=1.000e-04 | 5.98it/s skip=0 (59.6m)\n"}
,{"stream_name":"stdout","time":3697.461999888,"data":"[00:59:53] it 19050 loss=10.277 mel=2.945 durs=0.403 pitch=0.494 ctc=4.799 bin=1.402 score=0.252 fmatch=0.035 d=0.223 lr=1.000e-04 | 5.96it/s skip=0 (59.7m)\n"}
,{"stream_name":"stdout","time":3701.823682602,"data":"[00:59:57] it 19075 loss=9.383 mel=2.157 durs=0.324 pitch=0.452 ctc=4.633 bin=1.332 score=0.288 fmatch=0.031 d=0.244 lr=1.000e-04 | 5.91it/s skip=0 (59.8m)\n"}
,{"stream_name":"stdout","time":3706.147081778,"data":"[01:00:01] it 19100 loss=10.429 mel=2.653 durs=0.363 pitch=0.438 ctc=4.859 bin=1.382 score=0.353 fmatch=0.042 d=0.238 lr=1.000e-04 | 5.90it/s skip=0 (59.9m)\n"}
,{"stream_name":"stdout","time":3710.32613659,"data":"[01:00:05] it 19125 loss=10.354 mel=2.713 durs=0.405 pitch=0.528 ctc=4.960 bin=1.484 score=0.268 fmatch=0.032 d=0.226 lr=1.000e-04 | 5.97it/s skip=0 (59.9m)\n"}
,{"stream_name":"stdout","time":3714.54996737,"data":"[01:00:10] it 19150 loss=9.314 mel=2.190 durs=0.331 pitch=0.503 ctc=4.585 bin=1.324 score=0.275 fmatch=0.032 d=0.222 lr=1.000e-04 | 6.00it/s skip=0 (60.0m)\n"}
,{"stream_name":"stdout","time":3718.799818342,"data":"[01:00:14] it 19175 loss=9.159 mel=2.158 durs=0.349 pitch=0.516 ctc=4.654 bin=1.225 score=0.251 fmatch=0.033 d=0.232 lr=1.000e-04 | 5.99it/s skip=0 (60.1m)\n"}
,{"stream_name":"stdout","time":3723.078252638,"data":"[01:00:18] it 19200 loss=8.785 mel=2.113 durs=0.280 pitch=0.557 ctc=4.248 bin=1.176 score=0.283 fmatch=0.031 d=0.236 lr=1.000e-04 | 5.97it/s skip=0 (60.1m)\n"}
,{"stream_name":"stdout","time":3727.344757744,"data":"[01:00:22] it 19225 loss=9.730 mel=2.302 durs=0.400 pitch=0.533 ctc=4.493 bin=1.371 score=0.357 fmatch=0.042 d=0.234 lr=1.000e-04 | 5.97it/s skip=0 (60.2m)\n"}
,{"stream_name":"stdout","time":3731.595740852,"data":"[01:00:27] it 19250 loss=9.644 mel=2.314 durs=0.359 pitch=0.406 ctc=4.687 bin=1.366 score=0.292 fmatch=0.034 d=0.229 lr=1.000e-04 | 5.99it/s skip=0 (60.3m)\n"}
,{"stream_name":"stdout","time":3735.876290137,"data":"[01:00:31] it 19275 loss=9.563 mel=2.522 durs=0.345 pitch=0.528 ctc=4.425 bin=1.307 score=0.297 fmatch=0.033 d=0.235 lr=1.000e-04 | 5.97it/s skip=0 (60.4m)\n"}
,{"stream_name":"stdout","time":3740.06324268,"data":"[01:00:35] it 19300 loss=9.803 mel=2.512 durs=0.348 pitch=0.426 ctc=4.819 bin=1.352 score=0.254 fmatch=0.029 d=0.244 lr=1.000e-04 | 6.01it/s skip=0 (60.4m)\n"}
,{"stream_name":"stdout","time":3744.390932433,"data":"[01:00:40] it 19325 loss=9.389 mel=2.188 durs=0.332 pitch=0.520 ctc=4.557 bin=1.286 score=0.309 fmatch=0.036 d=0.228 lr=1.000e-04 | 5.96it/s skip=0 (60.5m)\n"}
,{"stream_name":"stdout","time":3748.634963059,"data":"[01:00:44] it 19350 loss=9.699 mel=2.457 durs=0.395 pitch=0.551 ctc=4.599 bin=1.390 score=0.281 fmatch=0.034 d=0.225 lr=1.000e-04 | 5.97it/s skip=0 (60.6m)\n"}
,{"stream_name":"stdout","time":3752.9464087,"data":"[01:00:48] it 19375 loss=10.506 mel=2.815 durs=0.389 pitch=0.637 ctc=5.004 bin=1.504 score=0.261 fmatch=0.035 d=0.227 lr=1.000e-04 | 5.95it/s skip=0 (60.6m)\n"}
,{"stream_name":"stdout","time":3757.14445476,"data":"[01:00:52] it 19400 loss=8.965 mel=2.115 durs=0.335 pitch=0.398 ctc=4.383 bin=1.226 score=0.285 fmatch=0.028 d=0.249 lr=1.000e-04 | 5.99it/s skip=0 (60.7m)\n"}
,{"stream_name":"stdout","time":3761.496731644,"data":"[01:00:57] it 19425 loss=9.772 mel=2.403 durs=0.361 pitch=0.654 ctc=4.677 bin=1.371 score=0.295 fmatch=0.038 d=0.238 lr=1.000e-04 | 5.93it/s skip=0 (60.8m)\n"}
,{"stream_name":"stdout","time":3765.713038775,"data":"[01:01:01] it 19450 loss=9.484 mel=2.471 durs=0.346 pitch=0.470 ctc=4.662 bin=1.345 score=0.223 fmatch=0.034 d=0.239 lr=1.000e-04 | 5.97it/s skip=0 (60.9m)\n"}
,{"stream_name":"stdout","time":3769.898512497,"data":"[01:01:05] it 19475 loss=9.575 mel=2.308 durs=0.338 pitch=0.500 ctc=4.643 bin=1.326 score=0.296 fmatch=0.032 d=0.238 lr=1.000e-04 | 6.01it/s skip=0 (60.9m)\n"}
,{"stream_name":"stdout","time":3774.12870935,"data":"[01:01:09] it 19500 loss=8.584 mel=2.052 durs=0.289 pitch=0.358 ctc=4.277 bin=1.174 score=0.246 fmatch=0.030 d=0.252 lr=1.000e-04 | 6.01it/s skip=0 (61.0m)\n"}
,{"stream_name":"stdout","time":3778.596827887,"data":"[01:01:14] it 19525 loss=9.701 mel=2.603 durs=0.361 pitch=0.710 ctc=4.609 bin=1.314 score=0.260 fmatch=0.029 d=0.237 lr=1.000e-04 | 5.96it/s skip=0 (61.1m)\n"}
,{"stream_name":"stdout","time":3782.839268276,"data":"[01:01:18] it 19550 loss=9.232 mel=2.271 durs=0.351 pitch=0.637 ctc=4.486 bin=1.265 score=0.270 fmatch=0.031 d=0.233 lr=1.000e-04 | 5.97it/s skip=0 (61.1m)\n"}
,{"stream_name":"stdout","time":3787.047863381,"data":"[01:01:22] it 19575 loss=9.400 mel=2.255 durs=0.324 pitch=0.597 ctc=4.625 bin=1.287 score=0.278 fmatch=0.029 d=0.228 lr=1.000e-04 | 6.00it/s skip=0 (61.2m)\n"}
,{"stream_name":"stdout","time":3791.351345634,"data":"[01:01:26] it 19600 loss=9.200 mel=2.081 durs=0.311 pitch=0.365 ctc=4.563 bin=1.306 score=0.288 fmatch=0.031 d=0.245 lr=1.000e-04 | 5.96it/s skip=0 (61.3m)\n"}
,{"stream_name":"stdout","time":3795.639182224,"data":"[01:01:31] it 19625 loss=9.724 mel=2.455 durs=0.347 pitch=0.474 ctc=4.710 bin=1.376 score=0.267 fmatch=0.034 d=0.232 lr=1.000e-04 | 5.94it/s skip=0 (61.3m)\n"}
,{"stream_name":"stdout","time":3799.999332079,"data":"[01:01:35] it 19650 loss=9.649 mel=2.421 durs=0.353 pitch=0.580 ctc=4.687 bin=1.351 score=0.266 fmatch=0.032 d=0.226 lr=1.000e-04 | 5.91it/s skip=0 (61.4m)\n"}
,{"stream_name":"stdout","time":3804.345859018,"data":"[01:01:39] it 19675 loss=10.090 mel=2.625 durs=0.391 pitch=0.548 ctc=4.739 bin=1.292 score=0.326 fmatch=0.038 d=0.239 lr=1.000e-04 | 5.90it/s skip=0 (61.5m)\n"}
,{"stream_name":"stdout","time":3808.550734727,"data":"[01:01:44] it 19700 loss=9.774 mel=2.468 durs=0.376 pitch=0.508 ctc=4.625 bin=1.332 score=0.306 fmatch=0.035 d=0.241 lr=1.000e-04 | 5.95it/s skip=0 (61.6m)\n"}
,{"stream_name":"stdout","time":3812.822457043,"data":"[01:01:48] it 19725 loss=10.174 mel=2.443 durs=0.361 pitch=0.642 ctc=4.811 bin=1.415 score=0.341 fmatch=0.042 d=0.222 lr=1.000e-04 | 5.96it/s skip=0 (61.6m)\n"}
,{"stream_name":"stdout","time":3817.828050087,"data":"[01:01:53] it 19750 loss=9.578 mel=2.371 durs=0.362 pitch=0.423 ctc=4.756 bin=1.384 score=0.239 fmatch=0.034 d=0.246 lr=1.000e-04 | 5.90it/s skip=0 (61.7m)\n"}
,{"stream_name":"stdout","time":3822.051504891,"data":"[01:01:57] it 19775 loss=9.357 mel=2.344 durs=0.361 pitch=0.541 ctc=4.503 bin=1.274 score=0.279 fmatch=0.030 d=0.237 lr=1.000e-04 | 5.95it/s skip=0 (61.8m)\n"}
,{"stream_name":"stdout","time":3826.409620908,"data":"[01:02:02] it 19800 loss=9.364 mel=2.254 durs=0.327 pitch=0.604 ctc=4.523 bin=1.337 score=0.282 fmatch=0.030 d=0.243 lr=1.000e-04 | 5.89it/s skip=0 (61.9m)\n"}
,{"stream_name":"stdout","time":3830.683922278,"data":"[01:02:06] it 19825 loss=9.038 mel=2.021 durs=0.323 pitch=0.375 ctc=4.386 bin=1.176 score=0.337 fmatch=0.037 d=0.255 lr=1.000e-04 | 5.91it/s skip=0 (61.9m)\n"}
,{"stream_name":"stdout","time":3834.908668669,"data":"[01:02:10] it 19850 loss=9.128 mel=2.110 durs=0.328 pitch=0.439 ctc=4.492 bin=1.296 score=0.281 fmatch=0.028 d=0.237 lr=1.000e-04 | 5.95it/s skip=0 (62.0m)\n"}
,{"stream_name":"stdout","time":3839.207060504,"data":"[01:02:14] it 19875 loss=9.403 mel=2.328 durs=0.355 pitch=0.540 ctc=4.608 bin=1.335 score=0.253 fmatch=0.033 d=0.228 lr=1.000e-04 | 5.93it/s skip=0 (62.1m)\n"}
,{"stream_name":"stdout","time":3843.462643175,"data":"[01:02:19] it 19900 loss=9.130 mel=1.905 durs=0.308 pitch=0.499 ctc=4.427 bin=1.228 score=0.363 fmatch=0.038 d=0.262 lr=1.000e-04 | 5.95it/s skip=0 (62.1m)\n"}
,{"stream_name":"stdout","time":3847.750026206,"data":"[01:02:23] it 19925 loss=9.423 mel=2.258 durs=0.323 pitch=0.456 ctc=4.661 bin=1.264 score=0.283 fmatch=0.032 d=0.234 lr=1.000e-04 | 5.94it/s skip=0 (62.2m)\n"}
,{"stream_name":"stdout","time":3851.969435344,"data":"[01:02:27] it 19950 loss=9.579 mel=2.406 durs=0.328 pitch=0.612 ctc=4.641 bin=1.285 score=0.280 fmatch=0.033 d=0.234 lr=1.000e-04 | 5.97it/s skip=0 (62.3m)\n"}
,{"stream_name":"stdout","time":3856.268156841,"data":"[01:02:31] it 19975 loss=9.875 mel=2.416 durs=0.382 pitch=0.750 ctc=4.797 bin=1.434 score=0.271 fmatch=0.032 d=0.223 lr=1.000e-04 | 5.95it/s skip=0 (62.4m)\n"}
,{"stream_name":"stdout","time":3860.532162908,"data":"[01:02:36] it 20000 loss=9.105 mel=2.224 durs=0.314 pitch=0.469 ctc=4.483 bin=1.272 score=0.254 fmatch=0.030 d=0.240 lr=1.000e-04 | 5.95it/s skip=0 (62.4m)\n"}
,{"stream_name":"stdout","time":3861.395580703,"data":"[01:02:37] [train] probes saved at iter 20000\n"}
,{"stream_name":"stdout","time":3873.838552691,"data":"[01:02:49] [val] it 20000 loss=8.414 mel=2.383 durs=0.338 pitch=0.522 ctc=4.621 (12.4s)\n"}
,{"stream_name":"stdout","time":3878.086057955,"data":"[01:02:53] it 20025 loss=9.508 mel=2.334 durs=0.311 pitch=0.411 ctc=4.563 bin=1.291 score=0.304 fmatch=0.032 d=0.231 lr=1.000e-04 | 5.96it/s skip=0 (62.7m)\n"}
,{"stream_name":"stdout","time":3882.366197992,"data":"[01:02:58] it 20050 loss=9.327 mel=2.177 durs=0.355 pitch=0.499 ctc=4.464 bin=1.312 score=0.314 fmatch=0.034 d=0.248 lr=1.000e-04 | 5.96it/s skip=0 (62.8m)\n"}
,{"stream_name":"stdout","time":3886.671122252,"data":"[01:03:02] it 20075 loss=9.465 mel=2.182 durs=0.348 pitch=0.379 ctc=4.742 bin=1.355 score=0.271 fmatch=0.028 d=0.242 lr=1.000e-04 | 5.94it/s skip=0 (62.9m)\n"}
,{"stream_name":"stdout","time":3890.954127716,"data":"[01:03:06] it 20100 loss=8.919 mel=2.070 durs=0.311 pitch=0.513 ctc=4.506 bin=1.277 score=0.238 fmatch=0.030 d=0.242 lr=1.000e-04 | 5.94it/s skip=0 (62.9m)\n"}
,{"stream_name":"stdout","time":3895.209121863,"data":"[01:03:10] it 20125 loss=9.192 mel=2.292 durs=0.328 pitch=0.585 ctc=4.448 bin=1.271 score=0.264 fmatch=0.031 d=0.238 lr=1.000e-04 | 5.95it/s skip=0 (63.0m)\n"}
,{"stream_name":"stdout","time":3899.381982514,"data":"[01:03:15] it 20150 loss=10.019 mel=2.485 durs=0.357 pitch=0.555 ctc=4.703 bin=1.405 score=0.324 fmatch=0.039 d=0.229 lr=1.000e-04 | 6.01it/s skip=0 (63.1m)\n"}
,{"stream_name":"stdout","time":3903.605930246,"data":"[01:03:19] it 20175 loss=8.765 mel=1.996 durs=0.338 pitch=0.430 ctc=4.456 bin=1.235 score=0.243 fmatch=0.031 d=0.237 lr=1.000e-04 | 6.02it/s skip=0 (63.1m)\n"}
,{"stream_name":"stdout","time":3907.956835097,"data":"[01:03:23] it 20200 loss=9.315 mel=2.255 durs=0.352 pitch=0.610 ctc=4.600 bin=1.316 score=0.254 fmatch=0.030 d=0.234 lr=1.000e-04 | 5.95it/s skip=0 (63.2m)\n"}
,{"stream_name":"stdout","time":3912.341941949,"data":"[01:03:27] it 20225 loss=10.075 mel=2.631 durs=0.378 pitch=0.483 ctc=4.556 bin=1.369 score=0.347 fmatch=0.044 d=0.238 lr=1.000e-04 | 5.90it/s skip=0 (63.3m)\n"}
,{"stream_name":"stdout","time":3916.64047364,"data":"[01:03:32] it 20250 loss=9.160 mel=2.199 durs=0.311 pitch=0.650 ctc=4.432 bin=1.231 score=0.292 fmatch=0.032 d=0.231 lr=1.000e-04 | 5.91it/s skip=0 (63.4m)\n"}
,{"stream_name":"stdout","time":3920.930111922,"data":"[01:03:36] it 20275 loss=9.548 mel=2.302 durs=0.328 pitch=0.455 ctc=4.673 bin=1.333 score=0.282 fmatch=0.033 d=0.245 lr=1.000e-04 | 5.92it/s skip=0 (63.4m)\n"}
,{"stream_name":"stdout","time":3925.225706821,"data":"[01:03:40] it 20300 loss=9.313 mel=2.218 durs=0.323 pitch=0.472 ctc=4.477 bin=1.248 score=0.314 fmatch=0.036 d=0.225 lr=1.000e-04 | 5.92it/s skip=0 (63.5m)\n"}
,{"stream_name":"stdout","time":3929.400702025,"data":"[01:03:45] it 20325 loss=9.642 mel=2.449 durs=0.370 pitch=0.492 ctc=4.709 bin=1.459 score=0.226 fmatch=0.033 d=0.234 lr=1.000e-04 | 5.98it/s skip=0 (63.6m)\n"}
,{"stream_name":"stdout","time":3933.749559839,"data":"[01:03:49] it 20350 loss=9.067 mel=2.157 durs=0.290 pitch=0.620 ctc=4.376 bin=1.236 score=0.293 fmatch=0.033 d=0.232 lr=1.000e-04 | 5.93it/s skip=0 (63.7m)\n"}
,{"stream_name":"stdout","time":3938.11610505,"data":"[01:03:53] it 20375 loss=8.903 mel=2.044 durs=0.298 pitch=0.578 ctc=4.277 bin=1.203 score=0.314 fmatch=0.035 d=0.232 lr=1.000e-04 | 5.88it/s skip=0 (63.7m)\n"}
,{"stream_name":"stdout","time":3942.425663611,"data":"[01:03:58] it 20400 loss=9.685 mel=2.357 durs=0.377 pitch=0.503 ctc=4.720 bin=1.364 score=0.281 fmatch=0.033 d=0.231 lr=1.000e-04 | 5.89it/s skip=0 (63.8m)\n"}
,{"stream_name":"stdout","time":3946.666513435,"data":"[01:04:02] it 20425 loss=8.968 mel=2.133 durs=0.301 pitch=0.477 ctc=4.617 bin=1.193 score=0.229 fmatch=0.031 d=0.236 lr=1.000e-04 | 5.94it/s skip=0 (63.9m)\n"}
,{"stream_name":"stdout","time":3950.951969338,"data":"[01:04:06] it 20450 loss=10.216 mel=2.505 durs=0.346 pitch=0.474 ctc=4.744 bin=1.327 score=0.378 fmatch=0.046 d=0.253 lr=1.000e-04 | 5.93it/s skip=0 (63.9m)\n"}
,{"stream_name":"stdout","time":3955.267346609,"data":"[01:04:10] it 20475 loss=8.830 mel=2.088 durs=0.284 pitch=0.493 ctc=4.457 bin=1.247 score=0.231 fmatch=0.034 d=0.247 lr=1.000e-04 | 5.93it/s skip=0 (64.0m)\n"}
,{"stream_name":"stdout","time":3959.548199643,"data":"[01:04:15] it 20500 loss=9.483 mel=2.369 durs=0.340 pitch=0.441 ctc=4.601 bin=1.338 score=0.266 fmatch=0.032 d=0.237 lr=1.000e-04 | 5.93it/s skip=0 (64.1m)\n"}
,{"stream_name":"stdout","time":3963.975534684,"data":"[01:04:19] it 20525 loss=8.968 mel=2.164 durs=0.333 pitch=0.529 ctc=4.524 bin=1.237 score=0.230 fmatch=0.035 d=0.239 lr=1.000e-04 | 5.94it/s skip=0 (64.2m)\n"}
,{"stream_name":"stdout","time":3968.261928213,"data":"[01:04:23] it 20550 loss=9.784 mel=2.309 durs=0.347 pitch=0.718 ctc=4.827 bin=1.370 score=0.285 fmatch=0.034 d=0.208 lr=1.000e-04 | 5.94it/s skip=0 (64.2m)\n"}
,{"stream_name":"stdout","time":3972.531636855,"data":"[01:04:28] it 20575 loss=9.390 mel=2.396 durs=0.355 pitch=0.475 ctc=4.614 bin=1.316 score=0.238 fmatch=0.031 d=0.226 lr=1.000e-04 | 5.94it/s skip=0 (64.3m)\n"}
,{"stream_name":"stdout","time":3976.834158792,"data":"[01:04:32] it 20600 loss=9.208 mel=2.284 durs=0.321 pitch=0.465 ctc=4.524 bin=1.297 score=0.247 fmatch=0.035 d=0.236 lr=1.000e-04 | 5.92it/s skip=0 (64.4m)\n"}
,{"stream_name":"stdout","time":3981.064189987,"data":"[01:04:36] it 20625 loss=9.233 mel=2.205 durs=0.346 pitch=0.372 ctc=4.652 bin=1.310 score=0.240 fmatch=0.033 d=0.242 lr=1.000e-04 | 5.95it/s skip=0 (64.4m)\n"}
,{"stream_name":"stdout","time":3985.3017925,"data":"[01:04:40] it 20650 loss=9.366 mel=2.128 durs=0.337 pitch=0.427 ctc=4.657 bin=1.280 score=0.297 fmatch=0.035 d=0.223 lr=1.000e-04 | 5.98it/s skip=0 (64.5m)\n"}
,{"stream_name":"stdout","time":3989.586888465,"data":"[01:04:45] it 20675 loss=9.647 mel=2.264 durs=0.367 pitch=0.478 ctc=4.623 bin=1.404 score=0.309 fmatch=0.035 d=0.237 lr=1.000e-04 | 5.96it/s skip=0 (64.6m)\n"}
,{"stream_name":"stdout","time":3993.948161263,"data":"[01:04:49] it 20700 loss=9.377 mel=2.539 durs=0.338 pitch=0.488 ctc=4.438 bin=1.286 score=0.249 fmatch=0.035 d=0.254 lr=1.000e-04 | 5.92it/s skip=0 (64.7m)\n"}
,{"stream_name":"stdout","time":3998.299759987,"data":"[01:04:53] it 20725 loss=9.205 mel=2.107 durs=0.344 pitch=0.470 ctc=4.737 bin=1.342 score=0.226 fmatch=0.036 d=0.252 lr=1.000e-04 | 5.89it/s skip=0 (64.7m)\n"}
,{"stream_name":"stdout","time":4002.608940664,"data":"[01:04:58] it 20750 loss=9.314 mel=2.160 durs=0.315 pitch=0.431 ctc=4.585 bin=1.286 score=0.295 fmatch=0.030 d=0.244 lr=1.000e-04 | 5.90it/s skip=0 (64.8m)\n"}
,{"stream_name":"stdout","time":4006.818919128,"data":"[01:05:02] it 20775 loss=9.740 mel=2.619 durs=0.367 pitch=0.539 ctc=4.617 bin=1.315 score=0.267 fmatch=0.030 d=0.233 lr=1.000e-04 | 5.95it/s skip=0 (64.9m)\n"}
,{"stream_name":"stdout","time":4011.14341247,"data":"[01:05:06] it 20800 loss=9.851 mel=2.578 durs=0.372 pitch=0.600 ctc=4.717 bin=1.344 score=0.271 fmatch=0.032 d=0.232 lr=1.000e-04 | 5.93it/s skip=0 (64.9m)\n"}
,{"stream_name":"stdout","time":4015.278550345,"data":"[01:05:10] it 20825 loss=8.999 mel=2.184 durs=0.351 pitch=0.407 ctc=4.480 bin=1.213 score=0.254 fmatch=0.031 d=0.243 lr=1.000e-04 | 6.01it/s skip=0 (65.0m)\n"}
,{"stream_name":"stdout","time":4019.534586251,"data":"[01:05:15] it 20850 loss=9.812 mel=2.524 durs=0.340 pitch=0.483 ctc=4.724 bin=1.299 score=0.287 fmatch=0.034 d=0.226 lr=1.000e-04 | 6.00it/s skip=0 (65.1m)\n"}
,{"stream_name":"stdout","time":4023.831808959,"data":"[01:05:19] it 20875 loss=8.798 mel=2.047 durs=0.295 pitch=0.485 ctc=4.254 bin=1.189 score=0.300 fmatch=0.029 d=0.251 lr=1.000e-04 | 5.97it/s skip=0 (65.2m)\n"}
,{"stream_name":"stdout","time":4028.158009132,"data":"[01:05:23] it 20900 loss=8.347 mel=1.926 durs=0.291 pitch=0.686 ctc=4.230 bin=1.142 score=0.229 fmatch=0.034 d=0.247 lr=1.000e-04 | 5.93it/s skip=0 (65.2m)\n"}
,{"stream_name":"stdout","time":4032.367892062,"data":"[01:05:28] it 20925 loss=10.079 mel=2.660 durs=0.421 pitch=0.806 ctc=4.815 bin=1.506 score=0.235 fmatch=0.033 d=0.236 lr=1.000e-04 | 5.97it/s skip=0 (65.3m)\n"}
,{"stream_name":"stdout","time":4036.598442955,"data":"[01:05:32] it 20950 loss=9.548 mel=2.376 durs=0.326 pitch=0.536 ctc=4.458 bin=1.267 score=0.330 fmatch=0.042 d=0.228 lr=1.000e-04 | 5.98it/s skip=0 (65.4m)\n"}
,{"stream_name":"stdout","time":4041.730226917,"data":"[01:05:37] it 20975 loss=9.511 mel=2.214 durs=0.329 pitch=0.456 ctc=4.765 bin=1.276 score=0.286 fmatch=0.032 d=0.236 lr=1.000e-04 | 5.91it/s skip=0 (65.5m)\n"}
,{"stream_name":"stdout","time":4045.924389176,"data":"[01:05:41] it 21000 loss=8.917 mel=1.904 durs=0.290 pitch=0.527 ctc=4.425 bin=1.205 score=0.317 fmatch=0.034 d=0.236 lr=1.000e-04 | 5.96it/s skip=0 (65.5m)\n"}
,{"stream_name":"stdout","time":4050.238896389,"data":"[01:05:45] it 21025 loss=9.296 mel=2.318 durs=0.317 pitch=0.676 ctc=4.423 bin=1.221 score=0.301 fmatch=0.032 d=0.251 lr=1.000e-04 | 6.02it/s skip=0 (65.6m)\n"}
,{"stream_name":"stdout","time":4054.508446508,"data":"[01:05:50] it 21050 loss=10.039 mel=2.638 durs=0.380 pitch=0.515 ctc=4.886 bin=1.397 score=0.249 fmatch=0.031 d=0.238 lr=1.000e-04 | 5.99it/s skip=0 (65.7m)\n"}
,{"stream_name":"stdout","time":4058.742489637,"data":"[01:05:54] it 21075 loss=9.520 mel=2.298 durs=0.322 pitch=0.534 ctc=4.583 bin=1.284 score=0.308 fmatch=0.036 d=0.231 lr=1.000e-04 | 6.00it/s skip=0 (65.7m)\n"}
,{"stream_name":"stdout","time":4063.06694656,"data":"[01:05:58] it 21100 loss=9.541 mel=2.316 durs=0.326 pitch=0.635 ctc=4.580 bin=1.288 score=0.306 fmatch=0.036 d=0.218 lr=1.000e-04 | 5.95it/s skip=0 (65.8m)\n"}
,{"stream_name":"stdout","time":4067.37843173,"data":"[01:06:03] it 21125 loss=9.356 mel=2.278 durs=0.336 pitch=0.578 ctc=4.603 bin=1.328 score=0.255 fmatch=0.035 d=0.234 lr=1.000e-04 | 5.93it/s skip=0 (65.9m)\n"}
,{"stream_name":"stdout","time":4071.634000537,"data":"[01:06:07] it 21150 loss=10.493 mel=2.636 durs=0.389 pitch=0.361 ctc=5.054 bin=1.446 score=0.311 fmatch=0.036 d=0.222 lr=1.000e-04 | 5.94it/s skip=0 (65.9m)\n"}
,{"stream_name":"stdout","time":4075.851618685,"data":"[01:06:11] it 21175 loss=8.887 mel=2.010 durs=0.287 pitch=0.647 ctc=4.376 bin=1.185 score=0.298 fmatch=0.032 d=0.232 lr=1.000e-04 | 5.98it/s skip=0 (66.0m)\n"}
,{"stream_name":"stdout","time":4080.153803306,"data":"[01:06:15] it 21200 loss=9.342 mel=2.364 durs=0.339 pitch=0.427 ctc=4.376 bin=1.290 score=0.300 fmatch=0.035 d=0.229 lr=1.000e-04 | 5.95it/s skip=0 (66.1m)\n"}
,{"stream_name":"stdout","time":4084.43599732,"data":"[01:06:20] it 21225 loss=9.414 mel=2.093 durs=0.325 pitch=0.573 ctc=4.556 bin=1.240 score=0.348 fmatch=0.041 d=0.218 lr=1.000e-04 | 5.95it/s skip=0 (66.2m)\n"}
,{"stream_name":"stdout","time":4088.739019235,"data":"[01:06:24] it 21250 loss=10.278 mel=2.572 durs=0.381 pitch=0.549 ctc=5.010 bin=1.444 score=0.281 fmatch=0.034 d=0.234 lr=1.000e-04 | 5.93it/s skip=0 (66.2m)\n"}
,{"stream_name":"stdout","time":4093.046333205,"data":"[01:06:28] it 21275 loss=9.555 mel=2.441 durs=0.375 pitch=0.568 ctc=4.600 bin=1.353 score=0.258 fmatch=0.033 d=0.213 lr=1.000e-04 | 5.92it/s skip=0 (66.3m)\n"}
,{"stream_name":"stdout","time":4097.30670429,"data":"[01:06:32] it 21300 loss=9.293 mel=2.133 durs=0.333 pitch=0.512 ctc=4.597 bin=1.353 score=0.273 fmatch=0.033 d=0.220 lr=1.000e-04 | 5.94it/s skip=0 (66.4m)\n"}
,{"stream_name":"stdout","time":4101.516734613,"data":"[01:06:37] it 21325 loss=9.020 mel=2.192 durs=0.303 pitch=0.626 ctc=4.189 bin=1.188 score=0.330 fmatch=0.037 d=0.249 lr=1.000e-04 | 5.96it/s skip=0 (66.4m)\n"}
,{"stream_name":"stdout","time":4105.905796748,"data":"[01:06:41] it 21350 loss=9.450 mel=2.286 durs=0.337 pitch=0.500 ctc=4.735 bin=1.309 score=0.251 fmatch=0.032 d=0.219 lr=1.000e-04 | 5.93it/s skip=0 (66.5m)\n"}
,{"stream_name":"stdout","time":4110.215905144,"data":"[01:06:45] it 21375 loss=9.007 mel=1.997 durs=0.311 pitch=0.565 ctc=4.600 bin=1.269 score=0.256 fmatch=0.029 d=0.242 lr=1.000e-04 | 5.92it/s skip=0 (66.6m)\n"}
,{"stream_name":"stdout","time":4114.557033257,"data":"[01:06:50] it 21400 loss=9.588 mel=2.427 durs=0.353 pitch=0.462 ctc=4.554 bin=1.343 score=0.288 fmatch=0.030 d=0.248 lr=1.000e-04 | 5.91it/s skip=0 (66.7m)\n"}
,{"stream_name":"stdout","time":4118.852736009,"data":"[01:06:54] it 21425 loss=9.152 mel=2.211 durs=0.345 pitch=0.602 ctc=4.383 bin=1.271 score=0.291 fmatch=0.030 d=0.241 lr=1.000e-04 | 5.91it/s skip=0 (66.7m)\n"}
,{"stream_name":"stdout","time":4123.147220352,"data":"[01:06:58] it 21450 loss=8.800 mel=2.015 durs=0.306 pitch=0.365 ctc=4.366 bin=1.274 score=0.262 fmatch=0.029 d=0.233 lr=1.000e-04 | 5.91it/s skip=0 (66.8m)\n"}
,{"stream_name":"stdout","time":4127.520431347,"data":"[01:07:03] it 21475 loss=9.598 mel=2.486 durs=0.386 pitch=0.380 ctc=4.641 bin=1.318 score=0.261 fmatch=0.030 d=0.238 lr=1.000e-04 | 5.86it/s skip=0 (66.9m)\n"}
,{"stream_name":"stdout","time":4131.751833616,"data":"[01:07:07] it 21500 loss=9.388 mel=2.374 durs=0.307 pitch=0.515 ctc=4.574 bin=1.279 score=0.262 fmatch=0.033 d=0.221 lr=1.000e-04 | 5.91it/s skip=0 (67.0m)\n"}
,{"stream_name":"stdout","time":4136.233910779,"data":"[01:07:11] it 21525 loss=9.929 mel=2.340 durs=0.349 pitch=0.597 ctc=4.839 bin=1.352 score=0.317 fmatch=0.036 d=0.232 lr=1.000e-04 | 5.90it/s skip=0 (67.0m)\n"}
,{"stream_name":"stdout","time":4140.507613471,"data":"[01:07:16] it 21550 loss=9.780 mel=2.554 durs=0.377 pitch=0.672 ctc=4.639 bin=1.322 score=0.281 fmatch=0.034 d=0.223 lr=1.000e-04 | 5.92it/s skip=0 (67.1m)\n"}
,{"stream_name":"stdout","time":4144.739319941,"data":"[01:07:20] it 21575 loss=9.453 mel=2.333 durs=0.364 pitch=0.497 ctc=4.611 bin=1.348 score=0.261 fmatch=0.029 d=0.235 lr=1.000e-04 | 5.95it/s skip=0 (67.2m)\n"}
,{"stream_name":"stdout","time":4149.00207028,"data":"[01:07:24] it 21600 loss=10.060 mel=2.241 durs=0.364 pitch=0.677 ctc=4.865 bin=1.488 score=0.331 fmatch=0.036 d=0.252 lr=1.000e-04 | 5.95it/s skip=0 (67.2m)\n"}
,{"stream_name":"stdout","time":4153.234721904,"data":"[01:07:28] it 21625 loss=8.897 mel=1.991 durs=0.267 pitch=0.320 ctc=4.382 bin=1.200 score=0.308 fmatch=0.034 d=0.234 lr=1.000e-04 | 5.97it/s skip=0 (67.3m)\n"}
,{"stream_name":"stdout","time":4157.551085664,"data":"[01:07:33] it 21650 loss=9.315 mel=2.144 durs=0.334 pitch=0.489 ctc=4.776 bin=1.223 score=0.265 fmatch=0.028 d=0.242 lr=1.000e-04 | 5.94it/s skip=0 (67.4m)\n"}
,{"stream_name":"stdout","time":4161.813014671,"data":"[01:07:37] it 21675 loss=9.484 mel=2.530 durs=0.360 pitch=0.511 ctc=4.503 bin=1.245 score=0.272 fmatch=0.032 d=0.237 lr=1.000e-04 | 5.94it/s skip=0 (67.5m)\n"}
,{"stream_name":"stdout","time":4166.038974332,"data":"[01:07:41] it 21700 loss=8.977 mel=2.132 durs=0.313 pitch=0.639 ctc=4.427 bin=1.204 score=0.272 fmatch=0.030 d=0.239 lr=1.000e-04 | 5.96it/s skip=0 (67.5m)\n"}
,{"stream_name":"stdout","time":4170.369660029,"data":"[01:07:46] it 21725 loss=9.235 mel=2.136 durs=0.341 pitch=0.557 ctc=4.682 bin=1.317 score=0.245 fmatch=0.031 d=0.242 lr=1.000e-04 | 5.92it/s skip=0 (67.6m)\n"}
,{"stream_name":"stdout","time":4174.631909335,"data":"[01:07:50] it 21750 loss=9.471 mel=2.163 durs=0.320 pitch=0.503 ctc=4.636 bin=1.283 score=0.318 fmatch=0.035 d=0.227 lr=1.000e-04 | 5.94it/s skip=0 (67.7m)\n"}
,{"stream_name":"stdout","time":4178.891757045,"data":"[01:07:54] it 21775 loss=9.271 mel=2.322 durs=0.333 pitch=0.619 ctc=4.449 bin=1.240 score=0.283 fmatch=0.032 d=0.233 lr=1.000e-04 | 5.94it/s skip=0 (67.7m)\n"}
,{"stream_name":"stdout","time":4183.191897029,"data":"[01:07:58] it 21800 loss=9.371 mel=2.340 durs=0.329 pitch=0.407 ctc=4.513 bin=1.308 score=0.276 fmatch=0.032 d=0.227 lr=1.000e-04 | 5.93it/s skip=0 (67.8m)\n"}
,{"stream_name":"stdout","time":4187.445057314,"data":"[01:08:03] it 21825 loss=9.218 mel=2.102 durs=0.294 pitch=0.569 ctc=4.463 bin=1.241 score=0.323 fmatch=0.035 d=0.233 lr=1.000e-04 | 5.94it/s skip=0 (67.9m)\n"}
,{"stream_name":"stdout","time":4191.738104615,"data":"[01:08:07] it 21850 loss=9.006 mel=1.914 durs=0.300 pitch=0.621 ctc=4.750 bin=1.209 score=0.253 fmatch=0.029 d=0.241 lr=1.000e-04 | 5.93it/s skip=0 (68.0m)\n"}
,{"stream_name":"stdout","time":4195.998116569,"data":"[01:08:11] it 21875 loss=9.269 mel=2.313 durs=0.358 pitch=0.819 ctc=4.494 bin=1.302 score=0.253 fmatch=0.032 d=0.228 lr=1.000e-04 | 5.94it/s skip=0 (68.0m)\n"}
,{"stream_name":"stdout","time":4200.238371048,"data":"[01:08:15] it 21900 loss=9.143 mel=2.122 durs=0.301 pitch=0.491 ctc=4.407 bin=1.228 score=0.319 fmatch=0.032 d=0.243 lr=1.000e-04 | 5.96it/s skip=0 (68.1m)\n"}
,{"stream_name":"stdout","time":4204.48763123,"data":"[01:08:20] it 21925 loss=9.565 mel=2.304 durs=0.348 pitch=0.635 ctc=4.703 bin=1.351 score=0.268 fmatch=0.035 d=0.209 lr=1.000e-04 | 5.97it/s skip=0 (68.2m)\n"}
,{"stream_name":"stdout","time":4208.865863028,"data":"[01:08:24] it 21950 loss=9.815 mel=2.491 durs=0.351 pitch=0.707 ctc=4.635 bin=1.303 score=0.311 fmatch=0.039 d=0.225 lr=1.000e-04 | 5.90it/s skip=0 (68.2m)\n"}
,{"stream_name":"stdout","time":4213.167410716,"data":"[01:08:28] it 21975 loss=9.426 mel=2.334 durs=0.324 pitch=0.493 ctc=4.635 bin=1.297 score=0.261 fmatch=0.033 d=0.226 lr=1.000e-04 | 5.91it/s skip=0 (68.3m)\n"}
,{"stream_name":"stdout","time":4217.464589434,"data":"[01:08:33] it 22000 loss=9.701 mel=2.206 durs=0.326 pitch=0.500 ctc=4.602 bin=1.333 score=0.359 fmatch=0.041 d=0.237 lr=1.000e-04 | 5.92it/s skip=0 (68.4m)\n"}
,{"stream_name":"stdout","time":4217.934317467,"data":"[01:08:33] [train] probes saved at iter 22000\n"}
,{"stream_name":"stdout","time":4230.41222632,"data":"[01:08:46] [val] it 22000 loss=8.138 mel=2.200 durs=0.328 pitch=0.514 ctc=4.564 (12.5s)\n"}
,{"stream_name":"stdout","time":4234.720242978,"data":"[01:08:50] it 22025 loss=9.103 mel=2.336 durs=0.346 pitch=0.639 ctc=4.403 bin=1.288 score=0.236 fmatch=0.033 d=0.249 lr=1.000e-04 | 5.91it/s skip=0 (68.7m)\n"}
,{"stream_name":"stdout","time":4238.982163942,"data":"[01:08:54] it 22050 loss=9.153 mel=2.191 durs=0.331 pitch=0.585 ctc=4.458 bin=1.294 score=0.272 fmatch=0.031 d=0.229 lr=1.000e-04 | 5.93it/s skip=0 (68.7m)\n"}
,{"stream_name":"stdout","time":4243.326109293,"data":"[01:08:58] it 22075 loss=8.841 mel=2.050 durs=0.315 pitch=0.468 ctc=4.547 bin=1.285 score=0.211 fmatch=0.035 d=0.238 lr=1.000e-04 | 5.91it/s skip=0 (68.8m)\n"}
,{"stream_name":"stdout","time":4247.857356826,"data":"[01:09:03] it 22100 loss=9.221 mel=2.234 durs=0.327 pitch=0.603 ctc=4.355 bin=1.212 score=0.323 fmatch=0.034 d=0.230 lr=1.000e-04 | 5.86it/s skip=0 (68.9m)\n"}
,{"stream_name":"stdout","time":4252.208158867,"data":"[01:09:07] it 22125 loss=9.376 mel=2.399 durs=0.338 pitch=0.461 ctc=4.516 bin=1.320 score=0.257 fmatch=0.032 d=0.219 lr=1.000e-04 | 5.85it/s skip=0 (69.0m)\n"}
,{"stream_name":"stdout","time":4256.412903498,"data":"[01:09:12] it 22150 loss=8.900 mel=2.116 durs=0.321 pitch=0.579 ctc=4.466 bin=1.225 score=0.243 fmatch=0.029 d=0.242 lr=1.000e-04 | 5.93it/s skip=0 (69.0m)\n"}
,{"stream_name":"stdout","time":4260.713970401,"data":"[01:09:16] it 22175 loss=9.204 mel=2.179 durs=0.351 pitch=0.486 ctc=4.575 bin=1.302 score=0.258 fmatch=0.031 d=0.235 lr=1.000e-04 | 5.93it/s skip=0 (69.1m)\n"}
,{"stream_name":"stdout","time":4265.159413564,"data":"[01:09:20] it 22200 loss=9.716 mel=2.460 durs=0.371 pitch=0.504 ctc=4.718 bin=1.362 score=0.263 fmatch=0.036 d=0.225 lr=1.000e-04 | 5.87it/s skip=0 (69.2m)\n"}
,{"stream_name":"stdout","time":4269.40324808,"data":"[01:09:25] it 22225 loss=9.257 mel=2.244 durs=0.355 pitch=0.428 ctc=4.428 bin=1.250 score=0.306 fmatch=0.035 d=0.227 lr=1.000e-04 | 5.91it/s skip=0 (69.2m)\n"}
,{"stream_name":"stdout","time":4273.759832522,"data":"[01:09:29] it 22250 loss=8.888 mel=2.011 durs=0.297 pitch=0.520 ctc=4.494 bin=1.256 score=0.254 fmatch=0.027 d=0.233 lr=1.000e-04 | 5.89it/s skip=0 (69.3m)\n"}
,{"stream_name":"stdout","time":4277.943487479,"data":"[01:09:33] it 22275 loss=8.515 mel=1.905 durs=0.288 pitch=0.432 ctc=4.287 bin=1.162 score=0.265 fmatch=0.028 d=0.235 lr=1.000e-04 | 5.96it/s skip=0 (69.4m)\n"}
,{"stream_name":"stdout","time":4282.319895409,"data":"[01:09:37] it 22300 loss=9.354 mel=2.044 durs=0.338 pitch=0.417 ctc=4.755 bin=1.350 score=0.275 fmatch=0.030 d=0.228 lr=1.000e-04 | 5.91it/s skip=0 (69.5m)\n"}
,{"stream_name":"stdout","time":4286.490728631,"data":"[01:09:42] it 22325 loss=9.527 mel=2.385 durs=0.348 pitch=0.518 ctc=4.629 bin=1.311 score=0.271 fmatch=0.031 d=0.224 lr=1.000e-04 | 5.99it/s skip=0 (69.5m)\n"}
,{"stream_name":"stdout","time":4290.763470386,"data":"[01:09:46] it 22350 loss=9.410 mel=2.380 durs=0.328 pitch=0.591 ctc=4.415 bin=1.281 score=0.302 fmatch=0.035 d=0.229 lr=1.000e-04 | 5.98it/s skip=0 (69.6m)\n"}
,{"stream_name":"stdout","time":4295.005481509,"data":"[01:09:50] it 22375 loss=9.102 mel=2.112 durs=0.353 pitch=0.527 ctc=4.483 bin=1.274 score=0.279 fmatch=0.029 d=0.243 lr=1.000e-04 | 5.99it/s skip=0 (69.7m)\n"}
,{"stream_name":"stdout","time":4299.244960808,"data":"[01:09:54] it 22400 loss=9.073 mel=2.224 durs=0.331 pitch=0.613 ctc=4.520 bin=1.277 score=0.232 fmatch=0.031 d=0.241 lr=1.000e-04 | 5.99it/s skip=0 (69.7m)\n"}
,{"stream_name":"stdout","time":4303.478611405,"data":"[01:09:59] it 22425 loss=9.954 mel=2.453 durs=0.385 pitch=0.632 ctc=4.762 bin=1.344 score=0.315 fmatch=0.036 d=0.234 lr=1.000e-04 | 6.00it/s skip=0 (69.8m)\n"}
,{"stream_name":"stdout","time":4307.727503659,"data":"[01:10:03] it 22450 loss=9.537 mel=2.312 durs=0.357 pitch=0.747 ctc=4.754 bin=1.275 score=0.264 fmatch=0.032 d=0.233 lr=1.000e-04 | 5.99it/s skip=0 (69.9m)\n"}
,{"stream_name":"stdout","time":4312.095490249,"data":"[01:10:07] it 22475 loss=9.700 mel=2.266 durs=0.332 pitch=0.460 ctc=4.700 bin=1.406 score=0.304 fmatch=0.033 d=0.237 lr=1.000e-04 | 5.92it/s skip=0 (70.0m)\n"}
,{"stream_name":"stdout","time":4316.357799106,"data":"[01:10:11] it 22500 loss=9.146 mel=2.162 durs=0.298 pitch=0.679 ctc=4.503 bin=1.248 score=0.276 fmatch=0.030 d=0.242 lr=1.000e-04 | 5.94it/s skip=0 (70.0m)\n"}
,{"stream_name":"stdout","time":4320.780510121,"data":"[01:10:16] it 22525 loss=9.483 mel=2.319 durs=0.356 pitch=0.584 ctc=4.776 bin=1.332 score=0.232 fmatch=0.032 d=0.242 lr=1.000e-04 | 5.94it/s skip=0 (70.1m)\n"}
,{"stream_name":"stdout","time":4325.171756934,"data":"[01:10:20] it 22550 loss=9.645 mel=2.297 durs=0.342 pitch=0.455 ctc=4.649 bin=1.341 score=0.311 fmatch=0.036 d=0.238 lr=1.000e-04 | 5.88it/s skip=0 (70.2m)\n"}
,{"stream_name":"stdout","time":4329.359040942,"data":"[01:10:25] it 22575 loss=9.561 mel=2.384 durs=0.353 pitch=0.472 ctc=4.491 bin=1.329 score=0.310 fmatch=0.036 d=0.240 lr=1.000e-04 | 5.95it/s skip=0 (70.2m)\n"}
,{"stream_name":"stdout","time":4333.638117544,"data":"[01:10:29] it 22600 loss=9.318 mel=2.060 durs=0.335 pitch=0.546 ctc=4.361 bin=1.143 score=0.404 fmatch=0.049 d=0.240 lr=1.000e-04 | 5.94it/s skip=0 (70.3m)\n"}
,{"stream_name":"stdout","time":4337.926133674,"data":"[01:10:33] it 22625 loss=9.783 mel=2.443 durs=0.384 pitch=0.515 ctc=4.772 bin=1.327 score=0.280 fmatch=0.032 d=0.231 lr=1.000e-04 | 5.94it/s skip=0 (70.4m)\n"}
,{"stream_name":"stdout","time":4342.196229601,"data":"[01:10:37] it 22650 loss=8.894 mel=2.192 durs=0.299 pitch=0.509 ctc=4.340 bin=1.325 score=0.231 fmatch=0.034 d=0.245 lr=1.000e-04 | 5.94it/s skip=0 (70.5m)\n"}
,{"stream_name":"stdout","time":4346.466573991,"data":"[01:10:42] it 22675 loss=9.648 mel=2.405 durs=0.364 pitch=0.553 ctc=4.574 bin=1.348 score=0.298 fmatch=0.037 d=0.242 lr=1.000e-04 | 5.95it/s skip=0 (70.5m)\n"}
,{"stream_name":"stdout","time":4350.829313085,"data":"[01:10:46] it 22700 loss=9.973 mel=2.639 durs=0.393 pitch=0.490 ctc=4.644 bin=1.439 score=0.283 fmatch=0.030 d=0.239 lr=1.000e-04 | 5.91it/s skip=0 (70.6m)\n"}
,{"stream_name":"stdout","time":4355.258272952,"data":"[01:10:50] it 22725 loss=9.256 mel=2.355 durs=0.320 pitch=0.493 ctc=4.318 bin=1.174 score=0.322 fmatch=0.039 d=0.242 lr=1.000e-04 | 5.84it/s skip=0 (70.7m)\n"}
,{"stream_name":"stdout","time":4359.571726708,"data":"[01:10:55] it 22750 loss=9.425 mel=2.253 durs=0.356 pitch=0.675 ctc=4.606 bin=1.244 score=0.297 fmatch=0.033 d=0.225 lr=1.000e-04 | 5.86it/s skip=0 (70.7m)\n"}
,{"stream_name":"stdout","time":4363.855884424,"data":"[01:10:59] it 22775 loss=9.352 mel=2.279 durs=0.346 pitch=0.535 ctc=4.547 bin=1.244 score=0.291 fmatch=0.032 d=0.233 lr=1.000e-04 | 5.90it/s skip=0 (70.8m)\n"}
,{"stream_name":"stdout","time":4368.116758758,"data":"[01:11:03] it 22800 loss=9.472 mel=2.487 durs=0.375 pitch=0.601 ctc=4.593 bin=1.349 score=0.228 fmatch=0.032 d=0.231 lr=1.000e-04 | 5.93it/s skip=0 (70.9m)\n"}
,{"stream_name":"stdout","time":4372.39514578,"data":"[01:11:08] it 22825 loss=9.582 mel=2.431 durs=0.344 pitch=0.494 ctc=4.448 bin=1.213 score=0.342 fmatch=0.039 d=0.232 lr=1.000e-04 | 5.92it/s skip=0 (71.0m)\n"}
,{"stream_name":"stdout","time":4376.675084791,"data":"[01:11:12] it 22850 loss=9.393 mel=2.245 durs=0.286 pitch=0.636 ctc=4.512 bin=1.174 score=0.333 fmatch=0.038 d=0.234 lr=1.000e-04 | 5.93it/s skip=0 (71.0m)\n"}
,{"stream_name":"stdout","time":4380.90723728,"data":"[01:11:16] it 22875 loss=8.979 mel=2.145 durs=0.300 pitch=0.531 ctc=4.303 bin=1.230 score=0.296 fmatch=0.033 d=0.211 lr=1.000e-04 | 5.96it/s skip=0 (71.1m)\n"}
,{"stream_name":"stdout","time":4385.472426868,"data":"[01:11:21] it 22900 loss=9.213 mel=2.154 durs=0.320 pitch=0.553 ctc=4.546 bin=1.314 score=0.271 fmatch=0.028 d=0.237 lr=1.000e-04 | 5.84it/s skip=0 (71.2m)\n"}
,{"stream_name":"stdout","time":4389.833876229,"data":"[01:11:25] it 22925 loss=9.149 mel=2.167 durs=0.332 pitch=0.686 ctc=4.574 bin=1.274 score=0.251 fmatch=0.030 d=0.241 lr=1.000e-04 | 5.84it/s skip=0 (71.3m)\n"}
,{"stream_name":"stdout","time":4394.064828396,"data":"[01:11:29] it 22950 loss=9.058 mel=2.188 durs=0.327 pitch=0.599 ctc=4.483 bin=1.302 score=0.239 fmatch=0.035 d=0.252 lr=1.000e-04 | 5.90it/s skip=0 (71.3m)\n"}
,{"stream_name":"stdout","time":4398.280486917,"data":"[01:11:33] it 22975 loss=10.221 mel=2.364 durs=0.399 pitch=0.392 ctc=4.808 bin=1.429 score=0.375 fmatch=0.042 d=0.258 lr=1.000e-04 | 5.95it/s skip=0 (71.4m)\n"}
,{"stream_name":"stdout","time":4402.536365551,"data":"[01:11:38] it 23000 loss=9.209 mel=2.177 durs=0.329 pitch=0.524 ctc=4.400 bin=1.248 score=0.316 fmatch=0.034 d=0.241 lr=1.000e-04 | 5.96it/s skip=0 (71.5m)\n"}
,{"stream_name":"stdout","time":4406.898454461,"data":"[01:11:42] it 23025 loss=9.726 mel=2.474 durs=0.343 pitch=0.513 ctc=4.661 bin=1.308 score=0.291 fmatch=0.031 d=0.235 lr=1.000e-04 | 5.98it/s skip=0 (71.5m)\n"}
,{"stream_name":"stdout","time":4411.142690979,"data":"[01:11:46] it 23050 loss=9.365 mel=2.234 durs=0.339 pitch=0.494 ctc=4.583 bin=1.305 score=0.283 fmatch=0.029 d=0.229 lr=1.000e-04 | 5.99it/s skip=0 (71.6m)\n"}
,{"stream_name":"stdout","time":4415.451037511,"data":"[01:11:51] it 23075 loss=9.018 mel=2.181 durs=0.317 pitch=0.444 ctc=4.435 bin=1.148 score=0.287 fmatch=0.031 d=0.238 lr=1.000e-04 | 5.96it/s skip=0 (71.7m)\n"}
,{"stream_name":"stdout","time":4419.754681726,"data":"[01:11:55] it 23100 loss=8.988 mel=2.130 durs=0.292 pitch=0.441 ctc=4.260 bin=1.143 score=0.336 fmatch=0.039 d=0.224 lr=1.000e-04 | 5.93it/s skip=0 (71.8m)\n"}
,{"stream_name":"stdout","time":4424.080303236,"data":"[01:11:59] it 23125 loss=8.948 mel=2.104 durs=0.318 pitch=0.613 ctc=4.344 bin=1.164 score=0.302 fmatch=0.035 d=0.244 lr=1.000e-04 | 5.91it/s skip=0 (71.8m)\n"}
,{"stream_name":"stdout","time":4428.302227419,"data":"[01:12:03] it 23150 loss=8.952 mel=2.181 durs=0.339 pitch=0.565 ctc=4.413 bin=1.198 score=0.260 fmatch=0.029 d=0.242 lr=1.000e-04 | 5.95it/s skip=0 (71.9m)\n"}
,{"stream_name":"stdout","time":4432.619516484,"data":"[01:12:08] it 23175 loss=8.851 mel=2.008 durs=0.296 pitch=0.497 ctc=4.245 bin=1.220 score=0.316 fmatch=0.035 d=0.229 lr=1.000e-04 | 5.93it/s skip=0 (72.0m)\n"}
,{"stream_name":"stdout","time":4436.959906154,"data":"[01:12:12] it 23200 loss=9.498 mel=2.194 durs=0.306 pitch=0.548 ctc=4.632 bin=1.267 score=0.321 fmatch=0.034 d=0.235 lr=1.000e-04 | 5.90it/s skip=0 (72.0m)\n"}
,{"stream_name":"stdout","time":4441.126022304,"data":"[01:12:16] it 23225 loss=9.314 mel=2.401 durs=0.350 pitch=0.716 ctc=4.585 bin=1.255 score=0.234 fmatch=0.031 d=0.230 lr=1.000e-04 | 5.97it/s skip=0 (72.1m)\n"}
,{"stream_name":"stdout","time":4445.384047145,"data":"[01:12:21] it 23250 loss=9.978 mel=2.628 durs=0.354 pitch=0.639 ctc=4.709 bin=1.359 score=0.287 fmatch=0.034 d=0.216 lr=1.000e-04 | 5.96it/s skip=0 (72.2m)\n"}
,{"stream_name":"stdout","time":4449.618416598,"data":"[01:12:25] it 23275 loss=9.258 mel=2.254 durs=0.322 pitch=0.693 ctc=4.545 bin=1.238 score=0.272 fmatch=0.030 d=0.227 lr=1.000e-04 | 5.98it/s skip=0 (72.2m)\n"}
,{"stream_name":"stdout","time":4453.91994673,"data":"[01:12:29] it 23300 loss=9.438 mel=2.309 durs=0.321 pitch=0.352 ctc=4.587 bin=1.280 score=0.291 fmatch=0.032 d=0.224 lr=1.000e-04 | 5.96it/s skip=0 (72.3m)\n"}
,{"stream_name":"stdout","time":4458.162539237,"data":"[01:12:33] it 23325 loss=8.944 mel=2.017 durs=0.309 pitch=0.487 ctc=4.450 bin=1.150 score=0.303 fmatch=0.034 d=0.235 lr=1.000e-04 | 5.96it/s skip=0 (72.4m)\n"}
,{"stream_name":"stdout","time":4462.40192763,"data":"[01:12:38] it 23350 loss=9.234 mel=2.166 durs=0.327 pitch=0.432 ctc=4.517 bin=1.227 score=0.303 fmatch=0.035 d=0.229 lr=1.000e-04 | 5.97it/s skip=0 (72.5m)\n"}
,{"stream_name":"stdout","time":4466.701102773,"data":"[01:12:42] it 23375 loss=9.580 mel=2.080 durs=0.292 pitch=0.409 ctc=4.539 bin=1.226 score=0.405 fmatch=0.046 d=0.276 lr=1.000e-04 | 5.94it/s skip=0 (72.5m)\n"}
,{"stream_name":"stdout","time":4471.007031325,"data":"[01:12:46] it 23400 loss=8.774 mel=2.004 durs=0.297 pitch=0.548 ctc=4.403 bin=1.235 score=0.255 fmatch=0.028 d=0.233 lr=1.000e-04 | 5.93it/s skip=0 (72.6m)\n"}
,{"stream_name":"stdout","time":4475.347855515,"data":"[01:12:50] it 23425 loss=9.614 mel=2.456 durs=0.372 pitch=0.446 ctc=4.619 bin=1.390 score=0.259 fmatch=0.031 d=0.228 lr=1.000e-04 | 5.91it/s skip=0 (72.7m)\n"}
,{"stream_name":"stdout","time":4480.349409056,"data":"[01:12:55] it 23450 loss=9.865 mel=2.510 durs=0.329 pitch=0.709 ctc=4.623 bin=1.284 score=0.327 fmatch=0.036 d=0.256 lr=1.000e-04 | 5.89it/s skip=0 (72.8m)\n"}
,{"stream_name":"stdout","time":4484.814070644,"data":"[01:13:00] it 23475 loss=9.510 mel=2.155 durs=0.345 pitch=0.565 ctc=4.767 bin=1.422 score=0.261 fmatch=0.031 d=0.221 lr=1.000e-04 | 5.84it/s skip=0 (72.8m)\n"}
,{"stream_name":"stdout","time":4489.17291044,"data":"[01:13:04] it 23500 loss=9.175 mel=2.209 durs=0.311 pitch=0.613 ctc=4.543 bin=1.218 score=0.271 fmatch=0.029 d=0.237 lr=1.000e-04 | 5.84it/s skip=0 (72.9m)\n"}
,{"stream_name":"stdout","time":4493.571464943,"data":"[01:13:09] it 23525 loss=9.767 mel=2.567 durs=0.361 pitch=0.591 ctc=4.562 bin=1.329 score=0.295 fmatch=0.033 d=0.223 lr=1.000e-04 | 5.89it/s skip=0 (73.0m)\n"}
,{"stream_name":"stdout","time":4497.77293523,"data":"[01:13:13] it 23550 loss=9.506 mel=2.501 durs=0.373 pitch=0.610 ctc=4.572 bin=1.369 score=0.233 fmatch=0.034 d=0.233 lr=1.000e-04 | 5.95it/s skip=0 (73.1m)\n"}
,{"stream_name":"stdout","time":4502.090328405,"data":"[01:13:17] it 23575 loss=10.196 mel=2.434 durs=0.355 pitch=0.614 ctc=4.719 bin=1.363 score=0.385 fmatch=0.044 d=0.246 lr=1.000e-04 | 5.93it/s skip=0 (73.1m)\n"}
,{"stream_name":"stdout","time":4506.390938825,"data":"[01:13:22] it 23600 loss=8.167 mel=2.022 durs=0.266 pitch=0.468 ctc=3.929 bin=1.040 score=0.269 fmatch=0.026 d=0.235 lr=1.000e-04 | 5.93it/s skip=0 (73.2m)\n"}
,{"stream_name":"stdout","time":4510.679988871,"data":"[01:13:26] it 23625 loss=8.468 mel=1.977 durs=0.296 pitch=0.387 ctc=4.316 bin=1.185 score=0.222 fmatch=0.034 d=0.248 lr=1.000e-04 | 5.92it/s skip=0 (73.3m)\n"}
,{"stream_name":"stdout","time":4515.034513846,"data":"[01:13:30] it 23650 loss=9.248 mel=1.991 durs=0.299 pitch=0.569 ctc=4.647 bin=1.330 score=0.291 fmatch=0.029 d=0.229 lr=1.000e-04 | 5.89it/s skip=0 (73.3m)\n"}
,{"stream_name":"stdout","time":4519.285116859,"data":"[01:13:34] it 23675 loss=9.021 mel=1.993 durs=0.324 pitch=0.632 ctc=4.506 bin=1.310 score=0.272 fmatch=0.027 d=0.232 lr=1.000e-04 | 5.92it/s skip=0 (73.4m)\n"}
,{"stream_name":"stdout","time":4523.568674367,"data":"[01:13:39] it 23700 loss=9.093 mel=2.243 durs=0.315 pitch=0.403 ctc=4.564 bin=1.276 score=0.227 fmatch=0.032 d=0.234 lr=1.000e-04 | 5.93it/s skip=0 (73.5m)\n"}
,{"stream_name":"stdout","time":4527.827804184,"data":"[01:13:43] it 23725 loss=9.028 mel=2.098 durs=0.315 pitch=0.538 ctc=4.383 bin=1.193 score=0.309 fmatch=0.034 d=0.236 lr=1.000e-04 | 5.95it/s skip=0 (73.6m)\n"}
,{"stream_name":"stdout","time":4532.156744772,"data":"[01:13:47] it 23750 loss=8.922 mel=1.887 durs=0.303 pitch=0.474 ctc=4.503 bin=1.228 score=0.299 fmatch=0.031 d=0.235 lr=1.000e-04 | 5.91it/s skip=0 (73.6m)\n"}
,{"stream_name":"stdout","time":4536.362556332,"data":"[01:13:52] it 23775 loss=9.742 mel=2.177 durs=0.335 pitch=0.499 ctc=4.665 bin=1.356 score=0.355 fmatch=0.042 d=0.221 lr=1.000e-04 | 5.95it/s skip=0 (73.7m)\n"}
,{"stream_name":"stdout","time":4540.683088873,"data":"[01:13:56] it 23800 loss=9.881 mel=2.541 durs=0.389 pitch=0.505 ctc=4.661 bin=1.382 score=0.294 fmatch=0.032 d=0.230 lr=1.000e-04 | 5.92it/s skip=0 (73.8m)\n"}
,{"stream_name":"stdout","time":4545.045881577,"data":"[01:14:00] it 23825 loss=9.728 mel=2.262 durs=0.348 pitch=0.618 ctc=4.708 bin=1.268 score=0.339 fmatch=0.036 d=0.250 lr=1.000e-04 | 5.88it/s skip=0 (73.8m)\n"}
,{"stream_name":"stdout","time":4549.318704693,"data":"[01:14:04] it 23850 loss=9.722 mel=2.278 durs=0.352 pitch=0.528 ctc=4.807 bin=1.313 score=0.301 fmatch=0.033 d=0.229 lr=1.000e-04 | 5.91it/s skip=0 (73.9m)\n"}
,{"stream_name":"stdout","time":4553.603400325,"data":"[01:14:09] it 23875 loss=9.748 mel=2.450 durs=0.353 pitch=0.487 ctc=4.593 bin=1.329 score=0.315 fmatch=0.032 d=0.238 lr=1.000e-04 | 5.91it/s skip=0 (74.0m)\n"}
,{"stream_name":"stdout","time":4557.858543506,"data":"[01:14:13] it 23900 loss=9.336 mel=2.053 durs=0.319 pitch=0.504 ctc=4.656 bin=1.259 score=0.313 fmatch=0.033 d=0.242 lr=1.000e-04 | 5.93it/s skip=0 (74.1m)\n"}
,{"stream_name":"stdout","time":4562.312356178,"data":"[01:14:17] it 23925 loss=8.357 mel=1.773 durs=0.277 pitch=0.553 ctc=4.272 bin=1.112 score=0.273 fmatch=0.026 d=0.242 lr=1.000e-04 | 5.87it/s skip=0 (74.1m)\n"}
,{"stream_name":"stdout","time":4566.643970151,"data":"[01:14:22] it 23950 loss=9.366 mel=2.202 durs=0.360 pitch=0.549 ctc=4.535 bin=1.260 score=0.311 fmatch=0.035 d=0.218 lr=1.000e-04 | 5.87it/s skip=0 (74.2m)\n"}
,{"stream_name":"stdout","time":4570.985201672,"data":"[01:14:26] it 23975 loss=9.690 mel=2.423 durs=0.367 pitch=0.430 ctc=4.722 bin=1.344 score=0.272 fmatch=0.033 d=0.221 lr=1.000e-04 | 5.86it/s skip=0 (74.3m)\n"}
,{"stream_name":"stdout","time":4575.20870107,"data":"[01:14:30] it 24000 loss=8.910 mel=2.099 durs=0.318 pitch=0.533 ctc=4.397 bin=1.292 score=0.252 fmatch=0.028 d=0.235 lr=1.000e-04 | 5.93it/s skip=0 (74.3m)\n"}
,{"stream_name":"stdout","time":4575.691708539,"data":"[01:14:31] [train] probes saved at iter 24000\n"}
,{"stream_name":"stdout","time":4588.294434341,"data":"[01:14:43] [val] it 24000 loss=8.029 mel=2.169 durs=0.320 pitch=0.511 ctc=4.520 (12.6s)\n"}
,{"stream_name":"stdout","time":4592.626607889,"data":"[01:14:48] it 24025 loss=9.531 mel=2.306 durs=0.340 pitch=0.632 ctc=4.670 bin=1.341 score=0.272 fmatch=0.028 d=0.235 lr=1.000e-04 | 5.90it/s skip=0 (74.6m)\n"}
,{"stream_name":"stdout","time":4596.811929724,"data":"[01:14:52] it 24050 loss=10.046 mel=2.417 durs=0.374 pitch=0.531 ctc=4.878 bin=1.363 score=0.315 fmatch=0.037 d=0.217 lr=1.000e-04 | 5.96it/s skip=0 (74.7m)\n"}
,{"stream_name":"stdout","time":4601.126680454,"data":"[01:14:56] it 24075 loss=8.629 mel=1.932 durs=0.333 pitch=0.468 ctc=4.414 bin=1.167 score=0.253 fmatch=0.026 d=0.230 lr=1.000e-04 | 5.94it/s skip=0 (74.8m)\n"}
,{"stream_name":"stdout","time":4605.470503805,"data":"[01:15:01] it 24100 loss=9.498 mel=2.197 durs=0.328 pitch=0.738 ctc=4.689 bin=1.294 score=0.295 fmatch=0.032 d=0.230 lr=1.000e-04 | 5.90it/s skip=0 (74.8m)\n"}
,{"stream_name":"stdout","time":4609.763562733,"data":"[01:15:05] it 24125 loss=8.581 mel=1.941 durs=0.276 pitch=0.509 ctc=4.278 bin=1.089 score=0.291 fmatch=0.029 d=0.243 lr=1.000e-04 | 5.90it/s skip=0 (74.9m)\n"}
,{"stream_name":"stdout","time":4614.005245368,"data":"[01:15:09] it 24150 loss=9.536 mel=2.137 durs=0.322 pitch=0.482 ctc=4.732 bin=1.258 score=0.323 fmatch=0.034 d=0.233 lr=1.000e-04 | 5.94it/s skip=0 (75.0m)\n"}
,{"stream_name":"stdout","time":4618.319477288,"data":"[01:15:13] it 24175 loss=9.229 mel=1.940 durs=0.294 pitch=0.498 ctc=4.527 bin=1.179 score=0.366 fmatch=0.041 d=0.248 lr=1.000e-04 | 5.92it/s skip=0 (75.1m)\n"}
,{"stream_name":"stdout","time":4622.610285816,"data":"[01:15:18] it 24200 loss=9.393 mel=2.028 durs=0.322 pitch=0.532 ctc=4.496 bin=1.327 score=0.354 fmatch=0.040 d=0.234 lr=1.000e-04 | 5.93it/s skip=0 (75.1m)\n"}
,{"stream_name":"stdout","time":4626.908672246,"data":"[01:15:22] it 24225 loss=10.399 mel=2.654 durs=0.365 pitch=0.444 ctc=4.913 bin=1.439 score=0.318 fmatch=0.039 d=0.224 lr=1.000e-04 | 5.93it/s skip=0 (75.2m)\n"}
,{"stream_name":"stdout","time":4631.208584962,"data":"[01:15:26] it 24250 loss=8.899 mel=2.071 durs=0.276 pitch=0.485 ctc=4.291 bin=1.075 score=0.337 fmatch=0.038 d=0.235 lr=1.000e-04 | 5.93it/s skip=0 (75.3m)\n"}
,{"stream_name":"stdout","time":4635.597905081,"data":"[01:15:31] it 24275 loss=8.841 mel=1.958 durs=0.278 pitch=0.588 ctc=4.457 bin=1.142 score=0.291 fmatch=0.031 d=0.234 lr=1.000e-04 | 5.87it/s skip=0 (75.3m)\n"}
,{"stream_name":"stdout","time":4639.872989437,"data":"[01:15:35] it 24300 loss=8.953 mel=1.913 durs=0.319 pitch=0.357 ctc=4.474 bin=1.202 score=0.315 fmatch=0.034 d=0.234 lr=1.000e-04 | 5.90it/s skip=0 (75.4m)\n"}
,{"stream_name":"stdout","time":4644.23546203,"data":"[01:15:39] it 24325 loss=8.638 mel=2.139 durs=0.300 pitch=0.414 ctc=4.157 bin=1.147 score=0.274 fmatch=0.028 d=0.230 lr=1.000e-04 | 5.87it/s skip=0 (75.5m)\n"}
,{"stream_name":"stdout","time":4648.684320866,"data":"[01:15:44] it 24350 loss=9.619 mel=2.484 durs=0.333 pitch=0.591 ctc=4.610 bin=1.344 score=0.265 fmatch=0.028 d=0.236 lr=1.000e-04 | 5.87it/s skip=0 (75.6m)\n"}
,{"stream_name":"stdout","time":4652.915611497,"data":"[01:15:48] it 24375 loss=9.546 mel=2.439 durs=0.331 pitch=0.538 ctc=4.563 bin=1.269 score=0.289 fmatch=0.030 d=0.237 lr=1.000e-04 | 5.93it/s skip=0 (75.6m)\n"}
,{"stream_name":"stdout","time":4657.321632385,"data":"[01:15:52] it 24400 loss=9.832 mel=2.452 durs=0.328 pitch=0.540 ctc=4.650 bin=1.278 score=0.332 fmatch=0.038 d=0.222 lr=1.000e-04 | 5.91it/s skip=0 (75.7m)\n"}
,{"stream_name":"stdout","time":4661.57937176,"data":"[01:15:57] it 24425 loss=9.712 mel=2.303 durs=0.327 pitch=0.582 ctc=4.745 bin=1.303 score=0.309 fmatch=0.033 d=0.230 lr=1.000e-04 | 5.93it/s skip=0 (75.8m)\n"}
,{"stream_name":"stdout","time":4665.883196734,"data":"[01:16:01] it 24450 loss=9.168 mel=2.069 durs=0.346 pitch=0.512 ctc=4.436 bin=1.307 score=0.309 fmatch=0.035 d=0.231 lr=1.000e-04 | 5.92it/s skip=0 (75.9m)\n"}
,{"stream_name":"stdout","time":4670.116801338,"data":"[01:16:05] it 24475 loss=8.324 mel=1.879 durs=0.271 pitch=0.408 ctc=4.213 bin=1.129 score=0.252 fmatch=0.028 d=0.240 lr=1.000e-04 | 5.95it/s skip=0 (75.9m)\n"}
,{"stream_name":"stdout","time":4674.420708803,"data":"[01:16:10] it 24500 loss=9.017 mel=2.171 durs=0.344 pitch=0.428 ctc=4.367 bin=1.244 score=0.282 fmatch=0.029 d=0.238 lr=1.000e-04 | 5.93it/s skip=0 (76.0m)\n"}
,{"stream_name":"stdout","time":4678.950799685,"data":"[01:16:14] it 24525 loss=9.001 mel=2.035 durs=0.297 pitch=0.548 ctc=4.480 bin=1.283 score=0.273 fmatch=0.027 d=0.240 lr=1.000e-04 | 5.89it/s skip=0 (76.1m)\n"}
,{"stream_name":"stdout","time":4683.158698356,"data":"[01:16:18] it 24550 loss=8.925 mel=2.110 durs=0.306 pitch=0.755 ctc=4.482 bin=1.207 score=0.248 fmatch=0.029 d=0.238 lr=1.000e-04 | 5.95it/s skip=0 (76.1m)\n"}
,{"stream_name":"stdout","time":4687.681556807,"data":"[01:16:23] it 24575 loss=8.589 mel=2.026 durs=0.312 pitch=0.467 ctc=4.250 bin=1.221 score=0.246 fmatch=0.029 d=0.238 lr=1.000e-04 | 5.86it/s skip=0 (76.2m)\n"}
,{"stream_name":"stdout","time":4692.141859068,"data":"[01:16:27] it 24600 loss=8.574 mel=1.965 durs=0.289 pitch=0.421 ctc=4.209 bin=1.213 score=0.272 fmatch=0.028 d=0.232 lr=1.000e-04 | 5.85it/s skip=0 (76.3m)\n"}
,{"stream_name":"stdout","time":4696.577139624,"data":"[01:16:32] it 24625 loss=8.693 mel=1.931 durs=0.278 pitch=0.389 ctc=4.302 bin=1.152 score=0.302 fmatch=0.033 d=0.227 lr=1.000e-04 | 5.82it/s skip=0 (76.4m)\n"}
,{"stream_name":"stdout","time":4700.866177881,"data":"[01:16:36] it 24650 loss=8.608 mel=2.008 durs=0.299 pitch=0.533 ctc=4.255 bin=1.166 score=0.267 fmatch=0.027 d=0.223 lr=1.000e-04 | 5.86it/s skip=0 (76.4m)\n"}
,{"stream_name":"stdout","time":4706.468623034,"data":"[01:16:42] it 24675 loss=9.665 mel=2.250 durs=0.367 pitch=0.450 ctc=4.843 bin=1.346 score=0.279 fmatch=0.029 d=0.226 lr=1.000e-04 | 5.83it/s skip=0 (76.5m)\n"}
,{"stream_name":"stdout","time":4710.94743219,"data":"[01:16:46] it 24700 loss=8.982 mel=1.924 durs=0.278 pitch=0.517 ctc=4.466 bin=1.183 score=0.323 fmatch=0.035 d=0.239 lr=1.000e-04 | 5.80it/s skip=0 (76.6m)\n"}
,{"stream_name":"stdout","time":4715.235776895,"data":"[01:16:50] it 24725 loss=8.604 mel=1.809 durs=0.290 pitch=0.576 ctc=4.450 bin=1.199 score=0.258 fmatch=0.027 d=0.253 lr=1.000e-04 | 5.85it/s skip=0 (76.7m)\n"}
,{"stream_name":"stdout","time":4719.469508336,"data":"[01:16:55] it 24750 loss=8.923 mel=2.074 durs=0.298 pitch=0.389 ctc=4.412 bin=1.188 score=0.288 fmatch=0.029 d=0.225 lr=1.000e-04 | 5.91it/s skip=0 (76.7m)\n"}
,{"stream_name":"stdout","time":4723.741576915,"data":"[01:16:59] it 24775 loss=8.763 mel=1.860 durs=0.286 pitch=0.521 ctc=4.527 bin=1.134 score=0.283 fmatch=0.028 d=0.240 lr=1.000e-04 | 5.93it/s skip=0 (76.8m)\n"}
,{"stream_name":"stdout","time":4728.02968446,"data":"[01:17:03] it 24800 loss=9.399 mel=2.145 durs=0.349 pitch=0.770 ctc=4.501 bin=1.266 score=0.334 fmatch=0.038 d=0.231 lr=1.000e-04 | 5.93it/s skip=0 (76.9m)\n"}
,{"stream_name":"stdout","time":4732.420297111,"data":"[01:17:08] it 24825 loss=9.327 mel=2.252 durs=0.348 pitch=0.519 ctc=4.589 bin=1.289 score=0.270 fmatch=0.030 d=0.224 lr=1.000e-04 | 5.87it/s skip=0 (77.0m)\n"}
,{"stream_name":"stdout","time":4736.732122705,"data":"[01:17:12] it 24850 loss=8.859 mel=2.084 durs=0.323 pitch=0.520 ctc=4.431 bin=1.237 score=0.249 fmatch=0.028 d=0.236 lr=1.000e-04 | 5.88it/s skip=0 (77.0m)\n"}
,{"stream_name":"stdout","time":4740.955484032,"data":"[01:17:16] it 24875 loss=9.021 mel=2.115 durs=0.305 pitch=0.699 ctc=4.539 bin=1.215 score=0.255 fmatch=0.030 d=0.226 lr=1.000e-04 | 5.94it/s skip=0 (77.1m)\n"}
,{"stream_name":"stdout","time":4745.253889823,"data":"[01:17:20] it 24900 loss=9.338 mel=2.175 durs=0.354 pitch=0.596 ctc=4.590 bin=1.268 score=0.295 fmatch=0.031 d=0.227 lr=1.000e-04 | 5.93it/s skip=0 (77.2m)\n"}
,{"stream_name":"stdout","time":4749.549058982,"data":"[01:17:25] it 24925 loss=8.779 mel=2.175 durs=0.303 pitch=0.514 ctc=4.318 bin=1.158 score=0.254 fmatch=0.029 d=0.233 lr=1.000e-04 | 5.92it/s skip=0 (77.2m)\n"}
,{"stream_name":"stdout","time":4753.727870081,"data":"[01:17:29] it 24950 loss=9.159 mel=2.186 durs=0.326 pitch=0.488 ctc=4.423 bin=1.203 score=0.308 fmatch=0.034 d=0.235 lr=1.000e-04 | 5.98it/s skip=0 (77.3m)\n"}
,{"stream_name":"stdout","time":4758.055736453,"data":"[01:17:33] it 24975 loss=10.306 mel=2.617 durs=0.424 pitch=0.649 ctc=4.787 bin=1.432 score=0.331 fmatch=0.037 d=0.234 lr=1.000e-04 | 5.94it/s skip=0 (77.4m)\n"}
,{"stream_name":"stdout","time":4762.313729535,"data":"[01:17:37] it 25000 loss=9.013 mel=2.199 durs=0.321 pitch=0.677 ctc=4.527 bin=1.227 score=0.233 fmatch=0.031 d=0.237 lr=1.000e-04 | 5.95it/s skip=0 (77.5m)\n"}
,{"stream_name":"stdout","time":4766.889246066,"data":"[01:17:42] it 25025 loss=9.484 mel=2.193 durs=0.329 pitch=0.474 ctc=4.618 bin=1.236 score=0.330 fmatch=0.036 d=0.241 lr=1.000e-04 | 5.96it/s skip=0 (77.5m)\n"}
,{"stream_name":"stdout","time":4771.146675444,"data":"[01:17:46] it 25050 loss=9.480 mel=2.235 durs=0.303 pitch=0.582 ctc=4.470 bin=1.228 score=0.355 fmatch=0.038 d=0.247 lr=1.000e-04 | 5.96it/s skip=0 (77.6m)\n"}
,{"stream_name":"stdout","time":4775.442620309,"data":"[01:17:51] it 25075 loss=9.139 mel=2.280 durs=0.352 pitch=0.621 ctc=4.535 bin=1.246 score=0.237 fmatch=0.032 d=0.229 lr=1.000e-04 | 5.94it/s skip=0 (77.7m)\n"}
,{"stream_name":"stdout","time":4779.703212631,"data":"[01:17:55] it 25100 loss=9.138 mel=2.037 durs=0.301 pitch=0.429 ctc=4.540 bin=1.281 score=0.294 fmatch=0.029 d=0.234 lr=1.000e-04 | 5.95it/s skip=0 (77.8m)\n"}
,{"stream_name":"stdout","time":4783.921283848,"data":"[01:17:59] it 25125 loss=9.416 mel=2.291 durs=0.326 pitch=0.525 ctc=4.458 bin=1.285 score=0.316 fmatch=0.033 d=0.241 lr=1.000e-04 | 5.97it/s skip=0 (77.8m)\n"}
,{"stream_name":"stdout","time":4788.191507887,"data":"[01:18:03] it 25150 loss=9.224 mel=2.159 durs=0.324 pitch=0.501 ctc=4.422 bin=1.265 score=0.316 fmatch=0.032 d=0.239 lr=1.000e-04 | 5.96it/s skip=0 (77.9m)\n"}
,{"stream_name":"stdout","time":4792.547139928,"data":"[01:18:08] it 25175 loss=9.891 mel=2.192 durs=0.361 pitch=0.678 ctc=4.832 bin=1.357 score=0.342 fmatch=0.040 d=0.232 lr=1.000e-04 | 5.91it/s skip=0 (78.0m)\n"}
,{"stream_name":"stdout","time":4796.856163838,"data":"[01:18:12] it 25200 loss=9.086 mel=2.179 durs=0.351 pitch=0.599 ctc=4.469 bin=1.256 score=0.265 fmatch=0.028 d=0.231 lr=1.000e-04 | 5.91it/s skip=0 (78.0m)\n"}
,{"stream_name":"stdout","time":4801.154834107,"data":"[01:18:16] it 25225 loss=9.028 mel=2.022 durs=0.312 pitch=0.461 ctc=4.522 bin=1.274 score=0.275 fmatch=0.030 d=0.233 lr=1.000e-04 | 5.91it/s skip=0 (78.1m)\n"}
,{"stream_name":"stdout","time":4805.402838371,"data":"[01:18:21] it 25250 loss=9.416 mel=2.236 durs=0.333 pitch=0.523 ctc=4.598 bin=1.301 score=0.291 fmatch=0.030 d=0.236 lr=1.000e-04 | 5.94it/s skip=0 (78.2m)\n"}
,{"stream_name":"stdout","time":4809.678691524,"data":"[01:18:25] it 25275 loss=8.624 mel=1.859 durs=0.291 pitch=0.545 ctc=4.370 bin=1.203 score=0.271 fmatch=0.025 d=0.237 lr=1.000e-04 | 5.93it/s skip=0 (78.2m)\n"}
,{"stream_name":"stdout","time":4813.884731074,"data":"[01:18:29] it 25300 loss=8.985 mel=1.987 durs=0.306 pitch=0.587 ctc=4.523 bin=1.246 score=0.278 fmatch=0.029 d=0.222 lr=1.000e-04 | 5.97it/s skip=0 (78.3m)\n"}
,{"stream_name":"stdout","time":4818.148593057,"data":"[01:18:33] it 25325 loss=8.537 mel=1.839 durs=0.289 pitch=0.636 ctc=4.257 bin=1.156 score=0.291 fmatch=0.028 d=0.240 lr=1.000e-04 | 5.96it/s skip=0 (78.4m)\n"}
,{"stream_name":"stdout","time":4822.394616295,"data":"[01:18:38] it 25350 loss=9.555 mel=2.179 durs=0.360 pitch=0.584 ctc=4.639 bin=1.390 score=0.305 fmatch=0.033 d=0.231 lr=1.000e-04 | 5.97it/s skip=0 (78.5m)\n"}
,{"stream_name":"stdout","time":4826.646427841,"data":"[01:18:42] it 25375 loss=9.013 mel=2.044 durs=0.295 pitch=0.447 ctc=4.290 bin=1.203 score=0.341 fmatch=0.037 d=0.243 lr=1.000e-04 | 5.96it/s skip=0 (78.5m)\n"}
,{"stream_name":"stdout","time":4830.874832685,"data":"[01:18:46] it 25400 loss=8.873 mel=1.974 durs=0.307 pitch=0.451 ctc=4.508 bin=1.229 score=0.265 fmatch=0.028 d=0.222 lr=1.000e-04 | 5.98it/s skip=0 (78.6m)\n"}
,{"stream_name":"stdout","time":4835.277565453,"data":"[01:18:50] it 25425 loss=9.079 mel=2.256 durs=0.336 pitch=0.620 ctc=4.396 bin=1.192 score=0.277 fmatch=0.030 d=0.221 lr=1.000e-04 | 5.90it/s skip=0 (78.7m)\n"}
,{"stream_name":"stdout","time":4839.700647992,"data":"[01:18:55] it 25450 loss=9.649 mel=2.369 durs=0.342 pitch=0.572 ctc=4.753 bin=1.225 score=0.295 fmatch=0.031 d=0.227 lr=1.000e-04 | 5.90it/s skip=0 (78.8m)\n"}
,{"stream_name":"stdout","time":4844.020734321,"data":"[01:18:59] it 25475 loss=9.323 mel=2.009 durs=0.329 pitch=0.539 ctc=4.584 bin=1.250 score=0.339 fmatch=0.037 d=0.236 lr=1.000e-04 | 5.90it/s skip=0 (78.8m)\n"}
,{"stream_name":"stdout","time":4848.252318054,"data":"[01:19:03] it 25500 loss=9.857 mel=2.139 durs=0.343 pitch=0.485 ctc=4.893 bin=1.398 score=0.327 fmatch=0.036 d=0.236 lr=1.000e-04 | 5.94it/s skip=0 (78.9m)\n"}
,{"stream_name":"stdout","time":4852.675754572,"data":"[01:19:08] it 25525 loss=8.938 mel=2.001 durs=0.293 pitch=0.593 ctc=4.408 bin=1.239 score=0.293 fmatch=0.027 d=0.240 lr=1.000e-04 | 5.94it/s skip=0 (79.0m)\n"}
,{"stream_name":"stdout","time":4857.085979213,"data":"[01:19:12] it 25550 loss=8.880 mel=1.952 durs=0.283 pitch=0.388 ctc=4.405 bin=1.176 score=0.313 fmatch=0.029 d=0.251 lr=1.000e-04 | 5.88it/s skip=0 (79.0m)\n"}
,{"stream_name":"stdout","time":4861.442189346,"data":"[01:19:17] it 25575 loss=8.855 mel=2.111 durs=0.325 pitch=0.736 ctc=4.390 bin=1.193 score=0.256 fmatch=0.029 d=0.247 lr=1.000e-04 | 5.86it/s skip=0 (79.1m)\n"}
,{"stream_name":"stdout","time":4865.729017771,"data":"[01:19:21] it 25600 loss=8.918 mel=2.195 durs=0.325 pitch=0.733 ctc=4.271 bin=1.241 score=0.270 fmatch=0.027 d=0.228 lr=1.000e-04 | 5.89it/s skip=0 (79.2m)\n"}
,{"stream_name":"stdout","time":4870.033478886,"data":"[01:19:25] it 25625 loss=9.037 mel=2.175 durs=0.317 pitch=0.488 ctc=4.353 bin=1.183 score=0.303 fmatch=0.033 d=0.234 lr=1.000e-04 | 5.89it/s skip=0 (79.3m)\n"}
,{"stream_name":"stdout","time":4874.29575202,"data":"[01:19:29] it 25650 loss=9.081 mel=2.023 durs=0.289 pitch=0.388 ctc=4.554 bin=1.253 score=0.289 fmatch=0.026 d=0.247 lr=1.000e-04 | 5.91it/s skip=0 (79.3m)\n"}
,{"stream_name":"stdout","time":4878.630878607,"data":"[01:19:34] it 25675 loss=8.692 mel=1.929 durs=0.310 pitch=0.366 ctc=4.501 bin=1.199 score=0.241 fmatch=0.029 d=0.247 lr=1.000e-04 | 5.88it/s skip=0 (79.4m)\n"}
,{"stream_name":"stdout","time":4882.923293974,"data":"[01:19:38] it 25700 loss=8.982 mel=2.186 durs=0.329 pitch=0.455 ctc=4.481 bin=1.207 score=0.251 fmatch=0.027 d=0.237 lr=1.000e-04 | 5.90it/s skip=0 (79.5m)\n"}
,{"stream_name":"stdout","time":4887.339578314,"data":"[01:19:42] it 25725 loss=9.747 mel=2.419 durs=0.376 pitch=0.500 ctc=4.762 bin=1.412 score=0.259 fmatch=0.031 d=0.232 lr=1.000e-04 | 5.84it/s skip=0 (79.5m)\n"}
,{"stream_name":"stdout","time":4891.737316356,"data":"[01:19:47] it 25750 loss=9.311 mel=2.329 durs=0.334 pitch=0.613 ctc=4.471 bin=1.249 score=0.284 fmatch=0.031 d=0.235 lr=1.000e-04 | 5.81it/s skip=0 (79.6m)\n"}
,{"stream_name":"stdout","time":4896.039211709,"data":"[01:19:51] it 25775 loss=9.320 mel=2.231 durs=0.319 pitch=0.516 ctc=4.585 bin=1.259 score=0.283 fmatch=0.029 d=0.235 lr=1.000e-04 | 5.84it/s skip=0 (79.7m)\n"}
,{"stream_name":"stdout","time":4900.383106952,"data":"[01:19:56] it 25800 loss=9.234 mel=2.214 durs=0.310 pitch=0.490 ctc=4.335 bin=1.172 score=0.348 fmatch=0.040 d=0.231 lr=1.000e-04 | 5.84it/s skip=0 (79.8m)\n"}
,{"stream_name":"stdout","time":4904.67017924,"data":"[01:20:00] it 25825 loss=9.159 mel=2.127 durs=0.325 pitch=0.461 ctc=4.554 bin=1.258 score=0.279 fmatch=0.026 d=0.233 lr=1.000e-04 | 5.88it/s skip=0 (79.8m)\n"}
,{"stream_name":"stdout","time":4909.035146959,"data":"[01:20:04] it 25850 loss=9.439 mel=2.317 durs=0.343 pitch=0.680 ctc=4.599 bin=1.253 score=0.284 fmatch=0.032 d=0.224 lr=1.000e-04 | 5.87it/s skip=0 (79.9m)\n"}
,{"stream_name":"stdout","time":4913.326530223,"data":"[01:20:08] it 25875 loss=9.336 mel=2.232 durs=0.326 pitch=0.465 ctc=4.600 bin=1.340 score=0.264 fmatch=0.027 d=0.223 lr=1.000e-04 | 5.90it/s skip=0 (80.0m)\n"}
,{"stream_name":"stdout","time":4917.692496005,"data":"[01:20:13] it 25900 loss=9.099 mel=2.177 durs=0.290 pitch=0.589 ctc=4.540 bin=1.315 score=0.237 fmatch=0.031 d=0.244 lr=1.000e-04 | 5.90it/s skip=0 (80.1m)\n"}
,{"stream_name":"stdout","time":4922.046958735,"data":"[01:20:17] it 25925 loss=9.301 mel=2.143 durs=0.313 pitch=0.519 ctc=4.526 bin=1.237 score=0.320 fmatch=0.032 d=0.251 lr=1.000e-04 | 5.88it/s skip=0 (80.1m)\n"}
,{"stream_name":"stdout","time":4926.326936151,"data":"[01:20:21] it 25950 loss=9.192 mel=2.137 durs=0.335 pitch=0.737 ctc=4.557 bin=1.284 score=0.269 fmatch=0.030 d=0.231 lr=1.000e-04 | 5.90it/s skip=0 (80.2m)\n"}
,{"stream_name":"stdout","time":4930.795876278,"data":"[01:20:26] it 25975 loss=8.723 mel=1.968 durs=0.342 pitch=0.510 ctc=4.337 bin=1.211 score=0.274 fmatch=0.027 d=0.228 lr=1.000e-04 | 5.82it/s skip=0 (80.3m)\n"}
,{"stream_name":"stdout","time":4935.047752308,"data":"[01:20:30] it 26000 loss=9.092 mel=2.111 durs=0.305 pitch=0.509 ctc=4.344 bin=1.203 score=0.330 fmatch=0.035 d=0.241 lr=1.000e-04 | 5.89it/s skip=0 (80.3m)\n"}
,{"stream_name":"stdout","time":4935.511630211,"data":"[01:20:31] [train] probes saved at iter 26000\n"}
,{"stream_name":"stdout","time":4947.973170741,"data":"[01:20:43] [val] it 26000 loss=7.950 mel=2.148 durs=0.315 pitch=0.510 ctc=4.483 (12.5s)\n"}
,{"stream_name":"stdout","time":4952.32404904,"data":"[01:20:47] it 26025 loss=8.328 mel=1.914 durs=0.282 pitch=0.458 ctc=4.156 bin=1.089 score=0.267 fmatch=0.026 d=0.244 lr=1.000e-04 | 5.86it/s skip=0 (80.6m)\n"}
,{"stream_name":"stdout","time":4956.609431639,"data":"[01:20:52] it 26050 loss=8.833 mel=2.144 durs=0.333 pitch=0.443 ctc=4.268 bin=1.221 score=0.273 fmatch=0.030 d=0.235 lr=1.000e-04 | 5.89it/s skip=0 (80.7m)\n"}
,{"stream_name":"stdout","time":4960.898029476,"data":"[01:20:56] it 26075 loss=9.041 mel=2.148 durs=0.321 pitch=0.561 ctc=4.556 bin=1.244 score=0.245 fmatch=0.027 d=0.239 lr=1.000e-04 | 5.90it/s skip=0 (80.8m)\n"}
,{"stream_name":"stdout","time":4965.248751452,"data":"[01:21:00] it 26100 loss=9.239 mel=2.164 durs=0.336 pitch=0.429 ctc=4.316 bin=1.248 score=0.349 fmatch=0.037 d=0.237 lr=1.000e-04 | 5.88it/s skip=0 (80.8m)\n"}
,{"stream_name":"stdout","time":4969.548374104,"data":"[01:21:05] it 26125 loss=8.511 mel=1.795 durs=0.249 pitch=0.493 ctc=4.256 bin=1.109 score=0.311 fmatch=0.032 d=0.233 lr=1.000e-04 | 5.89it/s skip=0 (80.9m)\n"}
,{"stream_name":"stdout","time":4973.842153023,"data":"[01:21:09] it 26150 loss=9.685 mel=2.459 durs=0.343 pitch=0.553 ctc=4.651 bin=1.299 score=0.289 fmatch=0.030 d=0.237 lr=1.000e-04 | 5.91it/s skip=0 (81.0m)\n"}
,{"stream_name":"stdout","time":4978.106413824,"data":"[01:21:13] it 26175 loss=9.021 mel=2.142 durs=0.321 pitch=0.628 ctc=4.405 bin=1.210 score=0.285 fmatch=0.028 d=0.232 lr=1.000e-04 | 5.93it/s skip=0 (81.1m)\n"}
,{"stream_name":"stdout","time":4982.406141828,"data":"[01:21:18] it 26200 loss=9.254 mel=2.184 durs=0.339 pitch=0.590 ctc=4.506 bin=1.247 score=0.299 fmatch=0.030 d=0.232 lr=1.000e-04 | 5.93it/s skip=0 (81.1m)\n"}
,{"stream_name":"stdout","time":4986.663267486,"data":"[01:21:22] it 26225 loss=8.372 mel=1.878 durs=0.314 pitch=0.550 ctc=4.194 bin=1.092 score=0.273 fmatch=0.031 d=0.228 lr=1.000e-04 | 5.95it/s skip=0 (81.2m)\n"}
,{"stream_name":"stdout","time":4990.945596086,"data":"[01:21:26] it 26250 loss=8.752 mel=2.141 durs=0.303 pitch=0.548 ctc=4.389 bin=1.207 score=0.224 fmatch=0.032 d=0.252 lr=1.000e-04 | 5.94it/s skip=0 (81.3m)\n"}
,{"stream_name":"stdout","time":4995.36162338,"data":"[01:21:31] it 26275 loss=8.531 mel=2.012 durs=0.278 pitch=0.555 ctc=4.234 bin=1.148 score=0.257 fmatch=0.027 d=0.230 lr=1.000e-04 | 5.88it/s skip=0 (81.3m)\n"}
,{"stream_name":"stdout","time":4999.754944396,"data":"[01:21:35] it 26300 loss=8.897 mel=2.032 durs=0.296 pitch=0.465 ctc=4.395 bin=1.155 score=0.302 fmatch=0.029 d=0.234 lr=1.000e-04 | 5.85it/s skip=0 (81.4m)\n"}
,{"stream_name":"stdout","time":5004.130036733,"data":"[01:21:39] it 26325 loss=9.450 mel=2.235 durs=0.357 pitch=0.519 ctc=4.490 bin=1.292 score=0.327 fmatch=0.036 d=0.227 lr=1.000e-04 | 5.83it/s skip=0 (81.5m)\n"}
,{"stream_name":"stdout","time":5008.40675286,"data":"[01:21:44] it 26350 loss=8.330 mel=1.878 durs=0.298 pitch=0.394 ctc=4.213 bin=1.113 score=0.257 fmatch=0.028 d=0.233 lr=1.000e-04 | 5.88it/s skip=0 (81.6m)\n"}
,{"stream_name":"stdout","time":5012.731765043,"data":"[01:21:48] it 26375 loss=9.437 mel=2.078 durs=0.340 pitch=0.459 ctc=4.730 bin=1.240 score=0.317 fmatch=0.039 d=0.223 lr=1.000e-04 | 5.87it/s skip=0 (81.6m)\n"}
,{"stream_name":"stdout","time":5017.138313802,"data":"[01:21:52] it 26400 loss=9.803 mel=2.365 durs=0.364 pitch=0.539 ctc=4.762 bin=1.412 score=0.286 fmatch=0.031 d=0.226 lr=1.000e-04 | 5.83it/s skip=0 (81.7m)\n"}
,{"stream_name":"stdout","time":5023.147232274,"data":"[01:21:58] it 26425 loss=9.228 mel=2.141 durs=0.349 pitch=0.793 ctc=4.552 bin=1.289 score=0.275 fmatch=0.030 d=0.213 lr=1.000e-04 | 5.82it/s skip=0 (81.8m)\n"}
,{"stream_name":"stdout","time":5027.516888017,"data":"[01:22:03] it 26450 loss=9.615 mel=2.502 durs=0.425 pitch=0.632 ctc=4.668 bin=1.357 score=0.238 fmatch=0.031 d=0.240 lr=1.000e-04 | 5.82it/s skip=0 (81.9m)\n"}
,{"stream_name":"stdout","time":5031.746512631,"data":"[01:22:07] it 26475 loss=9.202 mel=2.257 durs=0.319 pitch=0.496 ctc=4.584 bin=1.295 score=0.238 fmatch=0.033 d=0.246 lr=1.000e-04 | 5.90it/s skip=0 (82.0m)\n"}
,{"stream_name":"stdout","time":5036.08710028,"data":"[01:22:11] it 26500 loss=8.977 mel=2.235 durs=0.318 pitch=0.623 ctc=4.376 bin=1.264 score=0.245 fmatch=0.028 d=0.229 lr=1.000e-04 | 5.89it/s skip=0 (82.0m)\n"}
,{"stream_name":"stdout","time":5040.555146429,"data":"[01:22:16] it 26525 loss=10.091 mel=2.645 durs=0.407 pitch=0.630 ctc=4.876 bin=1.394 score=0.261 fmatch=0.028 d=0.229 lr=1.000e-04 | 5.89it/s skip=0 (82.1m)\n"}
,{"stream_name":"stdout","time":5044.796852132,"data":"[01:22:20] it 26550 loss=8.757 mel=1.784 durs=0.285 pitch=0.520 ctc=4.467 bin=1.185 score=0.302 fmatch=0.030 d=0.232 lr=1.000e-04 | 5.94it/s skip=0 (82.2m)\n"}
,{"stream_name":"stdout","time":5049.043588713,"data":"[01:22:24] it 26575 loss=8.618 mel=1.888 durs=0.308 pitch=0.676 ctc=4.428 bin=1.168 score=0.253 fmatch=0.025 d=0.244 lr=1.000e-04 | 5.95it/s skip=0 (82.2m)\n"}
,{"stream_name":"stdout","time":5053.320018866,"data":"[01:22:28] it 26600 loss=9.098 mel=2.197 durs=0.340 pitch=0.595 ctc=4.428 bin=1.187 score=0.290 fmatch=0.032 d=0.231 lr=1.000e-04 | 5.94it/s skip=0 (82.3m)\n"}
,{"stream_name":"stdout","time":5057.644774259,"data":"[01:22:33] it 26625 loss=8.860 mel=1.938 durs=0.297 pitch=0.596 ctc=4.398 bin=1.162 score=0.310 fmatch=0.034 d=0.240 lr=1.000e-04 | 5.92it/s skip=0 (82.4m)\n"}
,{"stream_name":"stdout","time":5061.928176177,"data":"[01:22:37] it 26650 loss=9.091 mel=2.028 durs=0.288 pitch=0.727 ctc=4.416 bin=1.165 score=0.336 fmatch=0.036 d=0.233 lr=1.000e-04 | 5.92it/s skip=0 (82.5m)\n"}
,{"stream_name":"stdout","time":5066.318944737,"data":"[01:22:41] it 26675 loss=9.168 mel=2.177 durs=0.312 pitch=0.557 ctc=4.413 bin=1.159 score=0.324 fmatch=0.036 d=0.231 lr=1.000e-04 | 5.87it/s skip=0 (82.5m)\n"}
,{"stream_name":"stdout","time":5070.599868702,"data":"[01:22:46] it 26700 loss=8.006 mel=1.999 durs=0.269 pitch=0.448 ctc=3.988 bin=0.980 score=0.234 fmatch=0.031 d=0.244 lr=1.000e-04 | 5.89it/s skip=0 (82.6m)\n"}
,{"stream_name":"stdout","time":5074.891150113,"data":"[01:22:50] it 26725 loss=9.323 mel=2.348 durs=0.370 pitch=0.543 ctc=4.560 bin=1.356 score=0.234 fmatch=0.033 d=0.226 lr=1.000e-04 | 5.91it/s skip=0 (82.7m)\n"}
,{"stream_name":"stdout","time":5079.225407792,"data":"[01:22:54] it 26750 loss=8.473 mel=2.011 durs=0.307 pitch=0.454 ctc=4.256 bin=1.162 score=0.234 fmatch=0.031 d=0.244 lr=1.000e-04 | 5.89it/s skip=0 (82.7m)\n"}
,{"stream_name":"stdout","time":5083.553453637,"data":"[01:22:59] it 26775 loss=9.074 mel=2.063 durs=0.336 pitch=0.646 ctc=4.513 bin=1.204 score=0.291 fmatch=0.031 d=0.227 lr=1.000e-04 | 5.88it/s skip=0 (82.8m)\n"}
,{"stream_name":"stdout","time":5087.855835946,"data":"[01:23:03] it 26800 loss=9.147 mel=2.213 durs=0.323 pitch=0.592 ctc=4.354 bin=1.238 score=0.304 fmatch=0.034 d=0.237 lr=1.000e-04 | 5.89it/s skip=0 (82.9m)\n"}
,{"stream_name":"stdout","time":5092.196748398,"data":"[01:23:07] it 26825 loss=9.311 mel=1.976 durs=0.323 pitch=0.488 ctc=4.705 bin=1.263 score=0.313 fmatch=0.032 d=0.236 lr=1.000e-04 | 5.87it/s skip=0 (83.0m)\n"}
,{"stream_name":"stdout","time":5096.533642677,"data":"[01:23:12] it 26850 loss=9.255 mel=2.086 durs=0.325 pitch=0.570 ctc=4.710 bin=1.290 score=0.263 fmatch=0.027 d=0.231 lr=1.000e-04 | 5.86it/s skip=0 (83.0m)\n"}
,{"stream_name":"stdout","time":5100.835288077,"data":"[01:23:16] it 26875 loss=8.684 mel=1.865 durs=0.289 pitch=0.338 ctc=4.206 bin=1.088 score=0.355 fmatch=0.040 d=0.255 lr=1.000e-04 | 5.88it/s skip=0 (83.1m)\n"}
,{"stream_name":"stdout","time":5105.11544162,"data":"[01:23:20] it 26900 loss=10.102 mel=2.514 durs=0.393 pitch=0.632 ctc=4.806 bin=1.365 score=0.320 fmatch=0.035 d=0.236 lr=1.000e-04 | 5.91it/s skip=0 (83.2m)\n"}
,{"stream_name":"stdout","time":5109.511771616,"data":"[01:23:25] it 26925 loss=8.777 mel=1.963 durs=0.302 pitch=0.570 ctc=4.447 bin=1.168 score=0.271 fmatch=0.029 d=0.227 lr=1.000e-04 | 5.85it/s skip=0 (83.2m)\n"}
,{"stream_name":"stdout","time":5113.854561746,"data":"[01:23:29] it 26950 loss=9.069 mel=2.096 durs=0.328 pitch=0.393 ctc=4.540 bin=1.314 score=0.255 fmatch=0.029 d=0.240 lr=1.000e-04 | 5.85it/s skip=0 (83.3m)\n"}
,{"stream_name":"stdout","time":5118.133139548,"data":"[01:23:33] it 26975 loss=8.209 mel=1.617 durs=0.281 pitch=0.491 ctc=4.253 bin=1.144 score=0.274 fmatch=0.024 d=0.242 lr=1.000e-04 | 5.88it/s skip=0 (83.4m)\n"}
,{"stream_name":"stdout","time":5122.426186872,"data":"[01:23:38] it 27000 loss=9.367 mel=2.254 durs=0.352 pitch=0.506 ctc=4.343 bin=1.273 score=0.343 fmatch=0.038 d=0.236 lr=1.000e-04 | 5.90it/s skip=0 (83.5m)\n"}
,{"stream_name":"stdout","time":5126.894940585,"data":"[01:23:42] it 27025 loss=8.566 mel=2.083 durs=0.307 pitch=0.505 ctc=4.204 bin=1.148 score=0.255 fmatch=0.028 d=0.241 lr=1.000e-04 | 5.89it/s skip=0 (83.5m)\n"}
,{"stream_name":"stdout","time":5131.150086795,"data":"[01:23:46] it 27050 loss=9.132 mel=2.008 durs=0.319 pitch=0.579 ctc=4.510 bin=1.337 score=0.290 fmatch=0.027 d=0.240 lr=1.000e-04 | 5.92it/s skip=0 (83.6m)\n"}
,{"stream_name":"stdout","time":5135.402377375,"data":"[01:23:51] it 27075 loss=8.990 mel=2.218 durs=0.339 pitch=0.443 ctc=4.493 bin=1.243 score=0.232 fmatch=0.030 d=0.237 lr=1.000e-04 | 5.95it/s skip=0 (83.7m)\n"}
,{"stream_name":"stdout","time":5139.683933805,"data":"[01:23:55] it 27100 loss=8.549 mel=1.864 durs=0.291 pitch=0.610 ctc=4.125 bin=1.149 score=0.321 fmatch=0.036 d=0.238 lr=1.000e-04 | 5.94it/s skip=0 (83.7m)\n"}
,{"stream_name":"stdout","time":5144.017425933,"data":"[01:23:59] it 27125 loss=8.895 mel=1.914 durs=0.325 pitch=0.429 ctc=4.391 bin=1.226 score=0.315 fmatch=0.030 d=0.240 lr=1.000e-04 | 5.92it/s skip=0 (83.8m)\n"}
,{"stream_name":"stdout","time":5148.455883419,"data":"[01:24:04] it 27150 loss=8.780 mel=2.077 durs=0.300 pitch=0.590 ctc=4.231 bin=1.171 score=0.295 fmatch=0.031 d=0.230 lr=1.000e-04 | 5.87it/s skip=0 (83.9m)\n"}
,{"stream_name":"stdout","time":5152.754929193,"data":"[01:24:08] it 27175 loss=9.105 mel=2.096 durs=0.336 pitch=0.550 ctc=4.661 bin=1.272 score=0.240 fmatch=0.029 d=0.241 lr=1.000e-04 | 5.88it/s skip=0 (84.0m)\n"}
,{"stream_name":"stdout","time":5156.998325589,"data":"[01:24:12] it 27200 loss=8.840 mel=2.065 durs=0.333 pitch=0.603 ctc=4.476 bin=1.194 score=0.244 fmatch=0.034 d=0.237 lr=1.000e-04 | 5.93it/s skip=0 (84.0m)\n"}
,{"stream_name":"stdout","time":5161.253090357,"data":"[01:24:16] it 27225 loss=8.816 mel=1.995 durs=0.299 pitch=0.417 ctc=4.433 bin=1.193 score=0.274 fmatch=0.026 d=0.235 lr=1.000e-04 | 5.94it/s skip=0 (84.1m)\n"}
,{"stream_name":"stdout","time":5165.578793843,"data":"[01:24:21] it 27250 loss=8.988 mel=2.005 durs=0.279 pitch=0.518 ctc=4.616 bin=1.245 score=0.253 fmatch=0.028 d=0.246 lr=1.000e-04 | 5.91it/s skip=0 (84.2m)\n"}
,{"stream_name":"stdout","time":5169.807799269,"data":"[01:24:25] it 27275 loss=8.316 mel=1.730 durs=0.272 pitch=0.414 ctc=4.332 bin=1.073 score=0.272 fmatch=0.026 d=0.233 lr=1.000e-04 | 5.94it/s skip=0 (84.3m)\n"}
,{"stream_name":"stdout","time":5174.04517328,"data":"[01:24:29] it 27300 loss=9.100 mel=1.973 durs=0.312 pitch=0.450 ctc=4.479 bin=1.202 score=0.334 fmatch=0.035 d=0.243 lr=1.000e-04 | 5.97it/s skip=0 (84.3m)\n"}
,{"stream_name":"stdout","time":5178.2762919,"data":"[01:24:33] it 27325 loss=8.898 mel=2.044 durs=0.311 pitch=0.403 ctc=4.352 bin=1.135 score=0.316 fmatch=0.034 d=0.222 lr=1.000e-04 | 5.98it/s skip=0 (84.4m)\n"}
,{"stream_name":"stdout","time":5182.505642448,"data":"[01:24:38] it 27350 loss=8.704 mel=1.845 durs=0.278 pitch=0.549 ctc=4.344 bin=1.149 score=0.313 fmatch=0.032 d=0.235 lr=1.000e-04 | 5.99it/s skip=0 (84.5m)\n"}
,{"stream_name":"stdout","time":5186.743791005,"data":"[01:24:42] it 27375 loss=9.074 mel=2.175 durs=0.316 pitch=0.519 ctc=4.337 bin=1.209 score=0.309 fmatch=0.032 d=0.234 lr=1.000e-04 | 6.00it/s skip=0 (84.5m)\n"}
,{"stream_name":"stdout","time":5190.947017234,"data":"[01:24:46] it 27400 loss=9.147 mel=2.111 durs=0.347 pitch=0.437 ctc=4.468 bin=1.260 score=0.299 fmatch=0.032 d=0.225 lr=1.000e-04 | 6.02it/s skip=0 (84.6m)\n"}
,{"stream_name":"stdout","time":5195.284718565,"data":"[01:24:50] it 27425 loss=9.471 mel=2.170 durs=0.336 pitch=0.517 ctc=4.605 bin=1.257 score=0.329 fmatch=0.037 d=0.241 lr=1.000e-04 | 5.96it/s skip=0 (84.7m)\n"}
,{"stream_name":"stdout","time":5199.598784163,"data":"[01:24:55] it 27450 loss=8.818 mel=1.986 durs=0.317 pitch=0.544 ctc=4.455 bin=1.176 score=0.272 fmatch=0.026 d=0.238 lr=1.000e-04 | 5.93it/s skip=0 (84.7m)\n"}
,{"stream_name":"stdout","time":5203.863980264,"data":"[01:24:59] it 27475 loss=9.116 mel=2.130 durs=0.330 pitch=0.496 ctc=4.462 bin=1.229 score=0.295 fmatch=0.031 d=0.241 lr=1.000e-04 | 5.95it/s skip=0 (84.8m)\n"}
,{"stream_name":"stdout","time":5208.196415599,"data":"[01:25:03] it 27500 loss=9.034 mel=2.123 durs=0.291 pitch=0.436 ctc=4.356 bin=1.198 score=0.313 fmatch=0.032 d=0.243 lr=1.000e-04 | 5.91it/s skip=0 (84.9m)\n"}
,{"stream_name":"stdout","time":5212.584503749,"data":"[01:25:08] it 27525 loss=9.407 mel=2.349 durs=0.347 pitch=0.395 ctc=4.589 bin=1.368 score=0.249 fmatch=0.030 d=0.234 lr=1.000e-04 | 5.95it/s skip=0 (85.0m)\n"}
,{"stream_name":"stdout","time":5216.850054696,"data":"[01:25:12] it 27550 loss=10.404 mel=2.559 durs=0.395 pitch=0.492 ctc=4.966 bin=1.450 score=0.326 fmatch=0.039 d=0.228 lr=1.000e-04 | 5.95it/s skip=0 (85.0m)\n"}
,{"stream_name":"stdout","time":5221.113223282,"data":"[01:25:16] it 27575 loss=8.454 mel=1.932 durs=0.287 pitch=0.435 ctc=4.278 bin=1.132 score=0.253 fmatch=0.026 d=0.238 lr=1.000e-04 | 5.95it/s skip=0 (85.1m)\n"}
,{"stream_name":"stdout","time":5225.39557225,"data":"[01:25:21] it 27600 loss=8.693 mel=1.886 durs=0.299 pitch=0.575 ctc=4.192 bin=1.122 score=0.343 fmatch=0.036 d=0.242 lr=1.000e-04 | 5.95it/s skip=0 (85.2m)\n"}
,{"stream_name":"stdout","time":5229.674474695,"data":"[01:25:25] it 27625 loss=8.303 mel=1.769 durs=0.240 pitch=0.492 ctc=4.080 bin=1.056 score=0.323 fmatch=0.033 d=0.236 lr=1.000e-04 | 5.93it/s skip=0 (85.2m)\n"}
,{"stream_name":"stdout","time":5233.918437375,"data":"[01:25:29] it 27650 loss=9.558 mel=2.383 durs=0.347 pitch=0.463 ctc=4.780 bin=1.315 score=0.243 fmatch=0.028 d=0.240 lr=1.000e-04 | 5.96it/s skip=0 (85.3m)\n"}
,{"stream_name":"stdout","time":5238.262665046,"data":"[01:25:33] it 27675 loss=9.718 mel=2.175 durs=0.315 pitch=0.613 ctc=4.702 bin=1.338 score=0.342 fmatch=0.042 d=0.235 lr=1.000e-04 | 5.92it/s skip=0 (85.4m)\n"}
,{"stream_name":"stdout","time":5242.425282516,"data":"[01:25:38] it 27700 loss=8.844 mel=2.036 durs=0.280 pitch=0.579 ctc=4.271 bin=1.148 score=0.318 fmatch=0.032 d=0.232 lr=1.000e-04 | 5.99it/s skip=0 (85.5m)\n"}
,{"stream_name":"stdout","time":5246.719777529,"data":"[01:25:42] it 27725 loss=9.234 mel=2.182 durs=0.310 pitch=0.467 ctc=4.545 bin=1.236 score=0.291 fmatch=0.030 d=0.234 lr=1.000e-04 | 5.96it/s skip=0 (85.5m)\n"}
,{"stream_name":"stdout","time":5251.012003507,"data":"[01:25:46] it 27750 loss=8.603 mel=1.892 durs=0.317 pitch=0.476 ctc=4.335 bin=1.204 score=0.267 fmatch=0.025 d=0.248 lr=1.000e-04 | 5.94it/s skip=0 (85.6m)\n"}
,{"stream_name":"stdout","time":5255.288722296,"data":"[01:25:50] it 27775 loss=9.057 mel=2.517 durs=0.321 pitch=0.573 ctc=4.305 bin=1.133 score=0.245 fmatch=0.030 d=0.237 lr=1.000e-04 | 5.94it/s skip=0 (85.7m)\n"}
,{"stream_name":"stdout","time":5259.5083294,"data":"[01:25:55] it 27800 loss=9.153 mel=2.126 durs=0.340 pitch=0.539 ctc=4.585 bin=1.284 score=0.261 fmatch=0.026 d=0.236 lr=1.000e-04 | 5.97it/s skip=0 (85.7m)\n"}
,{"stream_name":"stdout","time":5263.805688281,"data":"[01:25:59] it 27825 loss=8.976 mel=2.323 durs=0.310 pitch=0.680 ctc=4.262 bin=1.249 score=0.254 fmatch=0.027 d=0.241 lr=1.000e-04 | 5.94it/s skip=0 (85.8m)\n"}
,{"stream_name":"stdout","time":5268.006295629,"data":"[01:26:03] it 27850 loss=8.762 mel=2.018 durs=0.313 pitch=0.595 ctc=4.414 bin=1.187 score=0.257 fmatch=0.026 d=0.249 lr=1.000e-04 | 5.98it/s skip=0 (85.9m)\n"}
,{"stream_name":"stdout","time":5272.264658041,"data":"[01:26:07] it 27875 loss=8.360 mel=1.866 durs=0.298 pitch=0.700 ctc=4.269 bin=1.123 score=0.244 fmatch=0.027 d=0.245 lr=1.000e-04 | 5.97it/s skip=0 (86.0m)\n"}
,{"stream_name":"stdout","time":5276.466347008,"data":"[01:26:12] it 27900 loss=8.912 mel=2.056 durs=0.308 pitch=0.455 ctc=4.451 bin=1.184 score=0.279 fmatch=0.027 d=0.240 lr=1.000e-04 | 6.00it/s skip=0 (86.0m)\n"}
,{"stream_name":"stdout","time":5280.654476721,"data":"[01:26:16] it 27925 loss=8.408 mel=1.897 durs=0.283 pitch=0.416 ctc=4.113 bin=1.100 score=0.299 fmatch=0.030 d=0.230 lr=1.000e-04 | 6.03it/s skip=0 (86.1m)\n"}
,{"stream_name":"stdout","time":5284.989624059,"data":"[01:26:20] it 27950 loss=8.838 mel=2.059 durs=0.331 pitch=0.565 ctc=4.443 bin=1.265 score=0.238 fmatch=0.029 d=0.228 lr=1.000e-04 | 5.97it/s skip=0 (86.2m)\n"}
,{"stream_name":"stdout","time":5289.209461248,"data":"[01:26:24] it 27975 loss=9.408 mel=2.397 durs=0.387 pitch=0.413 ctc=4.504 bin=1.364 score=0.259 fmatch=0.028 d=0.244 lr=1.000e-04 | 5.99it/s skip=0 (86.2m)\n"}
,{"stream_name":"stdout","time":5293.47437368,"data":"[01:26:29] it 28000 loss=9.219 mel=2.016 durs=0.314 pitch=0.502 ctc=4.557 bin=1.260 score=0.318 fmatch=0.034 d=0.231 lr=1.000e-04 | 5.98it/s skip=0 (86.3m)\n"}
,{"stream_name":"stdout","time":5293.942070216,"data":"[01:26:29] [train] probes saved at iter 28000\n"}
,{"stream_name":"stdout","time":5306.463703259,"data":"[01:26:42] [val] it 28000 loss=7.818 mel=2.063 durs=0.316 pitch=0.508 ctc=4.444 (12.5s)\n"}
,{"stream_name":"stdout","time":5310.73218891,"data":"[01:26:46] it 28025 loss=8.540 mel=1.851 durs=0.289 pitch=0.510 ctc=4.271 bin=1.091 score=0.304 fmatch=0.031 d=0.228 lr=1.000e-04 | 5.98it/s skip=0 (86.6m)\n"}
,{"stream_name":"stdout","time":5315.070598399,"data":"[01:26:50] it 28050 loss=9.268 mel=2.221 durs=0.311 pitch=0.414 ctc=4.383 bin=1.212 score=0.336 fmatch=0.036 d=0.259 lr=1.000e-04 | 5.93it/s skip=0 (86.7m)\n"}
,{"stream_name":"stdout","time":5319.415285041,"data":"[01:26:55] it 28075 loss=8.441 mel=1.809 durs=0.270 pitch=0.467 ctc=4.015 bin=1.076 score=0.358 fmatch=0.037 d=0.252 lr=1.000e-04 | 5.90it/s skip=0 (86.7m)\n"}
,{"stream_name":"stdout","time":5323.770537812,"data":"[01:26:59] it 28100 loss=9.648 mel=2.490 durs=0.378 pitch=0.441 ctc=4.541 bin=1.384 score=0.281 fmatch=0.029 d=0.247 lr=1.000e-04 | 5.87it/s skip=0 (86.8m)\n"}
,{"stream_name":"stdout","time":5328.114414379,"data":"[01:27:03] it 28125 loss=8.684 mel=1.774 durs=0.268 pitch=0.414 ctc=4.367 bin=1.130 score=0.328 fmatch=0.033 d=0.243 lr=1.000e-04 | 5.86it/s skip=0 (86.9m)\n"}
,{"stream_name":"stdout","time":5332.482055713,"data":"[01:27:08] it 28150 loss=8.594 mel=2.016 durs=0.285 pitch=0.557 ctc=4.118 bin=1.107 score=0.310 fmatch=0.029 d=0.239 lr=1.000e-04 | 5.85it/s skip=0 (87.0m)\n"}
,{"stream_name":"stdout","time":5336.717270124,"data":"[01:27:12] it 28175 loss=9.443 mel=2.050 durs=0.347 pitch=0.561 ctc=4.588 bin=1.320 score=0.340 fmatch=0.034 d=0.228 lr=1.000e-04 | 5.92it/s skip=0 (87.0m)\n"}
,{"stream_name":"stdout","time":5340.982691289,"data":"[01:27:16] it 28200 loss=9.189 mel=2.004 durs=0.350 pitch=0.549 ctc=4.630 bin=1.202 score=0.308 fmatch=0.031 d=0.234 lr=1.000e-04 | 5.93it/s skip=0 (87.1m)\n"}
,{"stream_name":"stdout","time":5345.222061062,"data":"[01:27:20] it 28225 loss=8.799 mel=2.016 durs=0.296 pitch=0.714 ctc=4.257 bin=1.233 score=0.290 fmatch=0.031 d=0.234 lr=1.000e-04 | 5.96it/s skip=0 (87.2m)\n"}
,{"stream_name":"stdout","time":5349.580344303,"data":"[01:27:25] it 28250 loss=9.070 mel=1.972 durs=0.312 pitch=0.590 ctc=4.674 bin=1.270 score=0.259 fmatch=0.027 d=0.238 lr=1.000e-04 | 5.91it/s skip=0 (87.2m)\n"}
,{"stream_name":"stdout","time":5353.88962776,"data":"[01:27:29] it 28275 loss=8.706 mel=1.981 durs=0.301 pitch=0.385 ctc=4.094 bin=1.124 score=0.350 fmatch=0.037 d=0.246 lr=1.000e-04 | 5.91it/s skip=0 (87.3m)\n"}
,{"stream_name":"stdout","time":5358.150738581,"data":"[01:27:33] it 28300 loss=9.460 mel=2.012 durs=0.333 pitch=0.562 ctc=4.664 bin=1.298 score=0.340 fmatch=0.037 d=0.239 lr=1.000e-04 | 5.93it/s skip=0 (87.4m)\n"}
,{"stream_name":"stdout","time":5362.459926813,"data":"[01:27:38] it 28325 loss=8.379 mel=1.778 durs=0.268 pitch=0.449 ctc=4.201 bin=1.095 score=0.302 fmatch=0.028 d=0.242 lr=1.000e-04 | 5.90it/s skip=0 (87.5m)\n"}
,{"stream_name":"stdout","time":5366.684747457,"data":"[01:27:42] it 28350 loss=8.808 mel=1.968 durs=0.300 pitch=0.444 ctc=4.421 bin=1.184 score=0.283 fmatch=0.029 d=0.236 lr=1.000e-04 | 5.95it/s skip=0 (87.5m)\n"}
,{"stream_name":"stdout","time":5371.082676732,"data":"[01:27:46] it 28375 loss=9.128 mel=2.104 durs=0.310 pitch=0.521 ctc=4.452 bin=1.189 score=0.317 fmatch=0.033 d=0.232 lr=1.000e-04 | 5.91it/s skip=0 (87.6m)\n"}
,{"stream_name":"stdout","time":5375.486155145,"data":"[01:27:51] it 28400 loss=8.520 mel=1.976 durs=0.317 pitch=0.422 ctc=4.204 bin=1.135 score=0.276 fmatch=0.025 d=0.232 lr=1.000e-04 | 5.91it/s skip=0 (87.7m)\n"}
,{"stream_name":"stdout","time":5379.710028067,"data":"[01:27:55] it 28425 loss=8.399 mel=1.863 durs=0.281 pitch=0.621 ctc=4.125 bin=1.092 score=0.299 fmatch=0.031 d=0.226 lr=1.000e-04 | 5.96it/s skip=0 (87.8m)\n"}
,{"stream_name":"stdout","time":5384.042204783,"data":"[01:27:59] it 28450 loss=8.933 mel=2.135 durs=0.346 pitch=0.574 ctc=4.396 bin=1.165 score=0.279 fmatch=0.027 d=0.236 lr=1.000e-04 | 5.92it/s skip=0 (87.8m)\n"}
,{"stream_name":"stdout","time":5388.298459334,"data":"[01:28:03] it 28475 loss=8.596 mel=1.865 durs=0.279 pitch=0.582 ctc=4.240 bin=1.177 score=0.300 fmatch=0.028 d=0.244 lr=1.000e-04 | 5.94it/s skip=0 (87.9m)\n"}
,{"stream_name":"stdout","time":5392.636897884,"data":"[01:28:08] it 28500 loss=8.970 mel=2.015 durs=0.319 pitch=0.489 ctc=4.247 bin=1.166 score=0.356 fmatch=0.038 d=0.246 lr=1.000e-04 | 5.92it/s skip=0 (88.0m)\n"}
,{"stream_name":"stdout","time":5397.097201448,"data":"[01:28:12] it 28525 loss=8.997 mel=2.094 durs=0.306 pitch=0.602 ctc=4.587 bin=1.230 score=0.241 fmatch=0.029 d=0.249 lr=1.000e-04 | 5.90it/s skip=0 (88.0m)\n"}
,{"stream_name":"stdout","time":5401.306427231,"data":"[01:28:16] it 28550 loss=8.970 mel=1.843 durs=0.317 pitch=0.579 ctc=4.577 bin=1.275 score=0.289 fmatch=0.028 d=0.225 lr=1.000e-04 | 5.95it/s skip=0 (88.1m)\n"}
,{"stream_name":"stdout","time":5405.577642816,"data":"[01:28:21] it 28575 loss=8.553 mel=2.059 durs=0.279 pitch=0.712 ctc=4.242 bin=1.064 score=0.266 fmatch=0.024 d=0.246 lr=1.000e-04 | 5.95it/s skip=0 (88.2m)\n"}
,{"stream_name":"stdout","time":5409.747510029,"data":"[01:28:25] it 28600 loss=8.575 mel=1.907 durs=0.289 pitch=0.671 ctc=4.255 bin=1.127 score=0.290 fmatch=0.028 d=0.247 lr=1.000e-04 | 6.01it/s skip=0 (88.3m)\n"}
,{"stream_name":"stdout","time":5414.040096856,"data":"[01:28:29] it 28625 loss=8.951 mel=2.225 durs=0.316 pitch=0.540 ctc=4.379 bin=1.208 score=0.257 fmatch=0.026 d=0.232 lr=1.000e-04 | 5.97it/s skip=0 (88.3m)\n"}
,{"stream_name":"stdout","time":5418.365350673,"data":"[01:28:34] it 28650 loss=9.691 mel=2.451 durs=0.386 pitch=0.573 ctc=4.697 bin=1.382 score=0.259 fmatch=0.031 d=0.219 lr=1.000e-04 | 5.93it/s skip=0 (88.4m)\n"}
,{"stream_name":"stdout","time":5422.768828087,"data":"[01:28:38] it 28675 loss=9.150 mel=2.057 durs=0.328 pitch=0.584 ctc=4.550 bin=1.248 score=0.293 fmatch=0.030 d=0.229 lr=1.000e-04 | 5.87it/s skip=0 (88.5m)\n"}
,{"stream_name":"stdout","time":5427.051547092,"data":"[01:28:42] it 28700 loss=8.639 mel=1.939 durs=0.288 pitch=0.540 ctc=4.354 bin=1.188 score=0.262 fmatch=0.027 d=0.227 lr=1.000e-04 | 5.90it/s skip=0 (88.5m)\n"}
,{"stream_name":"stdout","time":5431.401459269,"data":"[01:28:47] it 28725 loss=8.772 mel=2.043 durs=0.331 pitch=0.475 ctc=4.318 bin=1.140 score=0.291 fmatch=0.026 d=0.231 lr=1.000e-04 | 5.87it/s skip=0 (88.6m)\n"}
,{"stream_name":"stdout","time":5435.656214087,"data":"[01:28:51] it 28750 loss=9.307 mel=2.219 durs=0.334 pitch=0.672 ctc=4.510 bin=1.195 score=0.313 fmatch=0.031 d=0.244 lr=1.000e-04 | 5.90it/s skip=0 (88.7m)\n"}
,{"stream_name":"stdout","time":5439.884771144,"data":"[01:28:55] it 28775 loss=9.750 mel=2.292 durs=0.351 pitch=0.556 ctc=4.908 bin=1.355 score=0.269 fmatch=0.027 d=0.234 lr=1.000e-04 | 5.95it/s skip=0 (88.8m)\n"}
,{"stream_name":"stdout","time":5444.143672891,"data":"[01:28:59] it 28800 loss=8.786 mel=1.932 durs=0.325 pitch=0.521 ctc=4.581 bin=1.195 score=0.242 fmatch=0.027 d=0.239 lr=1.000e-04 | 5.96it/s skip=0 (88.8m)\n"}
,{"stream_name":"stdout","time":5448.616813197,"data":"[01:29:04] it 28825 loss=9.686 mel=2.264 durs=0.369 pitch=0.637 ctc=4.860 bin=1.420 score=0.252 fmatch=0.031 d=0.228 lr=1.000e-04 | 5.90it/s skip=0 (88.9m)\n"}
,{"stream_name":"stdout","time":5452.964299018,"data":"[01:29:08] it 28850 loss=9.118 mel=1.926 durs=0.331 pitch=0.490 ctc=4.721 bin=1.276 score=0.272 fmatch=0.026 d=0.233 lr=1.000e-04 | 5.89it/s skip=0 (89.0m)\n"}
,{"stream_name":"stdout","time":5457.230949818,"data":"[01:29:12] it 28875 loss=9.315 mel=2.183 durs=0.337 pitch=0.599 ctc=4.649 bin=1.309 score=0.264 fmatch=0.026 d=0.241 lr=1.000e-04 | 5.91it/s skip=0 (89.0m)\n"}
,{"stream_name":"stdout","time":5461.535801151,"data":"[01:29:17] it 28900 loss=9.151 mel=2.116 durs=0.342 pitch=0.727 ctc=4.558 bin=1.270 score=0.268 fmatch=0.029 d=0.220 lr=1.000e-04 | 5.91it/s skip=0 (89.1m)\n"}
,{"stream_name":"stdout","time":5465.848114106,"data":"[01:29:21] it 28925 loss=8.895 mel=2.125 durs=0.359 pitch=0.501 ctc=4.490 bin=1.317 score=0.211 fmatch=0.032 d=0.251 lr=1.000e-04 | 5.92it/s skip=0 (89.2m)\n"}
,{"stream_name":"stdout","time":5470.325566568,"data":"[01:29:25] it 28950 loss=9.434 mel=1.994 durs=0.360 pitch=0.610 ctc=4.800 bin=1.342 score=0.293 fmatch=0.027 d=0.232 lr=1.000e-04 | 5.88it/s skip=0 (89.3m)\n"}
,{"stream_name":"stdout","time":5474.566658601,"data":"[01:29:30] it 28975 loss=8.981 mel=1.914 durs=0.314 pitch=0.426 ctc=4.625 bin=1.290 score=0.263 fmatch=0.026 d=0.243 lr=1.000e-04 | 5.94it/s skip=0 (89.3m)\n"}
,{"stream_name":"stdout","time":5478.851174028,"data":"[01:29:34] it 29000 loss=8.805 mel=1.921 durs=0.308 pitch=0.521 ctc=4.530 bin=1.221 score=0.256 fmatch=0.024 d=0.238 lr=1.000e-04 | 5.93it/s skip=0 (89.4m)\n"}
,{"stream_name":"stdout","time":5483.349369757,"data":"[01:29:38] it 29025 loss=9.697 mel=2.421 durs=0.366 pitch=0.424 ctc=4.806 bin=1.396 score=0.241 fmatch=0.029 d=0.227 lr=1.000e-04 | 5.90it/s skip=0 (89.5m)\n"}
,{"stream_name":"stdout","time":5487.609229257,"data":"[01:29:43] it 29050 loss=9.046 mel=1.957 durs=0.304 pitch=0.537 ctc=4.342 bin=1.300 score=0.332 fmatch=0.035 d=0.247 lr=1.000e-04 | 5.92it/s skip=0 (89.5m)\n"}
,{"stream_name":"stdout","time":5491.96167875,"data":"[01:29:47] it 29075 loss=8.582 mel=2.051 durs=0.295 pitch=0.683 ctc=4.341 bin=1.107 score=0.239 fmatch=0.027 d=0.233 lr=1.000e-04 | 5.89it/s skip=0 (89.6m)\n"}
,{"stream_name":"stdout","time":5496.259494718,"data":"[01:29:51] it 29100 loss=9.420 mel=2.265 durs=0.331 pitch=0.467 ctc=4.510 bin=1.298 score=0.309 fmatch=0.033 d=0.239 lr=1.000e-04 | 5.90it/s skip=0 (89.7m)\n"}
,{"stream_name":"stdout","time":5500.649119467,"data":"[01:29:56] it 29125 loss=9.523 mel=2.218 durs=0.371 pitch=0.457 ctc=4.760 bin=1.333 score=0.276 fmatch=0.028 d=0.225 lr=1.000e-04 | 5.85it/s skip=0 (89.8m)\n"}
,{"stream_name":"stdout","time":5504.964402132,"data":"[01:30:00] it 29150 loss=8.697 mel=1.907 durs=0.303 pitch=0.435 ctc=4.325 bin=1.112 score=0.312 fmatch=0.032 d=0.241 lr=1.000e-04 | 5.87it/s skip=0 (89.8m)\n"}
,{"stream_name":"stdout","time":5509.226920894,"data":"[01:30:04] it 29175 loss=8.830 mel=1.927 durs=0.290 pitch=0.637 ctc=4.435 bin=1.130 score=0.304 fmatch=0.030 d=0.243 lr=1.000e-04 | 5.90it/s skip=0 (89.9m)\n"}
,{"stream_name":"stdout","time":5513.563461607,"data":"[01:30:09] it 29200 loss=9.635 mel=2.266 durs=0.337 pitch=0.503 ctc=4.628 bin=1.332 score=0.323 fmatch=0.032 d=0.250 lr=1.000e-04 | 5.89it/s skip=0 (90.0m)\n"}
,{"stream_name":"stdout","time":5517.865863326,"data":"[01:30:13] it 29225 loss=8.275 mel=1.882 durs=0.251 pitch=0.551 ctc=4.136 bin=1.073 score=0.269 fmatch=0.027 d=0.235 lr=1.000e-04 | 5.89it/s skip=0 (90.1m)\n"}
,{"stream_name":"stdout","time":5522.177617836,"data":"[01:30:17] it 29250 loss=9.321 mel=2.096 durs=0.333 pitch=0.580 ctc=4.653 bin=1.330 score=0.281 fmatch=0.027 d=0.241 lr=1.000e-04 | 5.89it/s skip=0 (90.1m)\n"}
,{"stream_name":"stdout","time":5526.443109519,"data":"[01:30:22] it 29275 loss=8.637 mel=1.912 durs=0.312 pitch=0.624 ctc=4.249 bin=1.231 score=0.281 fmatch=0.027 d=0.233 lr=1.000e-04 | 5.91it/s skip=0 (90.2m)\n"}
,{"stream_name":"stdout","time":5530.798609383,"data":"[01:30:26] it 29300 loss=8.432 mel=1.839 durs=0.309 pitch=0.542 ctc=4.357 bin=1.199 score=0.230 fmatch=0.032 d=0.229 lr=1.000e-04 | 5.87it/s skip=0 (90.3m)\n"}
,{"stream_name":"stdout","time":5535.168755385,"data":"[01:30:30] it 29325 loss=9.291 mel=2.272 durs=0.360 pitch=0.513 ctc=4.621 bin=1.314 score=0.242 fmatch=0.027 d=0.239 lr=1.000e-04 | 5.85it/s skip=0 (90.3m)\n"}
,{"stream_name":"stdout","time":5539.523339835,"data":"[01:30:35] it 29350 loss=9.227 mel=2.002 durs=0.316 pitch=0.560 ctc=4.705 bin=1.280 score=0.281 fmatch=0.029 d=0.228 lr=1.000e-04 | 5.85it/s skip=0 (90.4m)\n"}
,{"stream_name":"stdout","time":5543.767963741,"data":"[01:30:39] it 29375 loss=9.393 mel=2.279 durs=0.403 pitch=0.576 ctc=4.577 bin=1.313 score=0.274 fmatch=0.031 d=0.217 lr=1.000e-04 | 5.91it/s skip=0 (90.5m)\n"}
,{"stream_name":"stdout","time":5548.119449508,"data":"[01:30:43] it 29400 loss=9.327 mel=2.323 durs=0.347 pitch=0.481 ctc=4.470 bin=1.259 score=0.291 fmatch=0.029 d=0.246 lr=1.000e-04 | 5.89it/s skip=0 (90.6m)\n"}
,{"stream_name":"stdout","time":5552.451457983,"data":"[01:30:48] it 29425 loss=8.546 mel=1.972 durs=0.307 pitch=0.670 ctc=4.346 bin=1.163 score=0.235 fmatch=0.028 d=0.242 lr=1.000e-04 | 5.88it/s skip=0 (90.6m)\n"}
,{"stream_name":"stdout","time":5556.784353714,"data":"[01:30:52] it 29450 loss=9.279 mel=2.127 durs=0.347 pitch=0.515 ctc=4.696 bin=1.287 score=0.264 fmatch=0.027 d=0.243 lr=1.000e-04 | 5.87it/s skip=0 (90.7m)\n"}
,{"stream_name":"stdout","time":5561.110989031,"data":"[01:30:56] it 29475 loss=8.446 mel=1.744 durs=0.256 pitch=0.441 ctc=4.292 bin=1.107 score=0.301 fmatch=0.028 d=0.250 lr=1.000e-04 | 5.87it/s skip=0 (90.8m)\n"}
,{"stream_name":"stdout","time":5565.487487336,"data":"[01:31:01] it 29500 loss=8.919 mel=1.910 durs=0.293 pitch=0.681 ctc=4.446 bin=1.208 score=0.307 fmatch=0.030 d=0.243 lr=1.000e-04 | 5.84it/s skip=0 (90.8m)\n"}
,{"stream_name":"stdout","time":5569.857329358,"data":"[01:31:05] it 29525 loss=8.722 mel=2.111 durs=0.303 pitch=0.457 ctc=4.041 bin=1.110 score=0.337 fmatch=0.035 d=0.243 lr=1.000e-04 | 5.91it/s skip=0 (90.9m)\n"}
,{"stream_name":"stdout","time":5574.204529101,"data":"[01:31:09] it 29550 loss=8.332 mel=1.900 durs=0.287 pitch=0.610 ctc=4.201 bin=1.079 score=0.259 fmatch=0.025 d=0.227 lr=1.000e-04 | 5.89it/s skip=0 (91.0m)\n"}
,{"stream_name":"stdout","time":5578.410546217,"data":"[01:31:14] it 29575 loss=9.293 mel=2.195 durs=0.319 pitch=0.409 ctc=4.555 bin=1.243 score=0.300 fmatch=0.028 d=0.251 lr=1.000e-04 | 5.95it/s skip=0 (91.1m)\n"}
,{"stream_name":"stdout","time":5583.421430154,"data":"[01:31:19] it 29600 loss=8.311 mel=1.862 durs=0.276 pitch=0.604 ctc=4.285 bin=1.081 score=0.241 fmatch=0.029 d=0.237 lr=1.000e-04 | 5.88it/s skip=0 (91.1m)\n"}
,{"stream_name":"stdout","time":5587.612587602,"data":"[01:31:23] it 29625 loss=9.091 mel=2.022 durs=0.353 pitch=0.511 ctc=4.359 bin=1.316 score=0.319 fmatch=0.033 d=0.247 lr=1.000e-04 | 5.95it/s skip=0 (91.2m)\n"}
,{"stream_name":"stdout","time":5591.910139375,"data":"[01:31:27] it 29650 loss=8.006 mel=1.676 durs=0.275 pitch=0.357 ctc=4.198 bin=1.041 score=0.250 fmatch=0.026 d=0.233 lr=1.000e-04 | 5.93it/s skip=0 (91.3m)\n"}
,{"stream_name":"stdout","time":5596.249059076,"data":"[01:31:31] it 29675 loss=9.255 mel=2.095 durs=0.343 pitch=0.526 ctc=4.742 bin=1.362 score=0.235 fmatch=0.027 d=0.235 lr=1.000e-04 | 5.91it/s skip=0 (91.4m)\n"}
,{"stream_name":"stdout","time":5600.571401187,"data":"[01:31:36] it 29700 loss=8.996 mel=2.090 durs=0.323 pitch=0.696 ctc=4.416 bin=1.211 score=0.287 fmatch=0.028 d=0.233 lr=1.000e-04 | 5.90it/s skip=0 (91.4m)\n"}
,{"stream_name":"stdout","time":5604.820027547,"data":"[01:31:40] it 29725 loss=8.836 mel=1.974 durs=0.298 pitch=0.687 ctc=4.243 bin=1.155 score=0.332 fmatch=0.036 d=0.223 lr=1.000e-04 | 5.93it/s skip=0 (91.5m)\n"}
,{"stream_name":"stdout","time":5609.055962004,"data":"[01:31:44] it 29750 loss=8.547 mel=2.104 durs=0.306 pitch=0.484 ctc=4.156 bin=1.115 score=0.266 fmatch=0.029 d=0.233 lr=1.000e-04 | 5.96it/s skip=0 (91.6m)\n"}
,{"stream_name":"stdout","time":5613.348905087,"data":"[01:31:48] it 29775 loss=8.659 mel=1.935 durs=0.315 pitch=0.525 ctc=4.398 bin=1.262 score=0.238 fmatch=0.028 d=0.236 lr=1.000e-04 | 5.95it/s skip=0 (91.6m)\n"}
,{"stream_name":"stdout","time":5617.614763119,"data":"[01:31:53] it 29800 loss=8.676 mel=1.846 durs=0.301 pitch=0.541 ctc=4.420 bin=1.164 score=0.284 fmatch=0.027 d=0.241 lr=1.000e-04 | 5.95it/s skip=0 (91.7m)\n"}
,{"stream_name":"stdout","time":5622.00056667,"data":"[01:31:57] it 29825 loss=8.754 mel=2.146 durs=0.327 pitch=0.386 ctc=4.271 bin=1.196 score=0.261 fmatch=0.026 d=0.230 lr=1.000e-04 | 5.90it/s skip=0 (91.8m)\n"}
,{"stream_name":"stdout","time":5626.290246866,"data":"[01:32:01] it 29850 loss=8.745 mel=2.077 durs=0.350 pitch=0.670 ctc=4.128 bin=1.176 score=0.308 fmatch=0.031 d=0.229 lr=1.000e-04 | 5.91it/s skip=0 (91.9m)\n"}
,{"stream_name":"stdout","time":5630.575869012,"data":"[01:32:06] it 29875 loss=8.889 mel=2.045 durs=0.303 pitch=0.526 ctc=4.351 bin=1.189 score=0.298 fmatch=0.029 d=0.237 lr=1.000e-04 | 5.92it/s skip=0 (91.9m)\n"}
,{"stream_name":"stdout","time":5634.895163407,"data":"[01:32:10] it 29900 loss=8.410 mel=2.004 durs=0.298 pitch=0.427 ctc=4.183 bin=1.089 score=0.259 fmatch=0.027 d=0.235 lr=1.000e-04 | 5.90it/s skip=0 (92.0m)\n"}
,{"stream_name":"stdout","time":5639.162446396,"data":"[01:32:14] it 29925 loss=8.518 mel=1.803 durs=0.276 pitch=0.458 ctc=4.248 bin=1.113 score=0.312 fmatch=0.031 d=0.245 lr=1.000e-04 | 5.92it/s skip=0 (92.1m)\n"}
,{"stream_name":"stdout","time":5643.617246856,"data":"[01:32:19] it 29950 loss=8.121 mel=1.813 durs=0.292 pitch=0.575 ctc=4.097 bin=1.139 score=0.239 fmatch=0.031 d=0.238 lr=1.000e-04 | 5.87it/s skip=0 (92.1m)\n"}
,{"stream_name":"stdout","time":5647.903012222,"data":"[01:32:23] it 29975 loss=8.742 mel=1.910 durs=0.324 pitch=0.527 ctc=4.549 bin=1.151 score=0.256 fmatch=0.024 d=0.238 lr=1.000e-04 | 5.90it/s skip=0 (92.2m)\n"}
,{"stream_name":"stdout","time":5652.303835385,"data":"[01:32:27] it 30000 loss=8.076 mel=1.680 durs=0.247 pitch=0.406 ctc=4.108 bin=1.035 score=0.290 fmatch=0.025 d=0.238 lr=1.000e-04 | 5.84it/s skip=0 (92.3m)\n"}
,{"stream_name":"stdout","time":5653.217143558,"data":"[01:32:28] [train] probes saved at iter 30000\n"}
,{"stream_name":"stdout","time":5665.879203844,"data":"[01:32:41] [val] it 30000 loss=7.779 mel=2.078 durs=0.307 pitch=0.505 ctc=4.419 (12.7s)\n"}
,{"stream_name":"stdout","time":5670.142697008,"data":"[01:32:45] it 30025 loss=8.882 mel=2.168 durs=0.338 pitch=0.434 ctc=4.479 bin=1.199 score=0.232 fmatch=0.031 d=0.247 lr=1.000e-04 | 5.90it/s skip=0 (92.6m)\n"}
,{"stream_name":"stdout","time":5674.53255834,"data":"[01:32:50] it 30050 loss=9.116 mel=2.147 durs=0.310 pitch=0.406 ctc=4.560 bin=1.244 score=0.267 fmatch=0.027 d=0.224 lr=1.000e-04 | 5.86it/s skip=0 (92.7m)\n"}
,{"stream_name":"stdout","time":5678.831336347,"data":"[01:32:54] it 30075 loss=8.555 mel=1.790 durs=0.257 pitch=0.556 ctc=4.255 bin=1.109 score=0.322 fmatch=0.032 d=0.250 lr=1.000e-04 | 5.89it/s skip=0 (92.7m)\n"}
,{"stream_name":"stdout","time":5683.181411543,"data":"[01:32:58] it 30100 loss=9.047 mel=1.938 durs=0.327 pitch=0.502 ctc=4.479 bin=1.192 score=0.330 fmatch=0.036 d=0.235 lr=1.000e-04 | 5.87it/s skip=0 (92.8m)\n"}
,{"stream_name":"stdout","time":5687.418088206,"data":"[01:33:03] it 30125 loss=9.342 mel=2.249 durs=0.313 pitch=0.583 ctc=4.584 bin=1.332 score=0.265 fmatch=0.027 d=0.246 lr=1.000e-04 | 5.92it/s skip=0 (92.9m)\n"}
,{"stream_name":"stdout","time":5691.796434701,"data":"[01:33:07] it 30150 loss=9.837 mel=2.312 durs=0.350 pitch=0.687 ctc=4.854 bin=1.350 score=0.297 fmatch=0.030 d=0.232 lr=1.000e-04 | 5.88it/s skip=0 (93.0m)\n"}
,{"stream_name":"stdout","time":5696.050301998,"data":"[01:33:11] it 30175 loss=8.301 mel=2.012 durs=0.299 pitch=0.510 ctc=4.137 bin=1.094 score=0.238 fmatch=0.027 d=0.243 lr=1.000e-04 | 5.91it/s skip=0 (93.0m)\n"}
,{"stream_name":"stdout","time":5700.372110353,"data":"[01:33:16] it 30200 loss=9.243 mel=2.250 durs=0.363 pitch=0.498 ctc=4.592 bin=1.289 score=0.250 fmatch=0.028 d=0.224 lr=1.000e-04 | 5.89it/s skip=0 (93.1m)\n"}
,{"stream_name":"stdout","time":5704.769272423,"data":"[01:33:20] it 30225 loss=8.875 mel=2.058 durs=0.314 pitch=0.484 ctc=4.516 bin=1.197 score=0.249 fmatch=0.027 d=0.234 lr=1.000e-04 | 5.86it/s skip=0 (93.2m)\n"}
,{"stream_name":"stdout","time":5709.047178349,"data":"[01:33:24] it 30250 loss=8.554 mel=1.740 durs=0.290 pitch=0.533 ctc=4.474 bin=1.173 score=0.265 fmatch=0.027 d=0.235 lr=1.000e-04 | 5.89it/s skip=0 (93.2m)\n"}
,{"stream_name":"stdout","time":5713.297205336,"data":"[01:33:28] it 30275 loss=8.667 mel=1.926 durs=0.306 pitch=0.456 ctc=4.454 bin=1.211 score=0.243 fmatch=0.028 d=0.230 lr=1.000e-04 | 5.92it/s skip=0 (93.3m)\n"}
,{"stream_name":"stdout","time":5717.650790891,"data":"[01:33:33] it 30300 loss=8.592 mel=1.812 durs=0.308 pitch=0.395 ctc=4.437 bin=1.183 score=0.266 fmatch=0.024 d=0.245 lr=1.000e-04 | 5.89it/s skip=0 (93.4m)\n"}
,{"stream_name":"stdout","time":5721.86713138,"data":"[01:33:37] it 30325 loss=8.094 mel=1.864 durs=0.292 pitch=0.429 ctc=4.046 bin=1.042 score=0.261 fmatch=0.025 d=0.240 lr=1.000e-04 | 5.95it/s skip=0 (93.5m)\n"}
,{"stream_name":"stdout","time":5726.215302748,"data":"[01:33:41] it 30350 loss=8.242 mel=1.887 durs=0.310 pitch=0.406 ctc=4.173 bin=1.034 score=0.263 fmatch=0.025 d=0.239 lr=1.000e-04 | 5.91it/s skip=0 (93.5m)\n"}
,{"stream_name":"stdout","time":5730.423498028,"data":"[01:33:46] it 30375 loss=8.801 mel=2.142 durs=0.303 pitch=0.502 ctc=4.146 bin=1.238 score=0.292 fmatch=0.028 d=0.250 lr=1.000e-04 | 5.96it/s skip=0 (93.6m)\n"}
,{"stream_name":"stdout","time":5734.984157822,"data":"[01:33:50] it 30400 loss=8.051 mel=1.853 durs=0.278 pitch=0.490 ctc=3.999 bin=1.073 score=0.256 fmatch=0.026 d=0.240 lr=1.000e-04 | 5.87it/s skip=0 (93.7m)\n"}
,{"stream_name":"stdout","time":5739.150377281,"data":"[01:33:54] it 30425 loss=7.976 mel=1.684 durs=0.283 pitch=0.505 ctc=4.067 bin=1.090 score=0.258 fmatch=0.024 d=0.241 lr=1.000e-04 | 5.96it/s skip=0 (93.7m)\n"}
,{"stream_name":"stdout","time":5743.507697459,"data":"[01:33:59] it 30450 loss=9.112 mel=2.165 durs=0.316 pitch=0.693 ctc=4.600 bin=1.236 score=0.245 fmatch=0.030 d=0.234 lr=1.000e-04 | 5.92it/s skip=0 (93.8m)\n"}
,{"stream_name":"stdout","time":5747.760253298,"data":"[01:34:03] it 30475 loss=9.081 mel=1.961 durs=0.310 pitch=0.579 ctc=4.585 bin=1.230 score=0.297 fmatch=0.029 d=0.238 lr=1.000e-04 | 5.94it/s skip=0 (93.9m)\n"}
,{"stream_name":"stdout","time":5751.971026471,"data":"[01:34:07] it 30500 loss=9.968 mel=2.417 durs=0.365 pitch=0.479 ctc=4.972 bin=1.465 score=0.251 fmatch=0.026 d=0.243 lr=1.000e-04 | 5.97it/s skip=0 (94.0m)\n"}
,{"stream_name":"stdout","time":5756.401971111,"data":"[01:34:12] it 30525 loss=8.541 mel=1.855 durs=0.295 pitch=0.477 ctc=4.243 bin=1.145 score=0.298 fmatch=0.029 d=0.231 lr=1.000e-04 | 5.97it/s skip=0 (94.0m)\n"}
,{"stream_name":"stdout","time":5760.677025683,"data":"[01:34:16] it 30550 loss=9.448 mel=2.235 durs=0.348 pitch=0.554 ctc=4.532 bin=1.258 score=0.325 fmatch=0.033 d=0.244 lr=1.000e-04 | 5.96it/s skip=0 (94.1m)\n"}
,{"stream_name":"stdout","time":5765.017370057,"data":"[01:34:20] it 30575 loss=8.505 mel=1.762 durs=0.292 pitch=0.627 ctc=4.247 bin=1.129 score=0.311 fmatch=0.031 d=0.247 lr=1.000e-04 | 5.92it/s skip=0 (94.2m)\n"}
,{"stream_name":"stdout","time":5769.274062261,"data":"[01:34:24] it 30600 loss=8.640 mel=2.039 durs=0.313 pitch=0.470 ctc=4.389 bin=1.118 score=0.247 fmatch=0.028 d=0.239 lr=1.000e-04 | 5.94it/s skip=0 (94.2m)\n"}
,{"stream_name":"stdout","time":5773.554289192,"data":"[01:34:29] it 30625 loss=8.717 mel=2.031 durs=0.303 pitch=0.655 ctc=4.330 bin=1.232 score=0.251 fmatch=0.026 d=0.237 lr=1.000e-04 | 5.94it/s skip=0 (94.3m)\n"}
,{"stream_name":"stdout","time":5777.862363176,"data":"[01:34:33] it 30650 loss=9.126 mel=1.872 durs=0.340 pitch=0.436 ctc=4.668 bin=1.331 score=0.287 fmatch=0.029 d=0.238 lr=1.000e-04 | 5.92it/s skip=0 (94.4m)\n"}
,{"stream_name":"stdout","time":5782.127259189,"data":"[01:34:37] it 30675 loss=9.259 mel=2.156 durs=0.327 pitch=0.480 ctc=4.712 bin=1.390 score=0.223 fmatch=0.029 d=0.233 lr=1.000e-04 | 5.94it/s skip=0 (94.5m)\n"}
,{"stream_name":"stdout","time":5786.468327158,"data":"[01:34:42] it 30700 loss=8.593 mel=1.881 durs=0.280 pitch=0.489 ctc=4.310 bin=1.061 score=0.308 fmatch=0.031 d=0.230 lr=1.000e-04 | 5.91it/s skip=0 (94.5m)\n"}
,{"stream_name":"stdout","time":5790.878498239,"data":"[01:34:46] it 30725 loss=8.698 mel=2.081 durs=0.296 pitch=0.460 ctc=4.278 bin=1.190 score=0.261 fmatch=0.027 d=0.242 lr=1.000e-04 | 5.84it/s skip=0 (94.6m)\n"}
,{"stream_name":"stdout","time":5795.146347004,"data":"[01:34:50] it 30750 loss=8.974 mel=1.996 durs=0.326 pitch=0.482 ctc=4.472 bin=1.262 score=0.283 fmatch=0.029 d=0.225 lr=1.000e-04 | 5.90it/s skip=0 (94.7m)\n"}
,{"stream_name":"stdout","time":5799.371941009,"data":"[01:34:55] it 30775 loss=8.460 mel=1.786 durs=0.288 pitch=0.819 ctc=4.350 bin=1.166 score=0.255 fmatch=0.026 d=0.232 lr=1.000e-04 | 5.95it/s skip=0 (94.7m)\n"}
,{"stream_name":"stdout","time":5803.592261912,"data":"[01:34:59] it 30800 loss=8.829 mel=2.074 durs=0.365 pitch=0.557 ctc=4.447 bin=1.206 score=0.246 fmatch=0.026 d=0.238 lr=1.000e-04 | 5.98it/s skip=0 (94.8m)\n"}
,{"stream_name":"stdout","time":5808.003024263,"data":"[01:35:03] it 30825 loss=8.775 mel=2.148 durs=0.300 pitch=0.619 ctc=4.317 bin=1.133 score=0.264 fmatch=0.028 d=0.242 lr=1.000e-04 | 5.88it/s skip=0 (94.9m)\n"}
,{"stream_name":"stdout","time":5812.276750779,"data":"[01:35:07] it 30850 loss=8.554 mel=1.821 durs=0.305 pitch=0.530 ctc=4.336 bin=1.182 score=0.276 fmatch=0.028 d=0.227 lr=1.000e-04 | 5.91it/s skip=0 (95.0m)\n"}
,{"stream_name":"stdout","time":5816.539437363,"data":"[01:35:12] it 30875 loss=8.997 mel=2.010 durs=0.295 pitch=0.480 ctc=4.448 bin=1.230 score=0.300 fmatch=0.030 d=0.220 lr=1.000e-04 | 5.92it/s skip=0 (95.0m)\n"}
,{"stream_name":"stdout","time":5820.857600258,"data":"[01:35:16] it 30900 loss=8.954 mel=2.044 durs=0.323 pitch=0.593 ctc=4.456 bin=1.276 score=0.265 fmatch=0.026 d=0.244 lr=1.000e-04 | 5.91it/s skip=0 (95.1m)\n"}
,{"stream_name":"stdout","time":5825.19022062,"data":"[01:35:20] it 30925 loss=7.940 mel=1.667 durs=0.266 pitch=0.401 ctc=4.122 bin=1.004 score=0.264 fmatch=0.023 d=0.244 lr=1.000e-04 | 5.91it/s skip=0 (95.2m)\n"}
,{"stream_name":"stdout","time":5829.571728102,"data":"[01:35:25] it 30950 loss=8.269 mel=1.780 durs=0.272 pitch=0.360 ctc=4.308 bin=1.065 score=0.257 fmatch=0.025 d=0.248 lr=1.000e-04 | 5.86it/s skip=0 (95.2m)\n"}
,{"stream_name":"stdout","time":5833.832735695,"data":"[01:35:29] it 30975 loss=8.656 mel=1.944 durs=0.305 pitch=0.428 ctc=4.271 bin=1.169 score=0.293 fmatch=0.029 d=0.225 lr=1.000e-04 | 5.91it/s skip=0 (95.3m)\n"}
,{"stream_name":"stdout","time":5838.170260845,"data":"[01:35:33] it 31000 loss=9.518 mel=2.272 durs=0.375 pitch=0.700 ctc=4.777 bin=1.317 score=0.253 fmatch=0.030 d=0.231 lr=1.000e-04 | 5.89it/s skip=0 (95.4m)\n"}
,{"stream_name":"stdout","time":5842.66669924,"data":"[01:35:38] it 31025 loss=8.416 mel=1.887 durs=0.304 pitch=0.362 ctc=4.256 bin=1.182 score=0.250 fmatch=0.026 d=0.236 lr=1.000e-04 | 5.88it/s skip=0 (95.5m)\n"}
,{"stream_name":"stdout","time":5846.93273041,"data":"[01:35:42] it 31050 loss=8.492 mel=1.715 durs=0.255 pitch=0.662 ctc=4.336 bin=1.138 score=0.296 fmatch=0.027 d=0.236 lr=1.000e-04 | 5.92it/s skip=0 (95.5m)\n"}
,{"stream_name":"stdout","time":5851.307026224,"data":"[01:35:46] it 31075 loss=9.184 mel=2.240 durs=0.365 pitch=0.475 ctc=4.616 bin=1.289 score=0.232 fmatch=0.028 d=0.234 lr=1.000e-04 | 5.87it/s skip=0 (95.6m)\n"}
,{"stream_name":"stdout","time":5855.622047923,"data":"[01:35:51] it 31100 loss=8.731 mel=1.945 durs=0.312 pitch=0.560 ctc=4.457 bin=1.219 score=0.249 fmatch=0.028 d=0.225 lr=1.000e-04 | 5.88it/s skip=0 (95.7m)\n"}
,{"stream_name":"stdout","time":5860.047558373,"data":"[01:35:55] it 31125 loss=9.415 mel=2.101 durs=0.345 pitch=0.438 ctc=4.793 bin=1.295 score=0.279 fmatch=0.031 d=0.218 lr=1.000e-04 | 5.86it/s skip=0 (95.8m)\n"}
,{"stream_name":"stdout","time":5864.342435982,"data":"[01:35:59] it 31150 loss=8.327 mel=1.768 durs=0.303 pitch=0.500 ctc=4.242 bin=1.075 score=0.284 fmatch=0.025 d=0.241 lr=1.000e-04 | 5.89it/s skip=0 (95.8m)\n"}
,{"stream_name":"stdout","time":5868.644179762,"data":"[01:36:04] it 31175 loss=9.066 mel=2.086 durs=0.329 pitch=0.700 ctc=4.599 bin=1.290 score=0.240 fmatch=0.029 d=0.236 lr=1.000e-04 | 5.90it/s skip=0 (95.9m)\n"}
,{"stream_name":"stdout","time":5872.951953074,"data":"[01:36:08] it 31200 loss=8.816 mel=1.966 durs=0.318 pitch=0.575 ctc=4.539 bin=1.243 score=0.237 fmatch=0.029 d=0.227 lr=1.000e-04 | 5.91it/s skip=0 (96.0m)\n"}
,{"stream_name":"stdout","time":5877.265898558,"data":"[01:36:12] it 31225 loss=9.300 mel=2.206 durs=0.346 pitch=0.510 ctc=4.353 bin=1.280 score=0.335 fmatch=0.035 d=0.244 lr=1.000e-04 | 5.91it/s skip=0 (96.0m)\n"}
,{"stream_name":"stdout","time":5881.48948451,"data":"[01:36:17] it 31250 loss=8.866 mel=1.897 durs=0.322 pitch=0.471 ctc=4.469 bin=1.274 score=0.281 fmatch=0.026 d=0.233 lr=1.000e-04 | 5.95it/s skip=0 (96.1m)\n"}
,{"stream_name":"stdout","time":5885.743180579,"data":"[01:36:21] it 31275 loss=8.677 mel=1.992 durs=0.312 pitch=0.542 ctc=4.249 bin=1.144 score=0.295 fmatch=0.026 d=0.258 lr=1.000e-04 | 5.96it/s skip=0 (96.2m)\n"}
,{"stream_name":"stdout","time":5889.999826383,"data":"[01:36:25] it 31300 loss=8.132 mel=1.783 durs=0.293 pitch=0.505 ctc=4.162 bin=1.060 score=0.255 fmatch=0.027 d=0.244 lr=1.000e-04 | 5.96it/s skip=0 (96.3m)\n"}
,{"stream_name":"stdout","time":5894.291647643,"data":"[01:36:29] it 31325 loss=8.813 mel=1.946 durs=0.332 pitch=0.456 ctc=4.503 bin=1.163 score=0.275 fmatch=0.023 d=0.240 lr=1.000e-04 | 5.95it/s skip=0 (96.3m)\n"}
,{"stream_name":"stdout","time":5898.554603903,"data":"[01:36:34] it 31350 loss=8.104 mel=1.824 durs=0.270 pitch=0.439 ctc=4.034 bin=1.129 score=0.255 fmatch=0.026 d=0.233 lr=1.000e-04 | 5.94it/s skip=0 (96.4m)\n"}
,{"stream_name":"stdout","time":5902.824497371,"data":"[01:36:38] it 31375 loss=9.742 mel=2.283 durs=0.376 pitch=0.520 ctc=4.910 bin=1.338 score=0.274 fmatch=0.026 d=0.241 lr=1.000e-04 | 5.94it/s skip=0 (96.5m)\n"}
,{"stream_name":"stdout","time":5907.163261012,"data":"[01:36:42] it 31400 loss=8.498 mel=1.918 durs=0.294 pitch=0.630 ctc=4.120 bin=1.084 score=0.313 fmatch=0.030 d=0.247 lr=1.000e-04 | 5.91it/s skip=0 (96.5m)\n"}
,{"stream_name":"stdout","time":5911.364707015,"data":"[01:36:47] it 31425 loss=8.852 mel=2.065 durs=0.322 pitch=0.533 ctc=4.427 bin=1.281 score=0.242 fmatch=0.028 d=0.231 lr=1.000e-04 | 5.96it/s skip=0 (96.6m)\n"}
,{"stream_name":"stdout","time":5915.613040931,"data":"[01:36:51] it 31450 loss=9.017 mel=2.053 durs=0.340 pitch=0.393 ctc=4.545 bin=1.248 score=0.267 fmatch=0.028 d=0.234 lr=1.000e-04 | 5.98it/s skip=0 (96.7m)\n"}
,{"stream_name":"stdout","time":5919.908326967,"data":"[01:36:55] it 31475 loss=8.422 mel=1.920 durs=0.314 pitch=0.507 ctc=4.261 bin=1.190 score=0.235 fmatch=0.029 d=0.247 lr=1.000e-04 | 5.96it/s skip=0 (96.8m)\n"}
,{"stream_name":"stdout","time":5924.134936803,"data":"[01:36:59] it 31500 loss=8.261 mel=1.962 durs=0.316 pitch=0.580 ctc=4.052 bin=1.098 score=0.259 fmatch=0.022 d=0.240 lr=1.000e-04 | 5.98it/s skip=0 (96.8m)\n"}
,{"stream_name":"stdout","time":5928.711331369,"data":"[01:37:04] it 31525 loss=8.641 mel=1.840 durs=0.283 pitch=0.408 ctc=4.315 bin=1.131 score=0.314 fmatch=0.030 d=0.235 lr=1.000e-04 | 5.89it/s skip=0 (96.9m)\n"}
,{"stream_name":"stdout","time":5933.001039462,"data":"[01:37:08] it 31550 loss=8.762 mel=2.017 durs=0.302 pitch=0.596 ctc=4.278 bin=1.085 score=0.315 fmatch=0.033 d=0.229 lr=1.000e-04 | 5.91it/s skip=0 (97.0m)\n"}
,{"stream_name":"stdout","time":5937.277588744,"data":"[01:37:12] it 31575 loss=8.813 mel=2.002 durs=0.303 pitch=0.451 ctc=4.340 bin=1.137 score=0.307 fmatch=0.029 d=0.245 lr=1.000e-04 | 5.93it/s skip=0 (97.0m)\n"}
,{"stream_name":"stdout","time":5941.480037919,"data":"[01:37:17] it 31600 loss=8.679 mel=1.860 durs=0.296 pitch=0.440 ctc=4.365 bin=1.195 score=0.289 fmatch=0.028 d=0.241 lr=1.000e-04 | 5.97it/s skip=0 (97.1m)\n"}
,{"stream_name":"stdout","time":5945.803168282,"data":"[01:37:21] it 31625 loss=9.253 mel=2.023 durs=0.324 pitch=0.449 ctc=4.616 bin=1.307 score=0.300 fmatch=0.029 d=0.236 lr=1.000e-04 | 5.93it/s skip=0 (97.2m)\n"}
,{"stream_name":"stdout","time":5950.030656363,"data":"[01:37:25] it 31650 loss=8.472 mel=1.845 durs=0.257 pitch=0.508 ctc=4.208 bin=1.057 score=0.314 fmatch=0.030 d=0.245 lr=1.000e-04 | 5.96it/s skip=0 (97.3m)\n"}
,{"stream_name":"stdout","time":5954.294298843,"data":"[01:37:29] it 31675 loss=9.232 mel=2.101 durs=0.351 pitch=0.424 ctc=4.679 bin=1.376 score=0.242 fmatch=0.029 d=0.235 lr=1.000e-04 | 5.96it/s skip=0 (97.3m)\n"}
,{"stream_name":"stdout","time":5958.605635481,"data":"[01:37:34] it 31700 loss=8.425 mel=1.870 durs=0.253 pitch=0.510 ctc=4.209 bin=1.035 score=0.301 fmatch=0.030 d=0.241 lr=1.000e-04 | 5.93it/s skip=0 (97.4m)\n"}
,{"stream_name":"stdout","time":5962.929567085,"data":"[01:37:38] it 31725 loss=8.472 mel=1.990 durs=0.296 pitch=0.414 ctc=4.151 bin=1.166 score=0.266 fmatch=0.030 d=0.252 lr=1.000e-04 | 5.90it/s skip=0 (97.5m)\n"}
,{"stream_name":"stdout","time":5967.22979545,"data":"[01:37:42] it 31750 loss=9.383 mel=2.135 durs=0.330 pitch=0.515 ctc=4.680 bin=1.298 score=0.289 fmatch=0.031 d=0.235 lr=1.000e-04 | 5.91it/s skip=0 (97.5m)\n"}
,{"stream_name":"stdout","time":5971.498991618,"data":"[01:37:47] it 31775 loss=8.548 mel=1.946 durs=0.278 pitch=0.352 ctc=4.183 bin=1.149 score=0.296 fmatch=0.025 d=0.249 lr=1.000e-04 | 5.92it/s skip=0 (97.6m)\n"}
,{"stream_name":"stdout","time":5975.793793894,"data":"[01:37:51] it 31800 loss=8.881 mel=1.957 durs=0.302 pitch=0.479 ctc=4.434 bin=1.214 score=0.292 fmatch=0.027 d=0.245 lr=1.000e-04 | 5.92it/s skip=0 (97.7m)\n"}
,{"stream_name":"stdout","time":5980.095079764,"data":"[01:37:55] it 31825 loss=8.782 mel=1.977 durs=0.301 pitch=0.601 ctc=4.451 bin=1.166 score=0.268 fmatch=0.026 d=0.236 lr=1.000e-04 | 5.92it/s skip=0 (97.8m)\n"}
,{"stream_name":"stdout","time":5984.387941086,"data":"[01:38:00] it 31850 loss=8.233 mel=1.744 durs=0.260 pitch=0.561 ctc=4.121 bin=1.008 score=0.312 fmatch=0.030 d=0.247 lr=1.000e-04 | 5.92it/s skip=0 (97.8m)\n"}
,{"stream_name":"stdout","time":5988.598839809,"data":"[01:38:04] it 31875 loss=8.685 mel=1.969 durs=0.292 pitch=0.462 ctc=4.322 bin=1.134 score=0.289 fmatch=0.029 d=0.236 lr=1.000e-04 | 5.97it/s skip=0 (97.9m)\n"}
,{"stream_name":"stdout","time":5992.90098677,"data":"[01:38:08] it 31900 loss=8.509 mel=1.761 durs=0.287 pitch=0.513 ctc=4.215 bin=1.103 score=0.330 fmatch=0.033 d=0.246 lr=1.000e-04 | 5.94it/s skip=0 (98.0m)\n"}
,{"stream_name":"stdout","time":5997.203752766,"data":"[01:38:12] it 31925 loss=9.326 mel=2.442 durs=0.350 pitch=0.435 ctc=4.538 bin=1.286 score=0.239 fmatch=0.026 d=0.237 lr=1.000e-04 | 5.93it/s skip=0 (98.0m)\n"}
,{"stream_name":"stdout","time":6001.488490505,"data":"[01:38:17] it 31950 loss=8.682 mel=1.978 durs=0.347 pitch=0.655 ctc=4.396 bin=1.200 score=0.245 fmatch=0.026 d=0.233 lr=1.000e-04 | 5.93it/s skip=0 (98.1m)\n"}
,{"stream_name":"stdout","time":6005.749453904,"data":"[01:38:21] it 31975 loss=9.186 mel=2.128 durs=0.338 pitch=0.602 ctc=4.607 bin=1.273 score=0.264 fmatch=0.026 d=0.237 lr=1.000e-04 | 5.94it/s skip=0 (98.2m)\n"}
,{"stream_name":"stdout","time":6010.055820591,"data":"[01:38:25] it 32000 loss=8.459 mel=1.949 durs=0.282 pitch=0.604 ctc=4.061 bin=1.065 score=0.316 fmatch=0.031 d=0.233 lr=1.000e-04 | 5.92it/s skip=0 (98.3m)\n"}
,{"stream_name":"stdout","time":6010.536814302,"data":"[01:38:26] [train] probes saved at iter 32000\n"}
,{"stream_name":"stdout","time":6022.896036384,"data":"[01:38:38] [val] it 32000 loss=7.670 mel=2.012 durs=0.305 pitch=0.508 ctc=4.384 (12.4s)\n"}
,{"stream_name":"stdout","time":6027.036180747,"data":"[01:38:42] it 32025 loss=7.808 mel=1.782 durs=0.244 pitch=0.442 ctc=3.917 bin=1.012 score=0.251 fmatch=0.024 d=0.243 lr=1.000e-04 | 6.00it/s skip=0 (98.5m)\n"}
,{"stream_name":"stdout","time":6031.353314883,"data":"[01:38:46] it 32050 loss=8.876 mel=1.947 durs=0.321 pitch=0.439 ctc=4.456 bin=1.286 score=0.272 fmatch=0.024 d=0.240 lr=1.000e-04 | 5.95it/s skip=0 (98.6m)\n"}
,{"stream_name":"stdout","time":6036.821523869,"data":"[01:38:52] it 32075 loss=8.254 mel=1.687 durs=0.268 pitch=0.490 ctc=4.206 bin=1.043 score=0.303 fmatch=0.028 d=0.234 lr=1.000e-04 | 5.89it/s skip=0 (98.7m)\n"}
,{"stream_name":"stdout","time":6041.102432489,"data":"[01:38:56] it 32100 loss=8.281 mel=1.770 durs=0.290 pitch=0.570 ctc=4.191 bin=1.058 score=0.287 fmatch=0.029 d=0.226 lr=1.000e-04 | 5.90it/s skip=0 (98.8m)\n"}
,{"stream_name":"stdout","time":6045.380439876,"data":"[01:39:01] it 32125 loss=8.460 mel=1.858 durs=0.273 pitch=0.675 ctc=4.367 bin=1.070 score=0.261 fmatch=0.026 d=0.229 lr=1.000e-04 | 5.91it/s skip=0 (98.8m)\n"}
,{"stream_name":"stdout","time":6049.760688041,"data":"[01:39:05] it 32150 loss=9.577 mel=2.202 durs=0.348 pitch=0.417 ctc=4.597 bin=1.369 score=0.325 fmatch=0.033 d=0.244 lr=1.000e-04 | 5.88it/s skip=0 (98.9m)\n"}
,{"stream_name":"stdout","time":6054.06845503,"data":"[01:39:09] it 32175 loss=9.384 mel=2.108 durs=0.310 pitch=0.494 ctc=4.557 bin=1.297 score=0.326 fmatch=0.036 d=0.241 lr=1.000e-04 | 5.89it/s skip=0 (99.0m)\n"}
,{"stream_name":"stdout","time":6058.426255658,"data":"[01:39:14] it 32200 loss=9.198 mel=2.064 durs=0.355 pitch=0.610 ctc=4.653 bin=1.244 score=0.279 fmatch=0.024 d=0.230 lr=1.000e-04 | 5.87it/s skip=0 (99.1m)\n"}
,{"stream_name":"stdout","time":6062.742265735,"data":"[01:39:18] it 32225 loss=8.452 mel=1.922 durs=0.284 pitch=0.466 ctc=4.247 bin=1.159 score=0.256 fmatch=0.024 d=0.235 lr=1.000e-04 | 5.87it/s skip=0 (99.1m)\n"}
,{"stream_name":"stdout","time":6067.116424245,"data":"[01:39:22] it 32250 loss=8.793 mel=1.902 durs=0.304 pitch=0.745 ctc=4.385 bin=1.209 score=0.290 fmatch=0.031 d=0.223 lr=1.000e-04 | 5.85it/s skip=0 (99.2m)\n"}
,{"stream_name":"stdout","time":6071.428851993,"data":"[01:39:27] it 32275 loss=8.844 mel=1.871 durs=0.301 pitch=0.721 ctc=4.293 bin=1.172 score=0.342 fmatch=0.038 d=0.247 lr=1.000e-04 | 5.87it/s skip=0 (99.3m)\n"}
,{"stream_name":"stdout","time":6075.740128668,"data":"[01:39:31] it 32300 loss=8.455 mel=1.753 durs=0.279 pitch=0.589 ctc=4.345 bin=1.098 score=0.286 fmatch=0.027 d=0.231 lr=1.000e-04 | 5.89it/s skip=0 (99.4m)\n"}
,{"stream_name":"stdout","time":6080.22400568,"data":"[01:39:35] it 32325 loss=8.486 mel=1.682 durs=0.283 pitch=0.522 ctc=4.321 bin=1.113 score=0.315 fmatch=0.029 d=0.246 lr=1.000e-04 | 5.83it/s skip=0 (99.4m)\n"}
,{"stream_name":"stdout","time":6084.421025702,"data":"[01:39:40] it 32350 loss=8.099 mel=1.674 durs=0.255 pitch=0.508 ctc=4.084 bin=1.072 score=0.291 fmatch=0.027 d=0.236 lr=1.000e-04 | 5.92it/s skip=0 (99.5m)\n"}
,{"stream_name":"stdout","time":6088.845975865,"data":"[01:39:44] it 32375 loss=8.953 mel=1.977 durs=0.369 pitch=0.517 ctc=4.581 bin=1.268 score=0.253 fmatch=0.024 d=0.229 lr=1.000e-04 | 5.85it/s skip=0 (99.6m)\n"}
,{"stream_name":"stdout","time":6093.059489627,"data":"[01:39:48] it 32400 loss=8.245 mel=1.773 durs=0.293 pitch=0.571 ctc=4.255 bin=1.071 score=0.259 fmatch=0.023 d=0.249 lr=1.000e-04 | 5.93it/s skip=0 (99.6m)\n"}
,{"stream_name":"stdout","time":6097.259506317,"data":"[01:39:52] it 32425 loss=9.218 mel=2.201 durs=0.384 pitch=0.407 ctc=4.593 bin=1.310 score=0.253 fmatch=0.024 d=0.236 lr=1.000e-04 | 5.98it/s skip=0 (99.7m)\n"}
,{"stream_name":"stdout","time":6101.489449411,"data":"[01:39:57] it 32450 loss=9.152 mel=2.100 durs=0.309 pitch=0.554 ctc=4.383 bin=1.262 score=0.321 fmatch=0.034 d=0.225 lr=1.000e-04 | 5.99it/s skip=0 (99.8m)\n"}
,{"stream_name":"stdout","time":6105.784032268,"data":"[01:40:01] it 32475 loss=9.491 mel=2.133 durs=0.349 pitch=0.507 ctc=4.719 bin=1.342 score=0.295 fmatch=0.029 d=0.222 lr=1.000e-04 | 5.96it/s skip=0 (99.9m)\n"}
,{"stream_name":"stdout","time":6110.014902507,"data":"[01:40:05] it 32500 loss=8.184 mel=1.675 durs=0.271 pitch=0.538 ctc=4.079 bin=1.038 score=0.320 fmatch=0.031 d=0.246 lr=1.000e-04 | 5.97it/s skip=0 (99.9m)\n"}
,{"stream_name":"stdout","time":6114.510006222,"data":"[01:40:10] it 32525 loss=9.346 mel=2.106 durs=0.356 pitch=0.605 ctc=4.723 bin=1.382 score=0.253 fmatch=0.025 d=0.235 lr=1.000e-04 | 5.93it/s skip=0 (100.0m)\n"}
,{"stream_name":"stdout","time":6118.769387289,"data":"[01:40:14] it 32550 loss=9.114 mel=1.968 durs=0.328 pitch=0.604 ctc=4.573 bin=1.325 score=0.282 fmatch=0.028 d=0.242 lr=1.000e-04 | 5.94it/s skip=0 (100.1m)\n"}
,{"stream_name":"stdout","time":6123.094974134,"data":"[01:40:18] it 32575 loss=9.175 mel=2.301 durs=0.353 pitch=0.534 ctc=4.501 bin=1.292 score=0.241 fmatch=0.028 d=0.223 lr=1.000e-04 | 5.91it/s skip=0 (100.1m)\n"}
,{"stream_name":"stdout","time":6127.442014824,"data":"[01:40:23] it 32600 loss=8.870 mel=2.104 durs=0.322 pitch=0.653 ctc=4.398 bin=1.225 score=0.255 fmatch=0.026 d=0.236 lr=1.000e-04 | 5.89it/s skip=0 (100.2m)\n"}
,{"stream_name":"stdout","time":6131.739045871,"data":"[01:40:27] it 32625 loss=7.941 mel=1.613 durs=0.242 pitch=0.591 ctc=3.970 bin=0.999 score=0.311 fmatch=0.031 d=0.239 lr=1.000e-04 | 5.89it/s skip=0 (100.3m)\n"}
,{"stream_name":"stdout","time":6135.970471921,"data":"[01:40:31] it 32650 loss=8.333 mel=1.782 durs=0.297 pitch=0.379 ctc=4.279 bin=1.124 score=0.264 fmatch=0.025 d=0.240 lr=1.000e-04 | 5.94it/s skip=0 (100.4m)\n"}
,{"stream_name":"stdout","time":6140.381305857,"data":"[01:40:36] it 32675 loss=9.242 mel=2.138 durs=0.328 pitch=0.425 ctc=4.552 bin=1.247 score=0.300 fmatch=0.027 d=0.239 lr=1.000e-04 | 5.87it/s skip=0 (100.4m)\n"}
,{"stream_name":"stdout","time":6144.601287815,"data":"[01:40:40] it 32700 loss=8.922 mel=2.032 durs=0.314 pitch=0.536 ctc=4.364 bin=1.168 score=0.310 fmatch=0.033 d=0.222 lr=1.000e-04 | 5.92it/s skip=0 (100.5m)\n"}
,{"stream_name":"stdout","time":6148.82541539,"data":"[01:40:44] it 32725 loss=9.472 mel=2.116 durs=0.365 pitch=0.505 ctc=4.823 bin=1.317 score=0.276 fmatch=0.024 d=0.232 lr=1.000e-04 | 5.97it/s skip=0 (100.6m)\n"}
,{"stream_name":"stdout","time":6153.080653679,"data":"[01:40:48] it 32750 loss=9.488 mel=2.220 durs=0.326 pitch=0.453 ctc=4.557 bin=1.342 score=0.314 fmatch=0.034 d=0.237 lr=1.000e-04 | 5.97it/s skip=0 (100.6m)\n"}
,{"stream_name":"stdout","time":6157.351208229,"data":"[01:40:52] it 32775 loss=8.437 mel=1.813 durs=0.292 pitch=0.404 ctc=4.284 bin=1.125 score=0.280 fmatch=0.025 d=0.246 lr=1.000e-04 | 5.95it/s skip=0 (100.7m)\n"}
,{"stream_name":"stdout","time":6161.592953217,"data":"[01:40:57] it 32800 loss=8.844 mel=2.056 durs=0.341 pitch=0.479 ctc=4.482 bin=1.261 score=0.234 fmatch=0.027 d=0.233 lr=1.000e-04 | 5.96it/s skip=0 (100.8m)\n"}
,{"stream_name":"stdout","time":6165.898755,"data":"[01:41:01] it 32825 loss=9.045 mel=2.140 durs=0.322 pitch=0.516 ctc=4.423 bin=1.221 score=0.287 fmatch=0.028 d=0.231 lr=1.000e-04 | 5.94it/s skip=0 (100.9m)\n"}
,{"stream_name":"stdout","time":6170.27265544,"data":"[01:41:05] it 32850 loss=9.317 mel=2.195 durs=0.332 pitch=0.604 ctc=4.610 bin=1.274 score=0.279 fmatch=0.026 d=0.233 lr=1.000e-04 | 5.89it/s skip=0 (100.9m)\n"}
,{"stream_name":"stdout","time":6174.496294121,"data":"[01:41:10] it 32875 loss=8.763 mel=1.988 durs=0.306 pitch=0.616 ctc=4.349 bin=1.187 score=0.280 fmatch=0.026 d=0.232 lr=1.000e-04 | 5.94it/s skip=0 (101.0m)\n"}
,{"stream_name":"stdout","time":6178.722103616,"data":"[01:41:14] it 32900 loss=8.236 mel=1.874 durs=0.269 pitch=0.498 ctc=4.121 bin=1.042 score=0.275 fmatch=0.023 d=0.250 lr=1.000e-04 | 5.97it/s skip=0 (101.1m)\n"}
,{"stream_name":"stdout","time":6182.900429995,"data":"[01:41:18] it 32925 loss=8.726 mel=1.715 durs=0.262 pitch=0.407 ctc=4.431 bin=1.164 score=0.329 fmatch=0.033 d=0.244 lr=1.000e-04 | 6.01it/s skip=0 (101.1m)\n"}
,{"stream_name":"stdout","time":6187.239138938,"data":"[01:41:22] it 32950 loss=9.402 mel=2.125 durs=0.363 pitch=0.371 ctc=4.679 bin=1.352 score=0.286 fmatch=0.029 d=0.228 lr=1.000e-04 | 5.95it/s skip=0 (101.2m)\n"}
,{"stream_name":"stdout","time":6191.432132052,"data":"[01:41:27] it 32975 loss=8.814 mel=1.988 durs=0.318 pitch=0.458 ctc=4.330 bin=1.201 score=0.297 fmatch=0.030 d=0.225 lr=1.000e-04 | 5.99it/s skip=0 (101.3m)\n"}
,{"stream_name":"stdout","time":6195.70729418,"data":"[01:41:31] it 33000 loss=9.827 mel=2.076 durs=0.342 pitch=0.675 ctc=4.952 bin=1.393 score=0.318 fmatch=0.035 d=0.220 lr=1.000e-04 | 5.97it/s skip=0 (101.4m)\n"}
,{"stream_name":"stdout","time":6200.110824883,"data":"[01:41:35] it 33025 loss=9.075 mel=2.063 durs=0.300 pitch=0.738 ctc=4.481 bin=1.201 score=0.299 fmatch=0.029 d=0.238 lr=1.000e-04 | 5.98it/s skip=0 (101.4m)\n"}
,{"stream_name":"stdout","time":6204.529082482,"data":"[01:41:40] it 33050 loss=9.396 mel=2.173 durs=0.346 pitch=0.460 ctc=4.589 bin=1.321 score=0.300 fmatch=0.031 d=0.231 lr=1.000e-04 | 5.93it/s skip=0 (101.5m)\n"}
,{"stream_name":"stdout","time":6208.976566913,"data":"[01:41:44] it 33075 loss=8.442 mel=1.977 durs=0.290 pitch=0.521 ctc=4.247 bin=1.111 score=0.250 fmatch=0.027 d=0.237 lr=1.000e-04 | 5.87it/s skip=0 (101.6m)\n"}
,{"stream_name":"stdout","time":6213.225001128,"data":"[01:41:48] it 33100 loss=9.288 mel=2.077 durs=0.317 pitch=0.486 ctc=4.654 bin=1.224 score=0.305 fmatch=0.032 d=0.234 lr=1.000e-04 | 5.92it/s skip=0 (101.6m)\n"}
,{"stream_name":"stdout","time":6217.469233929,"data":"[01:41:53] it 33125 loss=9.524 mel=2.096 durs=0.330 pitch=0.407 ctc=4.679 bin=1.329 score=0.328 fmatch=0.033 d=0.248 lr=1.000e-04 | 5.95it/s skip=0 (101.7m)\n"}
,{"stream_name":"stdout","time":6221.678778747,"data":"[01:41:57] it 33150 loss=8.949 mel=2.053 durs=0.347 pitch=0.498 ctc=4.387 bin=1.278 score=0.280 fmatch=0.025 d=0.231 lr=1.000e-04 | 5.98it/s skip=0 (101.8m)\n"}
,{"stream_name":"stdout","time":6226.042585851,"data":"[01:42:01] it 33175 loss=8.177 mel=1.832 durs=0.277 pitch=0.423 ctc=4.081 bin=1.065 score=0.277 fmatch=0.023 d=0.240 lr=1.000e-04 | 5.91it/s skip=0 (101.9m)\n"}
,{"stream_name":"stdout","time":6230.390566842,"data":"[01:42:06] it 33200 loss=8.623 mel=2.046 durs=0.302 pitch=0.571 ctc=4.295 bin=1.134 score=0.259 fmatch=0.024 d=0.238 lr=1.000e-04 | 5.88it/s skip=0 (101.9m)\n"}
,{"stream_name":"stdout","time":6234.742077567,"data":"[01:42:10] it 33225 loss=9.084 mel=2.078 durs=0.342 pitch=0.582 ctc=4.632 bin=1.196 score=0.265 fmatch=0.024 d=0.227 lr=1.000e-04 | 5.87it/s skip=0 (102.0m)\n"}
,{"stream_name":"stdout","time":6239.064198579,"data":"[01:42:14] it 33250 loss=9.160 mel=1.992 durs=0.328 pitch=0.353 ctc=4.526 bin=1.211 score=0.332 fmatch=0.035 d=0.245 lr=1.000e-04 | 5.88it/s skip=0 (102.1m)\n"}
,{"stream_name":"stdout","time":6243.455549523,"data":"[01:42:19] it 33275 loss=7.996 mel=1.766 durs=0.286 pitch=0.626 ctc=4.012 bin=1.060 score=0.261 fmatch=0.023 d=0.243 lr=1.000e-04 | 5.83it/s skip=0 (102.1m)\n"}
,{"stream_name":"stdout","time":6248.731112562,"data":"[01:42:24] it 33300 loss=9.550 mel=2.345 durs=0.359 pitch=0.641 ctc=4.566 bin=1.297 score=0.303 fmatch=0.031 d=0.242 lr=1.000e-04 | 5.74it/s skip=0 (102.2m)\n"}
,{"stream_name":"stdout","time":6253.091288169,"data":"[01:42:28] it 33325 loss=8.948 mel=2.006 durs=0.277 pitch=0.482 ctc=4.557 bin=1.195 score=0.273 fmatch=0.024 d=0.243 lr=1.000e-04 | 5.76it/s skip=0 (102.3m)\n"}
,{"stream_name":"stdout","time":6257.410876853,"data":"[01:42:33] it 33350 loss=8.634 mel=1.976 durs=0.272 pitch=0.406 ctc=4.341 bin=1.138 score=0.272 fmatch=0.024 d=0.234 lr=1.000e-04 | 5.81it/s skip=0 (102.4m)\n"}
,{"stream_name":"stdout","time":6261.824767121,"data":"[01:42:37] it 33375 loss=8.613 mel=1.915 durs=0.296 pitch=0.569 ctc=4.419 bin=1.145 score=0.256 fmatch=0.026 d=0.240 lr=1.000e-04 | 5.80it/s skip=0 (102.5m)\n"}
,{"stream_name":"stdout","time":6266.116861583,"data":"[01:42:41] it 33400 loss=8.479 mel=1.842 durs=0.303 pitch=0.470 ctc=4.468 bin=1.139 score=0.232 fmatch=0.027 d=0.234 lr=1.000e-04 | 5.85it/s skip=0 (102.5m)\n"}
,{"stream_name":"stdout","time":6270.418372405,"data":"[01:42:46] it 33425 loss=8.756 mel=2.043 durs=0.327 pitch=0.616 ctc=4.311 bin=1.164 score=0.279 fmatch=0.028 d=0.230 lr=1.000e-04 | 5.88it/s skip=0 (102.6m)\n"}
,{"stream_name":"stdout","time":6274.641775527,"data":"[01:42:50] it 33450 loss=8.779 mel=2.023 durs=0.308 pitch=0.421 ctc=4.457 bin=1.249 score=0.237 fmatch=0.027 d=0.243 lr=1.000e-04 | 5.93it/s skip=0 (102.7m)\n"}
,{"stream_name":"stdout","time":6278.842219518,"data":"[01:42:54] it 33475 loss=9.552 mel=2.144 durs=0.310 pitch=0.584 ctc=4.625 bin=1.267 score=0.347 fmatch=0.039 d=0.231 lr=1.000e-04 | 5.98it/s skip=0 (102.7m)\n"}
,{"stream_name":"stdout","time":6283.146560782,"data":"[01:42:58] it 33500 loss=8.558 mel=1.944 durs=0.287 pitch=0.711 ctc=4.159 bin=1.113 score=0.303 fmatch=0.028 d=0.243 lr=1.000e-04 | 5.95it/s skip=0 (102.8m)\n"}
,{"stream_name":"stdout","time":6287.53518289,"data":"[01:43:03] it 33525 loss=9.031 mel=2.188 durs=0.319 pitch=0.548 ctc=4.586 bin=1.218 score=0.231 fmatch=0.028 d=0.225 lr=1.000e-04 | 5.97it/s skip=0 (102.9m)\n"}
,{"stream_name":"stdout","time":6291.797593184,"data":"[01:43:07] it 33550 loss=9.134 mel=2.251 durs=0.324 pitch=0.393 ctc=4.446 bin=1.214 score=0.281 fmatch=0.027 d=0.230 lr=1.000e-04 | 5.96it/s skip=0 (103.0m)\n"}
,{"stream_name":"stdout","time":6295.99049219,"data":"[01:43:11] it 33575 loss=9.159 mel=2.175 durs=0.342 pitch=0.412 ctc=4.452 bin=1.192 score=0.308 fmatch=0.033 d=0.221 lr=1.000e-04 | 6.00it/s skip=0 (103.0m)\n"}
,{"stream_name":"stdout","time":6300.371203696,"data":"[01:43:16] it 33600 loss=8.851 mel=1.964 durs=0.318 pitch=0.405 ctc=4.317 bin=1.196 score=0.318 fmatch=0.029 d=0.242 lr=1.000e-04 | 5.92it/s skip=0 (103.1m)\n"}
,{"stream_name":"stdout","time":6304.641148532,"data":"[01:43:20] it 33625 loss=8.651 mel=1.794 durs=0.290 pitch=0.485 ctc=4.408 bin=1.200 score=0.286 fmatch=0.025 d=0.237 lr=1.000e-04 | 5.94it/s skip=0 (103.2m)\n"}
,{"stream_name":"stdout","time":6308.925498682,"data":"[01:43:24] it 33650 loss=8.851 mel=1.827 durs=0.332 pitch=0.618 ctc=4.586 bin=1.254 score=0.266 fmatch=0.024 d=0.239 lr=1.000e-04 | 5.93it/s skip=0 (103.2m)\n"}
,{"stream_name":"stdout","time":6313.127680767,"data":"[01:43:28] it 33675 loss=9.042 mel=1.994 durs=0.342 pitch=0.488 ctc=4.519 bin=1.241 score=0.294 fmatch=0.028 d=0.236 lr=1.000e-04 | 5.98it/s skip=0 (103.3m)\n"}
,{"stream_name":"stdout","time":6317.381000697,"data":"[01:43:33] it 33700 loss=8.193 mel=1.863 durs=0.277 pitch=0.602 ctc=4.177 bin=1.051 score=0.247 fmatch=0.025 d=0.241 lr=1.000e-04 | 5.98it/s skip=0 (103.4m)\n"}
,{"stream_name":"stdout","time":6321.703401025,"data":"[01:43:37] it 33725 loss=8.683 mel=1.924 durs=0.305 pitch=0.416 ctc=4.262 bin=1.125 score=0.317 fmatch=0.031 d=0.231 lr=1.000e-04 | 5.94it/s skip=0 (103.5m)\n"}
,{"stream_name":"stdout","time":6325.995630627,"data":"[01:43:41] it 33750 loss=8.659 mel=2.111 durs=0.313 pitch=0.529 ctc=4.347 bin=1.125 score=0.241 fmatch=0.029 d=0.226 lr=1.000e-04 | 5.94it/s skip=0 (103.5m)\n"}
,{"stream_name":"stdout","time":6330.262240941,"data":"[01:43:45] it 33775 loss=9.164 mel=2.090 durs=0.335 pitch=0.667 ctc=4.587 bin=1.310 score=0.263 fmatch=0.025 d=0.242 lr=1.000e-04 | 5.95it/s skip=0 (103.6m)\n"}
,{"stream_name":"stdout","time":6334.503101369,"data":"[01:43:50] it 33800 loss=8.558 mel=1.939 durs=0.316 pitch=0.443 ctc=4.351 bin=1.178 score=0.247 fmatch=0.024 d=0.231 lr=1.000e-04 | 5.97it/s skip=0 (103.7m)\n"}
,{"stream_name":"stdout","time":6338.791879214,"data":"[01:43:54] it 33825 loss=8.838 mel=2.019 durs=0.322 pitch=0.412 ctc=4.347 bin=1.240 score=0.283 fmatch=0.024 d=0.233 lr=1.000e-04 | 5.95it/s skip=0 (103.7m)\n"}
,{"stream_name":"stdout","time":6343.098427288,"data":"[01:43:58] it 33850 loss=8.746 mel=1.786 durs=0.293 pitch=0.555 ctc=4.347 bin=1.192 score=0.326 fmatch=0.033 d=0.242 lr=1.000e-04 | 5.93it/s skip=0 (103.8m)\n"}
,{"stream_name":"stdout","time":6347.283709002,"data":"[01:44:02] it 33875 loss=8.936 mel=1.980 durs=0.317 pitch=0.381 ctc=4.624 bin=1.181 score=0.264 fmatch=0.025 d=0.235 lr=1.000e-04 | 5.98it/s skip=0 (103.9m)\n"}
,{"stream_name":"stdout","time":6351.58449696,"data":"[01:44:07] it 33900 loss=8.805 mel=1.928 durs=0.344 pitch=0.453 ctc=4.461 bin=1.262 score=0.262 fmatch=0.025 d=0.235 lr=1.000e-04 | 5.94it/s skip=0 (103.9m)\n"}
,{"stream_name":"stdout","time":6355.865758098,"data":"[01:44:11] it 33925 loss=9.129 mel=2.273 durs=0.352 pitch=0.393 ctc=4.340 bin=1.217 score=0.299 fmatch=0.028 d=0.231 lr=1.000e-04 | 5.94it/s skip=0 (104.0m)\n"}
,{"stream_name":"stdout","time":6360.0841991,"data":"[01:44:15] it 33950 loss=7.899 mel=1.695 durs=0.250 pitch=0.519 ctc=3.833 bin=0.948 score=0.328 fmatch=0.033 d=0.244 lr=1.000e-04 | 5.97it/s skip=0 (104.1m)\n"}
,{"stream_name":"stdout","time":6364.350346987,"data":"[01:44:19] it 33975 loss=8.402 mel=1.817 durs=0.290 pitch=0.435 ctc=4.289 bin=1.114 score=0.271 fmatch=0.025 d=0.241 lr=1.000e-04 | 5.97it/s skip=0 (104.2m)\n"}
,{"stream_name":"stdout","time":6368.607111254,"data":"[01:44:24] it 34000 loss=8.956 mel=1.965 durs=0.373 pitch=0.517 ctc=4.530 bin=1.261 score=0.271 fmatch=0.026 d=0.235 lr=1.000e-04 | 5.98it/s skip=0 (104.2m)\n"}
,{"stream_name":"stdout","time":6369.078533423,"data":"[01:44:24] [train] probes saved at iter 34000\n"}
,{"stream_name":"stdout","time":6381.536978987,"data":"[01:44:37] [val] it 34000 loss=7.590 mel=1.966 durs=0.299 pitch=0.506 ctc=4.371 (12.5s)\n"}
,{"stream_name":"stdout","time":6385.766752369,"data":"[01:44:41] it 34025 loss=8.862 mel=2.240 durs=0.343 pitch=0.873 ctc=4.286 bin=1.213 score=0.244 fmatch=0.026 d=0.237 lr=1.000e-04 | 5.99it/s skip=0 (104.5m)\n"}
,{"stream_name":"stdout","time":6390.030870282,"data":"[01:44:45] it 34050 loss=8.800 mel=1.813 durs=0.315 pitch=0.571 ctc=4.641 bin=1.190 score=0.261 fmatch=0.024 d=0.231 lr=1.000e-04 | 5.97it/s skip=0 (104.6m)\n"}
,{"stream_name":"stdout","time":6394.292475901,"data":"[01:44:49] it 34075 loss=8.345 mel=1.759 durs=0.277 pitch=0.534 ctc=4.348 bin=1.204 score=0.232 fmatch=0.027 d=0.236 lr=1.000e-04 | 5.97it/s skip=0 (104.7m)\n"}
,{"stream_name":"stdout","time":6398.517978382,"data":"[01:44:54] it 34100 loss=8.745 mel=2.035 durs=0.297 pitch=0.559 ctc=4.382 bin=1.226 score=0.247 fmatch=0.029 d=0.233 lr=1.000e-04 | 5.98it/s skip=0 (104.7m)\n"}
,{"stream_name":"stdout","time":6402.61661278,"data":"[01:44:58] it 34125 loss=8.412 mel=1.951 durs=0.308 pitch=0.441 ctc=4.272 bin=1.115 score=0.243 fmatch=0.027 d=0.241 lr=1.000e-04 | 6.07it/s skip=0 (104.8m)\n"}
,{"stream_name":"stdout","time":6407.001237673,"data":"[01:45:02] it 34150 loss=8.507 mel=1.962 durs=0.298 pitch=0.567 ctc=4.044 bin=1.056 score=0.331 fmatch=0.034 d=0.250 lr=1.000e-04 | 5.96it/s skip=0 (104.9m)\n"}
,{"stream_name":"stdout","time":6411.235576118,"data":"[01:45:06] it 34175 loss=9.030 mel=2.121 durs=0.346 pitch=0.447 ctc=4.442 bin=1.230 score=0.282 fmatch=0.031 d=0.227 lr=1.000e-04 | 5.98it/s skip=0 (104.9m)\n"}
,{"stream_name":"stdout","time":6415.568970462,"data":"[01:45:11] it 34200 loss=7.996 mel=1.636 durs=0.239 pitch=0.470 ctc=4.226 bin=1.047 score=0.249 fmatch=0.022 d=0.244 lr=1.000e-04 | 5.94it/s skip=0 (105.0m)\n"}
,{"stream_name":"stdout","time":6419.833958423,"data":"[01:45:15] it 34225 loss=8.581 mel=1.937 durs=0.315 pitch=0.564 ctc=4.318 bin=1.221 score=0.247 fmatch=0.027 d=0.240 lr=1.000e-04 | 5.95it/s skip=0 (105.1m)\n"}
,{"stream_name":"stdout","time":6424.142147146,"data":"[01:45:19] it 34250 loss=8.255 mel=1.990 durs=0.265 pitch=0.480 ctc=4.151 bin=1.018 score=0.249 fmatch=0.026 d=0.237 lr=1.000e-04 | 5.93it/s skip=0 (105.2m)\n"}
,{"stream_name":"stdout","time":6428.537428993,"data":"[01:45:24] it 34275 loss=8.835 mel=1.801 durs=0.284 pitch=0.576 ctc=4.421 bin=1.151 score=0.335 fmatch=0.034 d=0.242 lr=1.000e-04 | 5.87it/s skip=0 (105.2m)\n"}
,{"stream_name":"stdout","time":6432.822479471,"data":"[01:45:28] it 34300 loss=8.562 mel=1.733 durs=0.282 pitch=0.520 ctc=4.209 bin=1.129 score=0.343 fmatch=0.038 d=0.233 lr=1.000e-04 | 5.89it/s skip=0 (105.3m)\n"}
,{"stream_name":"stdout","time":6437.211089664,"data":"[01:45:32] it 34325 loss=8.834 mel=1.860 durs=0.289 pitch=0.516 ctc=4.368 bin=1.135 score=0.339 fmatch=0.035 d=0.240 lr=1.000e-04 | 5.86it/s skip=0 (105.4m)\n"}
,{"stream_name":"stdout","time":6441.551470792,"data":"[01:45:37] it 34350 loss=8.667 mel=1.921 durs=0.307 pitch=0.415 ctc=4.135 bin=1.172 score=0.333 fmatch=0.035 d=0.244 lr=1.000e-04 | 5.87it/s skip=0 (105.4m)\n"}
,{"stream_name":"stdout","time":6445.879918338,"data":"[01:45:41] it 34375 loss=8.713 mel=1.896 durs=0.301 pitch=0.519 ctc=4.435 bin=1.136 score=0.284 fmatch=0.026 d=0.237 lr=1.000e-04 | 5.88it/s skip=0 (105.5m)\n"}
,{"stream_name":"stdout","time":6450.105185703,"data":"[01:45:45] it 34400 loss=9.327 mel=2.054 durs=0.335 pitch=0.418 ctc=4.673 bin=1.266 score=0.307 fmatch=0.031 d=0.242 lr=1.000e-04 | 5.93it/s skip=0 (105.6m)\n"}
,{"stream_name":"stdout","time":6454.431056798,"data":"[01:45:50] it 34425 loss=8.835 mel=2.009 durs=0.311 pitch=0.518 ctc=4.514 bin=1.196 score=0.252 fmatch=0.025 d=0.236 lr=1.000e-04 | 5.91it/s skip=0 (105.7m)\n"}
,{"stream_name":"stdout","time":6458.653010325,"data":"[01:45:54] it 34450 loss=8.081 mel=1.825 durs=0.284 pitch=0.439 ctc=4.068 bin=1.116 score=0.244 fmatch=0.025 d=0.239 lr=1.000e-04 | 5.95it/s skip=0 (105.7m)\n"}
,{"stream_name":"stdout","time":6463.049424353,"data":"[01:45:58] it 34475 loss=8.720 mel=1.839 durs=0.300 pitch=0.600 ctc=4.497 bin=1.177 score=0.273 fmatch=0.024 d=0.235 lr=1.000e-04 | 5.89it/s skip=0 (105.8m)\n"}
,{"stream_name":"stdout","time":6467.246461912,"data":"[01:46:02] it 34500 loss=8.285 mel=1.692 durs=0.310 pitch=0.564 ctc=4.314 bin=1.205 score=0.240 fmatch=0.025 d=0.238 lr=1.000e-04 | 5.96it/s skip=0 (105.9m)\n"}
,{"stream_name":"stdout","time":6471.742123097,"data":"[01:46:07] it 34525 loss=8.477 mel=1.814 durs=0.295 pitch=0.461 ctc=4.484 bin=1.095 score=0.246 fmatch=0.024 d=0.233 lr=1.000e-04 | 5.93it/s skip=0 (106.0m)\n"}
,{"stream_name":"stdout","time":6476.046596306,"data":"[01:46:11] it 34550 loss=8.341 mel=1.956 durs=0.282 pitch=0.487 ctc=4.215 bin=1.060 score=0.252 fmatch=0.025 d=0.238 lr=1.000e-04 | 5.92it/s skip=0 (106.0m)\n"}
,{"stream_name":"stdout","time":6480.362888187,"data":"[01:46:16] it 34575 loss=8.659 mel=1.977 durs=0.323 pitch=0.405 ctc=4.383 bin=1.167 score=0.258 fmatch=0.025 d=0.243 lr=1.000e-04 | 5.91it/s skip=0 (106.1m)\n"}
,{"stream_name":"stdout","time":6484.675900021,"data":"[01:46:20] it 34600 loss=8.655 mel=1.922 durs=0.320 pitch=0.526 ctc=4.395 bin=1.192 score=0.259 fmatch=0.025 d=0.233 lr=1.000e-04 | 5.90it/s skip=0 (106.2m)\n"}
,{"stream_name":"stdout","time":6489.031648549,"data":"[01:46:24] it 34625 loss=8.867 mel=2.090 durs=0.315 pitch=0.556 ctc=4.479 bin=1.236 score=0.237 fmatch=0.027 d=0.236 lr=1.000e-04 | 5.88it/s skip=0 (106.2m)\n"}
,{"stream_name":"stdout","time":6493.439359852,"data":"[01:46:29] it 34650 loss=8.242 mel=1.842 durs=0.257 pitch=0.515 ctc=4.046 bin=1.044 score=0.301 fmatch=0.030 d=0.239 lr=1.000e-04 | 5.83it/s skip=0 (106.3m)\n"}
,{"stream_name":"stdout","time":6497.72228325,"data":"[01:46:33] it 34675 loss=8.666 mel=1.803 durs=0.299 pitch=0.452 ctc=4.362 bin=1.061 score=0.333 fmatch=0.034 d=0.248 lr=1.000e-04 | 5.88it/s skip=0 (106.4m)\n"}
,{"stream_name":"stdout","time":6501.989533729,"data":"[01:46:37] it 34700 loss=8.688 mel=2.109 durs=0.312 pitch=0.452 ctc=4.305 bin=1.131 score=0.261 fmatch=0.025 d=0.250 lr=1.000e-04 | 5.91it/s skip=0 (106.5m)\n"}
,{"stream_name":"stdout","time":6506.25129469,"data":"[01:46:41] it 34725 loss=9.280 mel=2.064 durs=0.346 pitch=0.590 ctc=4.514 bin=1.258 score=0.330 fmatch=0.033 d=0.235 lr=1.000e-04 | 5.92it/s skip=0 (106.5m)\n"}
,{"stream_name":"stdout","time":6510.574894589,"data":"[01:46:46] it 34750 loss=8.650 mel=2.076 durs=0.316 pitch=0.511 ctc=4.285 bin=1.191 score=0.247 fmatch=0.027 d=0.237 lr=1.000e-04 | 5.90it/s skip=0 (106.6m)\n"}
,{"stream_name":"stdout","time":6514.794782161,"data":"[01:46:50] it 34775 loss=7.808 mel=1.634 durs=0.264 pitch=0.517 ctc=3.908 bin=1.001 score=0.290 fmatch=0.026 d=0.235 lr=1.000e-04 | 5.95it/s skip=0 (106.7m)\n"}
,{"stream_name":"stdout","time":6518.972341188,"data":"[01:46:54] it 34800 loss=8.083 mel=1.946 durs=0.284 pitch=0.380 ctc=4.074 bin=1.031 score=0.235 fmatch=0.027 d=0.246 lr=1.000e-04 | 6.02it/s skip=0 (106.7m)\n"}
,{"stream_name":"stdout","time":6523.407642416,"data":"[01:46:59] it 34825 loss=8.516 mel=2.028 durs=0.313 pitch=0.528 ctc=4.256 bin=1.139 score=0.246 fmatch=0.026 d=0.239 lr=1.000e-04 | 5.91it/s skip=0 (106.8m)\n"}
,{"stream_name":"stdout","time":6527.679811771,"data":"[01:47:03] it 34850 loss=8.191 mel=1.719 durs=0.258 pitch=0.480 ctc=4.210 bin=1.128 score=0.259 fmatch=0.025 d=0.235 lr=1.000e-04 | 5.93it/s skip=0 (106.9m)\n"}
,{"stream_name":"stdout","time":6531.928597591,"data":"[01:47:07] it 34875 loss=8.671 mel=2.083 durs=0.320 pitch=0.534 ctc=4.175 bin=1.185 score=0.278 fmatch=0.030 d=0.223 lr=1.000e-04 | 5.95it/s skip=0 (107.0m)\n"}
,{"stream_name":"stdout","time":6536.19032679,"data":"[01:47:11] it 34900 loss=8.469 mel=1.878 durs=0.274 pitch=0.458 ctc=4.266 bin=1.116 score=0.278 fmatch=0.025 d=0.243 lr=1.000e-04 | 5.95it/s skip=0 (107.0m)\n"}
,{"stream_name":"stdout","time":6540.601864529,"data":"[01:47:16] it 34925 loss=8.894 mel=1.749 durs=0.278 pitch=0.468 ctc=4.461 bin=1.158 score=0.353 fmatch=0.039 d=0.226 lr=1.000e-04 | 5.88it/s skip=0 (107.1m)\n"}
,{"stream_name":"stdout","time":6544.96174606,"data":"[01:47:20] it 34950 loss=8.869 mel=2.044 durs=0.345 pitch=0.515 ctc=4.422 bin=1.280 score=0.252 fmatch=0.029 d=0.223 lr=1.000e-04 | 5.86it/s skip=0 (107.2m)\n"}
,{"stream_name":"stdout","time":6549.310320877,"data":"[01:47:24] it 34975 loss=8.421 mel=1.773 durs=0.282 pitch=0.513 ctc=4.169 bin=1.109 score=0.315 fmatch=0.031 d=0.242 lr=1.000e-04 | 5.85it/s skip=0 (107.2m)\n"}
,{"stream_name":"stdout","time":6553.719332811,"data":"[01:47:29] it 35000 loss=9.077 mel=1.981 durs=0.326 pitch=0.606 ctc=4.670 bin=1.301 score=0.251 fmatch=0.026 d=0.234 lr=1.000e-04 | 5.83it/s skip=0 (107.3m)\n"}
,{"stream_name":"stdout","time":6558.332863316,"data":"[01:47:33] it 35025 loss=8.044 mel=1.703 durs=0.255 pitch=0.461 ctc=4.080 bin=1.015 score=0.287 fmatch=0.026 d=0.248 lr=1.000e-04 | 5.86it/s skip=0 (107.4m)\n"}
,{"stream_name":"stdout","time":6562.587708925,"data":"[01:47:38] it 35050 loss=8.519 mel=1.849 durs=0.270 pitch=0.557 ctc=4.207 bin=1.114 score=0.309 fmatch=0.029 d=0.231 lr=1.000e-04 | 5.90it/s skip=0 (107.5m)\n"}
,{"stream_name":"stdout","time":6566.81276655,"data":"[01:47:42] it 35075 loss=8.454 mel=1.769 durs=0.283 pitch=0.731 ctc=4.315 bin=1.162 score=0.269 fmatch=0.030 d=0.238 lr=1.000e-04 | 5.95it/s skip=0 (107.5m)\n"}
,{"stream_name":"stdout","time":6571.119630101,"data":"[01:47:46] it 35100 loss=8.927 mel=2.087 durs=0.319 pitch=0.593 ctc=4.625 bin=1.170 score=0.231 fmatch=0.029 d=0.230 lr=1.000e-04 | 5.93it/s skip=0 (107.6m)\n"}
,{"stream_name":"stdout","time":6575.411167906,"data":"[01:47:51] it 35125 loss=8.786 mel=1.965 durs=0.317 pitch=0.423 ctc=4.528 bin=1.148 score=0.262 fmatch=0.024 d=0.240 lr=1.000e-04 | 5.92it/s skip=0 (107.7m)\n"}
,{"stream_name":"stdout","time":6579.744350049,"data":"[01:47:55] it 35150 loss=8.349 mel=1.672 durs=0.290 pitch=0.509 ctc=4.202 bin=1.090 score=0.319 fmatch=0.029 d=0.240 lr=1.000e-04 | 5.90it/s skip=0 (107.8m)\n"}
,{"stream_name":"stdout","time":6584.053191952,"data":"[01:47:59] it 35175 loss=7.625 mel=1.562 durs=0.222 pitch=0.456 ctc=3.894 bin=0.921 score=0.289 fmatch=0.025 d=0.235 lr=1.000e-04 | 5.90it/s skip=0 (107.8m)\n"}
,{"stream_name":"stdout","time":6588.366969002,"data":"[01:48:04] it 35200 loss=9.471 mel=2.202 durs=0.316 pitch=0.459 ctc=4.552 bin=1.274 score=0.333 fmatch=0.035 d=0.223 lr=1.000e-04 | 5.89it/s skip=0 (107.9m)\n"}
,{"stream_name":"stdout","time":6592.694605213,"data":"[01:48:08] it 35225 loss=8.254 mel=1.799 durs=0.264 pitch=0.406 ctc=4.127 bin=1.080 score=0.289 fmatch=0.026 d=0.236 lr=1.000e-04 | 5.88it/s skip=0 (108.0m)\n"}
,{"stream_name":"stdout","time":6597.062986237,"data":"[01:48:12] it 35250 loss=9.496 mel=2.339 durs=0.348 pitch=0.503 ctc=4.718 bin=1.282 score=0.261 fmatch=0.027 d=0.238 lr=1.000e-04 | 5.85it/s skip=0 (108.0m)\n"}
,{"stream_name":"stdout","time":6601.389258016,"data":"[01:48:17] it 35275 loss=8.994 mel=2.151 durs=0.334 pitch=0.673 ctc=4.401 bin=1.199 score=0.278 fmatch=0.027 d=0.233 lr=1.000e-04 | 5.85it/s skip=0 (108.1m)\n"}
,{"stream_name":"stdout","time":6605.734364417,"data":"[01:48:21] it 35300 loss=8.716 mel=2.109 durs=0.310 pitch=0.557 ctc=4.259 bin=1.199 score=0.259 fmatch=0.025 d=0.241 lr=1.000e-04 | 5.85it/s skip=0 (108.2m)\n"}
,{"stream_name":"stdout","time":6610.097773325,"data":"[01:48:25] it 35325 loss=8.066 mel=1.664 durs=0.271 pitch=0.661 ctc=4.111 bin=1.012 score=0.290 fmatch=0.026 d=0.249 lr=1.000e-04 | 5.84it/s skip=0 (108.3m)\n"}
,{"stream_name":"stdout","time":6614.457001857,"data":"[01:48:30] it 35350 loss=9.146 mel=2.056 durs=0.352 pitch=0.459 ctc=4.702 bin=1.267 score=0.254 fmatch=0.025 d=0.230 lr=1.000e-04 | 5.84it/s skip=0 (108.3m)\n"}
,{"stream_name":"stdout","time":6618.727990059,"data":"[01:48:34] it 35375 loss=8.388 mel=1.890 durs=0.311 pitch=0.596 ctc=4.239 bin=1.153 score=0.248 fmatch=0.025 d=0.242 lr=1.000e-04 | 5.88it/s skip=0 (108.4m)\n"}
,{"stream_name":"stdout","time":6623.052370603,"data":"[01:48:38] it 35400 loss=8.556 mel=1.762 durs=0.288 pitch=0.398 ctc=4.325 bin=1.121 score=0.312 fmatch=0.030 d=0.235 lr=1.000e-04 | 5.89it/s skip=0 (108.5m)\n"}
,{"stream_name":"stdout","time":6627.335226541,"data":"[01:48:42] it 35425 loss=8.231 mel=1.831 durs=0.296 pitch=0.449 ctc=4.073 bin=1.094 score=0.283 fmatch=0.027 d=0.243 lr=1.000e-04 | 5.91it/s skip=0 (108.5m)\n"}
,{"stream_name":"stdout","time":6631.601791656,"data":"[01:48:47] it 35450 loss=7.508 mel=1.571 durs=0.230 pitch=0.520 ctc=3.891 bin=0.917 score=0.257 fmatch=0.023 d=0.252 lr=1.000e-04 | 5.93it/s skip=0 (108.6m)\n"}
,{"stream_name":"stdout","time":6635.845408821,"data":"[01:48:51] it 35475 loss=8.692 mel=1.990 durs=0.301 pitch=0.510 ctc=4.325 bin=1.228 score=0.261 fmatch=0.023 d=0.249 lr=1.000e-04 | 5.96it/s skip=0 (108.7m)\n"}
,{"stream_name":"stdout","time":6640.173009111,"data":"[01:48:55] it 35500 loss=8.935 mel=2.063 durs=0.324 pitch=0.507 ctc=4.495 bin=1.151 score=0.279 fmatch=0.027 d=0.244 lr=1.000e-04 | 5.92it/s skip=0 (108.8m)\n"}
,{"stream_name":"stdout","time":6644.68767793,"data":"[01:49:00] it 35525 loss=9.197 mel=2.142 durs=0.321 pitch=0.766 ctc=4.564 bin=1.260 score=0.274 fmatch=0.027 d=0.232 lr=1.000e-04 | 5.89it/s skip=0 (108.8m)\n"}
,{"stream_name":"stdout","time":6649.054741447,"data":"[01:49:04] it 35550 loss=9.060 mel=2.072 durs=0.326 pitch=0.458 ctc=4.356 bin=1.157 score=0.340 fmatch=0.037 d=0.243 lr=1.000e-04 | 5.88it/s skip=0 (108.9m)\n"}
,{"stream_name":"stdout","time":6653.440685694,"data":"[01:49:09] it 35575 loss=9.194 mel=2.002 durs=0.325 pitch=0.642 ctc=4.632 bin=1.329 score=0.277 fmatch=0.026 d=0.230 lr=1.000e-04 | 5.84it/s skip=0 (109.0m)\n"}
,{"stream_name":"stdout","time":6657.714981026,"data":"[01:49:13] it 35600 loss=8.030 mel=1.884 durs=0.263 pitch=0.591 ctc=3.983 bin=1.016 score=0.260 fmatch=0.023 d=0.243 lr=1.000e-04 | 5.89it/s skip=0 (109.1m)\n"}
,{"stream_name":"stdout","time":6662.084199802,"data":"[01:49:17] it 35625 loss=8.982 mel=1.945 durs=0.302 pitch=0.549 ctc=4.384 bin=1.191 score=0.336 fmatch=0.034 d=0.244 lr=1.000e-04 | 5.85it/s skip=0 (109.1m)\n"}
,{"stream_name":"stdout","time":6666.317939102,"data":"[01:49:21] it 35650 loss=8.885 mel=2.030 durs=0.304 pitch=0.483 ctc=4.355 bin=1.221 score=0.292 fmatch=0.031 d=0.231 lr=1.000e-04 | 5.92it/s skip=0 (109.2m)\n"}
,{"stream_name":"stdout","time":6670.638895928,"data":"[01:49:26] it 35675 loss=8.738 mel=2.009 durs=0.340 pitch=0.493 ctc=4.383 bin=1.173 score=0.266 fmatch=0.026 d=0.235 lr=1.000e-04 | 5.90it/s skip=0 (109.3m)\n"}
,{"stream_name":"stdout","time":6674.987559282,"data":"[01:49:30] it 35700 loss=9.598 mel=2.294 durs=0.365 pitch=0.537 ctc=4.717 bin=1.393 score=0.269 fmatch=0.027 d=0.237 lr=1.000e-04 | 5.88it/s skip=0 (109.3m)\n"}
,{"stream_name":"stdout","time":6679.359476617,"data":"[01:49:35] it 35725 loss=8.197 mel=1.700 durs=0.263 pitch=0.462 ctc=4.229 bin=1.091 score=0.270 fmatch=0.023 d=0.239 lr=1.000e-04 | 5.85it/s skip=0 (109.4m)\n"}
,{"stream_name":"stdout","time":6683.711682209,"data":"[01:49:39] it 35750 loss=8.617 mel=1.768 durs=0.300 pitch=0.339 ctc=4.333 bin=1.157 score=0.316 fmatch=0.032 d=0.245 lr=1.000e-04 | 5.86it/s skip=0 (109.5m)\n"}
,{"stream_name":"stdout","time":6688.124659196,"data":"[01:49:43] it 35775 loss=8.691 mel=1.958 durs=0.317 pitch=0.593 ctc=4.300 bin=1.126 score=0.296 fmatch=0.031 d=0.238 lr=1.000e-04 | 5.84it/s skip=0 (109.6m)\n"}
,{"stream_name":"stdout","time":6692.402734867,"data":"[01:49:48] it 35800 loss=8.699 mel=1.898 durs=0.313 pitch=0.538 ctc=4.483 bin=1.178 score=0.257 fmatch=0.026 d=0.242 lr=1.000e-04 | 5.89it/s skip=0 (109.6m)\n"}
,{"stream_name":"stdout","time":6696.611974862,"data":"[01:49:52] it 35825 loss=8.957 mel=1.965 durs=0.336 pitch=0.578 ctc=4.634 bin=1.251 score=0.247 fmatch=0.026 d=0.226 lr=1.000e-04 | 5.94it/s skip=0 (109.7m)\n"}
,{"stream_name":"stdout","time":6700.900153361,"data":"[01:49:56] it 35850 loss=8.308 mel=1.592 durs=0.274 pitch=0.497 ctc=4.357 bin=1.055 score=0.300 fmatch=0.026 d=0.235 lr=1.000e-04 | 5.95it/s skip=0 (109.8m)\n"}
,{"stream_name":"stdout","time":6705.248113971,"data":"[01:50:00] it 35875 loss=8.769 mel=1.932 durs=0.317 pitch=0.454 ctc=4.434 bin=1.243 score=0.264 fmatch=0.027 d=0.236 lr=1.000e-04 | 5.91it/s skip=0 (109.8m)\n"}
,{"stream_name":"stdout","time":6709.482383559,"data":"[01:50:05] it 35900 loss=8.324 mel=1.800 durs=0.307 pitch=0.450 ctc=4.269 bin=1.103 score=0.262 fmatch=0.028 d=0.222 lr=1.000e-04 | 5.95it/s skip=0 (109.9m)\n"}
,{"stream_name":"stdout","time":6713.876659529,"data":"[01:50:09] it 35925 loss=8.559 mel=1.834 durs=0.283 pitch=0.531 ctc=4.211 bin=1.007 score=0.348 fmatch=0.036 d=0.245 lr=1.000e-04 | 5.89it/s skip=0 (110.0m)\n"}
,{"stream_name":"stdout","time":6718.275741081,"data":"[01:50:13] it 35950 loss=8.637 mel=1.840 durs=0.317 pitch=0.528 ctc=4.457 bin=1.197 score=0.258 fmatch=0.025 d=0.225 lr=1.000e-04 | 5.85it/s skip=0 (110.1m)\n"}
,{"stream_name":"stdout","time":6722.641464265,"data":"[01:50:18] it 35975 loss=9.179 mel=2.129 durs=0.352 pitch=0.465 ctc=4.775 bin=1.270 score=0.223 fmatch=0.029 d=0.245 lr=1.000e-04 | 5.85it/s skip=0 (110.1m)\n"}
,{"stream_name":"stdout","time":6727.056298311,"data":"[01:50:22] it 36000 loss=8.983 mel=2.162 durs=0.306 pitch=0.553 ctc=4.466 bin=1.254 score=0.247 fmatch=0.028 d=0.248 lr=1.000e-04 | 5.80it/s skip=0 (110.2m)\n"}
,{"stream_name":"stdout","time":6727.627245795,"data":"[01:50:23] [train] probes saved at iter 36000\n"}
,{"stream_name":"stdout","time":6740.401426483,"data":"[01:50:36] [val] it 36000 loss=7.542 mel=1.947 durs=0.298 pitch=0.500 ctc=4.366 (12.8s)\n"}
,{"stream_name":"stdout","time":6744.642099019,"data":"[01:50:40] it 36025 loss=7.949 mel=1.925 durs=0.316 pitch=0.577 ctc=3.933 bin=1.085 score=0.222 fmatch=0.030 d=0.240 lr=1.000e-04 | 5.88it/s skip=0 (110.5m)\n"}
,{"stream_name":"stdout","time":6749.004068631,"data":"[01:50:44] it 36050 loss=9.064 mel=2.263 durs=0.349 pitch=0.582 ctc=4.391 bin=1.171 score=0.280 fmatch=0.027 d=0.232 lr=1.000e-04 | 5.87it/s skip=0 (110.6m)\n"}
,{"stream_name":"stdout","time":6753.347022367,"data":"[01:50:48] it 36075 loss=7.639 mel=1.555 durs=0.255 pitch=0.604 ctc=3.952 bin=0.988 score=0.259 fmatch=0.023 d=0.238 lr=1.000e-04 | 5.86it/s skip=0 (110.6m)\n"}
,{"stream_name":"stdout","time":6757.670851727,"data":"[01:50:53] it 36100 loss=8.551 mel=1.949 durs=0.309 pitch=0.438 ctc=4.289 bin=1.182 score=0.258 fmatch=0.023 d=0.249 lr=1.000e-04 | 5.87it/s skip=0 (110.7m)\n"}
,{"stream_name":"stdout","time":6761.945546081,"data":"[01:50:57] it 36125 loss=8.124 mel=1.754 durs=0.275 pitch=0.627 ctc=4.015 bin=1.067 score=0.292 fmatch=0.027 d=0.238 lr=1.000e-04 | 5.89it/s skip=0 (110.8m)\n"}
,{"stream_name":"stdout","time":6766.2267969,"data":"[01:51:01] it 36150 loss=8.662 mel=2.027 durs=0.306 pitch=0.620 ctc=4.432 bin=1.166 score=0.229 fmatch=0.031 d=0.236 lr=1.000e-04 | 5.91it/s skip=0 (110.9m)\n"}
,{"stream_name":"stdout","time":6770.502706976,"data":"[01:51:06] it 36175 loss=8.229 mel=1.888 durs=0.296 pitch=0.450 ctc=4.246 bin=1.088 score=0.226 fmatch=0.031 d=0.243 lr=1.000e-04 | 5.93it/s skip=0 (110.9m)\n"}
,{"stream_name":"stdout","time":6774.82933323,"data":"[01:51:10] it 36200 loss=9.039 mel=2.021 durs=0.298 pitch=0.525 ctc=4.334 bin=1.165 score=0.350 fmatch=0.036 d=0.252 lr=1.000e-04 | 5.91it/s skip=0 (111.0m)\n"}
,{"stream_name":"stdout","time":6779.18943924,"data":"[01:51:14] it 36225 loss=8.304 mel=1.898 durs=0.294 pitch=0.413 ctc=4.200 bin=1.063 score=0.262 fmatch=0.026 d=0.235 lr=1.000e-04 | 5.87it/s skip=0 (111.1m)\n"}
,{"stream_name":"stdout","time":6783.560182963,"data":"[01:51:19] it 36250 loss=9.056 mel=2.220 durs=0.338 pitch=0.599 ctc=4.548 bin=1.223 score=0.236 fmatch=0.026 d=0.231 lr=1.000e-04 | 5.85it/s skip=0 (111.1m)\n"}
,{"stream_name":"stdout","time":6787.865827249,"data":"[01:51:23] it 36275 loss=8.441 mel=1.769 durs=0.313 pitch=0.499 ctc=4.307 bin=1.157 score=0.275 fmatch=0.026 d=0.240 lr=1.000e-04 | 5.87it/s skip=0 (111.2m)\n"}
,{"stream_name":"stdout","time":6792.177833588,"data":"[01:51:27] it 36300 loss=8.394 mel=1.795 durs=0.285 pitch=0.684 ctc=4.184 bin=1.045 score=0.311 fmatch=0.029 d=0.247 lr=1.000e-04 | 5.88it/s skip=0 (111.3m)\n"}
,{"stream_name":"stdout","time":6796.4798434,"data":"[01:51:32] it 36325 loss=8.996 mel=1.913 durs=0.356 pitch=0.570 ctc=4.559 bin=1.275 score=0.282 fmatch=0.028 d=0.227 lr=1.000e-04 | 5.88it/s skip=0 (111.4m)\n"}
,{"stream_name":"stdout","time":6800.714261214,"data":"[01:51:36] it 36350 loss=8.927 mel=2.129 durs=0.336 pitch=0.562 ctc=4.373 bin=1.257 score=0.263 fmatch=0.025 d=0.236 lr=1.000e-04 | 5.92it/s skip=0 (111.4m)\n"}
,{"stream_name":"stdout","time":6805.225376791,"data":"[01:51:40] it 36375 loss=8.186 mel=1.673 durs=0.303 pitch=0.558 ctc=4.373 bin=1.151 score=0.219 fmatch=0.027 d=0.241 lr=1.000e-04 | 5.84it/s skip=0 (111.5m)\n"}
,{"stream_name":"stdout","time":6809.475423805,"data":"[01:51:45] it 36400 loss=7.882 mel=1.743 durs=0.276 pitch=0.511 ctc=4.048 bin=0.999 score=0.247 fmatch=0.023 d=0.242 lr=1.000e-04 | 5.89it/s skip=0 (111.6m)\n"}
,{"stream_name":"stdout","time":6813.700916977,"data":"[01:51:49] it 36425 loss=9.138 mel=2.017 durs=0.343 pitch=0.494 ctc=4.575 bin=1.261 score=0.293 fmatch=0.030 d=0.223 lr=1.000e-04 | 5.94it/s skip=0 (111.7m)\n"}
,{"stream_name":"stdout","time":6817.911905454,"data":"[01:51:53] it 36450 loss=8.687 mel=1.911 durs=0.289 pitch=0.424 ctc=4.434 bin=1.076 score=0.292 fmatch=0.027 d=0.233 lr=1.000e-04 | 5.99it/s skip=0 (111.7m)\n"}
,{"stream_name":"stdout","time":6822.13911284,"data":"[01:51:57] it 36475 loss=8.742 mel=1.996 durs=0.289 pitch=0.531 ctc=4.328 bin=1.147 score=0.290 fmatch=0.027 d=0.242 lr=1.000e-04 | 5.99it/s skip=0 (111.8m)\n"}
,{"stream_name":"stdout","time":6826.314192289,"data":"[01:52:01] it 36500 loss=8.219 mel=1.631 durs=0.280 pitch=0.445 ctc=4.200 bin=1.070 score=0.304 fmatch=0.029 d=0.238 lr=1.000e-04 | 6.04it/s skip=0 (111.9m)\n"}
,{"stream_name":"stdout","time":6830.664776754,"data":"[01:52:06] it 36525 loss=8.144 mel=1.697 durs=0.284 pitch=0.397 ctc=4.165 bin=1.168 score=0.255 fmatch=0.025 d=0.236 lr=1.000e-04 | 6.03it/s skip=0 (111.9m)\n"}
,{"stream_name":"stdout","time":6834.873615891,"data":"[01:52:10] it 36550 loss=8.485 mel=1.700 durs=0.280 pitch=0.602 ctc=4.418 bin=1.098 score=0.289 fmatch=0.024 d=0.245 lr=1.000e-04 | 6.03it/s skip=0 (112.0m)\n"}
,{"stream_name":"stdout","time":6839.113147123,"data":"[01:52:14] it 36575 loss=9.130 mel=2.016 durs=0.359 pitch=0.468 ctc=4.763 bin=1.235 score=0.252 fmatch=0.025 d=0.232 lr=1.000e-04 | 6.01it/s skip=0 (112.1m)\n"}
,{"stream_name":"stdout","time":6843.313032182,"data":"[01:52:18] it 36600 loss=8.461 mel=1.865 durs=0.307 pitch=0.505 ctc=4.372 bin=1.169 score=0.237 fmatch=0.027 d=0.241 lr=1.000e-04 | 6.03it/s skip=0 (112.1m)\n"}
,{"stream_name":"stdout","time":6847.569504096,"data":"[01:52:23] it 36625 loss=8.876 mel=1.907 durs=0.302 pitch=0.391 ctc=4.685 bin=1.222 score=0.242 fmatch=0.025 d=0.239 lr=1.000e-04 | 6.01it/s skip=0 (112.2m)\n"}
,{"stream_name":"stdout","time":6851.82102687,"data":"[01:52:27] it 36650 loss=9.500 mel=2.050 durs=0.353 pitch=0.526 ctc=4.816 bin=1.291 score=0.306 fmatch=0.030 d=0.246 lr=1.000e-04 | 6.00it/s skip=0 (112.3m)\n"}
,{"stream_name":"stdout","time":6856.086634167,"data":"[01:52:31] it 36675 loss=7.642 mel=1.619 durs=0.237 pitch=0.566 ctc=3.842 bin=0.930 score=0.286 fmatch=0.025 d=0.242 lr=1.000e-04 | 5.98it/s skip=0 (112.4m)\n"}
,{"stream_name":"stdout","time":6860.456733789,"data":"[01:52:36] it 36700 loss=8.178 mel=1.595 durs=0.234 pitch=0.432 ctc=4.264 bin=1.084 score=0.286 fmatch=0.024 d=0.237 lr=1.000e-04 | 5.91it/s skip=0 (112.4m)\n"}
,{"stream_name":"stdout","time":6864.716492142,"data":"[01:52:40] it 36725 loss=8.268 mel=1.970 durs=0.279 pitch=0.594 ctc=4.111 bin=1.063 score=0.253 fmatch=0.024 d=0.249 lr=1.000e-04 | 5.94it/s skip=0 (112.5m)\n"}
,{"stream_name":"stdout","time":6869.112713624,"data":"[01:52:44] it 36750 loss=8.435 mel=2.095 durs=0.290 pitch=0.419 ctc=4.042 bin=1.087 score=0.279 fmatch=0.024 d=0.240 lr=1.000e-04 | 5.88it/s skip=0 (112.6m)\n"}
,{"stream_name":"stdout","time":6873.377166386,"data":"[01:52:49] it 36775 loss=8.681 mel=1.939 durs=0.311 pitch=0.614 ctc=4.405 bin=1.169 score=0.263 fmatch=0.024 d=0.234 lr=1.000e-04 | 5.92it/s skip=0 (112.6m)\n"}
,{"stream_name":"stdout","time":6877.678458848,"data":"[01:52:53] it 36800 loss=7.982 mel=1.746 durs=0.256 pitch=0.394 ctc=4.009 bin=1.041 score=0.274 fmatch=0.024 d=0.251 lr=1.000e-04 | 5.91it/s skip=0 (112.7m)\n"}
,{"stream_name":"stdout","time":6881.902152815,"data":"[01:52:57] it 36825 loss=8.869 mel=1.921 durs=0.355 pitch=0.478 ctc=4.556 bin=1.222 score=0.266 fmatch=0.023 d=0.243 lr=1.000e-04 | 5.96it/s skip=0 (112.8m)\n"}
,{"stream_name":"stdout","time":6886.171635403,"data":"[01:53:01] it 36850 loss=8.436 mel=1.847 durs=0.323 pitch=0.579 ctc=4.374 bin=1.155 score=0.236 fmatch=0.027 d=0.243 lr=1.000e-04 | 5.95it/s skip=0 (112.9m)\n"}
,{"stream_name":"stdout","time":6890.47861488,"data":"[01:53:06] it 36875 loss=8.297 mel=1.611 durs=0.250 pitch=0.658 ctc=4.378 bin=1.064 score=0.282 fmatch=0.025 d=0.251 lr=1.000e-04 | 5.92it/s skip=0 (112.9m)\n"}
,{"stream_name":"stdout","time":6894.820175931,"data":"[01:53:10] it 36900 loss=8.464 mel=1.892 durs=0.300 pitch=0.471 ctc=4.380 bin=1.144 score=0.236 fmatch=0.028 d=0.240 lr=1.000e-04 | 5.90it/s skip=0 (113.0m)\n"}
,{"stream_name":"stdout","time":6899.110167771,"data":"[01:53:14] it 36925 loss=8.844 mel=1.971 durs=0.293 pitch=0.575 ctc=4.359 bin=1.163 score=0.308 fmatch=0.033 d=0.223 lr=1.000e-04 | 5.91it/s skip=0 (113.1m)\n"}
,{"stream_name":"stdout","time":6903.523872106,"data":"[01:53:19] it 36950 loss=8.869 mel=2.037 durs=0.326 pitch=0.733 ctc=4.485 bin=1.212 score=0.251 fmatch=0.026 d=0.237 lr=1.000e-04 | 5.86it/s skip=0 (113.1m)\n"}
,{"stream_name":"stdout","time":6907.848745812,"data":"[01:53:23] it 36975 loss=8.332 mel=1.710 durs=0.262 pitch=0.694 ctc=4.196 bin=1.119 score=0.296 fmatch=0.026 d=0.242 lr=1.000e-04 | 5.87it/s skip=0 (113.2m)\n"}
,{"stream_name":"stdout","time":6912.797644898,"data":"[01:53:28] it 37000 loss=8.133 mel=1.755 durs=0.273 pitch=0.401 ctc=4.132 bin=1.147 score=0.251 fmatch=0.026 d=0.246 lr=1.000e-04 | 5.83it/s skip=0 (113.3m)\n"}
,{"stream_name":"stdout","time":6917.159617437,"data":"[01:53:32] it 37025 loss=9.057 mel=2.064 durs=0.361 pitch=0.526 ctc=4.593 bin=1.296 score=0.247 fmatch=0.026 d=0.223 lr=1.000e-04 | 5.91it/s skip=0 (113.4m)\n"}
,{"stream_name":"stdout","time":6921.400120407,"data":"[01:53:37] it 37050 loss=8.857 mel=2.039 durs=0.339 pitch=0.485 ctc=4.560 bin=1.240 score=0.227 fmatch=0.027 d=0.238 lr=1.000e-04 | 5.94it/s skip=0 (113.4m)\n"}
,{"stream_name":"stdout","time":6925.738225166,"data":"[01:53:41] it 37075 loss=8.082 mel=1.654 durs=0.274 pitch=0.512 ctc=4.040 bin=1.041 score=0.310 fmatch=0.028 d=0.240 lr=1.000e-04 | 5.95it/s skip=0 (113.5m)\n"}
,{"stream_name":"stdout","time":6930.000856721,"data":"[01:53:45] it 37100 loss=8.128 mel=1.630 durs=0.251 pitch=0.549 ctc=4.171 bin=1.027 score=0.298 fmatch=0.027 d=0.235 lr=1.000e-04 | 5.96it/s skip=0 (113.6m)\n"}
,{"stream_name":"stdout","time":6934.351456137,"data":"[01:53:49] it 37125 loss=8.275 mel=1.797 durs=0.286 pitch=0.455 ctc=4.103 bin=1.090 score=0.296 fmatch=0.026 d=0.230 lr=1.000e-04 | 5.91it/s skip=0 (113.7m)\n"}
,{"stream_name":"stdout","time":6938.573440998,"data":"[01:53:54] it 37150 loss=8.668 mel=1.850 durs=0.305 pitch=0.462 ctc=4.515 bin=1.178 score=0.256 fmatch=0.024 d=0.235 lr=1.000e-04 | 5.96it/s skip=0 (113.7m)\n"}
,{"stream_name":"stdout","time":6942.873418894,"data":"[01:53:58] it 37175 loss=8.159 mel=1.576 durs=0.217 pitch=0.445 ctc=4.128 bin=1.091 score=0.317 fmatch=0.029 d=0.243 lr=1.000e-04 | 5.94it/s skip=0 (113.8m)\n"}
,{"stream_name":"stdout","time":6947.10871725,"data":"[01:54:02] it 37200 loss=9.031 mel=1.964 durs=0.334 pitch=0.461 ctc=4.566 bin=1.266 score=0.282 fmatch=0.026 d=0.240 lr=1.000e-04 | 5.97it/s skip=0 (113.9m)\n"}
,{"stream_name":"stdout","time":6951.355163801,"data":"[01:54:06] it 37225 loss=8.474 mel=1.993 durs=0.296 pitch=0.379 ctc=4.187 bin=1.128 score=0.268 fmatch=0.027 d=0.245 lr=1.000e-04 | 5.96it/s skip=0 (113.9m)\n"}
,{"stream_name":"stdout","time":6955.596664664,"data":"[01:54:11] it 37250 loss=8.933 mel=1.992 durs=0.304 pitch=0.391 ctc=4.312 bin=1.205 score=0.330 fmatch=0.035 d=0.238 lr=1.000e-04 | 5.98it/s skip=0 (114.0m)\n"}
,{"stream_name":"stdout","time":6959.829039697,"data":"[01:54:15] it 37275 loss=9.379 mel=2.358 durs=0.326 pitch=0.563 ctc=4.528 bin=1.290 score=0.272 fmatch=0.025 d=0.231 lr=1.000e-04 | 5.99it/s skip=0 (114.1m)\n"}
,{"stream_name":"stdout","time":6964.16819366,"data":"[01:54:19] it 37300 loss=7.616 mel=1.509 durs=0.251 pitch=0.544 ctc=3.982 bin=0.916 score=0.277 fmatch=0.022 d=0.248 lr=1.000e-04 | 5.93it/s skip=0 (114.2m)\n"}
,{"stream_name":"stdout","time":6968.475872354,"data":"[01:54:24] it 37325 loss=8.573 mel=1.864 durs=0.300 pitch=0.604 ctc=4.341 bin=1.134 score=0.280 fmatch=0.023 d=0.248 lr=1.000e-04 | 5.92it/s skip=0 (114.2m)\n"}
,{"stream_name":"stdout","time":6972.693904813,"data":"[01:54:28] it 37350 loss=8.397 mel=1.857 durs=0.283 pitch=0.473 ctc=4.231 bin=1.140 score=0.267 fmatch=0.025 d=0.240 lr=1.000e-04 | 5.97it/s skip=0 (114.3m)\n"}
,{"stream_name":"stdout","time":6977.030833436,"data":"[01:54:32] it 37375 loss=7.934 mel=1.726 durs=0.242 pitch=0.496 ctc=3.970 bin=0.965 score=0.293 fmatch=0.029 d=0.239 lr=1.000e-04 | 5.92it/s skip=0 (114.4m)\n"}
,{"stream_name":"stdout","time":6981.366199005,"data":"[01:54:37] it 37400 loss=8.941 mel=2.007 durs=0.322 pitch=0.468 ctc=4.558 bin=1.218 score=0.264 fmatch=0.022 d=0.240 lr=1.000e-04 | 5.89it/s skip=0 (114.4m)\n"}
,{"stream_name":"stdout","time":6985.647603382,"data":"[01:54:41] it 37425 loss=8.004 mel=1.747 durs=0.265 pitch=0.560 ctc=4.120 bin=1.067 score=0.240 fmatch=0.026 d=0.243 lr=1.000e-04 | 5.90it/s skip=0 (114.5m)\n"}
,{"stream_name":"stdout","time":6989.918241491,"data":"[01:54:45] it 37450 loss=9.027 mel=2.033 durs=0.317 pitch=0.496 ctc=4.390 bin=1.242 score=0.312 fmatch=0.031 d=0.232 lr=1.000e-04 | 5.92it/s skip=0 (114.6m)\n"}
,{"stream_name":"stdout","time":6994.203893539,"data":"[01:54:49] it 37475 loss=9.608 mel=2.449 durs=0.361 pitch=0.534 ctc=4.588 bin=1.339 score=0.279 fmatch=0.027 d=0.220 lr=1.000e-04 | 5.92it/s skip=0 (114.7m)\n"}
,{"stream_name":"stdout","time":6998.49371956,"data":"[01:54:54] it 37500 loss=8.107 mel=1.735 durs=0.286 pitch=0.545 ctc=4.255 bin=1.102 score=0.226 fmatch=0.027 d=0.238 lr=1.000e-04 | 5.93it/s skip=0 (114.7m)\n"}
,{"stream_name":"stdout","time":7003.019890539,"data":"[01:54:58] it 37525 loss=8.259 mel=1.844 durs=0.279 pitch=0.599 ctc=4.014 bin=1.032 score=0.312 fmatch=0.031 d=0.242 lr=1.000e-04 | 5.88it/s skip=0 (114.8m)\n"}
,{"stream_name":"stdout","time":7007.292551969,"data":"[01:55:02] it 37550 loss=8.342 mel=1.744 durs=0.298 pitch=0.636 ctc=4.338 bin=1.097 score=0.261 fmatch=0.023 d=0.235 lr=1.000e-04 | 5.90it/s skip=0 (114.9m)\n"}
,{"stream_name":"stdout","time":7011.536353353,"data":"[01:55:07] it 37575 loss=9.307 mel=1.952 durs=0.353 pitch=0.523 ctc=4.919 bin=1.357 score=0.241 fmatch=0.028 d=0.240 lr=1.000e-04 | 5.93it/s skip=0 (114.9m)\n"}
,{"stream_name":"stdout","time":7015.702756501,"data":"[01:55:11] it 37600 loss=8.045 mel=1.741 durs=0.270 pitch=0.574 ctc=4.087 bin=1.056 score=0.263 fmatch=0.025 d=0.250 lr=1.000e-04 | 5.99it/s skip=0 (115.0m)\n"}
,{"stream_name":"stdout","time":7019.91145859,"data":"[01:55:15] it 37625 loss=8.614 mel=1.850 durs=0.273 pitch=0.443 ctc=4.358 bin=1.199 score=0.277 fmatch=0.026 d=0.228 lr=1.000e-04 | 6.01it/s skip=0 (115.1m)\n"}
,{"stream_name":"stdout","time":7024.235459815,"data":"[01:55:19] it 37650 loss=8.263 mel=1.838 durs=0.313 pitch=0.375 ctc=4.170 bin=1.127 score=0.258 fmatch=0.026 d=0.236 lr=1.000e-04 | 5.95it/s skip=0 (115.2m)\n"}
,{"stream_name":"stdout","time":7028.553232761,"data":"[01:55:24] it 37675 loss=8.256 mel=1.748 durs=0.314 pitch=0.537 ctc=4.213 bin=1.072 score=0.278 fmatch=0.025 d=0.237 lr=1.000e-04 | 5.93it/s skip=0 (115.2m)\n"}
,{"stream_name":"stdout","time":7032.92292093,"data":"[01:55:28] it 37700 loss=8.735 mel=2.022 durs=0.325 pitch=0.631 ctc=4.353 bin=1.201 score=0.259 fmatch=0.027 d=0.223 lr=1.000e-04 | 5.88it/s skip=0 (115.3m)\n"}
,{"stream_name":"stdout","time":7037.281136774,"data":"[01:55:32] it 37725 loss=8.358 mel=1.798 durs=0.274 pitch=0.602 ctc=4.263 bin=1.076 score=0.276 fmatch=0.028 d=0.230 lr=1.000e-04 | 5.85it/s skip=0 (115.4m)\n"}
,{"stream_name":"stdout","time":7041.556105823,"data":"[01:55:37] it 37750 loss=9.062 mel=1.940 durs=0.344 pitch=0.616 ctc=4.639 bin=1.316 score=0.262 fmatch=0.025 d=0.234 lr=1.000e-04 | 5.89it/s skip=0 (115.4m)\n"}
,{"stream_name":"stdout","time":7045.803136087,"data":"[01:55:41] it 37775 loss=8.472 mel=1.728 durs=0.275 pitch=0.546 ctc=4.457 bin=1.143 score=0.259 fmatch=0.027 d=0.227 lr=1.000e-04 | 5.93it/s skip=0 (115.5m)\n"}
,{"stream_name":"stdout","time":7049.970612983,"data":"[01:55:45] it 37800 loss=8.944 mel=1.929 durs=0.325 pitch=0.567 ctc=4.524 bin=1.216 score=0.290 fmatch=0.024 d=0.238 lr=1.000e-04 | 5.99it/s skip=0 (115.6m)\n"}
,{"stream_name":"stdout","time":7054.357054222,"data":"[01:55:49] it 37825 loss=8.384 mel=1.799 durs=0.253 pitch=0.651 ctc=4.266 bin=1.109 score=0.274 fmatch=0.024 d=0.232 lr=1.000e-04 | 5.91it/s skip=0 (115.7m)\n"}
,{"stream_name":"stdout","time":7058.74828324,"data":"[01:55:54] it 37850 loss=9.061 mel=1.977 durs=0.353 pitch=0.363 ctc=4.664 bin=1.300 score=0.256 fmatch=0.026 d=0.229 lr=1.000e-04 | 5.87it/s skip=0 (115.7m)\n"}
,{"stream_name":"stdout","time":7063.067810841,"data":"[01:55:58] it 37875 loss=8.385 mel=1.898 durs=0.255 pitch=0.638 ctc=4.185 bin=1.008 score=0.295 fmatch=0.028 d=0.237 lr=1.000e-04 | 5.87it/s skip=0 (115.8m)\n"}
,{"stream_name":"stdout","time":7067.409651903,"data":"[01:56:03] it 37900 loss=7.758 mel=1.517 durs=0.246 pitch=0.477 ctc=4.087 bin=0.960 score=0.274 fmatch=0.025 d=0.237 lr=1.000e-04 | 5.85it/s skip=0 (115.9m)\n"}
,{"stream_name":"stdout","time":7071.757024195,"data":"[01:56:07] it 37925 loss=7.628 mel=1.557 durs=0.242 pitch=0.460 ctc=4.009 bin=0.967 score=0.251 fmatch=0.022 d=0.249 lr=1.000e-04 | 5.86it/s skip=0 (116.0m)\n"}
,{"stream_name":"stdout","time":7076.127358027,"data":"[01:56:11] it 37950 loss=8.137 mel=1.819 durs=0.293 pitch=0.508 ctc=4.032 bin=1.029 score=0.287 fmatch=0.027 d=0.230 lr=1.000e-04 | 5.85it/s skip=0 (116.0m)\n"}
,{"stream_name":"stdout","time":7080.468842647,"data":"[01:56:16] it 37975 loss=8.469 mel=1.776 durs=0.284 pitch=0.397 ctc=4.169 bin=1.068 score=0.339 fmatch=0.032 d=0.250 lr=1.000e-04 | 5.85it/s skip=0 (116.1m)\n"}
,{"stream_name":"stdout","time":7084.837011677,"data":"[01:56:20] it 38000 loss=8.588 mel=1.708 durs=0.279 pitch=0.618 ctc=4.397 bin=1.110 score=0.314 fmatch=0.029 d=0.242 lr=1.000e-04 | 5.84it/s skip=0 (116.2m)\n"}
,{"stream_name":"stdout","time":7085.358535335,"data":"[01:56:20] [train] probes saved at iter 38000\n"}
,{"stream_name":"stdout","time":7097.925474312,"data":"[01:56:33] [val] it 38000 loss=7.468 mel=1.905 durs=0.297 pitch=0.505 ctc=4.330 (12.6s)\n"}
,{"stream_name":"stdout","time":7102.275171882,"data":"[01:56:37] it 38025 loss=8.892 mel=2.059 durs=0.325 pitch=0.443 ctc=4.530 bin=1.238 score=0.241 fmatch=0.026 d=0.227 lr=1.000e-04 | 5.85it/s skip=0 (116.5m)\n"}
,{"stream_name":"stdout","time":7106.515484179,"data":"[01:56:42] it 38050 loss=8.587 mel=1.875 durs=0.297 pitch=0.519 ctc=4.509 bin=1.114 score=0.246 fmatch=0.025 d=0.237 lr=1.000e-04 | 5.91it/s skip=0 (116.5m)\n"}
,{"stream_name":"stdout","time":7110.740991096,"data":"[01:56:46] it 38075 loss=8.868 mel=1.911 durs=0.306 pitch=0.560 ctc=4.433 bin=1.210 score=0.300 fmatch=0.029 d=0.241 lr=1.000e-04 | 5.95it/s skip=0 (116.6m)\n"}
,{"stream_name":"stdout","time":7115.064256832,"data":"[01:56:50] it 38100 loss=8.288 mel=1.762 durs=0.289 pitch=0.457 ctc=4.300 bin=1.058 score=0.268 fmatch=0.023 d=0.242 lr=1.000e-04 | 5.92it/s skip=0 (116.7m)\n"}
,{"stream_name":"stdout","time":7119.322693585,"data":"[01:56:54] it 38125 loss=8.805 mel=2.021 durs=0.311 pitch=0.483 ctc=4.449 bin=1.215 score=0.255 fmatch=0.023 d=0.242 lr=1.000e-04 | 5.94it/s skip=0 (116.7m)\n"}
,{"stream_name":"stdout","time":7123.612091747,"data":"[01:56:59] it 38150 loss=8.612 mel=1.783 durs=0.300 pitch=0.685 ctc=4.450 bin=1.166 score=0.272 fmatch=0.024 d=0.242 lr=1.000e-04 | 5.93it/s skip=0 (116.8m)\n"}
,{"stream_name":"stdout","time":7127.876486401,"data":"[01:57:03] it 38175 loss=8.999 mel=2.321 durs=0.305 pitch=0.717 ctc=4.408 bin=1.167 score=0.243 fmatch=0.028 d=0.237 lr=1.000e-04 | 5.94it/s skip=0 (116.9m)\n"}
,{"stream_name":"stdout","time":7132.193810389,"data":"[01:57:07] it 38200 loss=9.295 mel=2.079 durs=0.380 pitch=0.487 ctc=4.623 bin=1.220 score=0.314 fmatch=0.031 d=0.233 lr=1.000e-04 | 5.92it/s skip=0 (117.0m)\n"}
,{"stream_name":"stdout","time":7137.444907325,"data":"[01:57:13] it 38225 loss=8.999 mel=1.986 durs=0.320 pitch=0.607 ctc=4.443 bin=1.199 score=0.312 fmatch=0.032 d=0.244 lr=1.000e-04 | 5.79it/s skip=0 (117.0m)\n"}
,{"stream_name":"stdout","time":7141.761260852,"data":"[01:57:17] it 38250 loss=8.573 mel=1.928 durs=0.311 pitch=0.539 ctc=4.321 bin=1.187 score=0.257 fmatch=0.023 d=0.236 lr=1.000e-04 | 5.83it/s skip=0 (117.1m)\n"}
,{"stream_name":"stdout","time":7146.142859503,"data":"[01:57:21] it 38275 loss=8.814 mel=1.870 durs=0.315 pitch=0.586 ctc=4.545 bin=1.176 score=0.277 fmatch=0.025 d=0.231 lr=1.000e-04 | 5.85it/s skip=0 (117.2m)\n"}
,{"stream_name":"stdout","time":7150.458759709,"data":"[01:57:26] it 38300 loss=8.005 mel=1.525 durs=0.260 pitch=0.455 ctc=4.170 bin=1.059 score=0.289 fmatch=0.023 d=0.242 lr=1.000e-04 | 5.87it/s skip=0 (117.3m)\n"}
,{"stream_name":"stdout","time":7154.787296223,"data":"[01:57:30] it 38325 loss=8.009 mel=1.831 durs=0.291 pitch=0.498 ctc=4.103 bin=1.006 score=0.241 fmatch=0.027 d=0.235 lr=1.000e-04 | 5.87it/s skip=0 (117.3m)\n"}
,{"stream_name":"stdout","time":7159.094672507,"data":"[01:57:34] it 38350 loss=8.494 mel=1.757 durs=0.306 pitch=0.567 ctc=4.382 bin=1.105 score=0.283 fmatch=0.029 d=0.232 lr=1.000e-04 | 5.88it/s skip=0 (117.4m)\n"}
,{"stream_name":"stdout","time":7163.324492674,"data":"[01:57:38] it 38375 loss=7.565 mel=1.420 durs=0.233 pitch=0.509 ctc=4.024 bin=0.978 score=0.262 fmatch=0.021 d=0.237 lr=1.000e-04 | 5.92it/s skip=0 (117.5m)\n"}
,{"stream_name":"stdout","time":7167.671275894,"data":"[01:57:43] it 38400 loss=8.441 mel=1.698 durs=0.308 pitch=0.391 ctc=4.301 bin=1.140 score=0.301 fmatch=0.029 d=0.244 lr=1.000e-04 | 5.90it/s skip=0 (117.5m)\n"}
,{"stream_name":"stdout","time":7171.883772823,"data":"[01:57:47] it 38425 loss=8.356 mel=1.771 durs=0.268 pitch=0.449 ctc=4.299 bin=1.103 score=0.272 fmatch=0.022 d=0.245 lr=1.000e-04 | 5.95it/s skip=0 (117.6m)\n"}
,{"stream_name":"stdout","time":7176.087231278,"data":"[01:57:51] it 38450 loss=8.729 mel=1.811 durs=0.340 pitch=0.400 ctc=4.475 bin=1.209 score=0.284 fmatch=0.026 d=0.229 lr=1.000e-04 | 5.99it/s skip=0 (117.7m)\n"}
,{"stream_name":"stdout","time":7180.305374985,"data":"[01:57:55] it 38475 loss=8.040 mel=1.821 durs=0.250 pitch=0.481 ctc=4.123 bin=1.010 score=0.247 fmatch=0.023 d=0.248 lr=1.000e-04 | 5.99it/s skip=0 (117.8m)\n"}
,{"stream_name":"stdout","time":7184.620445189,"data":"[01:58:00] it 38500 loss=7.857 mel=1.643 durs=0.279 pitch=0.453 ctc=4.065 bin=1.090 score=0.241 fmatch=0.023 d=0.245 lr=1.000e-04 | 5.95it/s skip=0 (117.8m)\n"}
,{"stream_name":"stdout","time":7189.219578482,"data":"[01:58:04] it 38525 loss=8.489 mel=1.854 durs=0.293 pitch=0.439 ctc=4.394 bin=1.116 score=0.257 fmatch=0.024 d=0.231 lr=1.000e-04 | 5.85it/s skip=0 (117.9m)\n"}
,{"stream_name":"stdout","time":7193.371933362,"data":"[01:58:09] it 38550 loss=8.410 mel=1.819 durs=0.285 pitch=0.432 ctc=4.273 bin=1.109 score=0.278 fmatch=0.024 d=0.236 lr=1.000e-04 | 5.96it/s skip=0 (118.0m)\n"}
,{"stream_name":"stdout","time":7197.629324133,"data":"[01:58:13] it 38575 loss=8.774 mel=1.864 durs=0.305 pitch=0.545 ctc=4.567 bin=1.199 score=0.259 fmatch=0.022 d=0.239 lr=1.000e-04 | 5.96it/s skip=0 (118.0m)\n"}
,{"stream_name":"stdout","time":7202.007610888,"data":"[01:58:17] it 38600 loss=8.238 mel=1.886 durs=0.287 pitch=0.455 ctc=4.201 bin=1.084 score=0.242 fmatch=0.026 d=0.247 lr=1.000e-04 | 5.90it/s skip=0 (118.1m)\n"}
,{"stream_name":"stdout","time":7206.361377562,"data":"[01:58:22] it 38625 loss=8.959 mel=2.014 durs=0.334 pitch=0.500 ctc=4.541 bin=1.223 score=0.268 fmatch=0.026 d=0.233 lr=1.000e-04 | 5.88it/s skip=0 (118.2m)\n"}
,{"stream_name":"stdout","time":7210.742947511,"data":"[01:58:26] it 38650 loss=8.433 mel=1.730 durs=0.263 pitch=0.433 ctc=4.317 bin=1.150 score=0.286 fmatch=0.024 d=0.242 lr=1.000e-04 | 5.85it/s skip=0 (118.3m)\n"}
,{"stream_name":"stdout","time":7215.105865616,"data":"[01:58:30] it 38675 loss=8.666 mel=1.856 durs=0.281 pitch=0.478 ctc=4.321 bin=1.150 score=0.309 fmatch=0.029 d=0.231 lr=1.000e-04 | 5.85it/s skip=0 (118.3m)\n"}
,{"stream_name":"stdout","time":7219.372754365,"data":"[01:58:35] it 38700 loss=8.203 mel=1.671 durs=0.272 pitch=0.430 ctc=4.292 bin=1.081 score=0.267 fmatch=0.023 d=0.244 lr=1.000e-04 | 5.88it/s skip=0 (118.4m)\n"}
,{"stream_name":"stdout","time":7223.664447787,"data":"[01:58:39] it 38725 loss=8.567 mel=1.709 durs=0.302 pitch=0.655 ctc=4.325 bin=1.138 score=0.318 fmatch=0.028 d=0.246 lr=1.000e-04 | 5.91it/s skip=0 (118.5m)\n"}
,{"stream_name":"stdout","time":7227.896664804,"data":"[01:58:43] it 38750 loss=8.643 mel=2.000 durs=0.294 pitch=0.421 ctc=4.355 bin=1.121 score=0.268 fmatch=0.025 d=0.239 lr=1.000e-04 | 5.94it/s skip=0 (118.6m)\n"}
,{"stream_name":"stdout","time":7232.115240564,"data":"[01:58:47] it 38775 loss=8.693 mel=1.767 durs=0.345 pitch=0.394 ctc=4.486 bin=1.197 score=0.286 fmatch=0.025 d=0.245 lr=1.000e-04 | 5.97it/s skip=0 (118.6m)\n"}
,{"stream_name":"stdout","time":7236.466480206,"data":"[01:58:52] it 38800 loss=8.261 mel=1.795 durs=0.277 pitch=0.543 ctc=4.268 bin=1.043 score=0.263 fmatch=0.020 d=0.245 lr=1.000e-04 | 5.92it/s skip=0 (118.7m)\n"}
,{"stream_name":"stdout","time":7240.82601433,"data":"[01:58:56] it 38825 loss=8.631 mel=1.998 durs=0.286 pitch=0.576 ctc=4.388 bin=1.133 score=0.251 fmatch=0.024 d=0.241 lr=1.000e-04 | 5.88it/s skip=0 (118.8m)\n"}
,{"stream_name":"stdout","time":7245.118332064,"data":"[01:59:00] it 38850 loss=8.595 mel=1.862 durs=0.309 pitch=0.512 ctc=4.351 bin=1.216 score=0.265 fmatch=0.025 d=0.250 lr=1.000e-04 | 5.90it/s skip=0 (118.8m)\n"}
,{"stream_name":"stdout","time":7249.372488171,"data":"[01:59:05] it 38875 loss=8.391 mel=1.824 durs=0.274 pitch=0.490 ctc=4.235 bin=1.086 score=0.286 fmatch=0.026 d=0.239 lr=1.000e-04 | 5.93it/s skip=0 (118.9m)\n"}
,{"stream_name":"stdout","time":7253.62506875,"data":"[01:59:09] it 38900 loss=8.877 mel=2.013 durs=0.333 pitch=0.549 ctc=4.306 bin=1.195 score=0.311 fmatch=0.032 d=0.238 lr=1.000e-04 | 5.94it/s skip=0 (119.0m)\n"}
,{"stream_name":"stdout","time":7257.88057862,"data":"[01:59:13] it 38925 loss=7.937 mel=1.802 durs=0.286 pitch=0.481 ctc=3.995 bin=1.098 score=0.234 fmatch=0.028 d=0.250 lr=1.000e-04 | 5.95it/s skip=0 (119.1m)\n"}
,{"stream_name":"stdout","time":7262.191738904,"data":"[01:59:17] it 38950 loss=8.527 mel=1.914 durs=0.316 pitch=0.549 ctc=4.439 bin=1.077 score=0.247 fmatch=0.024 d=0.230 lr=1.000e-04 | 5.93it/s skip=0 (119.1m)\n"}
,{"stream_name":"stdout","time":7266.457973705,"data":"[01:59:22] it 38975 loss=8.727 mel=1.841 durs=0.299 pitch=0.541 ctc=4.402 bin=1.186 score=0.296 fmatch=0.028 d=0.239 lr=1.000e-04 | 5.94it/s skip=0 (119.2m)\n"}
,{"stream_name":"stdout","time":7270.81426733,"data":"[01:59:26] it 39000 loss=8.718 mel=1.937 durs=0.310 pitch=0.535 ctc=4.482 bin=1.205 score=0.246 fmatch=0.024 d=0.232 lr=1.000e-04 | 5.90it/s skip=0 (119.3m)\n"}
,{"stream_name":"stdout","time":7275.256736491,"data":"[01:59:30] it 39025 loss=8.379 mel=1.975 durs=0.283 pitch=0.379 ctc=3.938 bin=1.106 score=0.316 fmatch=0.028 d=0.255 lr=1.000e-04 | 5.90it/s skip=0 (119.3m)\n"}
,{"stream_name":"stdout","time":7279.622556568,"data":"[01:59:35] it 39050 loss=9.133 mel=2.107 durs=0.345 pitch=0.568 ctc=4.634 bin=1.296 score=0.244 fmatch=0.026 d=0.234 lr=1.000e-04 | 5.88it/s skip=0 (119.4m)\n"}
,{"stream_name":"stdout","time":7283.896573287,"data":"[01:59:39] it 39075 loss=8.414 mel=1.694 durs=0.292 pitch=0.421 ctc=4.412 bin=1.200 score=0.253 fmatch=0.022 d=0.246 lr=1.000e-04 | 5.90it/s skip=0 (119.5m)\n"}
,{"stream_name":"stdout","time":7288.094901437,"data":"[01:59:43] it 39100 loss=9.350 mel=2.349 durs=0.333 pitch=0.562 ctc=4.480 bin=1.289 score=0.279 fmatch=0.026 d=0.231 lr=1.000e-04 | 5.98it/s skip=0 (119.6m)\n"}
,{"stream_name":"stdout","time":7292.295127293,"data":"[01:59:47] it 39125 loss=8.182 mel=1.827 durs=0.307 pitch=0.627 ctc=4.182 bin=1.106 score=0.237 fmatch=0.024 d=0.244 lr=1.000e-04 | 6.00it/s skip=0 (119.6m)\n"}
,{"stream_name":"stdout","time":7296.525580444,"data":"[01:59:52] it 39150 loss=8.165 mel=1.719 durs=0.289 pitch=0.451 ctc=4.119 bin=1.075 score=0.288 fmatch=0.025 d=0.254 lr=1.000e-04 | 6.01it/s skip=0 (119.7m)\n"}
,{"stream_name":"stdout","time":7300.810209623,"data":"[01:59:56] it 39175 loss=8.283 mel=1.815 durs=0.275 pitch=0.448 ctc=4.257 bin=1.040 score=0.268 fmatch=0.024 d=0.234 lr=1.000e-04 | 5.97it/s skip=0 (119.8m)\n"}
,{"stream_name":"stdout","time":7305.119030763,"data":"[02:00:00] it 39200 loss=8.295 mel=1.873 durs=0.287 pitch=0.406 ctc=4.115 bin=1.114 score=0.275 fmatch=0.022 d=0.235 lr=1.000e-04 | 5.94it/s skip=0 (119.8m)\n"}
,{"stream_name":"stdout","time":7309.358318036,"data":"[02:00:04] it 39225 loss=8.799 mel=2.134 durs=0.365 pitch=0.589 ctc=4.317 bin=1.127 score=0.275 fmatch=0.026 d=0.234 lr=1.000e-04 | 5.96it/s skip=0 (119.9m)\n"}
,{"stream_name":"stdout","time":7313.659333918,"data":"[02:00:09] it 39250 loss=8.690 mel=1.802 durs=0.280 pitch=0.437 ctc=4.328 bin=1.148 score=0.327 fmatch=0.032 d=0.244 lr=1.000e-04 | 5.94it/s skip=0 (120.0m)\n"}
,{"stream_name":"stdout","time":7317.862818937,"data":"[02:00:13] it 39275 loss=8.065 mel=1.690 durs=0.232 pitch=0.514 ctc=4.141 bin=1.019 score=0.280 fmatch=0.023 d=0.242 lr=1.000e-04 | 5.98it/s skip=0 (120.1m)\n"}
,{"stream_name":"stdout","time":7322.255692018,"data":"[02:00:17] it 39300 loss=8.791 mel=1.928 durs=0.341 pitch=0.391 ctc=4.480 bin=1.198 score=0.272 fmatch=0.024 d=0.235 lr=1.000e-04 | 5.91it/s skip=0 (120.1m)\n"}
,{"stream_name":"stdout","time":7326.473104125,"data":"[02:00:22] it 39325 loss=9.837 mel=2.357 durs=0.399 pitch=0.490 ctc=4.820 bin=1.310 score=0.307 fmatch=0.032 d=0.232 lr=1.000e-04 | 5.95it/s skip=0 (120.2m)\n"}
,{"stream_name":"stdout","time":7330.766869976,"data":"[02:00:26] it 39350 loss=8.433 mel=1.829 durs=0.269 pitch=0.476 ctc=4.365 bin=1.015 score=0.280 fmatch=0.027 d=0.243 lr=1.000e-04 | 5.93it/s skip=0 (120.3m)\n"}
,{"stream_name":"stdout","time":7335.087484066,"data":"[02:00:30] it 39375 loss=9.294 mel=2.395 durs=0.366 pitch=0.473 ctc=4.570 bin=1.247 score=0.243 fmatch=0.027 d=0.244 lr=1.000e-04 | 5.92it/s skip=0 (120.3m)\n"}
,{"stream_name":"stdout","time":7339.285032099,"data":"[02:00:34] it 39400 loss=8.097 mel=1.626 durs=0.248 pitch=0.482 ctc=4.126 bin=1.064 score=0.295 fmatch=0.026 d=0.244 lr=1.000e-04 | 5.96it/s skip=0 (120.4m)\n"}
,{"stream_name":"stdout","time":7343.597813059,"data":"[02:00:39] it 39425 loss=8.603 mel=1.752 durs=0.316 pitch=0.662 ctc=4.318 bin=1.151 score=0.313 fmatch=0.031 d=0.238 lr=1.000e-04 | 5.94it/s skip=0 (120.5m)\n"}
,{"stream_name":"stdout","time":7347.912162464,"data":"[02:00:43] it 39450 loss=8.259 mel=1.744 durs=0.270 pitch=0.556 ctc=4.152 bin=1.042 score=0.303 fmatch=0.027 d=0.238 lr=1.000e-04 | 5.93it/s skip=0 (120.6m)\n"}
,{"stream_name":"stdout","time":7353.1070542,"data":"[02:00:48] it 39475 loss=8.582 mel=2.053 durs=0.309 pitch=0.546 ctc=4.261 bin=1.104 score=0.264 fmatch=0.024 d=0.238 lr=1.000e-04 | 5.85it/s skip=0 (120.6m)\n"}
,{"stream_name":"stdout","time":7357.370162524,"data":"[02:00:53] it 39500 loss=9.188 mel=2.223 durs=0.344 pitch=0.542 ctc=4.547 bin=1.297 score=0.252 fmatch=0.027 d=0.227 lr=1.000e-04 | 5.90it/s skip=0 (120.7m)\n"}
,{"stream_name":"stdout","time":7361.811515652,"data":"[02:00:57] it 39525 loss=8.522 mel=1.874 durs=0.286 pitch=0.416 ctc=4.327 bin=1.177 score=0.263 fmatch=0.022 d=0.243 lr=1.000e-04 | 5.91it/s skip=0 (120.8m)\n"}
,{"stream_name":"stdout","time":7366.034240852,"data":"[02:01:01] it 39550 loss=8.278 mel=1.886 durs=0.265 pitch=0.668 ctc=4.197 bin=1.058 score=0.254 fmatch=0.026 d=0.239 lr=1.000e-04 | 5.96it/s skip=0 (120.9m)\n"}
,{"stream_name":"stdout","time":7370.237690211,"data":"[02:01:05] it 39575 loss=9.211 mel=1.897 durs=0.300 pitch=0.537 ctc=4.576 bin=1.189 score=0.357 fmatch=0.035 d=0.256 lr=1.000e-04 | 5.99it/s skip=0 (120.9m)\n"}
,{"stream_name":"stdout","time":7374.480346596,"data":"[02:01:10] it 39600 loss=8.583 mel=1.876 durs=0.327 pitch=0.594 ctc=4.428 bin=1.128 score=0.258 fmatch=0.024 d=0.234 lr=1.000e-04 | 6.00it/s skip=0 (121.0m)\n"}
,{"stream_name":"stdout","time":7378.700696675,"data":"[02:01:14] it 39625 loss=7.878 mel=1.524 durs=0.243 pitch=0.518 ctc=4.245 bin=1.013 score=0.250 fmatch=0.022 d=0.243 lr=1.000e-04 | 6.00it/s skip=0 (121.1m)\n"}
,{"stream_name":"stdout","time":7383.017896609,"data":"[02:01:18] it 39650 loss=8.507 mel=1.889 durs=0.321 pitch=0.467 ctc=4.347 bin=1.185 score=0.246 fmatch=0.025 d=0.243 lr=1.000e-04 | 5.95it/s skip=0 (121.1m)\n"}
,{"stream_name":"stdout","time":7387.241674261,"data":"[02:01:22] it 39675 loss=8.330 mel=1.803 durs=0.301 pitch=0.607 ctc=4.310 bin=1.124 score=0.244 fmatch=0.026 d=0.239 lr=1.000e-04 | 5.97it/s skip=0 (121.2m)\n"}
,{"stream_name":"stdout","time":7391.453327896,"data":"[02:01:27] it 39700 loss=7.958 mel=1.705 durs=0.256 pitch=0.478 ctc=4.103 bin=1.001 score=0.263 fmatch=0.022 d=0.241 lr=1.000e-04 | 5.99it/s skip=0 (121.3m)\n"}
,{"stream_name":"stdout","time":7395.672281913,"data":"[02:01:31] it 39725 loss=7.825 mel=1.606 durs=0.234 pitch=0.488 ctc=4.040 bin=1.006 score=0.269 fmatch=0.024 d=0.239 lr=1.000e-04 | 6.01it/s skip=0 (121.3m)\n"}
,{"stream_name":"stdout","time":7399.946601682,"data":"[02:01:35] it 39750 loss=8.706 mel=1.867 durs=0.332 pitch=0.454 ctc=4.437 bin=1.238 score=0.265 fmatch=0.027 d=0.223 lr=1.000e-04 | 5.98it/s skip=0 (121.4m)\n"}
,{"stream_name":"stdout","time":7404.339442265,"data":"[02:01:39] it 39775 loss=9.500 mel=2.200 durs=0.371 pitch=0.482 ctc=4.692 bin=1.399 score=0.274 fmatch=0.026 d=0.224 lr=1.000e-04 | 5.95it/s skip=0 (121.5m)\n"}
,{"stream_name":"stdout","time":7408.759476278,"data":"[02:01:44] it 39800 loss=8.341 mel=1.941 durs=0.299 pitch=0.560 ctc=4.102 bin=1.125 score=0.265 fmatch=0.025 d=0.231 lr=1.000e-04 | 5.90it/s skip=0 (121.6m)\n"}
,{"stream_name":"stdout","time":7413.034985019,"data":"[02:01:48] it 39825 loss=8.753 mel=1.809 durs=0.305 pitch=0.565 ctc=4.663 bin=1.226 score=0.236 fmatch=0.024 d=0.242 lr=1.000e-04 | 5.92it/s skip=0 (121.6m)\n"}
,{"stream_name":"stdout","time":7417.317544533,"data":"[02:01:52] it 39850 loss=8.395 mel=1.786 durs=0.294 pitch=0.336 ctc=4.329 bin=1.118 score=0.269 fmatch=0.025 d=0.249 lr=1.000e-04 | 5.93it/s skip=0 (121.7m)\n"}
,{"stream_name":"stdout","time":7421.636013146,"data":"[02:01:57] it 39875 loss=8.901 mel=1.942 durs=0.336 pitch=0.580 ctc=4.556 bin=1.264 score=0.256 fmatch=0.023 d=0.230 lr=1.000e-04 | 5.91it/s skip=0 (121.8m)\n"}
,{"stream_name":"stdout","time":7426.164597129,"data":"[02:02:01] it 39900 loss=8.356 mel=1.871 durs=0.297 pitch=0.569 ctc=4.201 bin=1.070 score=0.276 fmatch=0.024 d=0.236 lr=1.000e-04 | 5.84it/s skip=0 (121.9m)\n"}
,{"stream_name":"stdout","time":7430.508420792,"data":"[02:02:06] it 39925 loss=8.526 mel=1.992 durs=0.326 pitch=0.642 ctc=4.268 bin=1.142 score=0.252 fmatch=0.022 d=0.241 lr=1.000e-04 | 5.85it/s skip=0 (121.9m)\n"}
,{"stream_name":"stdout","time":7434.764660874,"data":"[02:02:10] it 39950 loss=8.644 mel=1.834 durs=0.292 pitch=0.585 ctc=4.194 bin=1.114 score=0.345 fmatch=0.035 d=0.248 lr=1.000e-04 | 5.89it/s skip=0 (122.0m)\n"}
,{"stream_name":"stdout","time":7439.105700323,"data":"[02:02:14] it 39975 loss=8.638 mel=1.883 durs=0.310 pitch=0.514 ctc=4.384 bin=1.100 score=0.291 fmatch=0.025 d=0.236 lr=1.000e-04 | 5.88it/s skip=0 (122.1m)\n"}
,{"stream_name":"stdout","time":7443.30191698,"data":"[02:02:18] it 40000 loss=8.078 mel=1.720 durs=0.287 pitch=0.612 ctc=4.137 bin=1.047 score=0.266 fmatch=0.023 d=0.235 lr=1.000e-04 | 5.96it/s skip=0 (122.1m)\n"}
,{"stream_name":"stdout","time":7444.119160713,"data":"[02:02:19] [train] probes saved at iter 40000\n"}
,{"stream_name":"stdout","time":7456.639838929,"data":"[02:02:32] [val] it 40000 loss=7.444 mel=1.908 durs=0.295 pitch=0.501 ctc=4.318 (12.5s)\n"}
,{"stream_name":"stdout","time":7460.940425759,"data":"[02:02:36] it 40025 loss=7.930 mel=1.598 durs=0.277 pitch=0.385 ctc=4.142 bin=1.069 score=0.259 fmatch=0.020 d=0.246 lr=1.000e-04 | 5.94it/s skip=0 (122.4m)\n"}
,{"stream_name":"stdout","time":7465.260847298,"data":"[02:02:40] it 40050 loss=8.162 mel=1.774 durs=0.285 pitch=0.439 ctc=4.267 bin=1.067 score=0.239 fmatch=0.024 d=0.247 lr=1.000e-04 | 5.92it/s skip=0 (122.5m)\n"}
,{"stream_name":"stdout","time":7469.594537215,"data":"[02:02:45] it 40075 loss=8.085 mel=1.626 durs=0.262 pitch=0.530 ctc=4.079 bin=1.038 score=0.309 fmatch=0.027 d=0.238 lr=1.000e-04 | 5.91it/s skip=0 (122.6m)\n"}
,{"stream_name":"stdout","time":7473.90023792,"data":"[02:02:49] it 40100 loss=7.542 mel=1.644 durs=0.236 pitch=0.431 ctc=3.911 bin=0.927 score=0.243 fmatch=0.022 d=0.244 lr=1.000e-04 | 5.90it/s skip=0 (122.7m)\n"}
,{"stream_name":"stdout","time":7478.262431001,"data":"[02:02:53] it 40125 loss=7.847 mel=1.539 durs=0.254 pitch=0.434 ctc=4.080 bin=1.009 score=0.282 fmatch=0.022 d=0.251 lr=1.000e-04 | 5.86it/s skip=0 (122.7m)\n"}
,{"stream_name":"stdout","time":7482.596443874,"data":"[02:02:58] it 40150 loss=8.997 mel=1.806 durs=0.310 pitch=0.614 ctc=4.653 bin=1.225 score=0.298 fmatch=0.027 d=0.237 lr=1.000e-04 | 5.86it/s skip=0 (122.8m)\n"}
,{"stream_name":"stdout","time":7486.937407759,"data":"[02:03:02] it 40175 loss=8.339 mel=1.876 durs=0.266 pitch=0.445 ctc=4.092 bin=1.094 score=0.295 fmatch=0.025 d=0.239 lr=1.000e-04 | 5.86it/s skip=0 (122.9m)\n"}
,{"stream_name":"stdout","time":7491.506932534,"data":"[02:03:07] it 40200 loss=8.289 mel=1.573 durs=0.291 pitch=0.509 ctc=4.276 bin=1.104 score=0.307 fmatch=0.029 d=0.251 lr=1.000e-04 | 5.78it/s skip=0 (122.9m)\n"}
,{"stream_name":"stdout","time":7495.817291826,"data":"[02:03:11] it 40225 loss=8.626 mel=2.126 durs=0.293 pitch=0.748 ctc=4.194 bin=1.124 score=0.262 fmatch=0.028 d=0.226 lr=1.000e-04 | 5.82it/s skip=0 (123.0m)\n"}
,{"stream_name":"stdout","time":7500.107489621,"data":"[02:03:15] it 40250 loss=8.432 mel=1.786 durs=0.280 pitch=0.495 ctc=4.216 bin=1.110 score=0.304 fmatch=0.027 d=0.243 lr=1.000e-04 | 5.86it/s skip=0 (123.1m)\n"}
,{"stream_name":"stdout","time":7504.469230996,"data":"[02:03:20] it 40275 loss=8.349 mel=1.836 durs=0.320 pitch=0.445 ctc=4.279 bin=1.161 score=0.244 fmatch=0.023 d=0.242 lr=1.000e-04 | 5.85it/s skip=0 (123.2m)\n"}
,{"stream_name":"stdout","time":7508.679610339,"data":"[02:03:24] it 40300 loss=7.871 mel=1.755 durs=0.283 pitch=0.506 ctc=3.972 bin=1.052 score=0.248 fmatch=0.023 d=0.238 lr=1.000e-04 | 5.92it/s skip=0 (123.2m)\n"}
,{"stream_name":"stdout","time":7513.014043403,"data":"[02:03:28] it 40325 loss=8.290 mel=1.627 durs=0.288 pitch=0.608 ctc=4.216 bin=1.173 score=0.290 fmatch=0.025 d=0.231 lr=1.000e-04 | 5.91it/s skip=0 (123.3m)\n"}
,{"stream_name":"stdout","time":7517.309942488,"data":"[02:03:32] it 40350 loss=8.601 mel=1.724 durs=0.288 pitch=0.451 ctc=4.331 bin=1.126 score=0.329 fmatch=0.031 d=0.242 lr=1.000e-04 | 5.91it/s skip=0 (123.4m)\n"}
,{"stream_name":"stdout","time":7521.579458482,"data":"[02:03:37] it 40375 loss=8.744 mel=1.935 durs=0.320 pitch=0.470 ctc=4.350 bin=1.168 score=0.296 fmatch=0.028 d=0.233 lr=1.000e-04 | 5.93it/s skip=0 (123.4m)\n"}
,{"stream_name":"stdout","time":7525.849843576,"data":"[02:03:41] it 40400 loss=8.150 mel=1.757 durs=0.256 pitch=0.394 ctc=4.066 bin=1.058 score=0.294 fmatch=0.026 d=0.233 lr=1.000e-04 | 5.93it/s skip=0 (123.5m)\n"}
,{"stream_name":"stdout","time":7530.18061157,"data":"[02:03:45] it 40425 loss=7.793 mel=1.563 durs=0.256 pitch=0.466 ctc=3.967 bin=0.985 score=0.295 fmatch=0.025 d=0.245 lr=1.000e-04 | 5.90it/s skip=0 (123.6m)\n"}
,{"stream_name":"stdout","time":7534.386438751,"data":"[02:03:50] it 40450 loss=8.134 mel=1.700 durs=0.275 pitch=0.446 ctc=4.300 bin=1.073 score=0.241 fmatch=0.023 d=0.253 lr=1.000e-04 | 5.95it/s skip=0 (123.7m)\n"}
,{"stream_name":"stdout","time":7538.630455898,"data":"[02:03:54] it 40475 loss=8.650 mel=1.870 durs=0.293 pitch=0.460 ctc=4.411 bin=1.295 score=0.243 fmatch=0.027 d=0.256 lr=1.000e-04 | 5.97it/s skip=0 (123.7m)\n"}
,{"stream_name":"stdout","time":7542.88647438,"data":"[02:03:58] it 40500 loss=7.748 mel=1.693 durs=0.248 pitch=0.579 ctc=3.975 bin=0.967 score=0.252 fmatch=0.022 d=0.247 lr=1.000e-04 | 5.97it/s skip=0 (123.8m)\n"}
,{"stream_name":"stdout","time":7547.3377124,"data":"[02:04:02] it 40525 loss=8.437 mel=1.757 durs=0.297 pitch=0.474 ctc=4.470 bin=1.126 score=0.246 fmatch=0.022 d=0.244 lr=1.000e-04 | 5.95it/s skip=0 (123.9m)\n"}
,{"stream_name":"stdout","time":7551.470208326,"data":"[02:04:07] it 40550 loss=8.814 mel=1.851 durs=0.336 pitch=0.507 ctc=4.583 bin=1.265 score=0.252 fmatch=0.024 d=0.230 lr=1.000e-04 | 6.03it/s skip=0 (123.9m)\n"}
,{"stream_name":"stdout","time":7555.813143442,"data":"[02:04:11] it 40575 loss=8.828 mel=1.777 durs=0.329 pitch=0.516 ctc=4.620 bin=1.288 score=0.259 fmatch=0.023 d=0.237 lr=1.000e-04 | 5.96it/s skip=0 (124.0m)\n"}
,{"stream_name":"stdout","time":7560.114748252,"data":"[02:04:15] it 40600 loss=8.755 mel=2.102 durs=0.327 pitch=0.445 ctc=4.293 bin=1.169 score=0.272 fmatch=0.023 d=0.250 lr=1.000e-04 | 5.93it/s skip=0 (124.1m)\n"}
,{"stream_name":"stdout","time":7564.443665664,"data":"[02:04:20] it 40625 loss=8.018 mel=1.564 durs=0.243 pitch=0.498 ctc=4.028 bin=0.993 score=0.332 fmatch=0.032 d=0.246 lr=1.000e-04 | 5.91it/s skip=0 (124.2m)\n"}
,{"stream_name":"stdout","time":7568.750195416,"data":"[02:04:24] it 40650 loss=8.481 mel=1.817 durs=0.274 pitch=0.487 ctc=4.287 bin=1.086 score=0.297 fmatch=0.027 d=0.239 lr=1.000e-04 | 5.91it/s skip=0 (124.2m)\n"}
,{"stream_name":"stdout","time":7573.192977558,"data":"[02:04:28] it 40675 loss=8.604 mel=1.915 durs=0.328 pitch=0.549 ctc=4.320 bin=1.259 score=0.250 fmatch=0.024 d=0.234 lr=1.000e-04 | 5.83it/s skip=0 (124.3m)\n"}
,{"stream_name":"stdout","time":7577.771386908,"data":"[02:04:33] it 40700 loss=9.356 mel=2.057 durs=0.349 pitch=0.554 ctc=4.861 bin=1.322 score=0.250 fmatch=0.024 d=0.234 lr=1.000e-04 | 5.77it/s skip=0 (124.4m)\n"}
,{"stream_name":"stdout","time":7582.12743668,"data":"[02:04:37] it 40725 loss=8.796 mel=1.915 durs=0.331 pitch=0.562 ctc=4.588 bin=1.234 score=0.236 fmatch=0.025 d=0.239 lr=1.000e-04 | 5.79it/s skip=0 (124.5m)\n"}
,{"stream_name":"stdout","time":7586.436926371,"data":"[02:04:42] it 40750 loss=8.751 mel=1.995 durs=0.304 pitch=0.415 ctc=4.206 bin=1.137 score=0.327 fmatch=0.032 d=0.239 lr=1.000e-04 | 5.84it/s skip=0 (124.5m)\n"}
,{"stream_name":"stdout","time":7590.846577142,"data":"[02:04:46] it 40775 loss=8.877 mel=1.974 durs=0.332 pitch=0.403 ctc=4.464 bin=1.230 score=0.278 fmatch=0.025 d=0.244 lr=1.000e-04 | 5.82it/s skip=0 (124.6m)\n"}
,{"stream_name":"stdout","time":7595.042593506,"data":"[02:04:50] it 40800 loss=8.708 mel=1.871 durs=0.337 pitch=0.847 ctc=4.402 bin=1.228 score=0.266 fmatch=0.022 d=0.239 lr=1.000e-04 | 5.92it/s skip=0 (124.7m)\n"}
,{"stream_name":"stdout","time":7599.244169885,"data":"[02:04:54] it 40825 loss=8.443 mel=1.722 durs=0.313 pitch=0.538 ctc=4.429 bin=1.047 score=0.284 fmatch=0.023 d=0.241 lr=1.000e-04 | 5.98it/s skip=0 (124.7m)\n"}
,{"stream_name":"stdout","time":7603.522124872,"data":"[02:04:59] it 40850 loss=8.198 mel=1.849 durs=0.248 pitch=0.650 ctc=3.900 bin=1.017 score=0.328 fmatch=0.032 d=0.242 lr=1.000e-04 | 5.97it/s skip=0 (124.8m)\n"}
,{"stream_name":"stdout","time":7607.695583363,"data":"[02:05:03] it 40875 loss=8.676 mel=2.007 durs=0.347 pitch=0.616 ctc=4.325 bin=1.213 score=0.253 fmatch=0.022 d=0.239 lr=1.000e-04 | 6.02it/s skip=0 (124.9m)\n"}
,{"stream_name":"stdout","time":7612.032392376,"data":"[02:05:07] it 40900 loss=8.638 mel=1.870 durs=0.311 pitch=0.491 ctc=4.476 bin=1.157 score=0.258 fmatch=0.022 d=0.245 lr=1.000e-04 | 5.95it/s skip=0 (125.0m)\n"}
,{"stream_name":"stdout","time":7616.30752968,"data":"[02:05:11] it 40925 loss=7.847 mel=1.727 durs=0.270 pitch=0.402 ctc=3.851 bin=1.032 score=0.286 fmatch=0.025 d=0.245 lr=1.000e-04 | 5.95it/s skip=0 (125.0m)\n"}
,{"stream_name":"stdout","time":7620.546833553,"data":"[02:05:16] it 40950 loss=8.174 mel=1.892 durs=0.249 pitch=0.607 ctc=3.903 bin=1.046 score=0.305 fmatch=0.027 d=0.246 lr=1.000e-04 | 5.97it/s skip=0 (125.1m)\n"}
,{"stream_name":"stdout","time":7624.882320878,"data":"[02:05:20] it 40975 loss=9.322 mel=2.106 durs=0.327 pitch=0.507 ctc=4.670 bin=1.289 score=0.288 fmatch=0.023 d=0.236 lr=1.000e-04 | 5.94it/s skip=0 (125.2m)\n"}
,{"stream_name":"stdout","time":7629.147491859,"data":"[02:05:24] it 41000 loss=8.002 mel=1.617 durs=0.253 pitch=0.521 ctc=4.252 bin=1.058 score=0.244 fmatch=0.022 d=0.236 lr=1.000e-04 | 5.94it/s skip=0 (125.2m)\n"}
,{"stream_name":"stdout","time":7633.617036382,"data":"[02:05:29] it 41025 loss=8.388 mel=1.773 durs=0.301 pitch=0.354 ctc=4.367 bin=1.132 score=0.257 fmatch=0.023 d=0.249 lr=1.000e-04 | 5.92it/s skip=0 (125.3m)\n"}
,{"stream_name":"stdout","time":7637.942457877,"data":"[02:05:33] it 41050 loss=7.568 mel=1.571 durs=0.255 pitch=0.448 ctc=3.940 bin=0.933 score=0.258 fmatch=0.020 d=0.242 lr=1.000e-04 | 5.89it/s skip=0 (125.4m)\n"}
,{"stream_name":"stdout","time":7642.13289553,"data":"[02:05:37] it 41075 loss=8.473 mel=1.651 durs=0.288 pitch=0.545 ctc=4.407 bin=1.152 score=0.289 fmatch=0.024 d=0.244 lr=1.000e-04 | 5.96it/s skip=0 (125.5m)\n"}
,{"stream_name":"stdout","time":7646.415919689,"data":"[02:05:42] it 41100 loss=8.199 mel=1.820 durs=0.276 pitch=0.503 ctc=4.268 bin=1.052 score=0.239 fmatch=0.022 d=0.245 lr=1.000e-04 | 5.95it/s skip=0 (125.5m)\n"}
,{"stream_name":"stdout","time":7650.728633074,"data":"[02:05:46] it 41125 loss=8.755 mel=2.024 durs=0.324 pitch=0.404 ctc=4.389 bin=1.154 score=0.273 fmatch=0.024 d=0.230 lr=1.000e-04 | 5.93it/s skip=0 (125.6m)\n"}
,{"stream_name":"stdout","time":7654.942355193,"data":"[02:05:50] it 41150 loss=8.549 mel=1.848 durs=0.294 pitch=0.457 ctc=4.357 bin=1.159 score=0.272 fmatch=0.024 d=0.235 lr=1.000e-04 | 5.97it/s skip=0 (125.7m)\n"}
,{"stream_name":"stdout","time":7659.19572899,"data":"[02:05:54] it 41175 loss=9.865 mel=2.207 durs=0.394 pitch=0.514 ctc=5.035 bin=1.476 score=0.258 fmatch=0.024 d=0.233 lr=1.000e-04 | 5.97it/s skip=0 (125.7m)\n"}
,{"stream_name":"stdout","time":7663.468600557,"data":"[02:05:59] it 41200 loss=8.379 mel=1.890 durs=0.296 pitch=0.491 ctc=4.175 bin=1.172 score=0.260 fmatch=0.024 d=0.237 lr=1.000e-04 | 5.96it/s skip=0 (125.8m)\n"}
,{"stream_name":"stdout","time":7667.742149421,"data":"[02:06:03] it 41225 loss=8.120 mel=1.710 durs=0.271 pitch=0.342 ctc=4.097 bin=1.031 score=0.299 fmatch=0.025 d=0.237 lr=1.000e-04 | 5.95it/s skip=0 (125.9m)\n"}
,{"stream_name":"stdout","time":7672.09537726,"data":"[02:06:07] it 41250 loss=8.452 mel=1.969 durs=0.333 pitch=0.690 ctc=4.148 bin=1.095 score=0.278 fmatch=0.025 d=0.227 lr=1.000e-04 | 5.91it/s skip=0 (126.0m)\n"}
,{"stream_name":"stdout","time":7676.330350044,"data":"[02:06:11] it 41275 loss=8.662 mel=1.918 durs=0.277 pitch=0.307 ctc=4.437 bin=1.109 score=0.279 fmatch=0.023 d=0.235 lr=1.000e-04 | 5.94it/s skip=0 (126.0m)\n"}
,{"stream_name":"stdout","time":7680.567592219,"data":"[02:06:16] it 41300 loss=8.453 mel=1.744 durs=0.277 pitch=0.404 ctc=4.343 bin=1.107 score=0.292 fmatch=0.023 d=0.246 lr=1.000e-04 | 5.97it/s skip=0 (126.1m)\n"}
,{"stream_name":"stdout","time":7684.92108512,"data":"[02:06:20] it 41325 loss=7.870 mel=1.673 durs=0.253 pitch=0.698 ctc=3.993 bin=1.031 score=0.265 fmatch=0.021 d=0.238 lr=1.000e-04 | 5.93it/s skip=0 (126.2m)\n"}
,{"stream_name":"stdout","time":7689.257341796,"data":"[02:06:24] it 41350 loss=9.040 mel=2.030 durs=0.331 pitch=0.633 ctc=4.383 bin=1.317 score=0.296 fmatch=0.029 d=0.229 lr=1.000e-04 | 5.90it/s skip=0 (126.2m)\n"}
,{"stream_name":"stdout","time":7693.527633415,"data":"[02:06:29] it 41375 loss=8.256 mel=1.721 durs=0.276 pitch=0.423 ctc=4.129 bin=1.035 score=0.318 fmatch=0.029 d=0.249 lr=1.000e-04 | 5.92it/s skip=0 (126.3m)\n"}
,{"stream_name":"stdout","time":7697.888122463,"data":"[02:06:33] it 41400 loss=8.277 mel=1.892 durs=0.291 pitch=0.484 ctc=4.074 bin=1.119 score=0.273 fmatch=0.023 d=0.232 lr=1.000e-04 | 5.88it/s skip=0 (126.4m)\n"}
,{"stream_name":"stdout","time":7702.123411859,"data":"[02:06:37] it 41425 loss=8.332 mel=1.626 durs=0.277 pitch=0.619 ctc=4.329 bin=1.086 score=0.294 fmatch=0.025 d=0.248 lr=1.000e-04 | 5.94it/s skip=0 (126.5m)\n"}
,{"stream_name":"stdout","time":7706.465573002,"data":"[02:06:42] it 41450 loss=8.110 mel=1.743 durs=0.300 pitch=0.607 ctc=4.079 bin=1.100 score=0.269 fmatch=0.021 d=0.239 lr=1.000e-04 | 5.90it/s skip=0 (126.5m)\n"}
,{"stream_name":"stdout","time":7710.737780009,"data":"[02:06:46] it 41475 loss=8.648 mel=2.030 durs=0.308 pitch=0.409 ctc=4.407 bin=1.117 score=0.249 fmatch=0.025 d=0.236 lr=1.000e-04 | 5.92it/s skip=0 (126.6m)\n"}
,{"stream_name":"stdout","time":7714.998435928,"data":"[02:06:50] it 41500 loss=8.929 mel=1.987 durs=0.329 pitch=0.532 ctc=4.627 bin=1.176 score=0.257 fmatch=0.024 d=0.232 lr=1.000e-04 | 5.95it/s skip=0 (126.7m)\n"}
,{"stream_name":"stdout","time":7719.389910902,"data":"[02:06:55] it 41525 loss=8.480 mel=1.931 durs=0.292 pitch=0.467 ctc=4.350 bin=1.119 score=0.245 fmatch=0.025 d=0.243 lr=1.000e-04 | 5.96it/s skip=0 (126.7m)\n"}
,{"stream_name":"stdout","time":7723.594785455,"data":"[02:06:59] it 41550 loss=8.566 mel=1.902 durs=0.331 pitch=0.503 ctc=4.385 bin=1.115 score=0.264 fmatch=0.025 d=0.245 lr=1.000e-04 | 5.99it/s skip=0 (126.8m)\n"}
,{"stream_name":"stdout","time":7727.860671936,"data":"[02:07:03] it 41575 loss=8.891 mel=1.857 durs=0.295 pitch=0.436 ctc=4.493 bin=1.232 score=0.303 fmatch=0.024 d=0.249 lr=1.000e-04 | 5.97it/s skip=0 (126.9m)\n"}
,{"stream_name":"stdout","time":7732.120444435,"data":"[02:07:07] it 41600 loss=7.934 mel=1.707 durs=0.255 pitch=0.570 ctc=4.171 bin=1.056 score=0.223 fmatch=0.023 d=0.240 lr=1.000e-04 | 5.96it/s skip=0 (127.0m)\n"}
,{"stream_name":"stdout","time":7736.373774878,"data":"[02:07:12] it 41625 loss=8.047 mel=1.737 durs=0.237 pitch=0.406 ctc=4.074 bin=1.034 score=0.279 fmatch=0.023 d=0.239 lr=1.000e-04 | 5.97it/s skip=0 (127.0m)\n"}
,{"stream_name":"stdout","time":7740.648651447,"data":"[02:07:16] it 41650 loss=7.841 mel=1.583 durs=0.249 pitch=0.507 ctc=4.037 bin=1.022 score=0.276 fmatch=0.021 d=0.243 lr=1.000e-04 | 5.96it/s skip=0 (127.1m)\n"}
,{"stream_name":"stdout","time":7744.893650103,"data":"[02:07:20] it 41675 loss=9.121 mel=2.159 durs=0.316 pitch=0.441 ctc=4.388 bin=1.300 score=0.292 fmatch=0.028 d=0.229 lr=1.000e-04 | 5.98it/s skip=0 (127.2m)\n"}
,{"stream_name":"stdout","time":7749.152135862,"data":"[02:07:24] it 41700 loss=8.367 mel=1.865 durs=0.280 pitch=0.506 ctc=4.183 bin=1.117 score=0.275 fmatch=0.022 d=0.240 lr=1.000e-04 | 5.98it/s skip=0 (127.2m)\n"}
,{"stream_name":"stdout","time":7753.448764245,"data":"[02:07:29] it 41725 loss=8.523 mel=1.894 durs=0.320 pitch=0.501 ctc=4.238 bin=1.104 score=0.294 fmatch=0.028 d=0.247 lr=1.000e-04 | 5.96it/s skip=0 (127.3m)\n"}
,{"stream_name":"stdout","time":7757.77309422,"data":"[02:07:33] it 41750 loss=8.725 mel=1.873 durs=0.283 pitch=0.451 ctc=4.280 bin=1.141 score=0.331 fmatch=0.033 d=0.236 lr=1.000e-04 | 5.92it/s skip=0 (127.4m)\n"}
,{"stream_name":"stdout","time":7762.019639946,"data":"[02:07:37] it 41775 loss=7.475 mel=1.560 durs=0.220 pitch=0.586 ctc=3.831 bin=0.916 score=0.266 fmatch=0.021 d=0.251 lr=1.000e-04 | 5.94it/s skip=0 (127.5m)\n"}
,{"stream_name":"stdout","time":7766.308766691,"data":"[02:07:41] it 41800 loss=9.313 mel=2.110 durs=0.362 pitch=0.604 ctc=4.838 bin=1.333 score=0.227 fmatch=0.026 d=0.226 lr=1.000e-04 | 5.94it/s skip=0 (127.5m)\n"}
,{"stream_name":"stdout","time":7770.571344798,"data":"[02:07:46] it 41825 loss=8.010 mel=1.656 durs=0.256 pitch=0.374 ctc=4.097 bin=1.056 score=0.278 fmatch=0.024 d=0.235 lr=1.000e-04 | 5.95it/s skip=0 (127.6m)\n"}
,{"stream_name":"stdout","time":7774.794697768,"data":"[02:07:50] it 41850 loss=8.662 mel=2.000 durs=0.291 pitch=0.399 ctc=4.279 bin=1.161 score=0.282 fmatch=0.026 d=0.235 lr=1.000e-04 | 5.98it/s skip=0 (127.7m)\n"}
,{"stream_name":"stdout","time":7778.944520841,"data":"[02:07:54] it 41875 loss=7.446 mel=1.485 durs=0.219 pitch=0.605 ctc=3.906 bin=0.849 score=0.276 fmatch=0.021 d=0.237 lr=1.000e-04 | 6.03it/s skip=0 (127.7m)\n"}
,{"stream_name":"stdout","time":7783.228605777,"data":"[02:07:58] it 41900 loss=9.137 mel=2.058 durs=0.345 pitch=0.537 ctc=4.667 bin=1.292 score=0.252 fmatch=0.022 d=0.244 lr=1.000e-04 | 5.99it/s skip=0 (127.8m)\n"}
,{"stream_name":"stdout","time":7787.580600074,"data":"[02:08:03] it 41925 loss=8.335 mel=1.814 durs=0.302 pitch=0.472 ctc=4.213 bin=1.043 score=0.291 fmatch=0.025 d=0.239 lr=1.000e-04 | 5.95it/s skip=0 (127.9m)\n"}
,{"stream_name":"stdout","time":7791.921790125,"data":"[02:08:07] it 41950 loss=8.153 mel=1.622 durs=0.249 pitch=0.524 ctc=4.086 bin=1.074 score=0.316 fmatch=0.028 d=0.253 lr=1.000e-04 | 5.92it/s skip=0 (128.0m)\n"}
,{"stream_name":"stdout","time":7796.208993514,"data":"[02:08:11] it 41975 loss=8.260 mel=1.565 durs=0.263 pitch=0.445 ctc=4.365 bin=1.082 score=0.289 fmatch=0.024 d=0.249 lr=1.000e-04 | 5.93it/s skip=0 (128.0m)\n"}
,{"stream_name":"stdout","time":7800.560036825,"data":"[02:08:16] it 42000 loss=8.119 mel=1.725 durs=0.295 pitch=0.516 ctc=4.164 bin=1.095 score=0.258 fmatch=0.024 d=0.234 lr=1.000e-04 | 5.89it/s skip=0 (128.1m)\n"}
,{"stream_name":"stdout","time":7801.095579586,"data":"[02:08:16] [train] probes saved at iter 42000\n"}
,{"stream_name":"stdout","time":7813.92684132,"data":"[02:08:29] [val] it 42000 loss=7.416 mel=1.901 durs=0.291 pitch=0.505 ctc=4.297 (12.8s)\n"}
,{"stream_name":"stdout","time":7818.110859163,"data":"[02:08:33] it 42025 loss=8.323 mel=1.711 durs=0.259 pitch=0.340 ctc=4.340 bin=1.072 score=0.280 fmatch=0.022 d=0.246 lr=1.000e-04 | 5.97it/s skip=0 (128.4m)\n"}
,{"stream_name":"stdout","time":7822.390489227,"data":"[02:08:38] it 42050 loss=8.541 mel=1.782 durs=0.291 pitch=0.679 ctc=4.317 bin=1.119 score=0.300 fmatch=0.028 d=0.238 lr=1.000e-04 | 5.95it/s skip=0 (128.5m)\n"}
,{"stream_name":"stdout","time":7826.628090806,"data":"[02:08:42] it 42075 loss=8.687 mel=1.913 durs=0.305 pitch=0.509 ctc=4.425 bin=1.225 score=0.255 fmatch=0.021 d=0.228 lr=1.000e-04 | 5.97it/s skip=0 (128.5m)\n"}
,{"stream_name":"stdout","time":7830.945640797,"data":"[02:08:46] it 42100 loss=8.621 mel=1.891 durs=0.293 pitch=0.521 ctc=4.431 bin=1.142 score=0.262 fmatch=0.025 d=0.244 lr=1.000e-04 | 5.94it/s skip=0 (128.6m)\n"}
,{"stream_name":"stdout","time":7835.337854201,"data":"[02:08:50] it 42125 loss=8.352 mel=1.728 durs=0.302 pitch=0.437 ctc=4.379 bin=1.144 score=0.251 fmatch=0.024 d=0.239 lr=1.000e-04 | 5.88it/s skip=0 (128.7m)\n"}
,{"stream_name":"stdout","time":7839.578077735,"data":"[02:08:55] it 42150 loss=8.988 mel=1.965 durs=0.309 pitch=0.399 ctc=4.665 bin=1.251 score=0.252 fmatch=0.026 d=0.246 lr=1.000e-04 | 5.92it/s skip=0 (128.7m)\n"}
,{"stream_name":"stdout","time":7843.876752585,"data":"[02:08:59] it 42175 loss=7.989 mel=1.650 durs=0.250 pitch=0.616 ctc=4.119 bin=1.036 score=0.269 fmatch=0.020 d=0.248 lr=1.000e-04 | 5.92it/s skip=0 (128.8m)\n"}
,{"stream_name":"stdout","time":7848.203070882,"data":"[02:09:03] it 42200 loss=8.280 mel=1.696 durs=0.304 pitch=0.513 ctc=4.287 bin=1.138 score=0.264 fmatch=0.023 d=0.242 lr=1.000e-04 | 5.90it/s skip=0 (128.9m)\n"}
,{"stream_name":"stdout","time":7852.493146941,"data":"[02:09:08] it 42225 loss=8.676 mel=1.814 durs=0.286 pitch=0.581 ctc=4.355 bin=1.138 score=0.313 fmatch=0.029 d=0.250 lr=1.000e-04 | 5.92it/s skip=0 (129.0m)\n"}
,{"stream_name":"stdout","time":7856.767266416,"data":"[02:09:12] it 42250 loss=8.505 mel=1.953 durs=0.307 pitch=0.451 ctc=4.115 bin=1.122 score=0.302 fmatch=0.031 d=0.230 lr=1.000e-04 | 5.92it/s skip=0 (129.0m)\n"}
,{"stream_name":"stdout","time":7861.05532921,"data":"[02:09:16] it 42275 loss=8.346 mel=1.889 durs=0.283 pitch=0.347 ctc=4.249 bin=1.105 score=0.255 fmatch=0.022 d=0.235 lr=1.000e-04 | 5.92it/s skip=0 (129.1m)\n"}
,{"stream_name":"stdout","time":7865.32120373,"data":"[02:09:20] it 42300 loss=8.090 mel=1.826 durs=0.316 pitch=0.522 ctc=4.086 bin=1.053 score=0.255 fmatch=0.021 d=0.243 lr=1.000e-04 | 5.94it/s skip=0 (129.2m)\n"}
,{"stream_name":"stdout","time":7869.668654655,"data":"[02:09:25] it 42325 loss=9.346 mel=2.238 durs=0.358 pitch=0.598 ctc=4.585 bin=1.252 score=0.287 fmatch=0.026 d=0.230 lr=1.000e-04 | 5.89it/s skip=0 (129.2m)\n"}
,{"stream_name":"stdout","time":7874.027017542,"data":"[02:09:29] it 42350 loss=8.483 mel=1.810 durs=0.328 pitch=0.502 ctc=4.374 bin=1.241 score=0.238 fmatch=0.025 d=0.246 lr=1.000e-04 | 5.88it/s skip=0 (129.3m)\n"}
,{"stream_name":"stdout","time":7878.284080204,"data":"[02:09:33] it 42375 loss=7.815 mel=1.580 durs=0.229 pitch=0.480 ctc=4.059 bin=1.033 score=0.263 fmatch=0.022 d=0.249 lr=1.000e-04 | 5.91it/s skip=0 (129.4m)\n"}
,{"stream_name":"stdout","time":7882.541108027,"data":"[02:09:38] it 42400 loss=8.552 mel=1.839 durs=0.296 pitch=0.474 ctc=4.329 bin=1.170 score=0.278 fmatch=0.025 d=0.241 lr=1.000e-04 | 5.93it/s skip=0 (129.5m)\n"}
,{"stream_name":"stdout","time":7886.824367645,"data":"[02:09:42] it 42425 loss=8.294 mel=1.794 durs=0.298 pitch=0.518 ctc=4.196 bin=1.093 score=0.276 fmatch=0.025 d=0.236 lr=1.000e-04 | 5.93it/s skip=0 (129.5m)\n"}
,{"stream_name":"stdout","time":7891.19343467,"data":"[02:09:46] it 42450 loss=7.532 mel=1.572 durs=0.260 pitch=0.432 ctc=3.919 bin=0.969 score=0.245 fmatch=0.022 d=0.245 lr=1.000e-04 | 5.88it/s skip=0 (129.6m)\n"}
,{"stream_name":"stdout","time":7895.550292725,"data":"[02:09:51] it 42475 loss=8.587 mel=1.872 durs=0.313 pitch=0.532 ctc=4.377 bin=1.183 score=0.262 fmatch=0.023 d=0.240 lr=1.000e-04 | 5.87it/s skip=0 (129.7m)\n"}
,{"stream_name":"stdout","time":7899.885748058,"data":"[02:09:55] it 42500 loss=8.777 mel=1.889 durs=0.318 pitch=0.628 ctc=4.498 bin=1.216 score=0.264 fmatch=0.024 d=0.239 lr=1.000e-04 | 5.86it/s skip=0 (129.8m)\n"}
,{"stream_name":"stdout","time":7904.320425976,"data":"[02:09:59] it 42525 loss=8.198 mel=1.862 durs=0.297 pitch=0.448 ctc=4.151 bin=1.091 score=0.250 fmatch=0.022 d=0.249 lr=1.000e-04 | 5.90it/s skip=0 (129.8m)\n"}
,{"stream_name":"stdout","time":7908.668104561,"data":"[02:10:04] it 42550 loss=8.870 mel=2.002 durs=0.325 pitch=0.571 ctc=4.470 bin=1.214 score=0.267 fmatch=0.024 d=0.238 lr=1.000e-04 | 5.86it/s skip=0 (129.9m)\n"}
,{"stream_name":"stdout","time":7913.017280727,"data":"[02:10:08] it 42575 loss=7.777 mel=1.630 durs=0.259 pitch=0.377 ctc=3.795 bin=0.936 score=0.331 fmatch=0.027 d=0.256 lr=1.000e-04 | 5.86it/s skip=0 (130.0m)\n"}
,{"stream_name":"stdout","time":7917.417831846,"data":"[02:10:13] it 42600 loss=8.717 mel=2.101 durs=0.310 pitch=0.472 ctc=4.345 bin=1.159 score=0.252 fmatch=0.026 d=0.229 lr=1.000e-04 | 5.82it/s skip=0 (130.0m)\n"}
,{"stream_name":"stdout","time":7921.836083045,"data":"[02:10:17] it 42625 loss=8.272 mel=1.701 durs=0.296 pitch=0.565 ctc=4.294 bin=1.053 score=0.279 fmatch=0.022 d=0.243 lr=1.000e-04 | 5.83it/s skip=0 (130.1m)\n"}
,{"stream_name":"stdout","time":7926.045466062,"data":"[02:10:21] it 42650 loss=8.476 mel=1.756 durs=0.305 pitch=0.411 ctc=4.316 bin=1.181 score=0.282 fmatch=0.025 d=0.238 lr=1.000e-04 | 5.90it/s skip=0 (130.2m)\n"}
,{"stream_name":"stdout","time":7930.320315389,"data":"[02:10:25] it 42675 loss=8.454 mel=1.851 durs=0.299 pitch=0.586 ctc=4.397 bin=1.071 score=0.256 fmatch=0.024 d=0.236 lr=1.000e-04 | 5.93it/s skip=0 (130.3m)\n"}
,{"stream_name":"stdout","time":7934.531343552,"data":"[02:10:30] it 42700 loss=8.415 mel=1.892 durs=0.297 pitch=0.546 ctc=4.302 bin=1.133 score=0.246 fmatch=0.021 d=0.241 lr=1.000e-04 | 5.97it/s skip=0 (130.3m)\n"}
,{"stream_name":"stdout","time":7938.786716042,"data":"[02:10:34] it 42725 loss=8.047 mel=1.616 durs=0.270 pitch=0.320 ctc=4.272 bin=1.003 score=0.268 fmatch=0.023 d=0.242 lr=1.000e-04 | 5.97it/s skip=0 (130.4m)\n"}
,{"stream_name":"stdout","time":7943.094556866,"data":"[02:10:38] it 42750 loss=8.836 mel=2.039 durs=0.308 pitch=0.549 ctc=4.493 bin=1.176 score=0.254 fmatch=0.027 d=0.238 lr=1.000e-04 | 5.94it/s skip=0 (130.5m)\n"}
,{"stream_name":"stdout","time":7947.300042889,"data":"[02:10:42] it 42775 loss=7.985 mel=1.781 durs=0.275 pitch=0.506 ctc=4.129 bin=1.060 score=0.228 fmatch=0.024 d=0.247 lr=1.000e-04 | 5.98it/s skip=0 (130.5m)\n"}
,{"stream_name":"stdout","time":7951.536379176,"data":"[02:10:47] it 42800 loss=8.619 mel=1.867 durs=0.322 pitch=0.396 ctc=4.419 bin=1.171 score=0.267 fmatch=0.023 d=0.237 lr=1.000e-04 | 5.99it/s skip=0 (130.6m)\n"}
,{"stream_name":"stdout","time":7955.906566526,"data":"[02:10:51] it 42825 loss=7.939 mel=1.867 durs=0.252 pitch=0.416 ctc=3.993 bin=0.990 score=0.250 fmatch=0.022 d=0.249 lr=1.000e-04 | 5.92it/s skip=0 (130.7m)\n"}
,{"stream_name":"stdout","time":7960.247015647,"data":"[02:10:55] it 42850 loss=8.617 mel=1.785 durs=0.283 pitch=0.464 ctc=4.485 bin=1.165 score=0.270 fmatch=0.026 d=0.260 lr=1.000e-04 | 5.90it/s skip=0 (130.8m)\n"}
,{"stream_name":"stdout","time":7964.505377155,"data":"[02:11:00] it 42875 loss=8.296 mel=1.801 durs=0.306 pitch=0.479 ctc=4.225 bin=1.111 score=0.265 fmatch=0.022 d=0.238 lr=1.000e-04 | 5.92it/s skip=0 (130.8m)\n"}
,{"stream_name":"stdout","time":7968.749690735,"data":"[02:11:04] it 42900 loss=8.420 mel=1.782 durs=0.262 pitch=0.519 ctc=4.213 bin=1.051 score=0.317 fmatch=0.028 d=0.238 lr=1.000e-04 | 5.94it/s skip=0 (130.9m)\n"}
,{"stream_name":"stdout","time":7973.0925793,"data":"[02:11:08] it 42925 loss=8.485 mel=1.762 durs=0.297 pitch=0.492 ctc=4.475 bin=1.118 score=0.258 fmatch=0.020 d=0.240 lr=1.000e-04 | 5.91it/s skip=0 (131.0m)\n"}
,{"stream_name":"stdout","time":7977.369703671,"data":"[02:11:13] it 42950 loss=8.159 mel=1.603 durs=0.257 pitch=0.545 ctc=4.311 bin=1.047 score=0.275 fmatch=0.020 d=0.245 lr=1.000e-04 | 5.92it/s skip=0 (131.0m)\n"}
,{"stream_name":"stdout","time":7981.588710467,"data":"[02:11:17] it 42975 loss=8.221 mel=1.865 durs=0.265 pitch=0.572 ctc=4.152 bin=1.133 score=0.241 fmatch=0.025 d=0.229 lr=1.000e-04 | 5.97it/s skip=0 (131.1m)\n"}
,{"stream_name":"stdout","time":7985.819757013,"data":"[02:11:21] it 43000 loss=7.972 mel=1.520 durs=0.259 pitch=0.506 ctc=4.201 bin=0.997 score=0.288 fmatch=0.024 d=0.237 lr=1.000e-04 | 5.99it/s skip=0 (131.2m)\n"}
,{"stream_name":"stdout","time":7990.263516706,"data":"[02:11:25] it 43025 loss=9.203 mel=2.001 durs=0.362 pitch=0.619 ctc=4.638 bin=1.340 score=0.275 fmatch=0.027 d=0.236 lr=1.000e-04 | 5.96it/s skip=0 (131.3m)\n"}
,{"stream_name":"stdout","time":7994.522575258,"data":"[02:11:30] it 43050 loss=8.631 mel=1.742 durs=0.288 pitch=0.767 ctc=4.450 bin=1.069 score=0.309 fmatch=0.028 d=0.234 lr=1.000e-04 | 5.97it/s skip=0 (131.3m)\n"}
,{"stream_name":"stdout","time":7998.814065662,"data":"[02:11:34] it 43075 loss=8.603 mel=1.890 durs=0.318 pitch=0.515 ctc=4.433 bin=1.188 score=0.246 fmatch=0.025 d=0.246 lr=1.000e-04 | 5.95it/s skip=0 (131.4m)\n"}
,{"stream_name":"stdout","time":8003.114508592,"data":"[02:11:38] it 43100 loss=8.057 mel=1.620 durs=0.283 pitch=0.661 ctc=4.133 bin=1.115 score=0.268 fmatch=0.022 d=0.238 lr=1.000e-04 | 5.94it/s skip=0 (131.5m)\n"}
,{"stream_name":"stdout","time":8007.507495751,"data":"[02:11:43] it 43125 loss=8.358 mel=1.663 durs=0.246 pitch=0.470 ctc=4.053 bin=1.032 score=0.375 fmatch=0.037 d=0.264 lr=1.000e-04 | 5.88it/s skip=0 (131.5m)\n"}
,{"stream_name":"stdout","time":8011.804688754,"data":"[02:11:47] it 43150 loss=8.232 mel=1.746 durs=0.275 pitch=0.451 ctc=4.225 bin=1.107 score=0.265 fmatch=0.023 d=0.244 lr=1.000e-04 | 5.89it/s skip=0 (131.6m)\n"}
,{"stream_name":"stdout","time":8015.979633838,"data":"[02:11:51] it 43175 loss=8.467 mel=1.731 durs=0.319 pitch=0.519 ctc=4.470 bin=1.180 score=0.244 fmatch=0.025 d=0.250 lr=1.000e-04 | 5.97it/s skip=0 (131.7m)\n"}
,{"stream_name":"stdout","time":8020.281248704,"data":"[02:11:55] it 43200 loss=9.515 mel=2.279 durs=0.380 pitch=0.585 ctc=4.692 bin=1.379 score=0.261 fmatch=0.023 d=0.234 lr=1.000e-04 | 5.95it/s skip=0 (131.8m)\n"}
,{"stream_name":"stdout","time":8024.616480578,"data":"[02:12:00] it 43225 loss=8.253 mel=1.894 durs=0.262 pitch=0.415 ctc=4.115 bin=1.079 score=0.269 fmatch=0.022 d=0.240 lr=1.000e-04 | 5.91it/s skip=0 (131.8m)\n"}
,{"stream_name":"stdout","time":8028.832743527,"data":"[02:12:04] it 43250 loss=8.540 mel=1.729 durs=0.276 pitch=0.519 ctc=4.346 bin=1.212 score=0.286 fmatch=0.027 d=0.236 lr=1.000e-04 | 5.96it/s skip=0 (131.9m)\n"}
,{"stream_name":"stdout","time":8033.12416208,"data":"[02:12:08] it 43275 loss=8.084 mel=1.732 durs=0.268 pitch=0.659 ctc=4.097 bin=1.042 score=0.274 fmatch=0.023 d=0.243 lr=1.000e-04 | 5.93it/s skip=0 (132.0m)\n"}
,{"stream_name":"stdout","time":8037.458667525,"data":"[02:12:13] it 43300 loss=8.242 mel=1.758 durs=0.255 pitch=0.493 ctc=4.152 bin=0.970 score=0.315 fmatch=0.027 d=0.254 lr=1.000e-04 | 5.90it/s skip=0 (132.0m)\n"}
,{"stream_name":"stdout","time":8041.714832906,"data":"[02:12:17] it 43325 loss=8.877 mel=1.917 durs=0.328 pitch=0.747 ctc=4.579 bin=1.166 score=0.271 fmatch=0.024 d=0.234 lr=1.000e-04 | 5.94it/s skip=0 (132.1m)\n"}
,{"stream_name":"stdout","time":8045.955004718,"data":"[02:12:21] it 43350 loss=8.547 mel=1.920 durs=0.309 pitch=0.465 ctc=4.183 bin=1.152 score=0.297 fmatch=0.028 d=0.241 lr=1.000e-04 | 5.95it/s skip=0 (132.2m)\n"}
,{"stream_name":"stdout","time":8050.284999821,"data":"[02:12:25] it 43375 loss=7.985 mel=1.830 durs=0.268 pitch=0.569 ctc=3.980 bin=1.079 score=0.247 fmatch=0.025 d=0.234 lr=1.000e-04 | 5.93it/s skip=0 (132.3m)\n"}
,{"stream_name":"stdout","time":8054.619761893,"data":"[02:12:30] it 43400 loss=8.586 mel=1.895 durs=0.292 pitch=0.453 ctc=4.385 bin=1.127 score=0.270 fmatch=0.023 d=0.251 lr=1.000e-04 | 5.90it/s skip=0 (132.3m)\n"}
,{"stream_name":"stdout","time":8058.805417798,"data":"[02:12:34] it 43425 loss=9.273 mel=2.031 durs=0.336 pitch=0.610 ctc=4.802 bin=1.312 score=0.252 fmatch=0.025 d=0.242 lr=1.000e-04 | 5.97it/s skip=0 (132.4m)\n"}
,{"stream_name":"stdout","time":8063.162930919,"data":"[02:12:38] it 43450 loss=8.337 mel=1.701 durs=0.282 pitch=0.550 ctc=4.287 bin=1.097 score=0.286 fmatch=0.023 d=0.244 lr=1.000e-04 | 5.91it/s skip=0 (132.5m)\n"}
,{"stream_name":"stdout","time":8067.377174955,"data":"[02:12:43] it 43475 loss=8.855 mel=2.211 durs=0.363 pitch=0.405 ctc=4.237 bin=1.247 score=0.265 fmatch=0.024 d=0.233 lr=1.000e-04 | 5.96it/s skip=0 (132.5m)\n"}
,{"stream_name":"stdout","time":8071.648460217,"data":"[02:12:47] it 43500 loss=7.808 mel=1.791 durs=0.244 pitch=0.480 ctc=3.852 bin=0.943 score=0.281 fmatch=0.025 d=0.248 lr=1.000e-04 | 5.95it/s skip=0 (132.6m)\n"}
,{"stream_name":"stdout","time":8076.104303973,"data":"[02:12:51] it 43525 loss=8.916 mel=1.845 durs=0.352 pitch=0.567 ctc=4.520 bin=1.253 score=0.294 fmatch=0.027 d=0.235 lr=1.000e-04 | 5.92it/s skip=0 (132.7m)\n"}
,{"stream_name":"stdout","time":8080.31415776,"data":"[02:12:55] it 43550 loss=8.205 mel=1.791 durs=0.272 pitch=0.487 ctc=4.125 bin=1.021 score=0.291 fmatch=0.027 d=0.233 lr=1.000e-04 | 5.96it/s skip=0 (132.8m)\n"}
,{"stream_name":"stdout","time":8084.65945448,"data":"[02:13:00] it 43575 loss=8.292 mel=1.853 durs=0.285 pitch=0.575 ctc=4.163 bin=1.074 score=0.273 fmatch=0.026 d=0.231 lr=1.000e-04 | 5.92it/s skip=0 (132.8m)\n"}
,{"stream_name":"stdout","time":8088.954380788,"data":"[02:13:04] it 43600 loss=8.461 mel=1.739 durs=0.296 pitch=0.503 ctc=4.386 bin=1.174 score=0.265 fmatch=0.021 d=0.236 lr=1.000e-04 | 5.92it/s skip=0 (132.9m)\n"}
,{"stream_name":"stdout","time":8093.165766672,"data":"[02:13:08] it 43625 loss=9.304 mel=2.220 durs=0.349 pitch=0.543 ctc=4.606 bin=1.282 score=0.271 fmatch=0.025 d=0.232 lr=1.000e-04 | 5.96it/s skip=0 (133.0m)\n"}
,{"stream_name":"stdout","time":8097.435476328,"data":"[02:13:13] it 43650 loss=8.859 mel=1.962 durs=0.332 pitch=0.504 ctc=4.439 bin=1.254 score=0.274 fmatch=0.024 d=0.237 lr=1.000e-04 | 5.96it/s skip=0 (133.0m)\n"}
,{"stream_name":"stdout","time":8101.649854926,"data":"[02:13:17] it 43675 loss=9.031 mel=2.069 durs=0.340 pitch=0.511 ctc=4.693 bin=1.216 score=0.236 fmatch=0.026 d=0.237 lr=1.000e-04 | 5.98it/s skip=0 (133.1m)\n"}
,{"stream_name":"stdout","time":8105.874152279,"data":"[02:13:21] it 43700 loss=8.698 mel=1.858 durs=0.304 pitch=0.553 ctc=4.292 bin=1.185 score=0.312 fmatch=0.029 d=0.233 lr=1.000e-04 | 6.00it/s skip=0 (133.2m)\n"}
,{"stream_name":"stdout","time":8110.112931632,"data":"[02:13:25] it 43725 loss=8.096 mel=1.596 durs=0.279 pitch=0.524 ctc=4.164 bin=1.118 score=0.279 fmatch=0.024 d=0.245 lr=1.000e-04 | 6.00it/s skip=0 (133.3m)\n"}
,{"stream_name":"stdout","time":8114.391441449,"data":"[02:13:30] it 43750 loss=8.829 mel=2.070 durs=0.371 pitch=0.520 ctc=4.365 bin=1.231 score=0.263 fmatch=0.024 d=0.231 lr=1.000e-04 | 5.98it/s skip=0 (133.3m)\n"}
,{"stream_name":"stdout","time":8118.727363781,"data":"[02:13:34] it 43775 loss=8.105 mel=1.649 durs=0.279 pitch=0.352 ctc=4.222 bin=1.107 score=0.260 fmatch=0.023 d=0.245 lr=1.000e-04 | 5.94it/s skip=0 (133.4m)\n"}
,{"stream_name":"stdout","time":8123.05872814,"data":"[02:13:38] it 43800 loss=8.338 mel=1.641 durs=0.283 pitch=0.397 ctc=4.441 bin=1.102 score=0.266 fmatch=0.020 d=0.247 lr=1.000e-04 | 5.91it/s skip=0 (133.5m)\n"}
,{"stream_name":"stdout","time":8127.282477974,"data":"[02:13:42] it 43825 loss=7.350 mel=1.432 durs=0.220 pitch=0.488 ctc=3.888 bin=0.936 score=0.251 fmatch=0.020 d=0.246 lr=1.000e-04 | 5.96it/s skip=0 (133.5m)\n"}
,{"stream_name":"stdout","time":8131.557789562,"data":"[02:13:47] it 43850 loss=8.938 mel=1.937 durs=0.344 pitch=0.557 ctc=4.503 bin=1.223 score=0.291 fmatch=0.023 d=0.245 lr=1.000e-04 | 5.95it/s skip=0 (133.6m)\n"}
,{"stream_name":"stdout","time":8135.799198699,"data":"[02:13:51] it 43875 loss=7.870 mel=1.561 durs=0.273 pitch=0.508 ctc=4.226 bin=0.985 score=0.249 fmatch=0.022 d=0.237 lr=1.000e-04 | 5.98it/s skip=0 (133.7m)\n"}
,{"stream_name":"stdout","time":8140.106306596,"data":"[02:13:55] it 43900 loss=8.424 mel=1.805 durs=0.275 pitch=0.473 ctc=4.302 bin=1.060 score=0.289 fmatch=0.028 d=0.231 lr=1.000e-04 | 5.95it/s skip=0 (133.8m)\n"}
,{"stream_name":"stdout","time":8144.379165048,"data":"[02:14:00] it 43925 loss=8.075 mel=1.687 durs=0.283 pitch=0.536 ctc=4.063 bin=1.039 score=0.295 fmatch=0.025 d=0.238 lr=1.000e-04 | 5.95it/s skip=0 (133.8m)\n"}
,{"stream_name":"stdout","time":8148.629234215,"data":"[02:14:04] it 43950 loss=8.024 mel=1.760 durs=0.304 pitch=0.500 ctc=4.035 bin=1.069 score=0.264 fmatch=0.023 d=0.236 lr=1.000e-04 | 5.96it/s skip=0 (133.9m)\n"}
,{"stream_name":"stdout","time":8152.981891805,"data":"[02:14:08] it 43975 loss=8.832 mel=1.864 durs=0.325 pitch=0.657 ctc=4.528 bin=1.230 score=0.272 fmatch=0.021 d=0.240 lr=1.000e-04 | 5.91it/s skip=0 (134.0m)\n"}
,{"stream_name":"stdout","time":8157.228316231,"data":"[02:14:12] it 44000 loss=8.469 mel=1.803 durs=0.281 pitch=0.511 ctc=4.422 bin=1.084 score=0.265 fmatch=0.020 d=0.244 lr=1.000e-04 | 5.93it/s skip=0 (134.0m)\n"}
,{"stream_name":"stdout","time":8157.786205876,"data":"[02:14:13] [train] probes saved at iter 44000\n"}
,{"stream_name":"stdout","time":8170.239760136,"data":"[02:14:25] [val] it 44000 loss=7.305 mel=1.821 durs=0.289 pitch=0.502 ctc=4.279 (12.5s)\n"}
,{"stream_name":"stdout","time":8174.490978894,"data":"[02:14:30] it 44025 loss=7.871 mel=1.648 durs=0.279 pitch=0.542 ctc=4.109 bin=1.073 score=0.233 fmatch=0.027 d=0.247 lr=1.000e-04 | 5.96it/s skip=0 (134.3m)\n"}
,{"stream_name":"stdout","time":8178.687526925,"data":"[02:14:34] it 44050 loss=8.822 mel=2.151 durs=0.340 pitch=0.633 ctc=4.234 bin=1.197 score=0.280 fmatch=0.024 d=0.240 lr=1.000e-04 | 6.00it/s skip=0 (134.4m)\n"}
,{"stream_name":"stdout","time":8182.94687154,"data":"[02:14:38] it 44075 loss=8.276 mel=1.814 durs=0.282 pitch=0.475 ctc=4.203 bin=1.060 score=0.276 fmatch=0.021 d=0.249 lr=1.000e-04 | 5.99it/s skip=0 (134.5m)\n"}
,{"stream_name":"stdout","time":8187.143430948,"data":"[02:14:42] it 44100 loss=8.477 mel=1.982 durs=0.287 pitch=0.437 ctc=4.303 bin=1.169 score=0.231 fmatch=0.027 d=0.241 lr=1.000e-04 | 6.01it/s skip=0 (134.5m)\n"}
,{"stream_name":"stdout","time":8191.397125184,"data":"[02:14:47] it 44125 loss=8.441 mel=1.844 durs=0.307 pitch=0.654 ctc=4.353 bin=1.172 score=0.238 fmatch=0.025 d=0.241 lr=1.000e-04 | 6.00it/s skip=0 (134.6m)\n"}
,{"stream_name":"stdout","time":8195.659144817,"data":"[02:14:51] it 44150 loss=9.002 mel=1.943 durs=0.343 pitch=0.549 ctc=4.742 bin=1.244 score=0.239 fmatch=0.027 d=0.232 lr=1.000e-04 | 5.98it/s skip=0 (134.7m)\n"}
,{"stream_name":"stdout","time":8199.958535049,"data":"[02:14:55] it 44175 loss=7.788 mel=1.589 durs=0.272 pitch=0.535 ctc=3.956 bin=0.978 score=0.290 fmatch=0.022 d=0.235 lr=1.000e-04 | 5.95it/s skip=0 (134.8m)\n"}
,{"stream_name":"stdout","time":8204.229291675,"data":"[02:14:59] it 44200 loss=8.301 mel=1.782 durs=0.243 pitch=0.519 ctc=4.255 bin=1.062 score=0.276 fmatch=0.022 d=0.245 lr=1.000e-04 | 5.96it/s skip=0 (134.8m)\n"}
,{"stream_name":"stdout","time":8208.524227296,"data":"[02:15:04] it 44225 loss=8.621 mel=1.733 durs=0.303 pitch=0.519 ctc=4.297 bin=1.173 score=0.327 fmatch=0.030 d=0.242 lr=1.000e-04 | 5.95it/s skip=0 (134.9m)\n"}
,{"stream_name":"stdout","time":8212.816992636,"data":"[02:15:08] it 44250 loss=8.402 mel=1.695 durs=0.272 pitch=0.489 ctc=4.298 bin=1.100 score=0.303 fmatch=0.024 d=0.242 lr=1.000e-04 | 5.94it/s skip=0 (135.0m)\n"}
,{"stream_name":"stdout","time":8217.189518338,"data":"[02:15:12] it 44275 loss=8.110 mel=1.635 durs=0.256 pitch=0.496 ctc=4.007 bin=1.020 score=0.335 fmatch=0.032 d=0.256 lr=1.000e-04 | 5.89it/s skip=0 (135.0m)\n"}
,{"stream_name":"stdout","time":8221.534009113,"data":"[02:15:17] it 44300 loss=8.241 mel=1.881 durs=0.281 pitch=0.571 ctc=4.169 bin=1.047 score=0.259 fmatch=0.023 d=0.231 lr=1.000e-04 | 5.88it/s skip=0 (135.1m)\n"}
,{"stream_name":"stdout","time":8225.789549812,"data":"[02:15:21] it 44325 loss=7.874 mel=1.663 durs=0.270 pitch=0.490 ctc=4.026 bin=0.985 score=0.276 fmatch=0.023 d=0.239 lr=1.000e-04 | 5.91it/s skip=0 (135.2m)\n"}
,{"stream_name":"stdout","time":8230.024803123,"data":"[02:15:25] it 44350 loss=8.467 mel=1.942 durs=0.288 pitch=0.468 ctc=4.299 bin=1.134 score=0.249 fmatch=0.021 d=0.241 lr=1.000e-04 | 5.94it/s skip=0 (135.3m)\n"}
,{"stream_name":"stdout","time":8234.249803112,"data":"[02:15:29] it 44375 loss=8.089 mel=1.787 durs=0.265 pitch=0.614 ctc=3.996 bin=1.047 score=0.287 fmatch=0.022 d=0.244 lr=1.000e-04 | 5.96it/s skip=0 (135.3m)\n"}
,{"stream_name":"stdout","time":8239.78150318,"data":"[02:15:35] it 44400 loss=7.921 mel=1.713 durs=0.282 pitch=0.468 ctc=4.020 bin=1.075 score=0.254 fmatch=0.022 d=0.251 lr=1.000e-04 | 5.89it/s skip=0 (135.4m)\n"}
,{"stream_name":"stdout","time":8244.082485818,"data":"[02:15:39] it 44425 loss=8.964 mel=1.915 durs=0.334 pitch=0.542 ctc=4.591 bin=1.324 score=0.256 fmatch=0.024 d=0.229 lr=1.000e-04 | 5.90it/s skip=0 (135.5m)\n"}
,{"stream_name":"stdout","time":8248.42426747,"data":"[02:15:44] it 44450 loss=8.060 mel=1.792 durs=0.276 pitch=0.526 ctc=4.020 bin=1.007 score=0.284 fmatch=0.023 d=0.239 lr=1.000e-04 | 5.89it/s skip=0 (135.6m)\n"}
,{"stream_name":"stdout","time":8252.708556834,"data":"[02:15:48] it 44475 loss=8.450 mel=1.860 durs=0.281 pitch=0.441 ctc=4.146 bin=1.085 score=0.314 fmatch=0.029 d=0.240 lr=1.000e-04 | 5.90it/s skip=0 (135.6m)\n"}
,{"stream_name":"stdout","time":8257.055351169,"data":"[02:15:52] it 44500 loss=8.109 mel=1.604 durs=0.271 pitch=0.469 ctc=4.274 bin=1.024 score=0.277 fmatch=0.023 d=0.239 lr=1.000e-04 | 5.88it/s skip=0 (135.7m)\n"}
,{"stream_name":"stdout","time":8261.476801493,"data":"[02:15:57] it 44525 loss=8.544 mel=1.710 durs=0.284 pitch=0.550 ctc=4.411 bin=1.068 score=0.311 fmatch=0.029 d=0.255 lr=1.000e-04 | 5.90it/s skip=0 (135.8m)\n"}
,{"stream_name":"stdout","time":8265.833588727,"data":"[02:16:01] it 44550 loss=8.454 mel=1.820 durs=0.311 pitch=0.401 ctc=4.189 bin=1.121 score=0.306 fmatch=0.028 d=0.251 lr=1.000e-04 | 5.92it/s skip=0 (135.9m)\n"}
,{"stream_name":"stdout","time":8270.074734426,"data":"[02:16:05] it 44575 loss=8.870 mel=1.913 durs=0.326 pitch=0.494 ctc=4.533 bin=1.208 score=0.278 fmatch=0.023 d=0.241 lr=1.000e-04 | 5.94it/s skip=0 (135.9m)\n"}
,{"stream_name":"stdout","time":8274.349587622,"data":"[02:16:09] it 44600 loss=7.975 mel=1.654 durs=0.256 pitch=0.412 ctc=4.112 bin=1.013 score=0.277 fmatch=0.021 d=0.239 lr=1.000e-04 | 5.94it/s skip=0 (136.0m)\n"}
,{"stream_name":"stdout","time":8278.623107264,"data":"[02:16:14] it 44625 loss=8.590 mel=1.711 durs=0.324 pitch=0.467 ctc=4.364 bin=1.129 score=0.320 fmatch=0.029 d=0.238 lr=1.000e-04 | 5.95it/s skip=0 (136.1m)\n"}
,{"stream_name":"stdout","time":8282.86333513,"data":"[02:16:18] it 44650 loss=8.494 mel=1.629 durs=0.260 pitch=0.397 ctc=4.347 bin=1.152 score=0.318 fmatch=0.027 d=0.242 lr=1.000e-04 | 5.97it/s skip=0 (136.1m)\n"}
,{"stream_name":"stdout","time":8287.063242849,"data":"[02:16:22] it 44675 loss=8.640 mel=1.847 durs=0.296 pitch=0.505 ctc=4.255 bin=1.156 score=0.318 fmatch=0.029 d=0.250 lr=1.000e-04 | 6.00it/s skip=0 (136.2m)\n"}
,{"stream_name":"stdout","time":8291.429204955,"data":"[02:16:27] it 44700 loss=8.826 mel=1.986 durs=0.309 pitch=0.409 ctc=4.369 bin=1.184 score=0.297 fmatch=0.028 d=0.240 lr=1.000e-04 | 5.93it/s skip=0 (136.3m)\n"}
,{"stream_name":"stdout","time":8295.815054115,"data":"[02:16:31] it 44725 loss=8.051 mel=1.724 durs=0.262 pitch=0.442 ctc=3.959 bin=0.938 score=0.332 fmatch=0.032 d=0.251 lr=1.000e-04 | 5.88it/s skip=0 (136.4m)\n"}
,{"stream_name":"stdout","time":8300.035716853,"data":"[02:16:35] it 44750 loss=8.067 mel=1.678 durs=0.278 pitch=0.435 ctc=4.149 bin=1.060 score=0.272 fmatch=0.021 d=0.240 lr=1.000e-04 | 5.93it/s skip=0 (136.4m)\n"}
,{"stream_name":"stdout","time":8304.281364487,"data":"[02:16:39] it 44775 loss=8.413 mel=1.766 durs=0.274 pitch=0.485 ctc=4.209 bin=1.154 score=0.296 fmatch=0.025 d=0.236 lr=1.000e-04 | 5.95it/s skip=0 (136.5m)\n"}
,{"stream_name":"stdout","time":8308.574576556,"data":"[02:16:44] it 44800 loss=8.955 mel=2.055 durs=0.349 pitch=0.567 ctc=4.609 bin=1.248 score=0.232 fmatch=0.025 d=0.229 lr=1.000e-04 | 5.95it/s skip=0 (136.6m)\n"}
,{"stream_name":"stdout","time":8312.915952464,"data":"[02:16:48] it 44825 loss=8.456 mel=1.902 durs=0.304 pitch=0.470 ctc=4.302 bin=1.124 score=0.257 fmatch=0.022 d=0.238 lr=1.000e-04 | 5.91it/s skip=0 (136.6m)\n"}
,{"stream_name":"stdout","time":8317.217916103,"data":"[02:16:52] it 44850 loss=7.998 mel=1.666 durs=0.268 pitch=0.383 ctc=4.162 bin=1.016 score=0.267 fmatch=0.021 d=0.248 lr=1.000e-04 | 5.90it/s skip=0 (136.7m)\n"}
,{"stream_name":"stdout","time":8321.606087696,"data":"[02:16:57] it 44875 loss=8.222 mel=2.025 durs=0.309 pitch=0.654 ctc=4.080 bin=1.092 score=0.226 fmatch=0.026 d=0.237 lr=1.000e-04 | 5.85it/s skip=0 (136.8m)\n"}
,{"stream_name":"stdout","time":8325.861104339,"data":"[02:17:01] it 44900 loss=8.160 mel=1.971 durs=0.260 pitch=0.500 ctc=4.027 bin=1.015 score=0.262 fmatch=0.023 d=0.237 lr=1.000e-04 | 5.91it/s skip=0 (136.9m)\n"}
,{"stream_name":"stdout","time":8330.144738769,"data":"[02:17:05] it 44925 loss=9.140 mel=1.853 durs=0.324 pitch=0.557 ctc=4.728 bin=1.216 score=0.307 fmatch=0.028 d=0.238 lr=1.000e-04 | 5.91it/s skip=0 (136.9m)\n"}
,{"stream_name":"stdout","time":8334.435169136,"data":"[02:17:10] it 44950 loss=8.392 mel=1.763 durs=0.297 pitch=0.516 ctc=4.340 bin=1.075 score=0.277 fmatch=0.024 d=0.233 lr=1.000e-04 | 5.92it/s skip=0 (137.0m)\n"}
,{"stream_name":"stdout","time":8338.6714578,"data":"[02:17:14] it 44975 loss=8.290 mel=1.774 durs=0.284 pitch=0.391 ctc=4.187 bin=1.047 score=0.297 fmatch=0.025 d=0.242 lr=1.000e-04 | 5.95it/s skip=0 (137.1m)\n"}
,{"stream_name":"stdout","time":8342.954502115,"data":"[02:17:18] it 45000 loss=9.066 mel=1.995 durs=0.339 pitch=0.521 ctc=4.632 bin=1.230 score=0.275 fmatch=0.023 d=0.237 lr=1.000e-04 | 5.94it/s skip=0 (137.1m)\n"}
,{"stream_name":"stdout","time":8347.545815393,"data":"[02:17:23] it 45025 loss=8.011 mel=1.576 durs=0.257 pitch=0.568 ctc=4.226 bin=0.983 score=0.281 fmatch=0.021 d=0.243 lr=1.000e-04 | 5.95it/s skip=0 (137.2m)\n"}
,{"stream_name":"stdout","time":8351.770949533,"data":"[02:17:27] it 45050 loss=8.091 mel=1.588 durs=0.290 pitch=0.595 ctc=4.137 bin=1.060 score=0.298 fmatch=0.027 d=0.245 lr=1.000e-04 | 5.98it/s skip=0 (137.3m)\n"}
,{"stream_name":"stdout","time":8356.012472246,"data":"[02:17:31] it 45075 loss=7.743 mel=1.737 durs=0.240 pitch=0.369 ctc=3.975 bin=0.960 score=0.247 fmatch=0.022 d=0.242 lr=1.000e-04 | 5.99it/s skip=0 (137.4m)\n"}
,{"stream_name":"stdout","time":8360.303426523,"data":"[02:17:35] it 45100 loss=7.902 mel=1.624 durs=0.258 pitch=0.496 ctc=3.932 bin=0.989 score=0.313 fmatch=0.028 d=0.255 lr=1.000e-04 | 5.97it/s skip=0 (137.4m)\n"}
,{"stream_name":"stdout","time":8364.57932606,"data":"[02:17:40] it 45125 loss=7.902 mel=1.736 durs=0.251 pitch=0.577 ctc=4.099 bin=0.978 score=0.246 fmatch=0.020 d=0.239 lr=1.000e-04 | 5.96it/s skip=0 (137.5m)\n"}
,{"stream_name":"stdout","time":8368.838689571,"data":"[02:17:44] it 45150 loss=8.669 mel=2.012 durs=0.277 pitch=0.516 ctc=4.240 bin=1.121 score=0.298 fmatch=0.025 d=0.244 lr=1.000e-04 | 5.98it/s skip=0 (137.6m)\n"}
,{"stream_name":"stdout","time":8373.115234993,"data":"[02:17:48] it 45175 loss=8.696 mel=1.872 durs=0.316 pitch=0.551 ctc=4.500 bin=1.192 score=0.255 fmatch=0.024 d=0.229 lr=1.000e-04 | 5.96it/s skip=0 (137.6m)\n"}
,{"stream_name":"stdout","time":8377.403410536,"data":"[02:17:53] it 45200 loss=8.757 mel=1.812 durs=0.313 pitch=0.340 ctc=4.460 bin=1.108 score=0.320 fmatch=0.031 d=0.244 lr=1.000e-04 | 5.95it/s skip=0 (137.7m)\n"}
,{"stream_name":"stdout","time":8381.637465996,"data":"[02:17:57] it 45225 loss=8.152 mel=1.862 durs=0.277 pitch=0.540 ctc=4.009 bin=1.054 score=0.280 fmatch=0.023 d=0.247 lr=1.000e-04 | 5.97it/s skip=0 (137.8m)\n"}
,{"stream_name":"stdout","time":8385.92312313,"data":"[02:18:01] it 45250 loss=8.768 mel=2.005 durs=0.323 pitch=0.530 ctc=4.571 bin=1.183 score=0.224 fmatch=0.027 d=0.240 lr=1.000e-04 | 5.96it/s skip=0 (137.9m)\n"}
,{"stream_name":"stdout","time":8390.193429774,"data":"[02:18:05] it 45275 loss=8.535 mel=1.679 durs=0.291 pitch=0.614 ctc=4.423 bin=1.062 score=0.313 fmatch=0.029 d=0.232 lr=1.000e-04 | 5.96it/s skip=0 (137.9m)\n"}
,{"stream_name":"stdout","time":8394.483121375,"data":"[02:18:10] it 45300 loss=8.570 mel=1.849 durs=0.332 pitch=0.484 ctc=4.358 bin=1.181 score=0.270 fmatch=0.023 d=0.230 lr=1.000e-04 | 5.95it/s skip=0 (138.0m)\n"}
,{"stream_name":"stdout","time":8398.757893652,"data":"[02:18:14] it 45325 loss=7.926 mel=1.621 durs=0.262 pitch=0.391 ctc=4.023 bin=1.003 score=0.298 fmatch=0.023 d=0.246 lr=1.000e-04 | 5.95it/s skip=0 (138.1m)\n"}
,{"stream_name":"stdout","time":8403.004591517,"data":"[02:18:18] it 45350 loss=8.631 mel=1.891 durs=0.257 pitch=0.468 ctc=4.296 bin=1.088 score=0.313 fmatch=0.033 d=0.225 lr=1.000e-04 | 5.97it/s skip=0 (138.1m)\n"}
,{"stream_name":"stdout","time":8407.124197679,"data":"[02:18:22] it 45375 loss=8.186 mel=1.570 durs=0.259 pitch=0.421 ctc=4.368 bin=1.057 score=0.275 fmatch=0.021 d=0.242 lr=1.000e-04 | 6.04it/s skip=0 (138.2m)\n"}
,{"stream_name":"stdout","time":8411.425730421,"data":"[02:18:27] it 45400 loss=7.595 mel=1.548 durs=0.239 pitch=0.366 ctc=3.827 bin=0.870 score=0.316 fmatch=0.027 d=0.246 lr=1.000e-04 | 5.99it/s skip=0 (138.3m)\n"}
,{"stream_name":"stdout","time":8415.800464349,"data":"[02:18:31] it 45425 loss=8.404 mel=1.710 durs=0.253 pitch=0.450 ctc=4.340 bin=1.071 score=0.297 fmatch=0.026 d=0.235 lr=1.000e-04 | 5.93it/s skip=0 (138.4m)\n"}
,{"stream_name":"stdout","time":8420.006051987,"data":"[02:18:35] it 45450 loss=7.825 mel=1.658 durs=0.251 pitch=0.478 ctc=4.042 bin=0.984 score=0.262 fmatch=0.022 d=0.238 lr=1.000e-04 | 5.98it/s skip=0 (138.4m)\n"}
,{"stream_name":"stdout","time":8424.369548737,"data":"[02:18:40] it 45475 loss=8.581 mel=1.707 durs=0.296 pitch=0.724 ctc=4.585 bin=1.157 score=0.252 fmatch=0.021 d=0.236 lr=1.000e-04 | 5.91it/s skip=0 (138.5m)\n"}
,{"stream_name":"stdout","time":8428.563100271,"data":"[02:18:44] it 45500 loss=8.548 mel=1.897 durs=0.324 pitch=0.385 ctc=4.411 bin=1.157 score=0.247 fmatch=0.023 d=0.238 lr=1.000e-04 | 5.97it/s skip=0 (138.6m)\n"}
,{"stream_name":"stdout","time":8432.953998826,"data":"[02:18:48] it 45525 loss=8.316 mel=1.938 durs=0.319 pitch=0.533 ctc=4.103 bin=1.013 score=0.288 fmatch=0.027 d=0.236 lr=1.000e-04 | 5.97it/s skip=0 (138.6m)\n"}
,{"stream_name":"stdout","time":8437.274694831,"data":"[02:18:52] it 45550 loss=8.311 mel=1.881 durs=0.292 pitch=0.515 ctc=4.222 bin=1.075 score=0.258 fmatch=0.022 d=0.240 lr=1.000e-04 | 5.94it/s skip=0 (138.7m)\n"}
,{"stream_name":"stdout","time":8441.540724624,"data":"[02:18:57] it 45575 loss=8.802 mel=2.090 durs=0.329 pitch=0.408 ctc=4.384 bin=1.249 score=0.245 fmatch=0.024 d=0.232 lr=1.000e-04 | 5.95it/s skip=0 (138.8m)\n"}
,{"stream_name":"stdout","time":8445.794806739,"data":"[02:19:01] it 45600 loss=9.098 mel=2.250 durs=0.344 pitch=0.458 ctc=4.443 bin=1.274 score=0.257 fmatch=0.023 d=0.245 lr=1.000e-04 | 5.94it/s skip=0 (138.9m)\n"}
,{"stream_name":"stdout","time":8450.10456542,"data":"[02:19:05] it 45625 loss=8.588 mel=1.800 durs=0.319 pitch=0.626 ctc=4.526 bin=1.158 score=0.246 fmatch=0.025 d=0.237 lr=1.000e-04 | 5.94it/s skip=0 (138.9m)\n"}
,{"stream_name":"stdout","time":8454.440770434,"data":"[02:19:10] it 45650 loss=8.012 mel=1.705 durs=0.282 pitch=0.575 ctc=4.193 bin=1.039 score=0.241 fmatch=0.026 d=0.241 lr=1.000e-04 | 5.91it/s skip=0 (139.0m)\n"}
,{"stream_name":"stdout","time":8458.752712394,"data":"[02:19:14] it 45675 loss=9.350 mel=2.139 durs=0.361 pitch=0.767 ctc=4.637 bin=1.364 score=0.268 fmatch=0.024 d=0.234 lr=1.000e-04 | 5.90it/s skip=0 (139.1m)\n"}
,{"stream_name":"stdout","time":8463.034556252,"data":"[02:19:18] it 45700 loss=9.207 mel=2.220 durs=0.366 pitch=0.549 ctc=4.556 bin=1.280 score=0.259 fmatch=0.023 d=0.232 lr=1.000e-04 | 5.91it/s skip=0 (139.1m)\n"}
,{"stream_name":"stdout","time":8467.34892867,"data":"[02:19:22] it 45725 loss=8.821 mel=1.973 durs=0.288 pitch=0.412 ctc=4.546 bin=1.148 score=0.265 fmatch=0.022 d=0.250 lr=1.000e-04 | 5.91it/s skip=0 (139.2m)\n"}
,{"stream_name":"stdout","time":8471.65728136,"data":"[02:19:27] it 45750 loss=8.141 mel=1.952 durs=0.289 pitch=0.454 ctc=4.260 bin=1.023 score=0.201 fmatch=0.029 d=0.235 lr=1.000e-04 | 5.90it/s skip=0 (139.3m)\n"}
,{"stream_name":"stdout","time":8475.944501886,"data":"[02:19:31] it 45775 loss=8.362 mel=1.717 durs=0.320 pitch=0.446 ctc=4.347 bin=1.133 score=0.267 fmatch=0.021 d=0.238 lr=1.000e-04 | 5.91it/s skip=0 (139.4m)\n"}
,{"stream_name":"stdout","time":8480.402767346,"data":"[02:19:36] it 45800 loss=8.458 mel=1.841 durs=0.283 pitch=0.682 ctc=4.204 bin=1.084 score=0.302 fmatch=0.025 d=0.249 lr=1.000e-04 | 5.88it/s skip=0 (139.4m)\n"}
,{"stream_name":"stdout","time":8484.621433599,"data":"[02:19:40] it 45825 loss=8.318 mel=1.810 durs=0.300 pitch=0.510 ctc=4.184 bin=1.144 score=0.270 fmatch=0.021 d=0.234 lr=1.000e-04 | 5.94it/s skip=0 (139.5m)\n"}
,{"stream_name":"stdout","time":8489.06255482,"data":"[02:19:44] it 45850 loss=8.806 mel=1.945 durs=0.353 pitch=0.465 ctc=4.507 bin=1.214 score=0.259 fmatch=0.022 d=0.231 lr=1.000e-04 | 5.90it/s skip=0 (139.6m)\n"}
,{"stream_name":"stdout","time":8493.374774402,"data":"[02:19:49] it 45875 loss=8.297 mel=1.651 durs=0.284 pitch=0.532 ctc=4.325 bin=1.114 score=0.276 fmatch=0.022 d=0.237 lr=1.000e-04 | 5.90it/s skip=0 (139.6m)\n"}
,{"stream_name":"stdout","time":8497.641052003,"data":"[02:19:53] it 45900 loss=7.896 mel=1.653 durs=0.257 pitch=0.582 ctc=4.010 bin=0.995 score=0.283 fmatch=0.023 d=0.237 lr=1.000e-04 | 5.93it/s skip=0 (139.7m)\n"}
,{"stream_name":"stdout","time":8501.964172141,"data":"[02:19:57] it 45925 loss=7.741 mel=1.525 durs=0.267 pitch=0.399 ctc=4.107 bin=0.973 score=0.262 fmatch=0.022 d=0.245 lr=1.000e-04 | 5.91it/s skip=0 (139.8m)\n"}
,{"stream_name":"stdout","time":8506.280466792,"data":"[02:20:01] it 45950 loss=8.001 mel=1.743 durs=0.295 pitch=0.490 ctc=4.086 bin=1.048 score=0.256 fmatch=0.021 d=0.235 lr=1.000e-04 | 5.91it/s skip=0 (139.9m)\n"}
,{"stream_name":"stdout","time":8510.55918227,"data":"[02:20:06] it 45975 loss=7.957 mel=1.589 durs=0.261 pitch=0.550 ctc=4.248 bin=1.075 score=0.235 fmatch=0.022 d=0.243 lr=1.000e-04 | 5.92it/s skip=0 (139.9m)\n"}
,{"stream_name":"stdout","time":8514.891401521,"data":"[02:20:10] it 46000 loss=7.887 mel=1.615 durs=0.278 pitch=0.433 ctc=4.154 bin=1.100 score=0.230 fmatch=0.027 d=0.251 lr=1.000e-04 | 5.91it/s skip=0 (140.0m)\n"}
,{"stream_name":"stdout","time":8515.400988245,"data":"[02:20:11] [train] probes saved at iter 46000\n"}
,{"stream_name":"stdout","time":8527.781907362,"data":"[02:20:23] [val] it 46000 loss=7.313 mel=1.846 durs=0.288 pitch=0.502 ctc=4.274 (12.4s)\n"}
,{"stream_name":"stdout","time":8532.057301202,"data":"[02:20:27] it 46025 loss=9.215 mel=2.025 durs=0.357 pitch=0.674 ctc=4.636 bin=1.294 score=0.283 fmatch=0.025 d=0.232 lr=1.000e-04 | 5.93it/s skip=0 (140.3m)\n"}
,{"stream_name":"stdout","time":8536.289183046,"data":"[02:20:31] it 46050 loss=7.894 mel=1.523 durs=0.247 pitch=0.502 ctc=4.084 bin=0.937 score=0.312 fmatch=0.027 d=0.246 lr=1.000e-04 | 5.97it/s skip=0 (140.4m)\n"}
,{"stream_name":"stdout","time":8540.532476994,"data":"[02:20:36] it 46075 loss=8.528 mel=1.922 durs=0.292 pitch=0.556 ctc=4.155 bin=1.130 score=0.302 fmatch=0.028 d=0.240 lr=1.000e-04 | 5.97it/s skip=0 (140.4m)\n"}
,{"stream_name":"stdout","time":8544.915293522,"data":"[02:20:40] it 46100 loss=7.858 mel=1.511 durs=0.269 pitch=0.471 ctc=4.083 bin=1.044 score=0.281 fmatch=0.021 d=0.248 lr=1.000e-04 | 5.90it/s skip=0 (140.5m)\n"}
,{"stream_name":"stdout","time":8549.136143557,"data":"[02:20:44] it 46125 loss=9.011 mel=1.915 durs=0.346 pitch=0.513 ctc=4.539 bin=1.260 score=0.296 fmatch=0.027 d=0.234 lr=1.000e-04 | 5.95it/s skip=0 (140.6m)\n"}
,{"stream_name":"stdout","time":8553.525720636,"data":"[02:20:49] it 46150 loss=7.913 mel=1.683 durs=0.273 pitch=0.479 ctc=4.201 bin=0.961 score=0.242 fmatch=0.023 d=0.232 lr=1.000e-04 | 5.89it/s skip=0 (140.6m)\n"}
,{"stream_name":"stdout","time":8557.882866885,"data":"[02:20:53] it 46175 loss=8.183 mel=1.804 durs=0.292 pitch=0.525 ctc=4.130 bin=1.089 score=0.263 fmatch=0.024 d=0.239 lr=1.000e-04 | 5.87it/s skip=0 (140.7m)\n"}
,{"stream_name":"stdout","time":8562.177806697,"data":"[02:20:57] it 46200 loss=8.309 mel=1.638 durs=0.264 pitch=0.656 ctc=4.242 bin=1.092 score=0.305 fmatch=0.026 d=0.240 lr=1.000e-04 | 5.89it/s skip=0 (140.8m)\n"}
,{"stream_name":"stdout","time":8566.380315555,"data":"[02:21:02] it 46225 loss=8.487 mel=1.859 durs=0.298 pitch=0.519 ctc=4.161 bin=1.085 score=0.318 fmatch=0.026 d=0.256 lr=1.000e-04 | 5.96it/s skip=0 (140.9m)\n"}
,{"stream_name":"stdout","time":8570.701846069,"data":"[02:21:06] it 46250 loss=7.786 mel=1.575 durs=0.252 pitch=0.471 ctc=4.101 bin=1.021 score=0.249 fmatch=0.020 d=0.243 lr=1.000e-04 | 5.93it/s skip=0 (140.9m)\n"}
,{"stream_name":"stdout","time":8574.992214895,"data":"[02:21:10] it 46275 loss=8.156 mel=1.607 durs=0.277 pitch=0.510 ctc=4.246 bin=1.109 score=0.274 fmatch=0.022 d=0.231 lr=1.000e-04 | 5.93it/s skip=0 (141.0m)\n"}
,{"stream_name":"stdout","time":8579.240297398,"data":"[02:21:14] it 46300 loss=8.248 mel=1.735 durs=0.306 pitch=0.441 ctc=4.313 bin=1.151 score=0.238 fmatch=0.024 d=0.233 lr=1.000e-04 | 5.95it/s skip=0 (141.1m)\n"}
,{"stream_name":"stdout","time":8583.544102421,"data":"[02:21:19] it 46325 loss=7.670 mel=1.595 durs=0.245 pitch=0.529 ctc=3.893 bin=0.977 score=0.277 fmatch=0.021 d=0.245 lr=1.000e-04 | 5.93it/s skip=0 (141.1m)\n"}
,{"stream_name":"stdout","time":8587.849553564,"data":"[02:21:23] it 46350 loss=8.568 mel=1.806 durs=0.288 pitch=0.690 ctc=4.338 bin=1.079 score=0.305 fmatch=0.028 d=0.240 lr=1.000e-04 | 5.91it/s skip=0 (141.2m)\n"}
,{"stream_name":"stdout","time":8592.036472895,"data":"[02:21:27] it 46375 loss=8.192 mel=1.695 durs=0.287 pitch=0.329 ctc=4.213 bin=1.116 score=0.272 fmatch=0.020 d=0.247 lr=1.000e-04 | 5.98it/s skip=0 (141.3m)\n"}
,{"stream_name":"stdout","time":8596.281601226,"data":"[02:21:31] it 46400 loss=8.444 mel=1.815 durs=0.299 pitch=0.521 ctc=4.305 bin=1.146 score=0.269 fmatch=0.020 d=0.235 lr=1.000e-04 | 5.98it/s skip=0 (141.4m)\n"}
,{"stream_name":"stdout","time":8600.453226939,"data":"[02:21:36] it 46425 loss=8.763 mel=1.893 durs=0.310 pitch=0.602 ctc=4.471 bin=1.156 score=0.282 fmatch=0.022 d=0.240 lr=1.000e-04 | 6.02it/s skip=0 (141.4m)\n"}
,{"stream_name":"stdout","time":8604.740117867,"data":"[02:21:40] it 46450 loss=8.077 mel=1.649 durs=0.269 pitch=0.527 ctc=4.153 bin=1.053 score=0.281 fmatch=0.021 d=0.245 lr=1.000e-04 | 5.99it/s skip=0 (141.5m)\n"}
,{"stream_name":"stdout","time":8609.066187726,"data":"[02:21:44] it 46475 loss=8.329 mel=1.635 durs=0.287 pitch=0.549 ctc=4.335 bin=1.063 score=0.296 fmatch=0.026 d=0.241 lr=1.000e-04 | 5.94it/s skip=0 (141.6m)\n"}
,{"stream_name":"stdout","time":8613.343077842,"data":"[02:21:48] it 46500 loss=7.732 mel=1.487 durs=0.240 pitch=0.654 ctc=4.087 bin=1.010 score=0.260 fmatch=0.020 d=0.249 lr=1.000e-04 | 5.95it/s skip=0 (141.6m)\n"}
,{"stream_name":"stdout","time":8617.707055418,"data":"[02:21:53] it 46525 loss=8.182 mel=1.796 durs=0.288 pitch=0.459 ctc=4.154 bin=1.065 score=0.267 fmatch=0.022 d=0.241 lr=1.000e-04 | 5.99it/s skip=0 (141.7m)\n"}
,{"stream_name":"stdout","time":8622.040262289,"data":"[02:21:57] it 46550 loss=8.140 mel=1.676 durs=0.264 pitch=0.444 ctc=4.003 bin=1.021 score=0.334 fmatch=0.032 d=0.253 lr=1.000e-04 | 5.94it/s skip=0 (141.8m)\n"}
,{"stream_name":"stdout","time":8626.304389019,"data":"[02:22:01] it 46575 loss=8.003 mel=1.746 durs=0.273 pitch=0.461 ctc=4.084 bin=1.032 score=0.261 fmatch=0.022 d=0.243 lr=1.000e-04 | 5.95it/s skip=0 (141.9m)\n"}
,{"stream_name":"stdout","time":8630.506105055,"data":"[02:22:06] it 46600 loss=8.382 mel=1.754 durs=0.295 pitch=0.578 ctc=4.252 bin=1.118 score=0.287 fmatch=0.022 d=0.249 lr=1.000e-04 | 5.99it/s skip=0 (141.9m)\n"}
,{"stream_name":"stdout","time":8634.772456966,"data":"[02:22:10] it 46625 loss=7.369 mel=1.542 durs=0.226 pitch=0.508 ctc=3.878 bin=0.866 score=0.247 fmatch=0.020 d=0.238 lr=1.000e-04 | 5.98it/s skip=0 (142.0m)\n"}
,{"stream_name":"stdout","time":8638.97993961,"data":"[02:22:14] it 46650 loss=8.631 mel=2.101 durs=0.329 pitch=0.508 ctc=4.191 bin=1.262 score=0.242 fmatch=0.023 d=0.239 lr=1.000e-04 | 6.00it/s skip=0 (142.1m)\n"}
,{"stream_name":"stdout","time":8643.33648888,"data":"[02:22:18] it 46675 loss=8.235 mel=1.811 durs=0.254 pitch=0.504 ctc=4.251 bin=1.108 score=0.242 fmatch=0.023 d=0.250 lr=1.000e-04 | 5.93it/s skip=0 (142.1m)\n"}
,{"stream_name":"stdout","time":8647.521603098,"data":"[02:22:23] it 46700 loss=8.206 mel=1.626 durs=0.281 pitch=0.599 ctc=4.263 bin=1.107 score=0.275 fmatch=0.020 d=0.254 lr=1.000e-04 | 5.99it/s skip=0 (142.2m)\n"}
,{"stream_name":"stdout","time":8651.771974934,"data":"[02:22:27] it 46725 loss=7.766 mel=1.467 durs=0.262 pitch=0.487 ctc=4.215 bin=0.989 score=0.250 fmatch=0.019 d=0.243 lr=1.000e-04 | 5.98it/s skip=0 (142.3m)\n"}
,{"stream_name":"stdout","time":8655.926317224,"data":"[02:22:31] it 46750 loss=9.206 mel=1.986 durs=0.315 pitch=0.611 ctc=4.704 bin=1.312 score=0.272 fmatch=0.024 d=0.243 lr=1.000e-04 | 6.03it/s skip=0 (142.4m)\n"}
,{"stream_name":"stdout","time":8660.153554457,"data":"[02:22:35] it 46775 loss=8.067 mel=1.803 durs=0.275 pitch=0.508 ctc=4.055 bin=1.022 score=0.272 fmatch=0.022 d=0.236 lr=1.000e-04 | 6.03it/s skip=0 (142.4m)\n"}
,{"stream_name":"stdout","time":8664.376711552,"data":"[02:22:40] it 46800 loss=8.874 mel=2.063 durs=0.347 pitch=0.443 ctc=4.437 bin=1.273 score=0.250 fmatch=0.023 d=0.233 lr=1.000e-04 | 6.02it/s skip=0 (142.5m)\n"}
,{"stream_name":"stdout","time":8668.676258568,"data":"[02:22:44] it 46825 loss=8.823 mel=1.958 durs=0.311 pitch=0.386 ctc=4.420 bin=1.246 score=0.276 fmatch=0.025 d=0.243 lr=1.000e-04 | 5.98it/s skip=0 (142.6m)\n"}
,{"stream_name":"stdout","time":8672.969180148,"data":"[02:22:48] it 46850 loss=8.366 mel=1.646 durs=0.305 pitch=0.509 ctc=4.403 bin=1.126 score=0.272 fmatch=0.022 d=0.233 lr=1.000e-04 | 5.95it/s skip=0 (142.6m)\n"}
,{"stream_name":"stdout","time":8678.094120364,"data":"[02:22:53] it 46875 loss=8.340 mel=1.799 durs=0.289 pitch=0.416 ctc=4.333 bin=1.127 score=0.247 fmatch=0.021 d=0.237 lr=1.000e-04 | 5.91it/s skip=0 (142.7m)\n"}
,{"stream_name":"stdout","time":8682.447509079,"data":"[02:22:58] it 46900 loss=9.234 mel=2.173 durs=0.358 pitch=0.551 ctc=4.551 bin=1.404 score=0.247 fmatch=0.025 d=0.239 lr=1.000e-04 | 5.89it/s skip=0 (142.8m)\n"}
,{"stream_name":"stdout","time":8686.707566904,"data":"[02:23:02] it 46925 loss=8.393 mel=1.774 durs=0.292 pitch=0.507 ctc=4.432 bin=1.034 score=0.263 fmatch=0.021 d=0.245 lr=1.000e-04 | 5.92it/s skip=0 (142.9m)\n"}
,{"stream_name":"stdout","time":8690.992628314,"data":"[02:23:06] it 46950 loss=8.695 mel=1.898 durs=0.303 pitch=0.553 ctc=4.271 bin=1.157 score=0.314 fmatch=0.029 d=0.239 lr=1.000e-04 | 5.92it/s skip=0 (142.9m)\n"}
,{"stream_name":"stdout","time":8695.362109067,"data":"[02:23:11] it 46975 loss=8.046 mel=1.688 durs=0.276 pitch=0.574 ctc=4.154 bin=1.045 score=0.263 fmatch=0.023 d=0.237 lr=1.000e-04 | 5.87it/s skip=0 (143.0m)\n"}
,{"stream_name":"stdout","time":8699.678568469,"data":"[02:23:15] it 47000 loss=8.981 mel=1.969 durs=0.335 pitch=0.692 ctc=4.511 bin=1.221 score=0.288 fmatch=0.026 d=0.237 lr=1.000e-04 | 5.87it/s skip=0 (143.1m)\n"}
,{"stream_name":"stdout","time":8704.216666067,"data":"[02:23:19] it 47025 loss=7.676 mel=1.560 durs=0.232 pitch=0.477 ctc=3.982 bin=0.967 score=0.269 fmatch=0.020 d=0.239 lr=1.000e-04 | 5.84it/s skip=0 (143.2m)\n"}
,{"stream_name":"stdout","time":8708.533787611,"data":"[02:23:24] it 47050 loss=8.171 mel=1.697 durs=0.293 pitch=0.441 ctc=4.160 bin=1.144 score=0.269 fmatch=0.019 d=0.250 lr=1.000e-04 | 5.86it/s skip=0 (143.2m)\n"}
,{"stream_name":"stdout","time":8712.792066288,"data":"[02:23:28] it 47075 loss=8.399 mel=1.695 durs=0.268 pitch=0.410 ctc=4.473 bin=1.138 score=0.250 fmatch=0.025 d=0.249 lr=1.000e-04 | 5.90it/s skip=0 (143.3m)\n"}
,{"stream_name":"stdout","time":8717.15327016,"data":"[02:23:32] it 47100 loss=9.170 mel=2.141 durs=0.359 pitch=0.418 ctc=4.471 bin=1.233 score=0.305 fmatch=0.027 d=0.233 lr=1.000e-04 | 5.88it/s skip=0 (143.4m)\n"}
,{"stream_name":"stdout","time":8721.374382822,"data":"[02:23:37] it 47125 loss=8.014 mel=1.800 durs=0.253 pitch=0.494 ctc=4.022 bin=1.041 score=0.264 fmatch=0.021 d=0.236 lr=1.000e-04 | 5.93it/s skip=0 (143.4m)\n"}
,{"stream_name":"stdout","time":8725.65478804,"data":"[02:23:41] it 47150 loss=7.975 mel=1.770 durs=0.277 pitch=0.609 ctc=4.107 bin=1.021 score=0.242 fmatch=0.022 d=0.249 lr=1.000e-04 | 5.93it/s skip=0 (143.5m)\n"}
,{"stream_name":"stdout","time":8729.892473733,"data":"[02:23:45] it 47175 loss=8.897 mel=1.869 durs=0.326 pitch=0.583 ctc=4.576 bin=1.212 score=0.281 fmatch=0.024 d=0.232 lr=1.000e-04 | 5.96it/s skip=0 (143.6m)\n"}
,{"stream_name":"stdout","time":8734.301715387,"data":"[02:23:49] it 47200 loss=8.473 mel=2.064 durs=0.349 pitch=0.792 ctc=4.239 bin=1.130 score=0.225 fmatch=0.025 d=0.228 lr=1.000e-04 | 5.88it/s skip=0 (143.7m)\n"}
,{"stream_name":"stdout","time":8738.614883773,"data":"[02:23:54] it 47225 loss=7.971 mel=1.630 durs=0.297 pitch=0.479 ctc=4.147 bin=1.059 score=0.258 fmatch=0.023 d=0.234 lr=1.000e-04 | 5.89it/s skip=0 (143.7m)\n"}
,{"stream_name":"stdout","time":8742.889898112,"data":"[02:23:58] it 47250 loss=8.450 mel=1.964 durs=0.268 pitch=0.366 ctc=4.289 bin=1.072 score=0.260 fmatch=0.021 d=0.244 lr=1.000e-04 | 5.91it/s skip=0 (143.8m)\n"}
,{"stream_name":"stdout","time":8747.230172569,"data":"[02:24:02] it 47275 loss=8.763 mel=1.978 durs=0.301 pitch=0.573 ctc=4.542 bin=1.123 score=0.252 fmatch=0.026 d=0.235 lr=1.000e-04 | 5.89it/s skip=0 (143.9m)\n"}
,{"stream_name":"stdout","time":8751.524091414,"data":"[02:24:07] it 47300 loss=8.059 mel=1.642 durs=0.273 pitch=0.552 ctc=4.064 bin=0.994 score=0.313 fmatch=0.026 d=0.254 lr=1.000e-04 | 5.89it/s skip=0 (143.9m)\n"}
,{"stream_name":"stdout","time":8755.864568027,"data":"[02:24:11] it 47325 loss=7.807 mel=1.655 durs=0.251 pitch=0.469 ctc=4.002 bin=0.948 score=0.277 fmatch=0.022 d=0.237 lr=1.000e-04 | 5.88it/s skip=0 (144.0m)\n"}
,{"stream_name":"stdout","time":8760.175560946,"data":"[02:24:15] it 47350 loss=8.577 mel=1.846 durs=0.310 pitch=0.386 ctc=4.484 bin=1.186 score=0.242 fmatch=0.023 d=0.240 lr=1.000e-04 | 5.89it/s skip=0 (144.1m)\n"}
,{"stream_name":"stdout","time":8764.444833281,"data":"[02:24:20] it 47375 loss=8.598 mel=1.982 durs=0.325 pitch=0.587 ctc=4.358 bin=1.207 score=0.234 fmatch=0.024 d=0.237 lr=1.000e-04 | 5.91it/s skip=0 (144.2m)\n"}
,{"stream_name":"stdout","time":8768.80129522,"data":"[02:24:24] it 47400 loss=7.839 mel=1.560 durs=0.244 pitch=0.446 ctc=4.086 bin=1.030 score=0.269 fmatch=0.019 d=0.245 lr=1.000e-04 | 5.88it/s skip=0 (144.2m)\n"}
,{"stream_name":"stdout","time":8773.13066649,"data":"[02:24:28] it 47425 loss=8.437 mel=1.775 durs=0.319 pitch=0.367 ctc=4.302 bin=1.200 score=0.267 fmatch=0.023 d=0.244 lr=1.000e-04 | 5.87it/s skip=0 (144.3m)\n"}
,{"stream_name":"stdout","time":8777.411350365,"data":"[02:24:33] it 47450 loss=8.148 mel=1.688 durs=0.271 pitch=0.355 ctc=4.234 bin=1.115 score=0.256 fmatch=0.023 d=0.244 lr=1.000e-04 | 5.89it/s skip=0 (144.4m)\n"}
,{"stream_name":"stdout","time":8781.751221352,"data":"[02:24:37] it 47475 loss=8.672 mel=1.801 durs=0.304 pitch=0.356 ctc=4.467 bin=1.133 score=0.295 fmatch=0.025 d=0.235 lr=1.000e-04 | 5.87it/s skip=0 (144.5m)\n"}
,{"stream_name":"stdout","time":8786.051708036,"data":"[02:24:41] it 47500 loss=8.565 mel=2.055 durs=0.327 pitch=0.521 ctc=4.275 bin=1.093 score=0.259 fmatch=0.020 d=0.242 lr=1.000e-04 | 5.88it/s skip=0 (144.5m)\n"}
,{"stream_name":"stdout","time":8790.440994411,"data":"[02:24:46] it 47525 loss=8.466 mel=1.791 durs=0.267 pitch=0.544 ctc=4.311 bin=1.041 score=0.304 fmatch=0.027 d=0.232 lr=1.000e-04 | 5.92it/s skip=0 (144.6m)\n"}
,{"stream_name":"stdout","time":8794.696492318,"data":"[02:24:50] it 47550 loss=8.094 mel=1.609 durs=0.255 pitch=0.341 ctc=4.177 bin=0.995 score=0.306 fmatch=0.028 d=0.247 lr=1.000e-04 | 5.94it/s skip=0 (144.7m)\n"}
,{"stream_name":"stdout","time":8798.859087067,"data":"[02:24:54] it 47575 loss=7.383 mel=1.322 durs=0.238 pitch=0.412 ctc=3.959 bin=0.934 score=0.271 fmatch=0.020 d=0.246 lr=1.000e-04 | 6.00it/s skip=0 (144.7m)\n"}
,{"stream_name":"stdout","time":8803.412765004,"data":"[02:24:59] it 47600 loss=7.885 mel=1.593 durs=0.273 pitch=0.445 ctc=4.052 bin=1.028 score=0.279 fmatch=0.024 d=0.245 lr=1.000e-04 | 5.88it/s skip=0 (144.8m)\n"}
,{"stream_name":"stdout","time":8807.650016757,"data":"[02:25:03] it 47625 loss=8.036 mel=1.759 durs=0.280 pitch=0.601 ctc=4.031 bin=1.108 score=0.257 fmatch=0.021 d=0.242 lr=1.000e-04 | 5.92it/s skip=0 (144.9m)\n"}
,{"stream_name":"stdout","time":8811.97817903,"data":"[02:25:07] it 47650 loss=7.991 mel=1.812 durs=0.264 pitch=0.448 ctc=4.070 bin=1.081 score=0.233 fmatch=0.024 d=0.240 lr=1.000e-04 | 5.90it/s skip=0 (145.0m)\n"}
,{"stream_name":"stdout","time":8816.270740871,"data":"[02:25:11] it 47675 loss=8.473 mel=1.759 durs=0.280 pitch=0.547 ctc=4.324 bin=1.107 score=0.294 fmatch=0.023 d=0.248 lr=1.000e-04 | 5.90it/s skip=0 (145.0m)\n"}
,{"stream_name":"stdout","time":8820.494239876,"data":"[02:25:16] it 47700 loss=8.765 mel=1.917 durs=0.308 pitch=0.483 ctc=4.540 bin=1.112 score=0.274 fmatch=0.022 d=0.227 lr=1.000e-04 | 5.95it/s skip=0 (145.1m)\n"}
,{"stream_name":"stdout","time":8824.803720398,"data":"[02:25:20] it 47725 loss=8.685 mel=1.936 durs=0.310 pitch=0.421 ctc=4.420 bin=1.220 score=0.253 fmatch=0.024 d=0.230 lr=1.000e-04 | 5.93it/s skip=0 (145.2m)\n"}
,{"stream_name":"stdout","time":8829.129776886,"data":"[02:25:24] it 47750 loss=7.760 mel=1.567 durs=0.267 pitch=0.396 ctc=4.101 bin=1.050 score=0.238 fmatch=0.024 d=0.256 lr=1.000e-04 | 5.91it/s skip=0 (145.2m)\n"}
,{"stream_name":"stdout","time":8833.416752588,"data":"[02:25:29] it 47775 loss=7.914 mel=1.610 durs=0.290 pitch=0.603 ctc=4.102 bin=1.112 score=0.244 fmatch=0.025 d=0.246 lr=1.000e-04 | 5.93it/s skip=0 (145.3m)\n"}
,{"stream_name":"stdout","time":8837.710062838,"data":"[02:25:33] it 47800 loss=8.514 mel=1.933 durs=0.293 pitch=0.664 ctc=4.353 bin=1.108 score=0.251 fmatch=0.019 d=0.243 lr=1.000e-04 | 5.93it/s skip=0 (145.4m)\n"}
,{"stream_name":"stdout","time":8841.979969633,"data":"[02:25:37] it 47825 loss=8.159 mel=1.579 durs=0.267 pitch=0.562 ctc=4.368 bin=1.089 score=0.255 fmatch=0.022 d=0.233 lr=1.000e-04 | 5.94it/s skip=0 (145.5m)\n"}
,{"stream_name":"stdout","time":8846.278863478,"data":"[02:25:41] it 47850 loss=7.584 mel=1.466 durs=0.232 pitch=0.604 ctc=3.848 bin=0.910 score=0.313 fmatch=0.027 d=0.245 lr=1.000e-04 | 5.92it/s skip=0 (145.5m)\n"}
,{"stream_name":"stdout","time":8850.477181139,"data":"[02:25:46] it 47875 loss=7.821 mel=1.652 durs=0.240 pitch=0.522 ctc=3.990 bin=1.000 score=0.271 fmatch=0.020 d=0.244 lr=1.000e-04 | 5.98it/s skip=0 (145.6m)\n"}
,{"stream_name":"stdout","time":8854.685568758,"data":"[02:25:50] it 47900 loss=8.699 mel=1.893 durs=0.322 pitch=0.504 ctc=4.440 bin=1.179 score=0.270 fmatch=0.024 d=0.233 lr=1.000e-04 | 6.01it/s skip=0 (145.7m)\n"}
,{"stream_name":"stdout","time":8858.943917337,"data":"[02:25:54] it 47925 loss=8.611 mel=1.799 durs=0.325 pitch=0.439 ctc=4.419 bin=1.260 score=0.259 fmatch=0.022 d=0.243 lr=1.000e-04 | 5.99it/s skip=0 (145.7m)\n"}
,{"stream_name":"stdout","time":8863.194023532,"data":"[02:25:58] it 47950 loss=8.106 mel=1.696 durs=0.276 pitch=0.404 ctc=4.028 bin=1.030 score=0.313 fmatch=0.029 d=0.248 lr=1.000e-04 | 5.98it/s skip=0 (145.8m)\n"}
,{"stream_name":"stdout","time":8867.473474679,"data":"[02:26:03] it 47975 loss=7.881 mel=1.529 durs=0.257 pitch=0.541 ctc=4.152 bin=1.027 score=0.268 fmatch=0.022 d=0.232 lr=1.000e-04 | 5.97it/s skip=0 (145.9m)\n"}
,{"stream_name":"stdout","time":8871.772366952,"data":"[02:26:07] it 48000 loss=9.001 mel=2.208 durs=0.338 pitch=0.565 ctc=4.514 bin=1.115 score=0.262 fmatch=0.025 d=0.241 lr=1.000e-04 | 5.94it/s skip=0 (146.0m)\n"}
,{"stream_name":"stdout","time":8872.323838773,"data":"[02:26:07] [train] probes saved at iter 48000\n"}
,{"stream_name":"stdout","time":8884.851583446,"data":"[02:26:20] [val] it 48000 loss=7.274 mel=1.834 durs=0.286 pitch=0.502 ctc=4.254 (12.5s)\n"}
,{"stream_name":"stdout","time":8889.093309886,"data":"[02:26:24] it 48025 loss=7.911 mel=1.591 durs=0.290 pitch=0.421 ctc=4.183 bin=1.077 score=0.242 fmatch=0.022 d=0.245 lr=1.000e-04 | 5.96it/s skip=0 (146.2m)\n"}
,{"stream_name":"stdout","time":8893.371550321,"data":"[02:26:29] it 48050 loss=7.485 mel=1.565 durs=0.236 pitch=0.499 ctc=3.938 bin=0.962 score=0.230 fmatch=0.028 d=0.244 lr=1.000e-04 | 5.96it/s skip=0 (146.3m)\n"}
,{"stream_name":"stdout","time":8897.649029755,"data":"[02:26:33] it 48075 loss=8.786 mel=1.908 durs=0.324 pitch=0.577 ctc=4.489 bin=1.222 score=0.263 fmatch=0.025 d=0.235 lr=1.000e-04 | 5.95it/s skip=0 (146.4m)\n"}
,{"stream_name":"stdout","time":8902.037070825,"data":"[02:26:37] it 48100 loss=8.684 mel=1.838 durs=0.296 pitch=0.698 ctc=4.404 bin=1.150 score=0.292 fmatch=0.025 d=0.248 lr=1.000e-04 | 5.92it/s skip=0 (146.5m)\n"}
,{"stream_name":"stdout","time":8906.401125791,"data":"[02:26:42] it 48125 loss=8.140 mel=1.693 durs=0.282 pitch=0.631 ctc=4.127 bin=1.058 score=0.287 fmatch=0.023 d=0.240 lr=1.000e-04 | 5.90it/s skip=0 (146.5m)\n"}
,{"stream_name":"stdout","time":8910.672247478,"data":"[02:26:46] it 48150 loss=8.059 mel=1.566 durs=0.249 pitch=0.466 ctc=4.253 bin=0.995 score=0.287 fmatch=0.024 d=0.239 lr=1.000e-04 | 5.92it/s skip=0 (146.6m)\n"}
,{"stream_name":"stdout","time":8915.001268856,"data":"[02:26:50] it 48175 loss=7.944 mel=1.726 durs=0.259 pitch=0.527 ctc=4.014 bin=0.972 score=0.283 fmatch=0.021 d=0.252 lr=1.000e-04 | 5.89it/s skip=0 (146.7m)\n"}
,{"stream_name":"stdout","time":8919.308324197,"data":"[02:26:54] it 48200 loss=8.261 mel=1.704 durs=0.286 pitch=0.506 ctc=4.254 bin=1.100 score=0.275 fmatch=0.022 d=0.241 lr=1.000e-04 | 5.89it/s skip=0 (146.7m)\n"}
,{"stream_name":"stdout","time":8923.853925982,"data":"[02:26:59] it 48225 loss=8.491 mel=1.855 durs=0.323 pitch=0.493 ctc=4.299 bin=1.163 score=0.267 fmatch=0.024 d=0.237 lr=1.000e-04 | 5.81it/s skip=0 (146.8m)\n"}
,{"stream_name":"stdout","time":8928.184897541,"data":"[02:27:03] it 48250 loss=8.500 mel=1.824 durs=0.311 pitch=0.650 ctc=4.350 bin=1.113 score=0.274 fmatch=0.022 d=0.233 lr=1.000e-04 | 5.83it/s skip=0 (146.9m)\n"}
,{"stream_name":"stdout","time":8932.485489277,"data":"[02:27:08] it 48275 loss=9.149 mel=2.136 durs=0.370 pitch=0.790 ctc=4.494 bin=1.277 score=0.275 fmatch=0.027 d=0.228 lr=1.000e-04 | 5.86it/s skip=0 (147.0m)\n"}
,{"stream_name":"stdout","time":8936.891354771,"data":"[02:27:12] it 48300 loss=8.039 mel=1.676 durs=0.260 pitch=0.395 ctc=4.290 bin=0.999 score=0.246 fmatch=0.023 d=0.241 lr=1.000e-04 | 5.82it/s skip=0 (147.0m)\n"}
,{"stream_name":"stdout","time":8941.163790917,"data":"[02:27:16] it 48325 loss=8.528 mel=1.781 durs=0.298 pitch=0.613 ctc=4.474 bin=1.179 score=0.245 fmatch=0.022 d=0.237 lr=1.000e-04 | 5.87it/s skip=0 (147.1m)\n"}
,{"stream_name":"stdout","time":8945.500560003,"data":"[02:27:21] it 48350 loss=8.225 mel=1.797 durs=0.264 pitch=0.398 ctc=4.142 bin=1.053 score=0.285 fmatch=0.023 d=0.243 lr=1.000e-04 | 5.87it/s skip=0 (147.2m)\n"}
,{"stream_name":"stdout","time":8949.816934844,"data":"[02:27:25] it 48375 loss=8.566 mel=1.836 durs=0.289 pitch=0.573 ctc=4.293 bin=1.106 score=0.304 fmatch=0.027 d=0.248 lr=1.000e-04 | 5.87it/s skip=0 (147.3m)\n"}
,{"stream_name":"stdout","time":8954.086802774,"data":"[02:27:29] it 48400 loss=9.114 mel=2.066 durs=0.331 pitch=0.639 ctc=4.504 bin=1.237 score=0.296 fmatch=0.027 d=0.245 lr=1.000e-04 | 5.90it/s skip=0 (147.3m)\n"}
,{"stream_name":"stdout","time":8958.398521646,"data":"[02:27:34] it 48425 loss=7.777 mel=1.718 durs=0.283 pitch=0.504 ctc=3.975 bin=0.984 score=0.250 fmatch=0.022 d=0.246 lr=1.000e-04 | 5.90it/s skip=0 (147.4m)\n"}
,{"stream_name":"stdout","time":8962.713966169,"data":"[02:27:38] it 48450 loss=7.889 mel=1.546 durs=0.252 pitch=0.451 ctc=4.196 bin=1.030 score=0.257 fmatch=0.020 d=0.243 lr=1.000e-04 | 5.89it/s skip=0 (147.5m)\n"}
,{"stream_name":"stdout","time":8967.026698122,"data":"[02:27:42] it 48475 loss=7.953 mel=1.774 durs=0.255 pitch=0.496 ctc=4.074 bin=1.031 score=0.245 fmatch=0.020 d=0.248 lr=1.000e-04 | 5.89it/s skip=0 (147.5m)\n"}
,{"stream_name":"stdout","time":8971.286334715,"data":"[02:27:46] it 48500 loss=8.254 mel=1.679 durs=0.312 pitch=0.530 ctc=4.244 bin=1.114 score=0.278 fmatch=0.022 d=0.233 lr=1.000e-04 | 5.92it/s skip=0 (147.6m)\n"}
,{"stream_name":"stdout","time":8975.674303906,"data":"[02:27:51] it 48525 loss=8.570 mel=1.931 durs=0.289 pitch=0.494 ctc=4.151 bin=1.097 score=0.320 fmatch=0.031 d=0.240 lr=1.000e-04 | 5.95it/s skip=0 (147.7m)\n"}
,{"stream_name":"stdout","time":8979.958187297,"data":"[02:27:55] it 48550 loss=8.477 mel=1.865 durs=0.314 pitch=0.486 ctc=4.366 bin=1.098 score=0.262 fmatch=0.020 d=0.243 lr=1.000e-04 | 5.94it/s skip=0 (147.8m)\n"}
,{"stream_name":"stdout","time":8984.327489828,"data":"[02:27:59] it 48575 loss=8.400 mel=1.845 durs=0.314 pitch=0.471 ctc=4.301 bin=1.139 score=0.253 fmatch=0.024 d=0.236 lr=1.000e-04 | 5.90it/s skip=0 (147.8m)\n"}
,{"stream_name":"stdout","time":8988.57629201,"data":"[02:28:04] it 48600 loss=7.330 mel=1.352 durs=0.223 pitch=0.524 ctc=3.933 bin=0.972 score=0.244 fmatch=0.023 d=0.239 lr=1.000e-04 | 5.92it/s skip=0 (147.9m)\n"}
,{"stream_name":"stdout","time":8992.866792848,"data":"[02:28:08] it 48625 loss=8.801 mel=2.005 durs=0.331 pitch=0.530 ctc=4.465 bin=1.198 score=0.255 fmatch=0.026 d=0.224 lr=1.000e-04 | 5.92it/s skip=0 (148.0m)\n"}
,{"stream_name":"stdout","time":8997.238217261,"data":"[02:28:12] it 48650 loss=8.330 mel=1.824 durs=0.302 pitch=0.557 ctc=4.228 bin=1.150 score=0.255 fmatch=0.023 d=0.238 lr=1.000e-04 | 5.88it/s skip=0 (148.0m)\n"}
,{"stream_name":"stdout","time":9001.586718785,"data":"[02:28:17] it 48675 loss=9.012 mel=1.909 durs=0.334 pitch=0.545 ctc=4.577 bin=1.278 score=0.284 fmatch=0.025 d=0.242 lr=1.000e-04 | 5.87it/s skip=0 (148.1m)\n"}
,{"stream_name":"stdout","time":9005.903129187,"data":"[02:28:21] it 48700 loss=8.707 mel=1.837 durs=0.319 pitch=0.586 ctc=4.571 bin=1.159 score=0.256 fmatch=0.025 d=0.236 lr=1.000e-04 | 5.88it/s skip=0 (148.2m)\n"}
,{"stream_name":"stdout","time":9010.200743696,"data":"[02:28:25] it 48725 loss=8.510 mel=1.776 durs=0.297 pitch=0.411 ctc=4.456 bin=1.167 score=0.254 fmatch=0.024 d=0.234 lr=1.000e-04 | 5.89it/s skip=0 (148.3m)\n"}
,{"stream_name":"stdout","time":9014.510823079,"data":"[02:28:30] it 48750 loss=7.457 mel=1.426 durs=0.239 pitch=0.462 ctc=4.022 bin=0.926 score=0.248 fmatch=0.021 d=0.242 lr=1.000e-04 | 5.90it/s skip=0 (148.3m)\n"}
,{"stream_name":"stdout","time":9018.790754058,"data":"[02:28:34] it 48775 loss=7.871 mel=1.564 durs=0.249 pitch=0.507 ctc=3.998 bin=1.013 score=0.299 fmatch=0.026 d=0.247 lr=1.000e-04 | 5.91it/s skip=0 (148.4m)\n"}
,{"stream_name":"stdout","time":9023.173770849,"data":"[02:28:38] it 48800 loss=7.648 mel=1.583 durs=0.230 pitch=0.356 ctc=3.999 bin=0.965 score=0.255 fmatch=0.020 d=0.250 lr=1.000e-04 | 5.88it/s skip=0 (148.5m)\n"}
,{"stream_name":"stdout","time":9027.428357677,"data":"[02:28:43] it 48825 loss=8.434 mel=1.817 durs=0.322 pitch=0.562 ctc=4.370 bin=1.097 score=0.260 fmatch=0.021 d=0.240 lr=1.000e-04 | 5.92it/s skip=0 (148.5m)\n"}
,{"stream_name":"stdout","time":9031.865198128,"data":"[02:28:47] it 48850 loss=8.289 mel=1.865 durs=0.305 pitch=0.612 ctc=4.148 bin=1.135 score=0.257 fmatch=0.023 d=0.236 lr=1.000e-04 | 5.85it/s skip=0 (148.6m)\n"}
,{"stream_name":"stdout","time":9036.145972727,"data":"[02:28:51] it 48875 loss=8.029 mel=1.630 durs=0.267 pitch=0.476 ctc=4.148 bin=0.996 score=0.289 fmatch=0.023 d=0.238 lr=1.000e-04 | 5.88it/s skip=0 (148.7m)\n"}
,{"stream_name":"stdout","time":9040.520183351,"data":"[02:28:56] it 48900 loss=8.545 mel=1.805 durs=0.289 pitch=0.492 ctc=4.439 bin=1.168 score=0.258 fmatch=0.022 d=0.243 lr=1.000e-04 | 5.86it/s skip=0 (148.8m)\n"}
,{"stream_name":"stdout","time":9044.863347331,"data":"[02:29:00] it 48925 loss=7.884 mel=1.640 durs=0.280 pitch=0.486 ctc=4.065 bin=0.999 score=0.270 fmatch=0.022 d=0.243 lr=1.000e-04 | 5.85it/s skip=0 (148.8m)\n"}
,{"stream_name":"stdout","time":9049.203571342,"data":"[02:29:04] it 48950 loss=8.708 mel=1.830 durs=0.309 pitch=0.568 ctc=4.620 bin=1.206 score=0.235 fmatch=0.023 d=0.246 lr=1.000e-04 | 5.85it/s skip=0 (148.9m)\n"}
,{"stream_name":"stdout","time":9053.520778702,"data":"[02:29:09] it 48975 loss=8.689 mel=1.710 durs=0.283 pitch=0.423 ctc=4.628 bin=1.213 score=0.261 fmatch=0.024 d=0.236 lr=1.000e-04 | 5.87it/s skip=0 (149.0m)\n"}
,{"stream_name":"stdout","time":9057.831912435,"data":"[02:29:13] it 49000 loss=8.001 mel=1.664 durs=0.263 pitch=0.592 ctc=4.181 bin=1.062 score=0.247 fmatch=0.021 d=0.244 lr=1.000e-04 | 5.89it/s skip=0 (149.1m)\n"}
,{"stream_name":"stdout","time":9062.285972035,"data":"[02:29:17] it 49025 loss=8.960 mel=2.007 durs=0.344 pitch=0.524 ctc=4.526 bin=1.289 score=0.257 fmatch=0.024 d=0.232 lr=1.000e-04 | 5.89it/s skip=0 (149.1m)\n"}
,{"stream_name":"stdout","time":9066.696455537,"data":"[02:29:22] it 49050 loss=8.125 mel=1.823 durs=0.286 pitch=0.426 ctc=4.168 bin=1.117 score=0.230 fmatch=0.026 d=0.240 lr=1.000e-04 | 5.85it/s skip=0 (149.2m)\n"}
,{"stream_name":"stdout","time":9070.979105656,"data":"[02:29:26] it 49075 loss=8.459 mel=1.775 durs=0.314 pitch=0.430 ctc=4.236 bin=1.126 score=0.305 fmatch=0.027 d=0.246 lr=1.000e-04 | 5.88it/s skip=0 (149.3m)\n"}
,{"stream_name":"stdout","time":9075.357014635,"data":"[02:29:30] it 49100 loss=8.296 mel=1.828 durs=0.309 pitch=0.761 ctc=4.204 bin=1.093 score=0.261 fmatch=0.022 d=0.242 lr=1.000e-04 | 5.85it/s skip=0 (149.3m)\n"}
,{"stream_name":"stdout","time":9079.684181358,"data":"[02:29:35] it 49125 loss=7.921 mel=1.541 durs=0.257 pitch=0.497 ctc=4.093 bin=1.009 score=0.295 fmatch=0.024 d=0.237 lr=1.000e-04 | 5.86it/s skip=0 (149.4m)\n"}
,{"stream_name":"stdout","time":9084.022838369,"data":"[02:29:39] it 49150 loss=8.189 mel=1.782 durs=0.276 pitch=0.517 ctc=4.127 bin=1.037 score=0.285 fmatch=0.024 d=0.240 lr=1.000e-04 | 5.86it/s skip=0 (149.5m)\n"}
,{"stream_name":"stdout","time":9088.298402537,"data":"[02:29:43] it 49175 loss=8.685 mel=2.026 durs=0.325 pitch=0.515 ctc=4.413 bin=1.088 score=0.263 fmatch=0.022 d=0.238 lr=1.000e-04 | 5.89it/s skip=0 (149.6m)\n"}
,{"stream_name":"stdout","time":9092.739142978,"data":"[02:29:48] it 49200 loss=8.985 mel=2.001 durs=0.343 pitch=0.515 ctc=4.564 bin=1.261 score=0.263 fmatch=0.021 d=0.248 lr=1.000e-04 | 5.87it/s skip=0 (149.6m)\n"}
,{"stream_name":"stdout","time":9097.059568597,"data":"[02:29:52] it 49225 loss=7.732 mel=1.582 durs=0.234 pitch=0.453 ctc=4.049 bin=0.969 score=0.261 fmatch=0.020 d=0.247 lr=1.000e-04 | 5.88it/s skip=0 (149.7m)\n"}
,{"stream_name":"stdout","time":9101.277174082,"data":"[02:29:56] it 49250 loss=8.434 mel=1.698 durs=0.296 pitch=0.373 ctc=4.425 bin=1.196 score=0.257 fmatch=0.022 d=0.239 lr=1.000e-04 | 5.92it/s skip=0 (149.8m)\n"}
,{"stream_name":"stdout","time":9105.554472682,"data":"[02:30:01] it 49275 loss=8.178 mel=1.648 durs=0.287 pitch=0.600 ctc=4.300 bin=1.044 score=0.269 fmatch=0.021 d=0.239 lr=1.000e-04 | 5.93it/s skip=0 (149.8m)\n"}
,{"stream_name":"stdout","time":9109.80570685,"data":"[02:30:05] it 49300 loss=7.954 mel=1.598 durs=0.280 pitch=0.637 ctc=4.191 bin=1.072 score=0.245 fmatch=0.023 d=0.245 lr=1.000e-04 | 5.95it/s skip=0 (149.9m)\n"}
,{"stream_name":"stdout","time":9114.079175871,"data":"[02:30:09] it 49325 loss=8.895 mel=1.824 durs=0.329 pitch=0.504 ctc=4.678 bin=1.198 score=0.272 fmatch=0.022 d=0.232 lr=1.000e-04 | 5.97it/s skip=0 (150.0m)\n"}
,{"stream_name":"stdout","time":9118.523804771,"data":"[02:30:14] it 49350 loss=8.010 mel=1.648 durs=0.245 pitch=0.555 ctc=4.015 bin=0.968 score=0.318 fmatch=0.028 d=0.243 lr=1.000e-04 | 5.88it/s skip=0 (150.1m)\n"}
,{"stream_name":"stdout","time":9122.768475315,"data":"[02:30:18] it 49375 loss=8.643 mel=1.966 durs=0.346 pitch=0.427 ctc=4.196 bin=1.172 score=0.302 fmatch=0.025 d=0.244 lr=1.000e-04 | 5.92it/s skip=0 (150.1m)\n"}
,{"stream_name":"stdout","time":9126.977059477,"data":"[02:30:22] it 49400 loss=9.409 mel=1.969 durs=0.354 pitch=0.592 ctc=4.877 bin=1.308 score=0.284 fmatch=0.025 d=0.240 lr=1.000e-04 | 5.96it/s skip=0 (150.2m)\n"}
,{"stream_name":"stdout","time":9131.181609572,"data":"[02:30:26] it 49425 loss=8.192 mel=1.622 durs=0.266 pitch=0.457 ctc=4.203 bin=1.087 score=0.295 fmatch=0.026 d=0.234 lr=1.000e-04 | 6.00it/s skip=0 (150.3m)\n"}
,{"stream_name":"stdout","time":9135.488334042,"data":"[02:30:31] it 49450 loss=8.111 mel=1.668 durs=0.297 pitch=0.477 ctc=4.146 bin=1.030 score=0.292 fmatch=0.023 d=0.243 lr=1.000e-04 | 5.97it/s skip=0 (150.3m)\n"}
,{"stream_name":"stdout","time":9139.689360414,"data":"[02:30:35] it 49475 loss=8.279 mel=1.756 durs=0.291 pitch=0.420 ctc=4.243 bin=1.117 score=0.268 fmatch=0.021 d=0.240 lr=1.000e-04 | 6.00it/s skip=0 (150.4m)\n"}
,{"stream_name":"stdout","time":9143.927282829,"data":"[02:30:39] it 49500 loss=8.678 mel=1.900 durs=0.318 pitch=0.492 ctc=4.442 bin=1.102 score=0.282 fmatch=0.023 d=0.243 lr=1.000e-04 | 6.00it/s skip=0 (150.5m)\n"}
,{"stream_name":"stdout","time":9148.333091154,"data":"[02:30:43] it 49525 loss=8.395 mel=1.853 durs=0.290 pitch=0.666 ctc=4.217 bin=1.113 score=0.274 fmatch=0.021 d=0.244 lr=1.000e-04 | 5.99it/s skip=0 (150.6m)\n"}
,{"stream_name":"stdout","time":9152.638177292,"data":"[02:30:48] it 49550 loss=8.287 mel=1.647 durs=0.292 pitch=0.485 ctc=4.323 bin=1.174 score=0.261 fmatch=0.023 d=0.240 lr=1.000e-04 | 5.97it/s skip=0 (150.6m)\n"}
,{"stream_name":"stdout","time":9156.881629069,"data":"[02:30:52] it 49575 loss=8.260 mel=1.692 durs=0.292 pitch=0.490 ctc=4.191 bin=1.038 score=0.308 fmatch=0.027 d=0.245 lr=1.000e-04 | 5.97it/s skip=0 (150.7m)\n"}
,{"stream_name":"stdout","time":9161.135291666,"data":"[02:30:56] it 49600 loss=7.697 mel=1.554 durs=0.243 pitch=0.381 ctc=4.069 bin=1.021 score=0.242 fmatch=0.021 d=0.246 lr=1.000e-04 | 5.96it/s skip=0 (150.8m)\n"}
,{"stream_name":"stdout","time":9165.355321763,"data":"[02:31:00] it 49625 loss=8.172 mel=1.839 durs=0.288 pitch=0.532 ctc=4.141 bin=1.058 score=0.257 fmatch=0.024 d=0.243 lr=1.000e-04 | 5.99it/s skip=0 (150.8m)\n"}
,{"stream_name":"stdout","time":9169.632869085,"data":"[02:31:05] it 49650 loss=8.280 mel=1.665 durs=0.271 pitch=0.556 ctc=4.348 bin=1.057 score=0.277 fmatch=0.021 d=0.245 lr=1.000e-04 | 5.97it/s skip=0 (150.9m)\n"}
,{"stream_name":"stdout","time":9173.913482953,"data":"[02:31:09] it 49675 loss=8.236 mel=1.790 durs=0.264 pitch=0.416 ctc=4.107 bin=0.996 score=0.311 fmatch=0.029 d=0.242 lr=1.000e-04 | 5.95it/s skip=0 (151.0m)\n"}
,{"stream_name":"stdout","time":9178.189126099,"data":"[02:31:13] it 49700 loss=7.915 mel=1.564 durs=0.253 pitch=0.642 ctc=4.080 bin=1.053 score=0.277 fmatch=0.023 d=0.238 lr=1.000e-04 | 5.95it/s skip=0 (151.1m)\n"}
,{"stream_name":"stdout","time":9182.415180788,"data":"[02:31:18] it 49725 loss=8.609 mel=1.807 durs=0.299 pitch=0.627 ctc=4.357 bin=1.140 score=0.297 fmatch=0.025 d=0.240 lr=1.000e-04 | 5.97it/s skip=0 (151.1m)\n"}
,{"stream_name":"stdout","time":9186.649850407,"data":"[02:31:22] it 49750 loss=8.175 mel=1.719 durs=0.271 pitch=0.534 ctc=4.250 bin=0.989 score=0.278 fmatch=0.023 d=0.230 lr=1.000e-04 | 5.98it/s skip=0 (151.2m)\n"}
,{"stream_name":"stdout","time":9190.905024931,"data":"[02:31:26] it 49775 loss=7.928 mel=1.588 durs=0.256 pitch=0.508 ctc=4.083 bin=1.035 score=0.281 fmatch=0.024 d=0.241 lr=1.000e-04 | 5.97it/s skip=0 (151.3m)\n"}
,{"stream_name":"stdout","time":9195.208376095,"data":"[02:31:30] it 49800 loss=8.244 mel=1.682 durs=0.276 pitch=0.526 ctc=4.289 bin=1.069 score=0.275 fmatch=0.022 d=0.249 lr=1.000e-04 | 5.94it/s skip=0 (151.3m)\n"}
,{"stream_name":"stdout","time":9199.523179247,"data":"[02:31:35] it 49825 loss=8.145 mel=1.694 durs=0.259 pitch=0.384 ctc=4.151 bin=1.097 score=0.279 fmatch=0.023 d=0.245 lr=1.000e-04 | 5.92it/s skip=0 (151.4m)\n"}
,{"stream_name":"stdout","time":9203.754760969,"data":"[02:31:39] it 49850 loss=8.572 mel=1.890 durs=0.285 pitch=0.378 ctc=4.470 bin=1.172 score=0.238 fmatch=0.020 d=0.239 lr=1.000e-04 | 5.95it/s skip=0 (151.5m)\n"}
,{"stream_name":"stdout","time":9208.034660257,"data":"[02:31:43] it 49875 loss=8.475 mel=1.775 durs=0.321 pitch=0.611 ctc=4.357 bin=1.184 score=0.261 fmatch=0.022 d=0.228 lr=1.000e-04 | 5.95it/s skip=0 (151.6m)\n"}
,{"stream_name":"stdout","time":9212.300364267,"data":"[02:31:47] it 49900 loss=7.708 mel=1.697 durs=0.270 pitch=0.532 ctc=3.904 bin=1.039 score=0.241 fmatch=0.024 d=0.243 lr=1.000e-04 | 5.96it/s skip=0 (151.6m)\n"}
,{"stream_name":"stdout","time":9216.563568771,"data":"[02:31:52] it 49925 loss=8.283 mel=1.655 durs=0.269 pitch=0.558 ctc=4.339 bin=1.089 score=0.274 fmatch=0.022 d=0.244 lr=1.000e-04 | 5.96it/s skip=0 (151.7m)\n"}
,{"stream_name":"stdout","time":9220.822053485,"data":"[02:31:56] it 49950 loss=8.366 mel=1.771 durs=0.265 pitch=0.574 ctc=4.198 bin=1.075 score=0.303 fmatch=0.028 d=0.248 lr=1.000e-04 | 5.97it/s skip=0 (151.8m)\n"}
,{"stream_name":"stdout","time":9225.067334144,"data":"[02:32:00] it 49975 loss=8.952 mel=2.146 durs=0.331 pitch=0.472 ctc=4.367 bin=1.293 score=0.261 fmatch=0.021 d=0.240 lr=1.000e-04 | 5.98it/s skip=0 (151.8m)\n"}
,{"stream_name":"stdout","time":9229.385653475,"data":"[02:32:05] it 50000 loss=8.000 mel=1.700 durs=0.280 pitch=0.503 ctc=4.129 bin=1.055 score=0.254 fmatch=0.020 d=0.244 lr=1.000e-04 | 5.94it/s skip=0 (151.9m)\n"}
,{"stream_name":"stdout","time":9230.299369795,"data":"[02:32:05] [train] probes saved at iter 50000\n"}
,{"stream_name":"stdout","time":9242.789901688,"data":"[02:32:18] [val] it 50000 loss=7.239 mel=1.816 durs=0.285 pitch=0.499 ctc=4.246 (12.5s)\n"}
,{"stream_name":"stdout","time":9247.015724039,"data":"[02:32:22] it 50025 loss=7.868 mel=1.539 durs=0.253 pitch=0.566 ctc=4.090 bin=1.027 score=0.277 fmatch=0.023 d=0.237 lr=1.000e-04 | 5.96it/s skip=0 (152.2m)\n"}
,{"stream_name":"stdout","time":9251.358775731,"data":"[02:32:26] it 50050 loss=7.597 mel=1.476 durs=0.237 pitch=0.368 ctc=3.959 bin=0.916 score=0.291 fmatch=0.023 d=0.250 lr=1.000e-04 | 5.92it/s skip=0 (152.3m)\n"}
,{"stream_name":"stdout","time":9255.630707683,"data":"[02:32:31] it 50075 loss=8.943 mel=2.070 durs=0.339 pitch=0.519 ctc=4.517 bin=1.245 score=0.251 fmatch=0.023 d=0.247 lr=1.000e-04 | 5.93it/s skip=0 (152.3m)\n"}
,{"stream_name":"stdout","time":9259.905706867,"data":"[02:32:35] it 50100 loss=7.619 mel=1.447 durs=0.239 pitch=0.529 ctc=3.920 bin=0.909 score=0.310 fmatch=0.029 d=0.241 lr=1.000e-04 | 5.93it/s skip=0 (152.4m)\n"}
,{"stream_name":"stdout","time":9264.309989462,"data":"[02:32:39] it 50125 loss=9.156 mel=2.047 durs=0.358 pitch=0.561 ctc=4.667 bin=1.365 score=0.240 fmatch=0.025 d=0.234 lr=1.000e-04 | 5.87it/s skip=0 (152.5m)\n"}
,{"stream_name":"stdout","time":9268.536703753,"data":"[02:32:44] it 50150 loss=7.791 mel=1.710 durs=0.251 pitch=0.488 ctc=3.993 bin=0.925 score=0.267 fmatch=0.021 d=0.245 lr=1.000e-04 | 5.92it/s skip=0 (152.6m)\n"}
,{"stream_name":"stdout","time":9272.844456685,"data":"[02:32:48] it 50175 loss=9.103 mel=1.823 durs=0.334 pitch=0.589 ctc=4.659 bin=1.245 score=0.314 fmatch=0.027 d=0.248 lr=1.000e-04 | 5.92it/s skip=0 (152.6m)\n"}
,{"stream_name":"stdout","time":9277.174271692,"data":"[02:32:52] it 50200 loss=8.032 mel=1.689 durs=0.296 pitch=0.364 ctc=4.061 bin=1.062 score=0.283 fmatch=0.023 d=0.247 lr=1.000e-04 | 5.90it/s skip=0 (152.7m)\n"}
,{"stream_name":"stdout","time":9281.390252061,"data":"[02:32:57] it 50225 loss=7.300 mel=1.449 durs=0.227 pitch=0.684 ctc=3.815 bin=0.904 score=0.255 fmatch=0.022 d=0.248 lr=1.000e-04 | 5.94it/s skip=0 (152.8m)\n"}
,{"stream_name":"stdout","time":9285.724636225,"data":"[02:33:01] it 50250 loss=8.095 mel=1.767 durs=0.289 pitch=0.366 ctc=4.165 bin=1.132 score=0.235 fmatch=0.026 d=0.238 lr=1.000e-04 | 5.92it/s skip=0 (152.9m)\n"}
,{"stream_name":"stdout","time":9289.959865316,"data":"[02:33:05] it 50275 loss=8.332 mel=1.801 durs=0.298 pitch=0.465 ctc=4.130 bin=1.078 score=0.304 fmatch=0.030 d=0.246 lr=1.000e-04 | 5.95it/s skip=0 (152.9m)\n"}
,{"stream_name":"stdout","time":9294.158466238,"data":"[02:33:09] it 50300 loss=7.933 mel=1.621 durs=0.256 pitch=0.369 ctc=4.133 bin=0.991 score=0.277 fmatch=0.020 d=0.243 lr=1.000e-04 | 5.99it/s skip=0 (153.0m)\n"}
,{"stream_name":"stdout","time":9298.517270442,"data":"[02:33:14] it 50325 loss=7.928 mel=1.680 durs=0.265 pitch=0.343 ctc=4.034 bin=0.959 score=0.293 fmatch=0.024 d=0.244 lr=1.000e-04 | 5.92it/s skip=0 (153.1m)\n"}
,{"stream_name":"stdout","time":9302.84098702,"data":"[02:33:18] it 50350 loss=8.100 mel=1.566 durs=0.276 pitch=0.497 ctc=4.209 bin=1.043 score=0.295 fmatch=0.025 d=0.233 lr=1.000e-04 | 5.90it/s skip=0 (153.1m)\n"}
,{"stream_name":"stdout","time":9306.974814379,"data":"[02:33:22] it 50375 loss=7.401 mel=1.548 durs=0.232 pitch=0.654 ctc=3.760 bin=0.869 score=0.279 fmatch=0.021 d=0.246 lr=1.000e-04 | 5.99it/s skip=0 (153.2m)\n"}
,{"stream_name":"stdout","time":9311.270060215,"data":"[02:33:26] it 50400 loss=7.729 mel=1.732 durs=0.264 pitch=0.470 ctc=3.995 bin=0.956 score=0.237 fmatch=0.026 d=0.229 lr=1.000e-04 | 5.97it/s skip=0 (153.3m)\n"}
,{"stream_name":"stdout","time":9315.534459793,"data":"[02:33:31] it 50425 loss=8.130 mel=1.545 durs=0.264 pitch=0.912 ctc=4.359 bin=1.089 score=0.250 fmatch=0.020 d=0.243 lr=1.000e-04 | 5.97it/s skip=0 (153.3m)\n"}
,{"stream_name":"stdout","time":9319.745718538,"data":"[02:33:35] it 50450 loss=8.142 mel=1.630 durs=0.263 pitch=0.446 ctc=4.281 bin=1.035 score=0.276 fmatch=0.022 d=0.242 lr=1.000e-04 | 6.00it/s skip=0 (153.4m)\n"}
,{"stream_name":"stdout","time":9323.894349238,"data":"[02:33:39] it 50475 loss=8.577 mel=1.756 durs=0.296 pitch=0.502 ctc=4.333 bin=1.162 score=0.305 fmatch=0.028 d=0.237 lr=1.000e-04 | 6.05it/s skip=0 (153.5m)\n"}
,{"stream_name":"stdout","time":9328.242285827,"data":"[02:33:43] it 50500 loss=8.216 mel=1.869 durs=0.314 pitch=0.460 ctc=4.161 bin=1.075 score=0.253 fmatch=0.023 d=0.243 lr=1.000e-04 | 5.97it/s skip=0 (153.6m)\n"}
,{"stream_name":"stdout","time":9332.640167617,"data":"[02:33:48] it 50525 loss=8.054 mel=1.869 durs=0.308 pitch=0.423 ctc=4.007 bin=1.068 score=0.254 fmatch=0.023 d=0.250 lr=1.000e-04 | 5.98it/s skip=0 (153.6m)\n"}
,{"stream_name":"stdout","time":9336.919839151,"data":"[02:33:52] it 50550 loss=8.389 mel=1.774 durs=0.292 pitch=0.748 ctc=4.312 bin=1.105 score=0.268 fmatch=0.024 d=0.234 lr=1.000e-04 | 5.96it/s skip=0 (153.7m)\n"}
,{"stream_name":"stdout","time":9341.332346232,"data":"[02:33:56] it 50575 loss=9.031 mel=2.012 durs=0.308 pitch=0.574 ctc=4.558 bin=1.189 score=0.289 fmatch=0.027 d=0.232 lr=1.000e-04 | 5.89it/s skip=0 (153.8m)\n"}
,{"stream_name":"stdout","time":9345.721539401,"data":"[02:34:01] it 50600 loss=8.149 mel=1.723 durs=0.291 pitch=0.715 ctc=4.087 bin=1.133 score=0.271 fmatch=0.019 d=0.240 lr=1.000e-04 | 5.88it/s skip=0 (153.9m)\n"}
,{"stream_name":"stdout","time":9349.841853398,"data":"[02:34:05] it 50625 loss=7.872 mel=1.580 durs=0.261 pitch=0.358 ctc=3.975 bin=1.029 score=0.300 fmatch=0.026 d=0.240 lr=1.000e-04 | 5.99it/s skip=0 (153.9m)\n"}
,{"stream_name":"stdout","time":9354.197312066,"data":"[02:34:09] it 50650 loss=8.672 mel=1.841 durs=0.297 pitch=0.377 ctc=4.557 bin=1.116 score=0.267 fmatch=0.024 d=0.248 lr=1.000e-04 | 5.93it/s skip=0 (154.0m)\n"}
,{"stream_name":"stdout","time":9358.576451439,"data":"[02:34:14] it 50675 loss=8.788 mel=1.842 durs=0.324 pitch=0.578 ctc=4.465 bin=1.193 score=0.293 fmatch=0.025 d=0.233 lr=1.000e-04 | 5.88it/s skip=0 (154.1m)\n"}
,{"stream_name":"stdout","time":9362.79002576,"data":"[02:34:18] it 50700 loss=7.640 mel=1.563 durs=0.269 pitch=0.448 ctc=4.080 bin=1.011 score=0.222 fmatch=0.026 d=0.245 lr=1.000e-04 | 5.94it/s skip=0 (154.1m)\n"}
,{"stream_name":"stdout","time":9367.082034197,"data":"[02:34:22] it 50725 loss=8.217 mel=1.883 durs=0.285 pitch=0.420 ctc=4.239 bin=1.052 score=0.238 fmatch=0.022 d=0.239 lr=1.000e-04 | 5.93it/s skip=0 (154.2m)\n"}
,{"stream_name":"stdout","time":9371.463479802,"data":"[02:34:27] it 50750 loss=8.008 mel=1.598 durs=0.260 pitch=0.432 ctc=4.148 bin=0.952 score=0.304 fmatch=0.025 d=0.239 lr=1.000e-04 | 5.88it/s skip=0 (154.3m)\n"}
,{"stream_name":"stdout","time":9375.769242799,"data":"[02:34:31] it 50775 loss=8.122 mel=1.619 durs=0.265 pitch=0.510 ctc=4.231 bin=1.012 score=0.290 fmatch=0.025 d=0.236 lr=1.000e-04 | 5.88it/s skip=0 (154.4m)\n"}
,{"stream_name":"stdout","time":9380.09517835,"data":"[02:34:35] it 50800 loss=8.840 mel=1.842 durs=0.298 pitch=0.596 ctc=4.592 bin=1.229 score=0.266 fmatch=0.022 d=0.232 lr=1.000e-04 | 5.88it/s skip=0 (154.4m)\n"}
,{"stream_name":"stdout","time":9384.435789213,"data":"[02:34:40] it 50825 loss=8.099 mel=1.676 durs=0.260 pitch=0.647 ctc=4.043 bin=1.028 score=0.308 fmatch=0.027 d=0.257 lr=1.000e-04 | 5.86it/s skip=0 (154.5m)\n"}
,{"stream_name":"stdout","time":9388.774914154,"data":"[02:34:44] it 50850 loss=8.493 mel=1.925 durs=0.312 pitch=0.716 ctc=4.215 bin=1.099 score=0.282 fmatch=0.024 d=0.245 lr=1.000e-04 | 5.87it/s skip=0 (154.6m)\n"}
,{"stream_name":"stdout","time":9393.077675109,"data":"[02:34:48] it 50875 loss=7.863 mel=1.590 durs=0.271 pitch=0.471 ctc=4.043 bin=0.992 score=0.285 fmatch=0.024 d=0.239 lr=1.000e-04 | 5.87it/s skip=0 (154.6m)\n"}
,{"stream_name":"stdout","time":9397.469338487,"data":"[02:34:53] it 50900 loss=8.147 mel=1.675 durs=0.280 pitch=0.537 ctc=4.212 bin=1.093 score=0.265 fmatch=0.024 d=0.247 lr=1.000e-04 | 5.84it/s skip=0 (154.7m)\n"}
,{"stream_name":"stdout","time":9401.780047159,"data":"[02:34:57] it 50925 loss=8.320 mel=1.870 durs=0.310 pitch=0.477 ctc=4.073 bin=1.068 score=0.301 fmatch=0.026 d=0.243 lr=1.000e-04 | 5.86it/s skip=0 (154.8m)\n"}
,{"stream_name":"stdout","time":9406.019343895,"data":"[02:35:01] it 50950 loss=7.742 mel=1.518 durs=0.243 pitch=0.576 ctc=4.077 bin=1.012 score=0.259 fmatch=0.018 d=0.248 lr=1.000e-04 | 5.91it/s skip=0 (154.9m)\n"}
,{"stream_name":"stdout","time":9410.423242533,"data":"[02:35:06] it 50975 loss=7.613 mel=1.487 durs=0.237 pitch=0.435 ctc=4.027 bin=0.915 score=0.274 fmatch=0.021 d=0.244 lr=1.000e-04 | 5.86it/s skip=0 (154.9m)\n"}
,{"stream_name":"stdout","time":9414.769181774,"data":"[02:35:10] it 51000 loss=7.759 mel=1.738 durs=0.274 pitch=0.515 ctc=3.927 bin=1.020 score=0.242 fmatch=0.026 d=0.251 lr=1.000e-04 | 5.85it/s skip=0 (155.0m)\n"}
,{"stream_name":"stdout","time":9419.241993031,"data":"[02:35:14] it 51025 loss=8.238 mel=1.948 durs=0.289 pitch=0.491 ctc=4.043 bin=1.086 score=0.265 fmatch=0.024 d=0.236 lr=1.000e-04 | 5.86it/s skip=0 (155.1m)\n"}
,{"stream_name":"stdout","time":9423.549463372,"data":"[02:35:19] it 51050 loss=8.951 mel=2.019 durs=0.337 pitch=0.508 ctc=4.588 bin=1.176 score=0.265 fmatch=0.024 d=0.240 lr=1.000e-04 | 5.87it/s skip=0 (155.1m)\n"}
,{"stream_name":"stdout","time":9427.807721391,"data":"[02:35:23] it 51075 loss=8.510 mel=1.823 durs=0.301 pitch=0.551 ctc=4.328 bin=1.088 score=0.290 fmatch=0.027 d=0.225 lr=1.000e-04 | 5.91it/s skip=0 (155.2m)\n"}
,{"stream_name":"stdout","time":9432.034715508,"data":"[02:35:27] it 51100 loss=7.937 mel=1.649 durs=0.245 pitch=0.445 ctc=3.966 bin=0.980 score=0.311 fmatch=0.028 d=0.252 lr=1.000e-04 | 5.96it/s skip=0 (155.3m)\n"}
,{"stream_name":"stdout","time":9436.204713461,"data":"[02:35:31] it 51125 loss=7.973 mel=1.499 durs=0.266 pitch=0.445 ctc=4.201 bin=1.107 score=0.269 fmatch=0.019 d=0.246 lr=1.000e-04 | 6.00it/s skip=0 (155.4m)\n"}
,{"stream_name":"stdout","time":9440.577125394,"data":"[02:35:36] it 51150 loss=8.719 mel=1.719 durs=0.306 pitch=0.371 ctc=4.605 bin=1.191 score=0.279 fmatch=0.022 d=0.240 lr=1.000e-04 | 5.93it/s skip=0 (155.4m)\n"}
,{"stream_name":"stdout","time":9444.912817297,"data":"[02:35:40] it 51175 loss=8.022 mel=1.614 durs=0.287 pitch=0.378 ctc=4.112 bin=1.020 score=0.296 fmatch=0.026 d=0.237 lr=1.000e-04 | 5.89it/s skip=0 (155.5m)\n"}
,{"stream_name":"stdout","time":9449.20885172,"data":"[02:35:44] it 51200 loss=8.330 mel=1.628 durs=0.280 pitch=0.510 ctc=4.373 bin=1.060 score=0.291 fmatch=0.025 d=0.243 lr=1.000e-04 | 5.89it/s skip=0 (155.6m)\n"}
,{"stream_name":"stdout","time":9453.56757701,"data":"[02:35:49] it 51225 loss=7.735 mel=1.561 durs=0.245 pitch=0.486 ctc=4.050 bin=1.020 score=0.252 fmatch=0.021 d=0.244 lr=1.000e-04 | 5.87it/s skip=0 (155.6m)\n"}
,{"stream_name":"stdout","time":9457.945273986,"data":"[02:35:53] it 51250 loss=7.083 mel=1.406 durs=0.220 pitch=0.470 ctc=3.569 bin=0.837 score=0.295 fmatch=0.021 d=0.245 lr=1.000e-04 | 5.84it/s skip=0 (155.7m)\n"}
,{"stream_name":"stdout","time":9462.2363771,"data":"[02:35:57] it 51275 loss=7.805 mel=1.640 durs=0.281 pitch=0.466 ctc=4.152 bin=1.011 score=0.226 fmatch=0.023 d=0.244 lr=1.000e-04 | 5.87it/s skip=0 (155.8m)\n"}
,{"stream_name":"stdout","time":9466.623440744,"data":"[02:36:02] it 51300 loss=8.296 mel=1.707 durs=0.297 pitch=0.402 ctc=4.278 bin=1.096 score=0.281 fmatch=0.021 d=0.248 lr=1.000e-04 | 5.84it/s skip=0 (155.9m)\n"}
,{"stream_name":"stdout","time":9470.945479988,"data":"[02:36:06] it 51325 loss=8.269 mel=1.807 durs=0.296 pitch=0.355 ctc=4.168 bin=1.100 score=0.277 fmatch=0.022 d=0.242 lr=1.000e-04 | 5.86it/s skip=0 (155.9m)\n"}
,{"stream_name":"stdout","time":9475.297745788,"data":"[02:36:10] it 51350 loss=9.244 mel=2.073 durs=0.333 pitch=0.528 ctc=4.548 bin=1.308 score=0.300 fmatch=0.028 d=0.233 lr=1.000e-04 | 5.85it/s skip=0 (156.0m)\n"}
,{"stream_name":"stdout","time":9479.592810262,"data":"[02:36:15] it 51375 loss=8.412 mel=1.887 durs=0.298 pitch=0.598 ctc=4.234 bin=1.108 score=0.268 fmatch=0.021 d=0.237 lr=1.000e-04 | 5.88it/s skip=0 (156.1m)\n"}
,{"stream_name":"stdout","time":9483.906184085,"data":"[02:36:19] it 51400 loss=8.698 mel=1.929 durs=0.333 pitch=0.726 ctc=4.457 bin=1.197 score=0.246 fmatch=0.025 d=0.230 lr=1.000e-04 | 5.87it/s skip=0 (156.2m)\n"}
,{"stream_name":"stdout","time":9488.229071722,"data":"[02:36:23] it 51425 loss=8.490 mel=1.796 durs=0.290 pitch=0.500 ctc=4.367 bin=1.183 score=0.261 fmatch=0.021 d=0.244 lr=1.000e-04 | 5.87it/s skip=0 (156.2m)\n"}
,{"stream_name":"stdout","time":9492.588016651,"data":"[02:36:28] it 51450 loss=8.877 mel=1.787 durs=0.322 pitch=0.597 ctc=4.549 bin=1.227 score=0.300 fmatch=0.025 d=0.242 lr=1.000e-04 | 5.86it/s skip=0 (156.3m)\n"}
,{"stream_name":"stdout","time":9496.887710434,"data":"[02:36:32] it 51475 loss=8.603 mel=1.796 durs=0.313 pitch=0.619 ctc=4.471 bin=1.109 score=0.278 fmatch=0.023 d=0.243 lr=1.000e-04 | 5.87it/s skip=0 (156.4m)\n"}
,{"stream_name":"stdout","time":9501.187643499,"data":"[02:36:36] it 51500 loss=8.458 mel=1.768 durs=0.298 pitch=0.450 ctc=4.298 bin=1.174 score=0.280 fmatch=0.022 d=0.237 lr=1.000e-04 | 5.88it/s skip=0 (156.4m)\n"}
,{"stream_name":"stdout","time":9505.717667203,"data":"[02:36:41] it 51525 loss=8.375 mel=1.720 durs=0.248 pitch=0.426 ctc=4.292 bin=1.017 score=0.313 fmatch=0.027 d=0.248 lr=1.000e-04 | 5.87it/s skip=0 (156.5m)\n"}
,{"stream_name":"stdout","time":9510.067018714,"data":"[02:36:45] it 51550 loss=7.975 mel=1.513 durs=0.245 pitch=0.588 ctc=4.155 bin=1.011 score=0.297 fmatch=0.026 d=0.240 lr=1.000e-04 | 5.86it/s skip=0 (156.6m)\n"}
,{"stream_name":"stdout","time":9514.391677094,"data":"[02:36:50] it 51575 loss=8.019 mel=1.613 durs=0.257 pitch=0.535 ctc=4.044 bin=0.961 score=0.322 fmatch=0.033 d=0.234 lr=1.000e-04 | 5.87it/s skip=0 (156.7m)\n"}
,{"stream_name":"stdout","time":9518.883783766,"data":"[02:36:54] it 51600 loss=8.148 mel=1.522 durs=0.259 pitch=0.602 ctc=4.386 bin=1.062 score=0.268 fmatch=0.022 d=0.239 lr=1.000e-04 | 5.79it/s skip=0 (156.7m)\n"}
,{"stream_name":"stdout","time":9523.203644936,"data":"[02:36:58] it 51625 loss=7.851 mel=1.664 durs=0.264 pitch=0.491 ctc=4.108 bin=1.052 score=0.232 fmatch=0.025 d=0.248 lr=1.000e-04 | 5.82it/s skip=0 (156.8m)\n"}
,{"stream_name":"stdout","time":9527.521941871,"data":"[02:37:03] it 51650 loss=8.747 mel=1.931 durs=0.277 pitch=0.436 ctc=4.378 bin=1.205 score=0.285 fmatch=0.021 d=0.249 lr=1.000e-04 | 5.84it/s skip=0 (156.9m)\n"}
,{"stream_name":"stdout","time":9531.758298075,"data":"[02:37:07] it 51675 loss=7.721 mel=1.558 durs=0.247 pitch=0.569 ctc=3.933 bin=1.028 score=0.275 fmatch=0.021 d=0.247 lr=1.000e-04 | 5.90it/s skip=0 (157.0m)\n"}
,{"stream_name":"stdout","time":9536.1106163,"data":"[02:37:11] it 51700 loss=8.330 mel=1.784 durs=0.304 pitch=0.479 ctc=4.198 bin=1.083 score=0.290 fmatch=0.025 d=0.239 lr=1.000e-04 | 5.88it/s skip=0 (157.0m)\n"}
,{"stream_name":"stdout","time":9540.281163048,"data":"[02:37:15] it 51725 loss=9.253 mel=2.186 durs=0.409 pitch=0.479 ctc=4.473 bin=1.417 score=0.266 fmatch=0.023 d=0.235 lr=1.000e-04 | 5.97it/s skip=0 (157.1m)\n"}
,{"stream_name":"stdout","time":9544.707463431,"data":"[02:37:20] it 51750 loss=8.288 mel=1.898 durs=0.283 pitch=0.453 ctc=4.191 bin=1.095 score=0.252 fmatch=0.024 d=0.237 lr=1.000e-04 | 5.88it/s skip=0 (157.2m)\n"}
,{"stream_name":"stdout","time":9548.957417263,"data":"[02:37:24] it 51775 loss=7.953 mel=1.696 durs=0.261 pitch=0.549 ctc=4.062 bin=1.004 score=0.272 fmatch=0.023 d=0.235 lr=1.000e-04 | 5.93it/s skip=0 (157.2m)\n"}
,{"stream_name":"stdout","time":9553.46271027,"data":"[02:37:29] it 51800 loss=8.319 mel=1.795 durs=0.297 pitch=0.442 ctc=4.246 bin=1.151 score=0.258 fmatch=0.022 d=0.240 lr=1.000e-04 | 5.84it/s skip=0 (157.3m)\n"}
,{"stream_name":"stdout","time":9557.847034593,"data":"[02:37:33] it 51825 loss=8.221 mel=1.820 durs=0.291 pitch=0.452 ctc=4.182 bin=1.025 score=0.274 fmatch=0.023 d=0.240 lr=1.000e-04 | 5.82it/s skip=0 (157.4m)\n"}
,{"stream_name":"stdout","time":9562.117281239,"data":"[02:37:37] it 51850 loss=8.471 mel=1.788 durs=0.282 pitch=0.509 ctc=4.344 bin=1.184 score=0.263 fmatch=0.022 d=0.239 lr=1.000e-04 | 5.87it/s skip=0 (157.5m)\n"}
,{"stream_name":"stdout","time":9566.449179706,"data":"[02:37:42] it 51875 loss=7.920 mel=1.656 durs=0.254 pitch=0.525 ctc=4.004 bin=1.005 score=0.288 fmatch=0.024 d=0.236 lr=1.000e-04 | 5.88it/s skip=0 (157.5m)\n"}
,{"stream_name":"stdout","time":9570.710907372,"data":"[02:37:46] it 51900 loss=9.592 mel=2.148 durs=0.395 pitch=0.472 ctc=4.875 bin=1.383 score=0.269 fmatch=0.023 d=0.234 lr=1.000e-04 | 5.91it/s skip=0 (157.6m)\n"}
,{"stream_name":"stdout","time":9574.977003077,"data":"[02:37:50] it 51925 loss=8.172 mel=1.767 durs=0.301 pitch=0.475 ctc=4.132 bin=1.153 score=0.255 fmatch=0.022 d=0.239 lr=1.000e-04 | 5.92it/s skip=0 (157.7m)\n"}
,{"stream_name":"stdout","time":9579.349887942,"data":"[02:37:54] it 51950 loss=7.705 mel=1.530 durs=0.257 pitch=0.399 ctc=4.065 bin=0.980 score=0.261 fmatch=0.020 d=0.249 lr=1.000e-04 | 5.87it/s skip=0 (157.7m)\n"}
,{"stream_name":"stdout","time":9583.633371082,"data":"[02:37:59] it 51975 loss=7.886 mel=1.594 durs=0.252 pitch=0.354 ctc=4.072 bin=1.010 score=0.281 fmatch=0.023 d=0.240 lr=1.000e-04 | 5.89it/s skip=0 (157.8m)\n"}
,{"stream_name":"stdout","time":9587.931616886,"data":"[02:38:03] it 52000 loss=8.539 mel=1.828 durs=0.308 pitch=0.446 ctc=4.443 bin=1.150 score=0.254 fmatch=0.025 d=0.239 lr=1.000e-04 | 5.90it/s skip=0 (157.9m)\n"}
,{"stream_name":"stdout","time":9588.407655764,"data":"[02:38:04] [train] probes saved at iter 52000\n"}
,{"stream_name":"stdout","time":9601.045532624,"data":"[02:38:16] [val] it 52000 loss=7.238 mel=1.830 durs=0.283 pitch=0.503 ctc=4.238 (12.6s)\n"}
,{"stream_name":"stdout","time":9605.472416338,"data":"[02:38:21] it 52025 loss=8.820 mel=1.855 durs=0.310 pitch=0.443 ctc=4.518 bin=1.178 score=0.291 fmatch=0.027 d=0.238 lr=1.000e-04 | 5.86it/s skip=0 (158.2m)\n"}
,{"stream_name":"stdout","time":9609.766604161,"data":"[02:38:25] it 52050 loss=8.054 mel=1.680 durs=0.278 pitch=0.494 ctc=4.129 bin=1.098 score=0.262 fmatch=0.020 d=0.246 lr=1.000e-04 | 5.88it/s skip=0 (158.3m)\n"}
,{"stream_name":"stdout","time":9614.074234156,"data":"[02:38:29] it 52075 loss=7.792 mel=1.616 durs=0.258 pitch=0.635 ctc=4.065 bin=1.021 score=0.245 fmatch=0.021 d=0.239 lr=1.000e-04 | 5.90it/s skip=0 (158.3m)\n"}
,{"stream_name":"stdout","time":9618.402465866,"data":"[02:38:34] it 52100 loss=8.405 mel=1.797 durs=0.309 pitch=0.517 ctc=4.313 bin=1.132 score=0.265 fmatch=0.021 d=0.246 lr=1.000e-04 | 5.90it/s skip=0 (158.4m)\n"}
,{"stream_name":"stdout","time":9622.648440564,"data":"[02:38:38] it 52125 loss=8.203 mel=1.805 durs=0.292 pitch=0.444 ctc=4.168 bin=1.118 score=0.254 fmatch=0.022 d=0.243 lr=1.000e-04 | 5.94it/s skip=0 (158.5m)\n"}
,{"stream_name":"stdout","time":9626.933476003,"data":"[02:38:42] it 52150 loss=7.584 mel=1.479 durs=0.242 pitch=0.493 ctc=4.013 bin=0.975 score=0.254 fmatch=0.026 d=0.239 lr=1.000e-04 | 5.94it/s skip=0 (158.5m)\n"}
,{"stream_name":"stdout","time":9631.235709555,"data":"[02:38:46] it 52175 loss=8.486 mel=1.895 durs=0.282 pitch=0.619 ctc=4.251 bin=1.154 score=0.268 fmatch=0.023 d=0.235 lr=1.000e-04 | 5.93it/s skip=0 (158.6m)\n"}
,{"stream_name":"stdout","time":9635.511792175,"data":"[02:38:51] it 52200 loss=7.686 mel=1.637 durs=0.259 pitch=0.334 ctc=3.957 bin=0.942 score=0.267 fmatch=0.023 d=0.247 lr=1.000e-04 | 5.94it/s skip=0 (158.7m)\n"}
,{"stream_name":"stdout","time":9639.866538385,"data":"[02:38:55] it 52225 loss=8.609 mel=1.744 durs=0.312 pitch=0.595 ctc=4.333 bin=1.205 score=0.302 fmatch=0.027 d=0.236 lr=1.000e-04 | 5.90it/s skip=0 (158.8m)\n"}
,{"stream_name":"stdout","time":9644.070825662,"data":"[02:38:59] it 52250 loss=8.056 mel=1.739 durs=0.249 pitch=0.441 ctc=4.024 bin=1.056 score=0.286 fmatch=0.022 d=0.248 lr=1.000e-04 | 5.97it/s skip=0 (158.8m)\n"}
,{"stream_name":"stdout","time":9648.281417545,"data":"[02:39:03] it 52275 loss=8.126 mel=1.506 durs=0.255 pitch=0.518 ctc=4.342 bin=1.047 score=0.283 fmatch=0.023 d=0.248 lr=1.000e-04 | 5.99it/s skip=0 (158.9m)\n"}
,{"stream_name":"stdout","time":9652.513763655,"data":"[02:39:08] it 52300 loss=7.694 mel=1.621 durs=0.246 pitch=0.541 ctc=3.958 bin=0.958 score=0.264 fmatch=0.023 d=0.242 lr=1.000e-04 | 5.99it/s skip=0 (159.0m)\n"}
,{"stream_name":"stdout","time":9656.720010319,"data":"[02:39:12] it 52325 loss=8.090 mel=1.601 durs=0.275 pitch=0.532 ctc=4.241 bin=1.042 score=0.276 fmatch=0.024 d=0.232 lr=1.000e-04 | 6.01it/s skip=0 (159.0m)\n"}
,{"stream_name":"stdout","time":9661.022888523,"data":"[02:39:16] it 52350 loss=9.109 mel=2.162 durs=0.347 pitch=0.502 ctc=4.463 bin=1.236 score=0.285 fmatch=0.024 d=0.238 lr=1.000e-04 | 5.96it/s skip=0 (159.1m)\n"}
,{"stream_name":"stdout","time":9665.231883361,"data":"[02:39:20] it 52375 loss=8.482 mel=1.940 durs=0.283 pitch=0.655 ctc=4.306 bin=1.073 score=0.263 fmatch=0.018 d=0.257 lr=1.000e-04 | 5.99it/s skip=0 (159.2m)\n"}
,{"stream_name":"stdout","time":9669.396375417,"data":"[02:39:25] it 52400 loss=8.281 mel=1.691 durs=0.278 pitch=0.523 ctc=4.247 bin=1.083 score=0.290 fmatch=0.022 d=0.246 lr=1.000e-04 | 6.04it/s skip=0 (159.2m)\n"}
,{"stream_name":"stdout","time":9673.688859689,"data":"[02:39:29] it 52425 loss=8.823 mel=1.869 durs=0.352 pitch=0.560 ctc=4.562 bin=1.204 score=0.269 fmatch=0.022 d=0.248 lr=1.000e-04 | 6.00it/s skip=0 (159.3m)\n"}
,{"stream_name":"stdout","time":9677.86714163,"data":"[02:39:33] it 52450 loss=8.648 mel=1.847 durs=0.315 pitch=0.540 ctc=4.369 bin=1.156 score=0.291 fmatch=0.027 d=0.234 lr=1.000e-04 | 6.03it/s skip=0 (159.4m)\n"}
,{"stream_name":"stdout","time":9682.134754294,"data":"[02:39:37] it 52475 loss=8.113 mel=1.716 durs=0.249 pitch=0.481 ctc=4.119 bin=1.006 score=0.293 fmatch=0.027 d=0.229 lr=1.000e-04 | 5.99it/s skip=0 (159.5m)\n"}
,{"stream_name":"stdout","time":9686.392703701,"data":"[02:39:42] it 52500 loss=8.420 mel=1.733 durs=0.302 pitch=0.478 ctc=4.325 bin=1.165 score=0.274 fmatch=0.023 d=0.240 lr=1.000e-04 | 5.99it/s skip=0 (159.5m)\n"}
,{"stream_name":"stdout","time":9690.850704721,"data":"[02:39:46] it 52525 loss=8.577 mel=1.849 durs=0.315 pitch=0.710 ctc=4.474 bin=1.163 score=0.241 fmatch=0.023 d=0.243 lr=1.000e-04 | 5.96it/s skip=0 (159.6m)\n"}
,{"stream_name":"stdout","time":9695.141458862,"data":"[02:39:50] it 52550 loss=7.944 mel=1.580 durs=0.267 pitch=0.675 ctc=4.150 bin=0.958 score=0.285 fmatch=0.023 d=0.238 lr=1.000e-04 | 5.94it/s skip=0 (159.7m)\n"}
,{"stream_name":"stdout","time":9699.426739476,"data":"[02:39:55] it 52575 loss=8.915 mel=1.803 durs=0.355 pitch=0.503 ctc=4.665 bin=1.372 score=0.242 fmatch=0.021 d=0.248 lr=1.000e-04 | 5.94it/s skip=0 (159.7m)\n"}
,{"stream_name":"stdout","time":9703.6532159,"data":"[02:39:59] it 52600 loss=9.273 mel=2.112 durs=0.348 pitch=0.466 ctc=4.715 bin=1.361 score=0.244 fmatch=0.026 d=0.226 lr=1.000e-04 | 5.97it/s skip=0 (159.8m)\n"}
,{"stream_name":"stdout","time":9707.958652511,"data":"[02:40:03] it 52625 loss=8.514 mel=1.703 durs=0.306 pitch=0.400 ctc=4.430 bin=1.160 score=0.282 fmatch=0.024 d=0.233 lr=1.000e-04 | 5.95it/s skip=0 (159.9m)\n"}
,{"stream_name":"stdout","time":9712.225613688,"data":"[02:40:07] it 52650 loss=8.252 mel=1.743 durs=0.311 pitch=0.434 ctc=4.384 bin=1.122 score=0.226 fmatch=0.024 d=0.237 lr=1.000e-04 | 5.95it/s skip=0 (160.0m)\n"}
,{"stream_name":"stdout","time":9716.466004795,"data":"[02:40:12] it 52675 loss=8.228 mel=1.644 durs=0.298 pitch=0.515 ctc=4.444 bin=1.039 score=0.249 fmatch=0.022 d=0.247 lr=1.000e-04 | 5.97it/s skip=0 (160.0m)\n"}
,{"stream_name":"stdout","time":9720.818010588,"data":"[02:40:16] it 52700 loss=8.246 mel=1.714 durs=0.304 pitch=0.431 ctc=4.250 bin=1.070 score=0.279 fmatch=0.023 d=0.237 lr=1.000e-04 | 5.92it/s skip=0 (160.1m)\n"}
,{"stream_name":"stdout","time":9725.014215822,"data":"[02:40:20] it 52725 loss=8.122 mel=1.771 durs=0.290 pitch=0.507 ctc=4.232 bin=1.038 score=0.244 fmatch=0.023 d=0.244 lr=1.000e-04 | 5.97it/s skip=0 (160.2m)\n"}
,{"stream_name":"stdout","time":9729.203766175,"data":"[02:40:24] it 52750 loss=8.126 mel=1.804 durs=0.297 pitch=0.571 ctc=4.186 bin=1.114 score=0.228 fmatch=0.024 d=0.244 lr=1.000e-04 | 6.01it/s skip=0 (160.2m)\n"}
,{"stream_name":"stdout","time":9733.546833721,"data":"[02:40:29] it 52775 loss=7.522 mel=1.528 durs=0.225 pitch=0.444 ctc=3.925 bin=0.895 score=0.272 fmatch=0.019 d=0.253 lr=1.000e-04 | 5.94it/s skip=0 (160.3m)\n"}
,{"stream_name":"stdout","time":9737.78394794,"data":"[02:40:33] it 52800 loss=8.244 mel=1.783 durs=0.277 pitch=0.480 ctc=4.295 bin=1.111 score=0.239 fmatch=0.023 d=0.242 lr=1.000e-04 | 5.95it/s skip=0 (160.4m)\n"}
,{"stream_name":"stdout","time":9742.118635019,"data":"[02:40:37] it 52825 loss=7.946 mel=1.697 durs=0.250 pitch=0.716 ctc=4.130 bin=0.922 score=0.270 fmatch=0.020 d=0.248 lr=1.000e-04 | 5.92it/s skip=0 (160.5m)\n"}
,{"stream_name":"stdout","time":9746.465597895,"data":"[02:40:42] it 52850 loss=7.712 mel=1.638 durs=0.253 pitch=0.548 ctc=4.021 bin=0.946 score=0.252 fmatch=0.018 d=0.243 lr=1.000e-04 | 5.89it/s skip=0 (160.5m)\n"}
,{"stream_name":"stdout","time":9750.681712907,"data":"[02:40:46] it 52875 loss=8.008 mel=1.736 durs=0.307 pitch=0.364 ctc=4.176 bin=1.086 score=0.229 fmatch=0.026 d=0.244 lr=1.000e-04 | 5.94it/s skip=0 (160.6m)\n"}
,{"stream_name":"stdout","time":9754.95861607,"data":"[02:40:50] it 52900 loss=8.355 mel=1.749 durs=0.300 pitch=0.484 ctc=4.396 bin=1.144 score=0.241 fmatch=0.023 d=0.245 lr=1.000e-04 | 5.94it/s skip=0 (160.7m)\n"}
,{"stream_name":"stdout","time":9759.187544159,"data":"[02:40:54] it 52925 loss=8.148 mel=1.691 durs=0.283 pitch=0.584 ctc=4.332 bin=1.011 score=0.251 fmatch=0.022 d=0.249 lr=1.000e-04 | 5.96it/s skip=0 (160.7m)\n"}
,{"stream_name":"stdout","time":9763.513973415,"data":"[02:40:59] it 52950 loss=8.387 mel=1.709 durs=0.302 pitch=0.487 ctc=4.526 bin=1.089 score=0.240 fmatch=0.023 d=0.246 lr=1.000e-04 | 5.93it/s skip=0 (160.8m)\n"}
,{"stream_name":"stdout","time":9767.680846782,"data":"[02:41:03] it 52975 loss=8.750 mel=1.870 durs=0.309 pitch=0.716 ctc=4.499 bin=1.177 score=0.270 fmatch=0.023 d=0.238 lr=1.000e-04 | 6.00it/s skip=0 (160.9m)\n"}
,{"stream_name":"stdout","time":9772.055526407,"data":"[02:41:07] it 53000 loss=8.299 mel=1.685 durs=0.284 pitch=0.521 ctc=4.103 bin=1.105 score=0.324 fmatch=0.030 d=0.249 lr=1.000e-04 | 5.93it/s skip=0 (161.0m)\n"}
,{"stream_name":"stdout","time":9776.601845051,"data":"[02:41:12] it 53025 loss=8.691 mel=1.789 durs=0.310 pitch=0.455 ctc=4.486 bin=1.128 score=0.296 fmatch=0.028 d=0.245 lr=1.000e-04 | 5.89it/s skip=0 (161.0m)\n"}
,{"stream_name":"stdout","time":9780.820361744,"data":"[02:41:16] it 53050 loss=8.272 mel=1.661 durs=0.276 pitch=0.510 ctc=4.324 bin=1.041 score=0.285 fmatch=0.025 d=0.236 lr=1.000e-04 | 5.96it/s skip=0 (161.1m)\n"}
,{"stream_name":"stdout","time":9785.093785471,"data":"[02:41:20] it 53075 loss=7.807 mel=1.518 durs=0.251 pitch=0.444 ctc=3.969 bin=0.978 score=0.312 fmatch=0.027 d=0.257 lr=1.000e-04 | 5.95it/s skip=0 (161.2m)\n"}
,{"stream_name":"stdout","time":9789.344240887,"data":"[02:41:24] it 53100 loss=7.999 mel=1.594 durs=0.271 pitch=0.412 ctc=4.123 bin=1.057 score=0.284 fmatch=0.021 d=0.239 lr=1.000e-04 | 5.97it/s skip=0 (161.2m)\n"}
,{"stream_name":"stdout","time":9793.65048286,"data":"[02:41:29] it 53125 loss=7.987 mel=1.502 durs=0.274 pitch=0.470 ctc=4.244 bin=1.047 score=0.274 fmatch=0.024 d=0.239 lr=1.000e-04 | 5.94it/s skip=0 (161.3m)\n"}
,{"stream_name":"stdout","time":9797.830619093,"data":"[02:41:33] it 53150 loss=7.843 mel=1.691 durs=0.250 pitch=0.471 ctc=3.941 bin=0.951 score=0.291 fmatch=0.024 d=0.235 lr=1.000e-04 | 6.00it/s skip=0 (161.4m)\n"}
,{"stream_name":"stdout","time":9802.107500046,"data":"[02:41:37] it 53175 loss=7.397 mel=1.502 durs=0.263 pitch=0.555 ctc=3.882 bin=1.029 score=0.219 fmatch=0.025 d=0.249 lr=1.000e-04 | 5.97it/s skip=0 (161.5m)\n"}
,{"stream_name":"stdout","time":9806.383814983,"data":"[02:41:42] it 53200 loss=8.152 mel=1.676 durs=0.282 pitch=0.420 ctc=4.226 bin=1.110 score=0.262 fmatch=0.022 d=0.243 lr=1.000e-04 | 5.96it/s skip=0 (161.5m)\n"}
,{"stream_name":"stdout","time":9810.636617657,"data":"[02:41:46] it 53225 loss=7.807 mel=1.461 durs=0.270 pitch=0.396 ctc=4.105 bin=1.099 score=0.264 fmatch=0.019 d=0.248 lr=1.000e-04 | 5.97it/s skip=0 (161.6m)\n"}
,{"stream_name":"stdout","time":9814.950951332,"data":"[02:41:50] it 53250 loss=7.972 mel=1.676 durs=0.300 pitch=0.487 ctc=4.226 bin=1.067 score=0.224 fmatch=0.026 d=0.249 lr=1.000e-04 | 5.94it/s skip=0 (161.7m)\n"}
,{"stream_name":"stdout","time":9819.311014143,"data":"[02:41:54] it 53275 loss=8.134 mel=1.790 durs=0.328 pitch=0.504 ctc=4.125 bin=1.143 score=0.242 fmatch=0.023 d=0.240 lr=1.000e-04 | 5.90it/s skip=0 (161.7m)\n"}
,{"stream_name":"stdout","time":9823.660633529,"data":"[02:41:59] it 53300 loss=8.672 mel=1.703 durs=0.339 pitch=0.470 ctc=4.559 bin=1.265 score=0.261 fmatch=0.021 d=0.242 lr=1.000e-04 | 5.88it/s skip=0 (161.8m)\n"}
,{"stream_name":"stdout","time":9827.90695634,"data":"[02:42:03] it 53325 loss=7.891 mel=1.549 durs=0.286 pitch=0.463 ctc=4.241 bin=0.984 score=0.255 fmatch=0.020 d=0.248 lr=1.000e-04 | 5.92it/s skip=0 (161.9m)\n"}
,{"stream_name":"stdout","time":9832.191463957,"data":"[02:42:07] it 53350 loss=8.468 mel=1.818 durs=0.299 pitch=0.510 ctc=4.210 bin=1.124 score=0.302 fmatch=0.027 d=0.234 lr=1.000e-04 | 5.93it/s skip=0 (162.0m)\n"}
,{"stream_name":"stdout","time":9836.410555401,"data":"[02:42:12] it 53375 loss=8.154 mel=1.660 durs=0.305 pitch=0.437 ctc=4.178 bin=1.083 score=0.284 fmatch=0.022 d=0.248 lr=1.000e-04 | 5.97it/s skip=0 (162.0m)\n"}
,{"stream_name":"stdout","time":9840.684909962,"data":"[02:42:16] it 53400 loss=8.847 mel=1.769 durs=0.324 pitch=0.725 ctc=4.691 bin=1.233 score=0.257 fmatch=0.023 d=0.250 lr=1.000e-04 | 5.96it/s skip=0 (162.1m)\n"}
,{"stream_name":"stdout","time":9844.949097422,"data":"[02:42:20] it 53425 loss=7.776 mel=1.665 durs=0.260 pitch=0.471 ctc=3.956 bin=1.033 score=0.258 fmatch=0.018 d=0.246 lr=1.000e-04 | 5.98it/s skip=0 (162.2m)\n"}
,{"stream_name":"stdout","time":9849.14216998,"data":"[02:42:24] it 53450 loss=8.358 mel=1.888 durs=0.324 pitch=0.709 ctc=4.193 bin=1.007 score=0.286 fmatch=0.024 d=0.239 lr=1.000e-04 | 6.01it/s skip=0 (162.2m)\n"}
,{"stream_name":"stdout","time":9853.443802799,"data":"[02:42:29] it 53475 loss=7.950 mel=1.422 durs=0.253 pitch=0.625 ctc=4.238 bin=1.023 score=0.289 fmatch=0.024 d=0.243 lr=1.000e-04 | 5.97it/s skip=0 (162.3m)\n"}
,{"stream_name":"stdout","time":9857.683633869,"data":"[02:42:33] it 53500 loss=8.345 mel=1.678 durs=0.287 pitch=0.425 ctc=4.271 bin=1.174 score=0.282 fmatch=0.024 d=0.242 lr=1.000e-04 | 5.98it/s skip=0 (162.4m)\n"}
,{"stream_name":"stdout","time":9862.141814998,"data":"[02:42:37] it 53525 loss=8.364 mel=1.622 durs=0.283 pitch=0.554 ctc=4.208 bin=1.036 score=0.345 fmatch=0.034 d=0.253 lr=1.000e-04 | 5.94it/s skip=0 (162.5m)\n"}
,{"stream_name":"stdout","time":9866.404993913,"data":"[02:42:42] it 53550 loss=8.043 mel=1.636 durs=0.298 pitch=0.482 ctc=4.150 bin=1.070 score=0.272 fmatch=0.021 d=0.253 lr=1.000e-04 | 5.95it/s skip=0 (162.5m)\n"}
,{"stream_name":"stdout","time":9870.763665652,"data":"[02:42:46] it 53575 loss=8.257 mel=1.838 durs=0.284 pitch=0.530 ctc=4.190 bin=1.085 score=0.260 fmatch=0.022 d=0.242 lr=1.000e-04 | 5.90it/s skip=0 (162.6m)\n"}
,{"stream_name":"stdout","time":9875.049066566,"data":"[02:42:50] it 53600 loss=8.343 mel=1.711 durs=0.281 pitch=0.600 ctc=4.227 bin=1.115 score=0.294 fmatch=0.026 d=0.236 lr=1.000e-04 | 5.92it/s skip=0 (162.7m)\n"}
,{"stream_name":"stdout","time":9879.291668464,"data":"[02:42:54] it 53625 loss=8.298 mel=1.827 durs=0.293 pitch=0.457 ctc=4.112 bin=1.057 score=0.300 fmatch=0.025 d=0.244 lr=1.000e-04 | 5.95it/s skip=0 (162.7m)\n"}
,{"stream_name":"stdout","time":9883.560877038,"data":"[02:42:59] it 53650 loss=7.586 mel=1.474 durs=0.240 pitch=0.464 ctc=4.050 bin=0.965 score=0.252 fmatch=0.020 d=0.246 lr=1.000e-04 | 5.95it/s skip=0 (162.8m)\n"}
,{"stream_name":"stdout","time":9887.83789121,"data":"[02:43:03] it 53675 loss=7.764 mel=1.541 durs=0.246 pitch=0.538 ctc=3.950 bin=0.918 score=0.313 fmatch=0.027 d=0.243 lr=1.000e-04 | 5.95it/s skip=0 (162.9m)\n"}
,{"stream_name":"stdout","time":9892.146318714,"data":"[02:43:07] it 53700 loss=7.937 mel=1.595 durs=0.266 pitch=0.475 ctc=4.052 bin=1.083 score=0.278 fmatch=0.022 d=0.244 lr=1.000e-04 | 5.94it/s skip=0 (163.0m)\n"}
,{"stream_name":"stdout","time":9896.39638093,"data":"[02:43:12] it 53725 loss=7.988 mel=1.679 durs=0.273 pitch=0.440 ctc=4.006 bin=1.018 score=0.297 fmatch=0.024 d=0.248 lr=1.000e-04 | 5.96it/s skip=0 (163.0m)\n"}
,{"stream_name":"stdout","time":9900.703417381,"data":"[02:43:16] it 53750 loss=8.557 mel=1.768 durs=0.290 pitch=0.492 ctc=4.381 bin=1.135 score=0.293 fmatch=0.024 d=0.255 lr=1.000e-04 | 5.94it/s skip=0 (163.1m)\n"}
,{"stream_name":"stdout","time":9905.07688912,"data":"[02:43:20] it 53775 loss=8.075 mel=1.547 durs=0.282 pitch=0.631 ctc=4.265 bin=1.036 score=0.278 fmatch=0.023 d=0.238 lr=1.000e-04 | 5.89it/s skip=0 (163.2m)\n"}
,{"stream_name":"stdout","time":9909.260542702,"data":"[02:43:24] it 53800 loss=8.795 mel=2.040 durs=0.355 pitch=0.494 ctc=4.458 bin=1.214 score=0.243 fmatch=0.027 d=0.226 lr=1.000e-04 | 5.96it/s skip=0 (163.2m)\n"}
,{"stream_name":"stdout","time":9913.527088414,"data":"[02:43:29] it 53825 loss=8.142 mel=1.559 durs=0.278 pitch=0.424 ctc=4.189 bin=1.077 score=0.305 fmatch=0.026 d=0.234 lr=1.000e-04 | 5.97it/s skip=0 (163.3m)\n"}
,{"stream_name":"stdout","time":9917.825492903,"data":"[02:43:33] it 53850 loss=8.281 mel=1.657 durs=0.285 pitch=0.377 ctc=4.383 bin=1.110 score=0.262 fmatch=0.019 d=0.245 lr=1.000e-04 | 5.94it/s skip=0 (163.4m)\n"}
,{"stream_name":"stdout","time":9922.056953291,"data":"[02:43:37] it 53875 loss=7.867 mel=1.625 durs=0.286 pitch=0.635 ctc=3.929 bin=0.983 score=0.303 fmatch=0.027 d=0.246 lr=1.000e-04 | 5.97it/s skip=0 (163.5m)\n"}
,{"stream_name":"stdout","time":9926.337890395,"data":"[02:43:41] it 53900 loss=8.054 mel=1.583 durs=0.239 pitch=0.603 ctc=4.262 bin=1.044 score=0.265 fmatch=0.021 d=0.235 lr=1.000e-04 | 5.95it/s skip=0 (163.5m)\n"}
,{"stream_name":"stdout","time":9930.587960266,"data":"[02:43:46] it 53925 loss=8.308 mel=1.770 durs=0.299 pitch=0.586 ctc=4.354 bin=1.100 score=0.243 fmatch=0.024 d=0.254 lr=1.000e-04 | 5.96it/s skip=0 (163.6m)\n"}
,{"stream_name":"stdout","time":9934.82767899,"data":"[02:43:50] it 53950 loss=8.541 mel=1.886 durs=0.294 pitch=0.457 ctc=4.371 bin=1.044 score=0.286 fmatch=0.023 d=0.242 lr=1.000e-04 | 5.98it/s skip=0 (163.7m)\n"}
,{"stream_name":"stdout","time":9939.077729439,"data":"[02:43:54] it 53975 loss=8.403 mel=1.724 durs=0.277 pitch=0.465 ctc=4.373 bin=0.994 score=0.303 fmatch=0.026 d=0.236 lr=1.000e-04 | 5.97it/s skip=0 (163.7m)\n"}
,{"stream_name":"stdout","time":9943.326362696,"data":"[02:43:58] it 54000 loss=9.130 mel=1.943 durs=0.306 pitch=0.483 ctc=4.457 bin=1.265 score=0.339 fmatch=0.032 d=0.245 lr=1.000e-04 | 5.98it/s skip=0 (163.8m)\n"}
,{"stream_name":"stdout","time":9943.796981412,"data":"[02:43:59] [train] probes saved at iter 54000\n"}
,{"stream_name":"stdout","time":9956.289294033,"data":"[02:44:11] [val] it 54000 loss=7.224 mel=1.833 durs=0.282 pitch=0.503 ctc=4.231 (12.5s)\n"}
,{"stream_name":"stdout","time":9960.554036203,"data":"[02:44:16] it 54025 loss=7.753 mel=1.724 durs=0.283 pitch=0.369 ctc=3.886 bin=0.954 score=0.275 fmatch=0.024 d=0.254 lr=1.000e-04 | 5.97it/s skip=0 (164.1m)\n"}
,{"stream_name":"stdout","time":9964.838347006,"data":"[02:44:20] it 54050 loss=8.284 mel=1.697 durs=0.286 pitch=0.558 ctc=4.274 bin=1.135 score=0.269 fmatch=0.020 d=0.240 lr=1.000e-04 | 5.96it/s skip=0 (164.2m)\n"}
,{"stream_name":"stdout","time":9969.03876516,"data":"[02:44:24] it 54075 loss=8.772 mel=1.890 durs=0.314 pitch=0.412 ctc=4.317 bin=1.247 score=0.305 fmatch=0.025 d=0.245 lr=1.000e-04 | 6.00it/s skip=0 (164.2m)\n"}
,{"stream_name":"stdout","time":9973.353334416,"data":"[02:44:28] it 54100 loss=7.150 mel=1.391 durs=0.229 pitch=0.406 ctc=3.776 bin=0.842 score=0.265 fmatch=0.019 d=0.241 lr=1.000e-04 | 5.96it/s skip=0 (164.3m)\n"}
,{"stream_name":"stdout","time":9977.615428784,"data":"[02:44:33] it 54125 loss=8.296 mel=1.473 durs=0.269 pitch=0.581 ctc=4.538 bin=1.122 score=0.264 fmatch=0.019 d=0.247 lr=1.000e-04 | 5.96it/s skip=0 (164.4m)\n"}
,{"stream_name":"stdout","time":9981.870500829,"data":"[02:44:37] it 54150 loss=8.276 mel=1.911 durs=0.293 pitch=0.489 ctc=4.077 bin=1.013 score=0.293 fmatch=0.023 d=0.240 lr=1.000e-04 | 5.96it/s skip=0 (164.5m)\n"}
,{"stream_name":"stdout","time":9986.152795333,"data":"[02:44:41] it 54175 loss=8.336 mel=1.682 durs=0.288 pitch=0.432 ctc=4.227 bin=1.149 score=0.296 fmatch=0.024 d=0.256 lr=1.000e-04 | 5.96it/s skip=0 (164.5m)\n"}
,{"stream_name":"stdout","time":9990.463864559,"data":"[02:44:46] it 54200 loss=8.215 mel=1.663 durs=0.247 pitch=0.447 ctc=4.405 bin=0.993 score=0.266 fmatch=0.020 d=0.244 lr=1.000e-04 | 5.93it/s skip=0 (164.6m)\n"}
,{"stream_name":"stdout","time":9994.715068765,"data":"[02:44:50] it 54225 loss=7.956 mel=1.616 durs=0.276 pitch=0.499 ctc=3.973 bin=0.988 score=0.318 fmatch=0.026 d=0.248 lr=1.000e-04 | 5.94it/s skip=0 (164.7m)\n"}
,{"stream_name":"stdout","time":9999.028415396,"data":"[02:44:54] it 54250 loss=8.465 mel=1.753 durs=0.320 pitch=0.493 ctc=4.370 bin=1.112 score=0.281 fmatch=0.025 d=0.231 lr=1.000e-04 | 5.93it/s skip=0 (164.7m)\n"}
,{"stream_name":"stdout","time":10003.472061247,"data":"[02:44:59] it 54275 loss=7.469 mel=1.374 durs=0.229 pitch=0.426 ctc=4.030 bin=0.912 score=0.268 fmatch=0.019 d=0.247 lr=1.000e-04 | 5.88it/s skip=0 (164.8m)\n"}
,{"stream_name":"stdout","time":10007.891288083,"data":"[02:45:03] it 54300 loss=8.263 mel=1.604 durs=0.288 pitch=0.389 ctc=4.276 bin=1.051 score=0.309 fmatch=0.027 d=0.236 lr=1.000e-04 | 5.84it/s skip=0 (164.9m)\n"}
,{"stream_name":"stdout","time":10012.208509072,"data":"[02:45:07] it 54325 loss=8.053 mel=1.793 durs=0.285 pitch=0.607 ctc=4.083 bin=1.021 score=0.261 fmatch=0.021 d=0.243 lr=1.000e-04 | 5.86it/s skip=0 (165.0m)\n"}
,{"stream_name":"stdout","time":10016.334538873,"data":"[02:45:11] it 54350 loss=8.318 mel=1.721 durs=0.293 pitch=0.504 ctc=4.302 bin=1.078 score=0.279 fmatch=0.022 d=0.246 lr=1.000e-04 | 5.98it/s skip=0 (165.0m)\n"}
,{"stream_name":"stdout","time":10020.654208089,"data":"[02:45:16] it 54375 loss=8.522 mel=1.587 durs=0.266 pitch=0.543 ctc=4.228 bin=1.144 score=0.362 fmatch=0.034 d=0.263 lr=1.000e-04 | 5.94it/s skip=0 (165.1m)\n"}
,{"stream_name":"stdout","time":10024.978480147,"data":"[02:45:20] it 54400 loss=8.924 mel=2.284 durs=0.334 pitch=0.446 ctc=4.247 bin=1.147 score=0.286 fmatch=0.025 d=0.238 lr=1.000e-04 | 5.92it/s skip=0 (165.2m)\n"}
,{"stream_name":"stdout","time":10029.321843544,"data":"[02:45:24] it 54425 loss=8.273 mel=1.732 durs=0.289 pitch=0.574 ctc=4.324 bin=1.087 score=0.256 fmatch=0.021 d=0.242 lr=1.000e-04 | 5.89it/s skip=0 (165.2m)\n"}
,{"stream_name":"stdout","time":10033.615522937,"data":"[02:45:29] it 54450 loss=8.767 mel=1.789 durs=0.297 pitch=0.395 ctc=4.440 bin=1.265 score=0.294 fmatch=0.027 d=0.245 lr=1.000e-04 | 5.89it/s skip=0 (165.3m)\n"}
,{"stream_name":"stdout","time":10037.919562166,"data":"[02:45:33] it 54475 loss=7.552 mel=1.499 durs=0.242 pitch=0.587 ctc=3.755 bin=0.903 score=0.321 fmatch=0.030 d=0.249 lr=1.000e-04 | 5.89it/s skip=0 (165.4m)\n"}
,{"stream_name":"stdout","time":10042.131151493,"data":"[02:45:37] it 54500 loss=7.630 mel=1.459 durs=0.258 pitch=0.354 ctc=4.078 bin=1.020 score=0.248 fmatch=0.022 d=0.241 lr=1.000e-04 | 5.95it/s skip=0 (165.5m)\n"}
,{"stream_name":"stdout","time":10046.515197501,"data":"[02:45:42] it 54525 loss=8.100 mel=1.605 durs=0.270 pitch=0.486 ctc=4.244 bin=1.068 score=0.272 fmatch=0.021 d=0.240 lr=1.000e-04 | 5.97it/s skip=0 (165.5m)\n"}
,{"stream_name":"stdout","time":10050.826002313,"data":"[02:45:46] it 54550 loss=7.567 mel=1.498 durs=0.244 pitch=0.626 ctc=3.907 bin=0.935 score=0.280 fmatch=0.022 d=0.239 lr=1.000e-04 | 5.93it/s skip=0 (165.6m)\n"}
,{"stream_name":"stdout","time":10055.129741901,"data":"[02:45:50] it 54575 loss=8.035 mel=1.783 durs=0.237 pitch=0.366 ctc=4.074 bin=0.990 score=0.277 fmatch=0.020 d=0.249 lr=1.000e-04 | 5.92it/s skip=0 (165.7m)\n"}
,{"stream_name":"stdout","time":10059.500300206,"data":"[02:45:55] it 54600 loss=7.829 mel=1.567 durs=0.221 pitch=0.522 ctc=4.056 bin=1.026 score=0.271 fmatch=0.021 d=0.248 lr=1.000e-04 | 5.88it/s skip=0 (165.7m)\n"}
,{"stream_name":"stdout","time":10063.830667528,"data":"[02:45:59] it 54625 loss=7.757 mel=1.452 durs=0.243 pitch=0.582 ctc=4.091 bin=1.032 score=0.270 fmatch=0.020 d=0.242 lr=1.000e-04 | 5.88it/s skip=0 (165.8m)\n"}
,{"stream_name":"stdout","time":10068.132715742,"data":"[02:46:03] it 54650 loss=7.506 mel=1.603 durs=0.239 pitch=0.657 ctc=3.925 bin=0.895 score=0.243 fmatch=0.023 d=0.247 lr=1.000e-04 | 5.90it/s skip=0 (165.9m)\n"}
,{"stream_name":"stdout","time":10072.477226044,"data":"[02:46:08] it 54675 loss=8.438 mel=1.843 durs=0.288 pitch=0.528 ctc=4.273 bin=1.183 score=0.260 fmatch=0.019 d=0.244 lr=1.000e-04 | 5.89it/s skip=0 (166.0m)\n"}
,{"stream_name":"stdout","time":10076.802444303,"data":"[02:46:12] it 54700 loss=9.041 mel=1.928 durs=0.330 pitch=0.484 ctc=4.603 bin=1.250 score=0.289 fmatch=0.023 d=0.243 lr=1.000e-04 | 5.88it/s skip=0 (166.0m)\n"}
,{"stream_name":"stdout","time":10081.09105865,"data":"[02:46:16] it 54725 loss=7.615 mel=1.462 durs=0.235 pitch=0.545 ctc=4.056 bin=0.989 score=0.253 fmatch=0.019 d=0.243 lr=1.000e-04 | 5.90it/s skip=0 (166.1m)\n"}
,{"stream_name":"stdout","time":10085.412667208,"data":"[02:46:21] it 54750 loss=8.143 mel=1.679 durs=0.260 pitch=0.486 ctc=4.148 bin=0.978 score=0.309 fmatch=0.027 d=0.239 lr=1.000e-04 | 5.89it/s skip=0 (166.2m)\n"}
,{"stream_name":"stdout","time":10089.783944387,"data":"[02:46:25] it 54775 loss=7.699 mel=1.598 durs=0.238 pitch=0.478 ctc=3.963 bin=0.952 score=0.273 fmatch=0.021 d=0.246 lr=1.000e-04 | 5.85it/s skip=0 (166.3m)\n"}
,{"stream_name":"stdout","time":10094.195173058,"data":"[02:46:29] it 54800 loss=7.497 mel=1.460 durs=0.237 pitch=0.519 ctc=4.002 bin=0.922 score=0.255 fmatch=0.018 d=0.248 lr=1.000e-04 | 5.81it/s skip=0 (166.3m)\n"}
,{"stream_name":"stdout","time":10098.46293275,"data":"[02:46:34] it 54825 loss=7.617 mel=1.515 durs=0.240 pitch=0.469 ctc=3.983 bin=0.994 score=0.259 fmatch=0.019 d=0.245 lr=1.000e-04 | 5.87it/s skip=0 (166.4m)\n"}
,{"stream_name":"stdout","time":10102.728918313,"data":"[02:46:38] it 54850 loss=7.947 mel=1.590 durs=0.242 pitch=0.453 ctc=4.261 bin=1.051 score=0.238 fmatch=0.023 d=0.238 lr=1.000e-04 | 5.90it/s skip=0 (166.5m)\n"}
,{"stream_name":"stdout","time":10107.048528757,"data":"[02:46:42] it 54875 loss=8.589 mel=1.978 durs=0.316 pitch=0.634 ctc=4.249 bin=1.196 score=0.262 fmatch=0.022 d=0.241 lr=1.000e-04 | 5.90it/s skip=0 (166.5m)\n"}
,{"stream_name":"stdout","time":10111.268211649,"data":"[02:46:46] it 54900 loss=8.660 mel=2.065 durs=0.321 pitch=0.548 ctc=4.400 bin=1.152 score=0.233 fmatch=0.027 d=0.235 lr=1.000e-04 | 5.94it/s skip=0 (166.6m)\n"}
,{"stream_name":"stdout","time":10115.573822859,"data":"[02:46:51] it 54925 loss=9.274 mel=2.276 durs=0.352 pitch=0.479 ctc=4.485 bin=1.273 score=0.283 fmatch=0.026 d=0.226 lr=1.000e-04 | 5.93it/s skip=0 (166.7m)\n"}
,{"stream_name":"stdout","time":10119.849028766,"data":"[02:46:55] it 54950 loss=8.194 mel=1.770 durs=0.282 pitch=0.308 ctc=4.117 bin=1.154 score=0.268 fmatch=0.023 d=0.233 lr=1.000e-04 | 5.93it/s skip=0 (166.8m)\n"}
,{"stream_name":"stdout","time":10124.169530077,"data":"[02:46:59] it 54975 loss=8.412 mel=1.840 durs=0.299 pitch=0.485 ctc=4.300 bin=1.018 score=0.288 fmatch=0.025 d=0.242 lr=1.000e-04 | 5.90it/s skip=0 (166.8m)\n"}
,{"stream_name":"stdout","time":10128.457177367,"data":"[02:47:04] it 55000 loss=8.407 mel=1.675 durs=0.293 pitch=0.550 ctc=4.332 bin=1.174 score=0.280 fmatch=0.022 d=0.243 lr=1.000e-04 | 5.92it/s skip=0 (166.9m)\n"}
,{"stream_name":"stdout","time":10133.014844768,"data":"[02:47:08] it 55025 loss=9.198 mel=2.055 durs=0.347 pitch=0.459 ctc=4.615 bin=1.226 score=0.298 fmatch=0.028 d=0.231 lr=1.000e-04 | 5.95it/s skip=0 (167.0m)\n"}
,{"stream_name":"stdout","time":10137.302347811,"data":"[02:47:12] it 55050 loss=7.950 mel=1.543 durs=0.268 pitch=0.601 ctc=4.189 bin=1.054 score=0.265 fmatch=0.020 d=0.241 lr=1.000e-04 | 5.94it/s skip=0 (167.0m)\n"}
,{"stream_name":"stdout","time":10141.503647562,"data":"[02:47:17] it 55075 loss=8.023 mel=1.757 durs=0.305 pitch=0.553 ctc=4.053 bin=1.018 score=0.272 fmatch=0.021 d=0.239 lr=1.000e-04 | 5.98it/s skip=0 (167.1m)\n"}
,{"stream_name":"stdout","time":10145.803676649,"data":"[02:47:21] it 55100 loss=8.270 mel=1.639 durs=0.274 pitch=0.361 ctc=4.256 bin=1.078 score=0.302 fmatch=0.025 d=0.241 lr=1.000e-04 | 5.95it/s skip=0 (167.2m)\n"}
,{"stream_name":"stdout","time":10150.03244071,"data":"[02:47:25] it 55125 loss=8.175 mel=1.616 durs=0.258 pitch=0.351 ctc=4.206 bin=1.051 score=0.304 fmatch=0.024 d=0.248 lr=1.000e-04 | 5.97it/s skip=0 (167.3m)\n"}
,{"stream_name":"stdout","time":10154.412677462,"data":"[02:47:30] it 55150 loss=8.700 mel=1.889 durs=0.296 pitch=0.561 ctc=4.475 bin=1.124 score=0.276 fmatch=0.023 d=0.235 lr=1.000e-04 | 5.91it/s skip=0 (167.3m)\n"}
,{"stream_name":"stdout","time":10158.670628116,"data":"[02:47:34] it 55175 loss=8.574 mel=1.876 durs=0.309 pitch=0.536 ctc=4.260 bin=1.121 score=0.301 fmatch=0.027 d=0.233 lr=1.000e-04 | 5.93it/s skip=0 (167.4m)\n"}
,{"stream_name":"stdout","time":10162.976848788,"data":"[02:47:38] it 55200 loss=8.373 mel=1.755 durs=0.291 pitch=0.468 ctc=4.233 bin=1.047 score=0.309 fmatch=0.028 d=0.226 lr=1.000e-04 | 5.92it/s skip=0 (167.5m)\n"}
,{"stream_name":"stdout","time":10167.248110692,"data":"[02:47:42] it 55225 loss=9.142 mel=2.073 durs=0.343 pitch=0.513 ctc=4.610 bin=1.377 score=0.243 fmatch=0.025 d=0.239 lr=1.000e-04 | 5.92it/s skip=0 (167.5m)\n"}
,{"stream_name":"stdout","time":10171.529961527,"data":"[02:47:47] it 55250 loss=8.015 mel=1.615 durs=0.286 pitch=0.473 ctc=4.190 bin=1.041 score=0.268 fmatch=0.020 d=0.244 lr=1.000e-04 | 5.92it/s skip=0 (167.6m)\n"}
,{"stream_name":"stdout","time":10175.895323734,"data":"[02:47:51] it 55275 loss=8.160 mel=1.639 durs=0.292 pitch=0.466 ctc=4.331 bin=1.058 score=0.259 fmatch=0.023 d=0.236 lr=1.000e-04 | 5.89it/s skip=0 (167.7m)\n"}
,{"stream_name":"stdout","time":10180.169329957,"data":"[02:47:55] it 55300 loss=8.117 mel=1.842 durs=0.286 pitch=0.494 ctc=4.066 bin=1.017 score=0.273 fmatch=0.021 d=0.243 lr=1.000e-04 | 5.90it/s skip=0 (167.8m)\n"}
,{"stream_name":"stdout","time":10184.434422156,"data":"[02:48:00] it 55325 loss=8.636 mel=1.852 durs=0.315 pitch=0.465 ctc=4.454 bin=1.169 score=0.265 fmatch=0.024 d=0.237 lr=1.000e-04 | 5.93it/s skip=0 (167.8m)\n"}
,{"stream_name":"stdout","time":10188.730874476,"data":"[02:48:04] it 55350 loss=7.820 mel=1.510 durs=0.265 pitch=0.541 ctc=4.137 bin=0.974 score=0.275 fmatch=0.020 d=0.240 lr=1.000e-04 | 5.92it/s skip=0 (167.9m)\n"}
,{"stream_name":"stdout","time":10193.145178407,"data":"[02:48:08] it 55375 loss=7.619 mel=1.618 durs=0.239 pitch=0.366 ctc=3.922 bin=1.020 score=0.244 fmatch=0.023 d=0.245 lr=1.000e-04 | 5.85it/s skip=0 (168.0m)\n"}
,{"stream_name":"stdout","time":10197.484409942,"data":"[02:48:13] it 55400 loss=7.702 mel=1.479 durs=0.239 pitch=0.509 ctc=4.051 bin=0.965 score=0.278 fmatch=0.021 d=0.233 lr=1.000e-04 | 5.87it/s skip=0 (168.0m)\n"}
,{"stream_name":"stdout","time":10201.846575468,"data":"[02:48:17] it 55425 loss=8.096 mel=1.624 durs=0.272 pitch=0.528 ctc=4.340 bin=1.094 score=0.234 fmatch=0.021 d=0.244 lr=1.000e-04 | 5.85it/s skip=0 (168.1m)\n"}
,{"stream_name":"stdout","time":10206.08148917,"data":"[02:48:21] it 55450 loss=8.066 mel=1.768 durs=0.299 pitch=0.514 ctc=4.030 bin=1.082 score=0.271 fmatch=0.019 d=0.247 lr=1.000e-04 | 5.91it/s skip=0 (168.2m)\n"}
,{"stream_name":"stdout","time":10210.43404892,"data":"[02:48:26] it 55475 loss=7.896 mel=1.566 durs=0.261 pitch=0.469 ctc=3.968 bin=0.953 score=0.326 fmatch=0.031 d=0.249 lr=1.000e-04 | 5.88it/s skip=0 (168.3m)\n"}
,{"stream_name":"stdout","time":10214.943673832,"data":"[02:48:30] it 55500 loss=8.729 mel=1.917 durs=0.331 pitch=0.384 ctc=4.404 bin=1.245 score=0.267 fmatch=0.024 d=0.234 lr=1.000e-04 | 5.80it/s skip=0 (168.3m)\n"}
,{"stream_name":"stdout","time":10219.527013934,"data":"[02:48:35] it 55525 loss=8.434 mel=1.775 durs=0.304 pitch=0.407 ctc=4.407 bin=1.144 score=0.255 fmatch=0.019 d=0.250 lr=1.000e-04 | 5.82it/s skip=0 (168.4m)\n"}
,{"stream_name":"stdout","time":10223.879447338,"data":"[02:48:39] it 55550 loss=7.666 mel=1.574 durs=0.243 pitch=0.551 ctc=3.934 bin=0.930 score=0.282 fmatch=0.023 d=0.243 lr=1.000e-04 | 5.83it/s skip=0 (168.5m)\n"}
,{"stream_name":"stdout","time":10228.132550659,"data":"[02:48:43] it 55575 loss=8.142 mel=1.606 durs=0.298 pitch=0.480 ctc=4.331 bin=1.118 score=0.248 fmatch=0.020 d=0.242 lr=1.000e-04 | 5.89it/s skip=0 (168.6m)\n"}
,{"stream_name":"stdout","time":10232.38445157,"data":"[02:48:48] it 55600 loss=8.268 mel=1.623 durs=0.268 pitch=0.536 ctc=4.367 bin=1.107 score=0.268 fmatch=0.019 d=0.247 lr=1.000e-04 | 5.94it/s skip=0 (168.6m)\n"}
,{"stream_name":"stdout","time":10236.633526831,"data":"[02:48:52] it 55625 loss=8.175 mel=1.698 durs=0.291 pitch=0.442 ctc=4.237 bin=1.080 score=0.267 fmatch=0.019 d=0.240 lr=1.000e-04 | 5.96it/s skip=0 (168.7m)\n"}
,{"stream_name":"stdout","time":10240.938671989,"data":"[02:48:56] it 55650 loss=7.906 mel=1.601 durs=0.279 pitch=0.387 ctc=4.096 bin=1.008 score=0.279 fmatch=0.020 d=0.247 lr=1.000e-04 | 5.93it/s skip=0 (168.8m)\n"}
,{"stream_name":"stdout","time":10245.25152948,"data":"[02:49:00] it 55675 loss=7.991 mel=1.428 durs=0.269 pitch=0.433 ctc=4.314 bin=0.989 score=0.292 fmatch=0.022 d=0.244 lr=1.000e-04 | 5.92it/s skip=0 (168.8m)\n"}
,{"stream_name":"stdout","time":10249.589694366,"data":"[02:49:05] it 55700 loss=7.993 mel=1.665 durs=0.295 pitch=0.444 ctc=3.957 bin=1.025 score=0.311 fmatch=0.026 d=0.240 lr=1.000e-04 | 5.89it/s skip=0 (168.9m)\n"}
,{"stream_name":"stdout","time":10253.849886566,"data":"[02:49:09] it 55725 loss=8.113 mel=1.685 durs=0.260 pitch=0.558 ctc=4.204 bin=1.089 score=0.259 fmatch=0.019 d=0.238 lr=1.000e-04 | 5.92it/s skip=0 (169.0m)\n"}
,{"stream_name":"stdout","time":10258.18374068,"data":"[02:49:13] it 55750 loss=7.856 mel=1.503 durs=0.257 pitch=0.543 ctc=4.125 bin=0.921 score=0.301 fmatch=0.024 d=0.246 lr=1.000e-04 | 5.90it/s skip=0 (169.1m)\n"}
,{"stream_name":"stdout","time":10262.570534853,"data":"[02:49:18] it 55775 loss=9.295 mel=2.066 durs=0.369 pitch=0.613 ctc=4.728 bin=1.376 score=0.251 fmatch=0.022 d=0.236 lr=1.000e-04 | 5.86it/s skip=0 (169.1m)\n"}
,{"stream_name":"stdout","time":10266.821150574,"data":"[02:49:22] it 55800 loss=8.133 mel=1.765 durs=0.281 pitch=0.440 ctc=4.243 bin=1.009 score=0.256 fmatch=0.022 d=0.245 lr=1.000e-04 | 5.91it/s skip=0 (169.2m)\n"}
,{"stream_name":"stdout","time":10271.115912454,"data":"[02:49:26] it 55825 loss=8.879 mel=1.864 durs=0.322 pitch=0.387 ctc=4.553 bin=1.341 score=0.257 fmatch=0.022 d=0.241 lr=1.000e-04 | 5.91it/s skip=0 (169.3m)\n"}
,{"stream_name":"stdout","time":10275.422419417,"data":"[02:49:31] it 55850 loss=8.588 mel=1.836 durs=0.314 pitch=0.580 ctc=4.367 bin=1.082 score=0.297 fmatch=0.027 d=0.227 lr=1.000e-04 | 5.92it/s skip=0 (169.3m)\n"}
,{"stream_name":"stdout","time":10279.673190291,"data":"[02:49:35] it 55875 loss=8.120 mel=1.655 durs=0.271 pitch=0.517 ctc=4.053 bin=1.012 score=0.323 fmatch=0.030 d=0.251 lr=1.000e-04 | 5.94it/s skip=0 (169.4m)\n"}
,{"stream_name":"stdout","time":10283.956771994,"data":"[02:49:39] it 55900 loss=8.080 mel=1.721 durs=0.286 pitch=0.467 ctc=4.012 bin=1.037 score=0.302 fmatch=0.027 d=0.245 lr=1.000e-04 | 5.94it/s skip=0 (169.5m)\n"}
,{"stream_name":"stdout","time":10288.16338025,"data":"[02:49:43] it 55925 loss=8.797 mel=1.891 durs=0.302 pitch=0.378 ctc=4.512 bin=1.152 score=0.287 fmatch=0.025 d=0.232 lr=1.000e-04 | 5.97it/s skip=0 (169.6m)\n"}
,{"stream_name":"stdout","time":10292.450756764,"data":"[02:49:48] it 55950 loss=8.342 mel=1.724 durs=0.307 pitch=0.430 ctc=4.354 bin=1.092 score=0.269 fmatch=0.022 d=0.241 lr=1.000e-04 | 5.95it/s skip=0 (169.6m)\n"}
,{"stream_name":"stdout","time":10296.744645164,"data":"[02:49:52] it 55975 loss=8.252 mel=1.686 durs=0.299 pitch=0.562 ctc=4.277 bin=1.127 score=0.264 fmatch=0.022 d=0.238 lr=1.000e-04 | 5.94it/s skip=0 (169.7m)\n"}
,{"stream_name":"stdout","time":10300.969279595,"data":"[02:49:56] it 56000 loss=7.593 mel=1.418 durs=0.220 pitch=0.360 ctc=3.973 bin=0.902 score=0.304 fmatch=0.025 d=0.244 lr=1.000e-04 | 5.97it/s skip=0 (169.8m)\n"}
,{"stream_name":"stdout","time":10301.508529963,"data":"[02:49:57] [train] probes saved at iter 56000\n"}
,{"stream_name":"stdout","time":10313.991249711,"data":"[02:50:09] [val] it 56000 loss=7.156 mel=1.780 durs=0.281 pitch=0.497 ctc=4.218 (12.5s)\n"}
,{"stream_name":"stdout","time":10318.259938672,"data":"[02:50:13] it 56025 loss=8.508 mel=1.725 durs=0.313 pitch=0.597 ctc=4.513 bin=1.137 score=0.255 fmatch=0.021 d=0.244 lr=1.000e-04 | 5.97it/s skip=0 (170.1m)\n"}
,{"stream_name":"stdout","time":10322.499068059,"data":"[02:50:18] it 56050 loss=8.425 mel=1.655 durs=0.336 pitch=0.580 ctc=4.469 bin=1.192 score=0.249 fmatch=0.023 d=0.234 lr=1.000e-04 | 5.98it/s skip=0 (170.1m)\n"}
,{"stream_name":"stdout","time":10326.781723729,"data":"[02:50:22] it 56075 loss=7.738 mel=1.451 durs=0.240 pitch=0.525 ctc=4.218 bin=1.030 score=0.235 fmatch=0.023 d=0.251 lr=1.000e-04 | 5.96it/s skip=0 (170.2m)\n"}
,{"stream_name":"stdout","time":10331.085039628,"data":"[02:50:26] it 56100 loss=8.318 mel=1.700 durs=0.303 pitch=0.404 ctc=4.265 bin=1.020 score=0.309 fmatch=0.027 d=0.237 lr=1.000e-04 | 5.94it/s skip=0 (170.3m)\n"}
,{"stream_name":"stdout","time":10335.431504049,"data":"[02:50:31] it 56125 loss=8.532 mel=1.901 durs=0.292 pitch=0.546 ctc=4.340 bin=1.124 score=0.266 fmatch=0.021 d=0.241 lr=1.000e-04 | 5.90it/s skip=0 (170.3m)\n"}
,{"stream_name":"stdout","time":10339.726508903,"data":"[02:50:35] it 56150 loss=7.466 mel=1.507 durs=0.248 pitch=0.427 ctc=3.857 bin=0.926 score=0.273 fmatch=0.019 d=0.253 lr=1.000e-04 | 5.90it/s skip=0 (170.4m)\n"}
,{"stream_name":"stdout","time":10344.117670215,"data":"[02:50:39] it 56175 loss=7.723 mel=1.504 durs=0.260 pitch=0.410 ctc=4.178 bin=1.026 score=0.232 fmatch=0.022 d=0.252 lr=1.000e-04 | 5.86it/s skip=0 (170.5m)\n"}
,{"stream_name":"stdout","time":10348.442408807,"data":"[02:50:44] it 56200 loss=8.120 mel=1.564 durs=0.249 pitch=0.610 ctc=3.971 bin=0.935 score=0.382 fmatch=0.038 d=0.258 lr=1.000e-04 | 5.87it/s skip=0 (170.6m)\n"}
,{"stream_name":"stdout","time":10352.791900091,"data":"[02:50:48] it 56225 loss=8.505 mel=1.749 durs=0.275 pitch=0.528 ctc=4.491 bin=1.177 score=0.246 fmatch=0.024 d=0.247 lr=1.000e-04 | 5.86it/s skip=0 (170.6m)\n"}
,{"stream_name":"stdout","time":10356.971107383,"data":"[02:50:52] it 56250 loss=8.652 mel=1.688 durs=0.323 pitch=0.675 ctc=4.645 bin=1.192 score=0.251 fmatch=0.020 d=0.237 lr=1.000e-04 | 5.95it/s skip=0 (170.7m)\n"}
,{"stream_name":"stdout","time":10361.219305393,"data":"[02:50:56] it 56275 loss=7.714 mel=1.541 durs=0.253 pitch=0.466 ctc=4.036 bin=1.064 score=0.245 fmatch=0.020 d=0.244 lr=1.000e-04 | 5.97it/s skip=0 (170.8m)\n"}
,{"stream_name":"stdout","time":10365.505701608,"data":"[02:51:01] it 56300 loss=8.793 mel=2.067 durs=0.314 pitch=0.424 ctc=4.435 bin=1.179 score=0.254 fmatch=0.022 d=0.238 lr=1.000e-04 | 5.96it/s skip=0 (170.8m)\n"}
,{"stream_name":"stdout","time":10369.769328309,"data":"[02:51:05] it 56325 loss=7.355 mel=1.408 durs=0.211 pitch=0.495 ctc=3.897 bin=0.881 score=0.270 fmatch=0.018 d=0.248 lr=1.000e-04 | 5.96it/s skip=0 (170.9m)\n"}
,{"stream_name":"stdout","time":10374.091628716,"data":"[02:51:09] it 56350 loss=7.537 mel=1.600 durs=0.261 pitch=0.428 ctc=3.930 bin=0.980 score=0.233 fmatch=0.024 d=0.242 lr=1.000e-04 | 5.93it/s skip=0 (171.0m)\n"}
,{"stream_name":"stdout","time":10378.311713495,"data":"[02:51:13] it 56375 loss=7.762 mel=1.537 durs=0.244 pitch=0.558 ctc=4.012 bin=0.969 score=0.285 fmatch=0.021 d=0.240 lr=1.000e-04 | 5.97it/s skip=0 (171.1m)\n"}
,{"stream_name":"stdout","time":10382.57545391,"data":"[02:51:18] it 56400 loss=8.028 mel=1.589 durs=0.258 pitch=0.328 ctc=4.265 bin=1.061 score=0.259 fmatch=0.019 d=0.240 lr=1.000e-04 | 5.96it/s skip=0 (171.1m)\n"}
,{"stream_name":"stdout","time":10386.795341394,"data":"[02:51:22] it 56425 loss=8.117 mel=1.605 durs=0.292 pitch=0.352 ctc=4.266 bin=1.057 score=0.275 fmatch=0.024 d=0.246 lr=1.000e-04 | 5.98it/s skip=0 (171.2m)\n"}
,{"stream_name":"stdout","time":10391.075039662,"data":"[02:51:26] it 56450 loss=7.995 mel=1.657 durs=0.254 pitch=0.521 ctc=4.153 bin=1.104 score=0.245 fmatch=0.022 d=0.239 lr=1.000e-04 | 5.96it/s skip=0 (171.3m)\n"}
,{"stream_name":"stdout","time":10395.375349997,"data":"[02:51:31] it 56475 loss=7.654 mel=1.534 durs=0.238 pitch=0.406 ctc=4.036 bin=0.992 score=0.252 fmatch=0.020 d=0.234 lr=1.000e-04 | 5.94it/s skip=0 (171.3m)\n"}
,{"stream_name":"stdout","time":10399.716676821,"data":"[02:51:35] it 56500 loss=7.368 mel=1.496 durs=0.232 pitch=0.535 ctc=3.812 bin=0.886 score=0.270 fmatch=0.018 d=0.248 lr=1.000e-04 | 5.90it/s skip=0 (171.4m)\n"}
,{"stream_name":"stdout","time":10404.097956937,"data":"[02:51:39] it 56525 loss=8.292 mel=1.730 durs=0.260 pitch=0.521 ctc=4.182 bin=1.012 score=0.315 fmatch=0.031 d=0.237 lr=1.000e-04 | 5.94it/s skip=0 (171.5m)\n"}
,{"stream_name":"stdout","time":10408.299270086,"data":"[02:51:43] it 56550 loss=8.155 mel=1.579 durs=0.287 pitch=0.443 ctc=4.358 bin=1.076 score=0.263 fmatch=0.018 d=0.246 lr=1.000e-04 | 5.98it/s skip=0 (171.6m)\n"}
,{"stream_name":"stdout","time":10412.592464316,"data":"[02:51:48] it 56575 loss=8.066 mel=1.805 durs=0.277 pitch=0.401 ctc=4.060 bin=1.047 score=0.266 fmatch=0.021 d=0.251 lr=1.000e-04 | 5.96it/s skip=0 (171.6m)\n"}
,{"stream_name":"stdout","time":10416.834108539,"data":"[02:51:52] it 56600 loss=8.882 mel=1.837 durs=0.358 pitch=0.549 ctc=4.641 bin=1.260 score=0.258 fmatch=0.020 d=0.242 lr=1.000e-04 | 5.97it/s skip=0 (171.7m)\n"}
,{"stream_name":"stdout","time":10421.01834248,"data":"[02:51:56] it 56625 loss=8.247 mel=1.696 durs=0.316 pitch=0.535 ctc=4.325 bin=1.079 score=0.260 fmatch=0.023 d=0.237 lr=1.000e-04 | 6.01it/s skip=0 (171.8m)\n"}
,{"stream_name":"stdout","time":10425.245774033,"data":"[02:52:00] it 56650 loss=8.138 mel=1.694 durs=0.326 pitch=0.556 ctc=4.192 bin=1.090 score=0.263 fmatch=0.022 d=0.234 lr=1.000e-04 | 6.01it/s skip=0 (171.8m)\n"}
,{"stream_name":"stdout","time":10429.475665798,"data":"[02:52:05] it 56675 loss=7.475 mel=1.493 durs=0.237 pitch=0.496 ctc=3.711 bin=0.878 score=0.322 fmatch=0.030 d=0.258 lr=1.000e-04 | 6.01it/s skip=0 (171.9m)\n"}
,{"stream_name":"stdout","time":10433.755896334,"data":"[02:52:09] it 56700 loss=8.552 mel=1.855 durs=0.297 pitch=0.423 ctc=4.387 bin=1.148 score=0.267 fmatch=0.023 d=0.232 lr=1.000e-04 | 5.99it/s skip=0 (172.0m)\n"}
,{"stream_name":"stdout","time":10438.882446554,"data":"[02:52:14] it 56725 loss=8.808 mel=1.888 durs=0.322 pitch=0.411 ctc=4.535 bin=1.166 score=0.281 fmatch=0.022 d=0.247 lr=1.000e-04 | 5.87it/s skip=0 (172.1m)\n"}
,{"stream_name":"stdout","time":10443.081694208,"data":"[02:52:18] it 56750 loss=8.266 mel=1.637 durs=0.269 pitch=0.491 ctc=4.333 bin=1.127 score=0.268 fmatch=0.021 d=0.246 lr=1.000e-04 | 5.94it/s skip=0 (172.1m)\n"}
,{"stream_name":"stdout","time":10447.3176762,"data":"[02:52:22] it 56775 loss=8.075 mel=1.502 durs=0.257 pitch=0.355 ctc=4.322 bin=1.057 score=0.278 fmatch=0.022 d=0.243 lr=1.000e-04 | 5.95it/s skip=0 (172.2m)\n"}
,{"stream_name":"stdout","time":10451.658833476,"data":"[02:52:27] it 56800 loss=7.521 mel=1.537 durs=0.244 pitch=0.617 ctc=3.681 bin=0.878 score=0.327 fmatch=0.031 d=0.258 lr=1.000e-04 | 5.91it/s skip=0 (172.3m)\n"}
,{"stream_name":"stdout","time":10456.026121423,"data":"[02:52:31] it 56825 loss=8.601 mel=1.881 durs=0.291 pitch=0.418 ctc=4.269 bin=1.080 score=0.318 fmatch=0.030 d=0.229 lr=1.000e-04 | 5.87it/s skip=0 (172.4m)\n"}
,{"stream_name":"stdout","time":10460.333777439,"data":"[02:52:35] it 56850 loss=7.723 mel=1.578 durs=0.242 pitch=0.460 ctc=3.996 bin=0.956 score=0.276 fmatch=0.020 d=0.230 lr=1.000e-04 | 5.88it/s skip=0 (172.4m)\n"}
,{"stream_name":"stdout","time":10464.755059587,"data":"[02:52:40] it 56875 loss=8.076 mel=1.730 durs=0.298 pitch=0.779 ctc=4.060 bin=1.081 score=0.268 fmatch=0.024 d=0.229 lr=1.000e-04 | 5.85it/s skip=0 (172.5m)\n"}
,{"stream_name":"stdout","time":10469.146157883,"data":"[02:52:44] it 56900 loss=8.123 mel=1.744 durs=0.279 pitch=0.567 ctc=4.160 bin=1.023 score=0.273 fmatch=0.022 d=0.250 lr=1.000e-04 | 5.83it/s skip=0 (172.6m)\n"}
,{"stream_name":"stdout","time":10473.516926875,"data":"[02:52:49] it 56925 loss=7.681 mel=1.413 durs=0.232 pitch=0.681 ctc=4.079 bin=0.946 score=0.282 fmatch=0.022 d=0.258 lr=1.000e-04 | 5.82it/s skip=0 (172.6m)\n"}
,{"stream_name":"stdout","time":10477.872644265,"data":"[02:52:53] it 56950 loss=7.361 mel=1.395 durs=0.240 pitch=0.564 ctc=3.861 bin=0.936 score=0.267 fmatch=0.020 d=0.242 lr=1.000e-04 | 5.83it/s skip=0 (172.7m)\n"}
,{"stream_name":"stdout","time":10482.126636237,"data":"[02:52:57] it 56975 loss=8.034 mel=1.577 durs=0.253 pitch=0.552 ctc=4.163 bin=0.974 score=0.303 fmatch=0.027 d=0.237 lr=1.000e-04 | 5.88it/s skip=0 (172.8m)\n"}
,{"stream_name":"stdout","time":10486.290049593,"data":"[02:53:01] it 57000 loss=7.596 mel=1.444 durs=0.253 pitch=0.501 ctc=4.076 bin=0.985 score=0.248 fmatch=0.021 d=0.249 lr=1.000e-04 | 5.97it/s skip=0 (172.9m)\n"}
,{"stream_name":"stdout","time":10490.667734205,"data":"[02:53:06] it 57025 loss=8.268 mel=1.538 durs=0.279 pitch=0.443 ctc=4.356 bin=1.125 score=0.289 fmatch=0.023 d=0.245 lr=1.000e-04 | 5.98it/s skip=0 (172.9m)\n"}
,{"stream_name":"stdout","time":10495.030862533,"data":"[02:53:10] it 57050 loss=7.347 mel=1.428 durs=0.239 pitch=0.380 ctc=3.938 bin=0.993 score=0.226 fmatch=0.023 d=0.247 lr=1.000e-04 | 5.92it/s skip=0 (173.0m)\n"}
,{"stream_name":"stdout","time":10499.232428295,"data":"[02:53:14] it 57075 loss=9.101 mel=1.790 durs=0.307 pitch=0.494 ctc=4.693 bin=1.201 score=0.326 fmatch=0.031 d=0.245 lr=1.000e-04 | 5.97it/s skip=0 (173.1m)\n"}
,{"stream_name":"stdout","time":10503.490483145,"data":"[02:53:19] it 57100 loss=7.729 mel=1.420 durs=0.280 pitch=0.497 ctc=4.215 bin=1.020 score=0.244 fmatch=0.021 d=0.243 lr=1.000e-04 | 5.98it/s skip=0 (173.1m)\n"}
,{"stream_name":"stdout","time":10507.737714044,"data":"[02:53:23] it 57125 loss=7.785 mel=1.514 durs=0.260 pitch=0.462 ctc=4.030 bin=1.006 score=0.285 fmatch=0.022 d=0.250 lr=1.000e-04 | 5.98it/s skip=0 (173.2m)\n"}
,{"stream_name":"stdout","time":10512.05647174,"data":"[02:53:27] it 57150 loss=8.415 mel=1.815 durs=0.311 pitch=0.503 ctc=4.415 bin=1.157 score=0.230 fmatch=0.027 d=0.243 lr=1.000e-04 | 5.94it/s skip=0 (173.3m)\n"}
,{"stream_name":"stdout","time":10516.336802579,"data":"[02:53:31] it 57175 loss=8.391 mel=1.841 durs=0.290 pitch=0.495 ctc=4.278 bin=1.127 score=0.261 fmatch=0.021 d=0.252 lr=1.000e-04 | 5.94it/s skip=0 (173.4m)\n"}
,{"stream_name":"stdout","time":10520.552916237,"data":"[02:53:36] it 57200 loss=7.739 mel=1.595 durs=0.267 pitch=0.514 ctc=4.051 bin=0.945 score=0.262 fmatch=0.022 d=0.240 lr=1.000e-04 | 5.98it/s skip=0 (173.4m)\n"}
,{"stream_name":"stdout","time":10524.793231755,"data":"[02:53:40] it 57225 loss=8.389 mel=1.685 durs=0.293 pitch=0.485 ctc=4.477 bin=1.147 score=0.245 fmatch=0.023 d=0.245 lr=1.000e-04 | 6.00it/s skip=0 (173.5m)\n"}
,{"stream_name":"stdout","time":10529.047887636,"data":"[02:53:44] it 57250 loss=7.540 mel=1.441 durs=0.253 pitch=0.451 ctc=4.082 bin=0.940 score=0.247 fmatch=0.020 d=0.235 lr=1.000e-04 | 5.99it/s skip=0 (173.6m)\n"}
,{"stream_name":"stdout","time":10533.331857784,"data":"[02:53:48] it 57275 loss=8.440 mel=1.786 durs=0.268 pitch=0.464 ctc=4.304 bin=1.092 score=0.291 fmatch=0.023 d=0.249 lr=1.000e-04 | 5.97it/s skip=0 (173.6m)\n"}
,{"stream_name":"stdout","time":10537.711813221,"data":"[02:53:53] it 57300 loss=8.585 mel=1.729 durs=0.314 pitch=0.498 ctc=4.391 bin=1.215 score=0.286 fmatch=0.024 d=0.235 lr=1.000e-04 | 5.89it/s skip=0 (173.7m)\n"}
,{"stream_name":"stdout","time":10542.008883501,"data":"[02:53:57] it 57325 loss=7.528 mel=1.371 durs=0.223 pitch=0.499 ctc=3.939 bin=0.951 score=0.293 fmatch=0.022 d=0.244 lr=1.000e-04 | 5.90it/s skip=0 (173.8m)\n"}
,{"stream_name":"stdout","time":10546.323849624,"data":"[02:54:01] it 57350 loss=7.983 mel=1.636 durs=0.259 pitch=0.499 ctc=4.052 bin=1.059 score=0.284 fmatch=0.023 d=0.252 lr=1.000e-04 | 5.90it/s skip=0 (173.9m)\n"}
,{"stream_name":"stdout","time":10550.579765973,"data":"[02:54:06] it 57375 loss=8.401 mel=1.549 durs=0.263 pitch=0.497 ctc=4.539 bin=1.122 score=0.273 fmatch=0.021 d=0.240 lr=1.000e-04 | 5.93it/s skip=0 (173.9m)\n"}
,{"stream_name":"stdout","time":10554.804154083,"data":"[02:54:10] it 57400 loss=8.181 mel=1.545 durs=0.263 pitch=0.442 ctc=4.209 bin=1.040 score=0.322 fmatch=0.028 d=0.247 lr=1.000e-04 | 5.97it/s skip=0 (174.0m)\n"}
,{"stream_name":"stdout","time":10558.999864489,"data":"[02:54:14] it 57425 loss=8.406 mel=1.740 durs=0.292 pitch=0.508 ctc=4.384 bin=1.152 score=0.257 fmatch=0.021 d=0.238 lr=1.000e-04 | 6.01it/s skip=0 (174.1m)\n"}
,{"stream_name":"stdout","time":10563.292495397,"data":"[02:54:18] it 57450 loss=7.602 mel=1.454 durs=0.235 pitch=0.449 ctc=4.003 bin=0.941 score=0.279 fmatch=0.021 d=0.247 lr=1.000e-04 | 5.98it/s skip=0 (174.1m)\n"}
,{"stream_name":"stdout","time":10567.640478595,"data":"[02:54:23] it 57475 loss=8.187 mel=1.847 durs=0.306 pitch=0.551 ctc=4.167 bin=1.076 score=0.248 fmatch=0.021 d=0.245 lr=1.000e-04 | 5.93it/s skip=0 (174.2m)\n"}
,{"stream_name":"stdout","time":10572.047661484,"data":"[02:54:27] it 57500 loss=7.816 mel=1.585 durs=0.237 pitch=0.446 ctc=4.043 bin=0.985 score=0.279 fmatch=0.020 d=0.242 lr=1.000e-04 | 5.86it/s skip=0 (174.3m)\n"}
,{"stream_name":"stdout","time":10576.497981209,"data":"[02:54:32] it 57525 loss=8.774 mel=1.916 durs=0.327 pitch=0.415 ctc=4.448 bin=1.247 score=0.267 fmatch=0.022 d=0.232 lr=1.000e-04 | 5.89it/s skip=0 (174.4m)\n"}
,{"stream_name":"stdout","time":10580.836607408,"data":"[02:54:36] it 57550 loss=7.677 mel=1.529 durs=0.235 pitch=0.555 ctc=4.024 bin=0.980 score=0.262 fmatch=0.018 d=0.248 lr=1.000e-04 | 5.88it/s skip=0 (174.4m)\n"}
,{"stream_name":"stdout","time":10585.083742051,"data":"[02:54:40] it 57575 loss=8.087 mel=1.753 durs=0.265 pitch=0.537 ctc=4.082 bin=1.116 score=0.259 fmatch=0.019 d=0.244 lr=1.000e-04 | 5.92it/s skip=0 (174.5m)\n"}
,{"stream_name":"stdout","time":10589.430982072,"data":"[02:54:45] it 57600 loss=8.567 mel=1.723 durs=0.304 pitch=0.566 ctc=4.569 bin=1.213 score=0.238 fmatch=0.025 d=0.242 lr=1.000e-04 | 5.89it/s skip=0 (174.6m)\n"}
,{"stream_name":"stdout","time":10593.775458098,"data":"[02:54:49] it 57625 loss=7.914 mel=1.597 durs=0.255 pitch=0.554 ctc=4.095 bin=1.029 score=0.273 fmatch=0.022 d=0.249 lr=1.000e-04 | 5.88it/s skip=0 (174.7m)\n"}
,{"stream_name":"stdout","time":10598.077811101,"data":"[02:54:53] it 57650 loss=8.705 mel=1.808 durs=0.323 pitch=0.376 ctc=4.578 bin=1.207 score=0.255 fmatch=0.022 d=0.235 lr=1.000e-04 | 5.89it/s skip=0 (174.7m)\n"}
,{"stream_name":"stdout","time":10602.295481928,"data":"[02:54:57] it 57675 loss=8.594 mel=1.839 durs=0.318 pitch=0.451 ctc=4.452 bin=1.195 score=0.252 fmatch=0.023 d=0.240 lr=1.000e-04 | 5.95it/s skip=0 (174.8m)\n"}
,{"stream_name":"stdout","time":10606.510426193,"data":"[02:55:02] it 57700 loss=7.586 mel=1.481 durs=0.266 pitch=0.880 ctc=4.013 bin=0.958 score=0.250 fmatch=0.019 d=0.248 lr=1.000e-04 | 5.98it/s skip=0 (174.9m)\n"}
,{"stream_name":"stdout","time":10610.845558562,"data":"[02:55:06] it 57725 loss=8.693 mel=1.947 durs=0.326 pitch=0.647 ctc=4.395 bin=1.118 score=0.278 fmatch=0.022 d=0.244 lr=1.000e-04 | 5.93it/s skip=0 (174.9m)\n"}
,{"stream_name":"stdout","time":10615.157463484,"data":"[02:55:10] it 57750 loss=8.415 mel=1.722 durs=0.280 pitch=0.506 ctc=4.430 bin=1.128 score=0.259 fmatch=0.021 d=0.242 lr=1.000e-04 | 5.93it/s skip=0 (175.0m)\n"}
,{"stream_name":"stdout","time":10619.444323665,"data":"[02:55:15] it 57775 loss=7.609 mel=1.632 durs=0.283 pitch=0.412 ctc=4.015 bin=0.943 score=0.232 fmatch=0.021 d=0.247 lr=1.000e-04 | 5.94it/s skip=0 (175.1m)\n"}
,{"stream_name":"stdout","time":10623.610007935,"data":"[02:55:19] it 57800 loss=8.978 mel=1.898 durs=0.370 pitch=0.415 ctc=4.648 bin=1.228 score=0.276 fmatch=0.023 d=0.232 lr=1.000e-04 | 6.00it/s skip=0 (175.1m)\n"}
,{"stream_name":"stdout","time":10627.898562155,"data":"[02:55:23] it 57825 loss=7.989 mel=1.624 durs=0.242 pitch=0.536 ctc=4.169 bin=1.114 score=0.245 fmatch=0.025 d=0.240 lr=1.000e-04 | 5.97it/s skip=0 (175.2m)\n"}
,{"stream_name":"stdout","time":10632.160483691,"data":"[02:55:27] it 57850 loss=8.927 mel=1.871 durs=0.335 pitch=0.473 ctc=4.640 bin=1.248 score=0.267 fmatch=0.021 d=0.232 lr=1.000e-04 | 5.97it/s skip=0 (175.3m)\n"}
,{"stream_name":"stdout","time":10636.48672278,"data":"[02:55:32] it 57875 loss=8.096 mel=1.827 durs=0.302 pitch=0.617 ctc=4.078 bin=1.083 score=0.249 fmatch=0.022 d=0.249 lr=1.000e-04 | 5.93it/s skip=0 (175.4m)\n"}
,{"stream_name":"stdout","time":10640.748690547,"data":"[02:55:36] it 57900 loss=8.265 mel=1.607 durs=0.291 pitch=0.608 ctc=4.085 bin=0.998 score=0.362 fmatch=0.037 d=0.266 lr=1.000e-04 | 5.94it/s skip=0 (175.4m)\n"}
,{"stream_name":"stdout","time":10644.952479567,"data":"[02:55:40] it 57925 loss=9.360 mel=2.219 durs=0.386 pitch=0.494 ctc=4.731 bin=1.347 score=0.237 fmatch=0.027 d=0.235 lr=1.000e-04 | 5.98it/s skip=0 (175.5m)\n"}
,{"stream_name":"stdout","time":10649.266448673,"data":"[02:55:44] it 57950 loss=8.015 mel=1.651 durs=0.296 pitch=0.511 ctc=4.137 bin=1.038 score=0.272 fmatch=0.021 d=0.237 lr=1.000e-04 | 5.96it/s skip=0 (175.6m)\n"}
,{"stream_name":"stdout","time":10653.473374274,"data":"[02:55:49] it 57975 loss=8.143 mel=1.651 durs=0.258 pitch=0.444 ctc=4.159 bin=1.078 score=0.291 fmatch=0.022 d=0.249 lr=1.000e-04 | 6.00it/s skip=0 (175.6m)\n"}
,{"stream_name":"stdout","time":10657.752350714,"data":"[02:55:53] it 58000 loss=8.059 mel=1.691 durs=0.280 pitch=0.566 ctc=3.985 bin=1.047 score=0.306 fmatch=0.026 d=0.245 lr=1.000e-04 | 5.97it/s skip=0 (175.7m)\n"}
,{"stream_name":"stdout","time":10658.23480309,"data":"[02:55:53] [train] probes saved at iter 58000\n"}
,{"stream_name":"stdout","time":10670.689413253,"data":"[02:56:06] [val] it 58000 loss=7.108 mel=1.754 durs=0.278 pitch=0.498 ctc=4.207 (12.5s)\n"}
,{"stream_name":"stdout","time":10675.065269823,"data":"[02:56:10] it 58025 loss=7.897 mel=1.670 durs=0.265 pitch=0.496 ctc=4.022 bin=1.040 score=0.267 fmatch=0.022 d=0.241 lr=1.000e-04 | 5.91it/s skip=0 (176.0m)\n"}
,{"stream_name":"stdout","time":10679.364651665,"data":"[02:56:15] it 58050 loss=7.866 mel=1.458 durs=0.266 pitch=0.489 ctc=4.112 bin=0.961 score=0.308 fmatch=0.028 d=0.244 lr=1.000e-04 | 5.91it/s skip=0 (176.1m)\n"}
,{"stream_name":"stdout","time":10683.51958943,"data":"[02:56:19] it 58075 loss=8.150 mel=1.678 durs=0.297 pitch=0.466 ctc=4.265 bin=1.082 score=0.257 fmatch=0.020 d=0.243 lr=1.000e-04 | 5.98it/s skip=0 (176.1m)\n"}
,{"stream_name":"stdout","time":10687.715373242,"data":"[02:56:23] it 58100 loss=7.400 mel=1.552 durs=0.225 pitch=0.428 ctc=3.776 bin=0.875 score=0.278 fmatch=0.021 d=0.243 lr=1.000e-04 | 6.01it/s skip=0 (176.2m)\n"}
,{"stream_name":"stdout","time":10691.971721978,"data":"[02:56:27] it 58125 loss=8.440 mel=1.785 durs=0.306 pitch=0.602 ctc=4.504 bin=1.142 score=0.223 fmatch=0.026 d=0.244 lr=1.000e-04 | 5.99it/s skip=0 (176.3m)\n"}
,{"stream_name":"stdout","time":10696.216922804,"data":"[02:56:31] it 58150 loss=8.836 mel=1.931 durs=0.321 pitch=0.505 ctc=4.440 bin=1.218 score=0.285 fmatch=0.024 d=0.237 lr=1.000e-04 | 5.98it/s skip=0 (176.4m)\n"}
,{"stream_name":"stdout","time":10700.586068702,"data":"[02:56:36] it 58175 loss=8.541 mel=1.776 durs=0.288 pitch=0.737 ctc=4.294 bin=1.110 score=0.308 fmatch=0.026 d=0.242 lr=1.000e-04 | 5.93it/s skip=0 (176.4m)\n"}
,{"stream_name":"stdout","time":10704.85914011,"data":"[02:56:40] it 58200 loss=7.459 mel=1.471 durs=0.236 pitch=0.385 ctc=3.886 bin=0.971 score=0.263 fmatch=0.018 d=0.245 lr=1.000e-04 | 5.94it/s skip=0 (176.5m)\n"}
,{"stream_name":"stdout","time":10709.34390015,"data":"[02:56:44] it 58225 loss=7.910 mel=1.530 durs=0.258 pitch=0.473 ctc=4.325 bin=0.983 score=0.245 fmatch=0.020 d=0.242 lr=1.000e-04 | 5.87it/s skip=0 (176.6m)\n"}
,{"stream_name":"stdout","time":10713.673688269,"data":"[02:56:49] it 58250 loss=8.252 mel=1.641 durs=0.251 pitch=0.487 ctc=4.168 bin=1.010 score=0.332 fmatch=0.030 d=0.256 lr=1.000e-04 | 5.87it/s skip=0 (176.6m)\n"}
,{"stream_name":"stdout","time":10718.062814374,"data":"[02:56:53] it 58275 loss=8.850 mel=1.841 durs=0.331 pitch=0.620 ctc=4.489 bin=1.209 score=0.298 fmatch=0.025 d=0.244 lr=1.000e-04 | 5.84it/s skip=0 (176.7m)\n"}
,{"stream_name":"stdout","time":10722.476893301,"data":"[02:56:58] it 58300 loss=7.933 mel=1.636 durs=0.259 pitch=0.361 ctc=4.130 bin=1.063 score=0.256 fmatch=0.017 d=0.243 lr=1.000e-04 | 5.83it/s skip=0 (176.8m)\n"}
,{"stream_name":"stdout","time":10726.718745139,"data":"[02:57:02] it 58325 loss=8.922 mel=2.027 durs=0.314 pitch=0.559 ctc=4.489 bin=1.162 score=0.283 fmatch=0.023 d=0.238 lr=1.000e-04 | 5.90it/s skip=0 (176.9m)\n"}
,{"stream_name":"stdout","time":10731.061497921,"data":"[02:57:06] it 58350 loss=7.997 mel=1.693 durs=0.273 pitch=0.468 ctc=4.049 bin=1.063 score=0.274 fmatch=0.024 d=0.235 lr=1.000e-04 | 5.87it/s skip=0 (176.9m)\n"}
,{"stream_name":"stdout","time":10735.340598045,"data":"[02:57:10] it 58375 loss=8.311 mel=1.628 durs=0.298 pitch=0.620 ctc=4.330 bin=1.130 score=0.278 fmatch=0.021 d=0.243 lr=1.000e-04 | 5.90it/s skip=0 (177.0m)\n"}
,{"stream_name":"stdout","time":10739.653955935,"data":"[02:57:15] it 58400 loss=8.322 mel=1.641 durs=0.318 pitch=0.378 ctc=4.320 bin=1.147 score=0.280 fmatch=0.023 d=0.240 lr=1.000e-04 | 5.89it/s skip=0 (177.1m)\n"}
,{"stream_name":"stdout","time":10744.06889246,"data":"[02:57:19] it 58425 loss=8.040 mel=1.665 durs=0.289 pitch=0.522 ctc=4.255 bin=1.021 score=0.250 fmatch=0.019 d=0.251 lr=1.000e-04 | 5.84it/s skip=0 (177.2m)\n"}
,{"stream_name":"stdout","time":10748.342487441,"data":"[02:57:23] it 58450 loss=8.153 mel=1.676 durs=0.296 pitch=0.459 ctc=4.264 bin=1.061 score=0.264 fmatch=0.021 d=0.234 lr=1.000e-04 | 5.89it/s skip=0 (177.2m)\n"}
,{"stream_name":"stdout","time":10752.644930226,"data":"[02:57:28] it 58475 loss=9.034 mel=1.843 durs=0.323 pitch=0.469 ctc=4.547 bin=1.185 score=0.337 fmatch=0.033 d=0.244 lr=1.000e-04 | 5.89it/s skip=0 (177.3m)\n"}
,{"stream_name":"stdout","time":10757.007761463,"data":"[02:57:32] it 58500 loss=8.316 mel=1.647 durs=0.264 pitch=0.475 ctc=4.450 bin=1.088 score=0.259 fmatch=0.021 d=0.242 lr=1.000e-04 | 5.86it/s skip=0 (177.4m)\n"}
,{"stream_name":"stdout","time":10761.454837336,"data":"[02:57:37] it 58525 loss=8.158 mel=1.720 durs=0.301 pitch=0.476 ctc=4.209 bin=1.109 score=0.256 fmatch=0.020 d=0.243 lr=1.000e-04 | 5.88it/s skip=0 (177.4m)\n"}
,{"stream_name":"stdout","time":10765.76482902,"data":"[02:57:41] it 58550 loss=8.180 mel=1.826 durs=0.323 pitch=0.606 ctc=4.271 bin=1.059 score=0.226 fmatch=0.027 d=0.248 lr=1.000e-04 | 5.88it/s skip=0 (177.5m)\n"}
,{"stream_name":"stdout","time":10770.034945918,"data":"[02:57:45] it 58575 loss=8.796 mel=1.929 durs=0.293 pitch=0.512 ctc=4.553 bin=1.174 score=0.260 fmatch=0.020 d=0.244 lr=1.000e-04 | 5.90it/s skip=0 (177.6m)\n"}
,{"stream_name":"stdout","time":10774.277764452,"data":"[02:57:49] it 58600 loss=7.699 mel=1.684 durs=0.266 pitch=0.550 ctc=3.879 bin=1.054 score=0.245 fmatch=0.020 d=0.244 lr=1.000e-04 | 5.93it/s skip=0 (177.7m)\n"}
,{"stream_name":"stdout","time":10778.607103373,"data":"[02:57:54] it 58625 loss=7.481 mel=1.574 durs=0.254 pitch=0.456 ctc=3.888 bin=0.935 score=0.247 fmatch=0.023 d=0.248 lr=1.000e-04 | 5.90it/s skip=0 (177.7m)\n"}
,{"stream_name":"stdout","time":10782.79767709,"data":"[02:57:58] it 58650 loss=8.082 mel=1.609 durs=0.269 pitch=0.534 ctc=4.161 bin=1.069 score=0.285 fmatch=0.021 d=0.248 lr=1.000e-04 | 5.96it/s skip=0 (177.8m)\n"}
,{"stream_name":"stdout","time":10787.026136721,"data":"[02:58:02] it 58675 loss=7.681 mel=1.629 durs=0.225 pitch=0.474 ctc=3.900 bin=0.899 score=0.290 fmatch=0.022 d=0.232 lr=1.000e-04 | 5.98it/s skip=0 (177.9m)\n"}
,{"stream_name":"stdout","time":10791.372520669,"data":"[02:58:07] it 58700 loss=8.724 mel=1.775 durs=0.287 pitch=0.547 ctc=4.592 bin=1.200 score=0.264 fmatch=0.019 d=0.247 lr=1.000e-04 | 5.93it/s skip=0 (177.9m)\n"}
,{"stream_name":"stdout","time":10795.608925182,"data":"[02:58:11] it 58725 loss=7.654 mel=1.657 durs=0.249 pitch=0.496 ctc=3.899 bin=0.915 score=0.272 fmatch=0.019 d=0.239 lr=1.000e-04 | 5.95it/s skip=0 (178.0m)\n"}
,{"stream_name":"stdout","time":10799.879680997,"data":"[02:58:15] it 58750 loss=8.045 mel=1.590 durs=0.260 pitch=0.421 ctc=4.230 bin=1.051 score=0.271 fmatch=0.020 d=0.242 lr=1.000e-04 | 5.96it/s skip=0 (178.1m)\n"}
,{"stream_name":"stdout","time":10804.052390252,"data":"[02:58:19] it 58775 loss=8.732 mel=1.901 durs=0.351 pitch=0.745 ctc=4.572 bin=1.214 score=0.228 fmatch=0.025 d=0.244 lr=1.000e-04 | 6.00it/s skip=0 (178.2m)\n"}
,{"stream_name":"stdout","time":10808.361111415,"data":"[02:58:24] it 58800 loss=8.177 mel=1.657 durs=0.306 pitch=0.417 ctc=4.199 bin=1.107 score=0.280 fmatch=0.021 d=0.246 lr=1.000e-04 | 5.96it/s skip=0 (178.2m)\n"}
,{"stream_name":"stdout","time":10812.636039015,"data":"[02:58:28] it 58825 loss=7.127 mel=1.441 durs=0.203 pitch=0.505 ctc=3.738 bin=0.797 score=0.265 fmatch=0.019 d=0.244 lr=1.000e-04 | 5.94it/s skip=0 (178.3m)\n"}
,{"stream_name":"stdout","time":10816.86528333,"data":"[02:58:32] it 58850 loss=7.598 mel=1.588 durs=0.240 pitch=0.531 ctc=3.870 bin=0.912 score=0.282 fmatch=0.023 d=0.248 lr=1.000e-04 | 5.97it/s skip=0 (178.4m)\n"}
,{"stream_name":"stdout","time":10821.099854537,"data":"[02:58:36] it 58875 loss=8.712 mel=1.942 durs=0.344 pitch=0.604 ctc=4.502 bin=1.214 score=0.233 fmatch=0.025 d=0.239 lr=1.000e-04 | 5.98it/s skip=0 (178.4m)\n"}
,{"stream_name":"stdout","time":10825.32615537,"data":"[02:58:40] it 58900 loss=7.847 mel=1.684 durs=0.249 pitch=0.508 ctc=3.992 bin=0.980 score=0.273 fmatch=0.022 d=0.240 lr=1.000e-04 | 5.99it/s skip=0 (178.5m)\n"}
,{"stream_name":"stdout","time":10829.520492968,"data":"[02:58:45] it 58925 loss=8.138 mel=1.560 durs=0.304 pitch=0.529 ctc=4.372 bin=1.093 score=0.253 fmatch=0.018 d=0.249 lr=1.000e-04 | 6.02it/s skip=0 (178.6m)\n"}
,{"stream_name":"stdout","time":10833.735788473,"data":"[02:58:49] it 58950 loss=8.665 mel=1.867 durs=0.303 pitch=0.447 ctc=4.403 bin=1.194 score=0.276 fmatch=0.024 d=0.237 lr=1.000e-04 | 6.03it/s skip=0 (178.7m)\n"}
,{"stream_name":"stdout","time":10837.986032655,"data":"[02:58:53] it 58975 loss=8.082 mel=1.719 durs=0.247 pitch=0.442 ctc=4.108 bin=1.049 score=0.279 fmatch=0.022 d=0.244 lr=1.000e-04 | 6.01it/s skip=0 (178.7m)\n"}
,{"stream_name":"stdout","time":10842.226055262,"data":"[02:58:57] it 59000 loss=8.255 mel=1.639 durs=0.295 pitch=0.562 ctc=4.335 bin=1.099 score=0.269 fmatch=0.019 d=0.240 lr=1.000e-04 | 6.01it/s skip=0 (178.8m)\n"}
,{"stream_name":"stdout","time":10846.615870298,"data":"[02:59:02] it 59025 loss=9.290 mel=2.038 durs=0.361 pitch=0.654 ctc=4.622 bin=1.405 score=0.275 fmatch=0.023 d=0.242 lr=1.000e-04 | 6.01it/s skip=0 (178.9m)\n"}
,{"stream_name":"stdout","time":10850.917781862,"data":"[02:59:06] it 59050 loss=8.146 mel=1.735 durs=0.295 pitch=0.577 ctc=4.164 bin=1.033 score=0.276 fmatch=0.021 d=0.241 lr=1.000e-04 | 5.97it/s skip=0 (178.9m)\n"}
,{"stream_name":"stdout","time":10855.241038264,"data":"[02:59:10] it 59075 loss=7.668 mel=1.550 durs=0.261 pitch=0.379 ctc=4.065 bin=0.957 score=0.253 fmatch=0.018 d=0.248 lr=1.000e-04 | 5.93it/s skip=0 (179.0m)\n"}
,{"stream_name":"stdout","time":10859.480547506,"data":"[02:59:15] it 59100 loss=8.618 mel=1.726 durs=0.281 pitch=0.513 ctc=4.365 bin=1.093 score=0.331 fmatch=0.031 d=0.244 lr=1.000e-04 | 5.96it/s skip=0 (179.1m)\n"}
,{"stream_name":"stdout","time":10863.825480211,"data":"[02:59:19] it 59125 loss=7.857 mel=1.720 durs=0.251 pitch=0.431 ctc=4.076 bin=1.048 score=0.231 fmatch=0.021 d=0.236 lr=1.000e-04 | 5.92it/s skip=0 (179.2m)\n"}
,{"stream_name":"stdout","time":10868.13824527,"data":"[02:59:23] it 59150 loss=7.755 mel=1.559 durs=0.284 pitch=0.567 ctc=4.060 bin=0.990 score=0.260 fmatch=0.019 d=0.240 lr=1.000e-04 | 5.92it/s skip=0 (179.2m)\n"}
,{"stream_name":"stdout","time":10872.427517177,"data":"[02:59:28] it 59175 loss=8.525 mel=1.671 durs=0.325 pitch=0.341 ctc=4.498 bin=1.157 score=0.277 fmatch=0.024 d=0.230 lr=1.000e-04 | 5.92it/s skip=0 (179.3m)\n"}
,{"stream_name":"stdout","time":10876.74474546,"data":"[02:59:32] it 59200 loss=8.032 mel=1.841 durs=0.302 pitch=0.403 ctc=3.961 bin=1.082 score=0.264 fmatch=0.023 d=0.229 lr=1.000e-04 | 5.95it/s skip=0 (179.4m)\n"}
,{"stream_name":"stdout","time":10881.056316556,"data":"[02:59:36] it 59225 loss=7.473 mel=1.373 durs=0.234 pitch=0.503 ctc=4.017 bin=0.911 score=0.270 fmatch=0.017 d=0.243 lr=1.000e-04 | 5.93it/s skip=0 (179.4m)\n"}
,{"stream_name":"stdout","time":10885.41660259,"data":"[02:59:41] it 59250 loss=7.731 mel=1.667 durs=0.271 pitch=0.563 ctc=3.994 bin=1.017 score=0.237 fmatch=0.022 d=0.241 lr=1.000e-04 | 5.89it/s skip=0 (179.5m)\n"}
,{"stream_name":"stdout","time":10889.734682119,"data":"[02:59:45] it 59275 loss=8.556 mel=1.862 durs=0.322 pitch=0.497 ctc=4.384 bin=1.157 score=0.262 fmatch=0.022 d=0.237 lr=1.000e-04 | 5.89it/s skip=0 (179.6m)\n"}
,{"stream_name":"stdout","time":10894.267989774,"data":"[02:59:49] it 59300 loss=7.543 mel=1.445 durs=0.244 pitch=0.685 ctc=4.030 bin=0.900 score=0.264 fmatch=0.020 d=0.239 lr=1.000e-04 | 5.79it/s skip=0 (179.7m)\n"}
,{"stream_name":"stdout","time":10898.537819056,"data":"[02:59:54] it 59325 loss=7.408 mel=1.516 durs=0.259 pitch=0.440 ctc=3.912 bin=0.967 score=0.230 fmatch=0.024 d=0.251 lr=1.000e-04 | 5.85it/s skip=0 (179.7m)\n"}
,{"stream_name":"stdout","time":10902.911710434,"data":"[02:59:58] it 59350 loss=7.642 mel=1.674 durs=0.249 pitch=0.539 ctc=3.914 bin=0.948 score=0.252 fmatch=0.021 d=0.248 lr=1.000e-04 | 5.83it/s skip=0 (179.8m)\n"}
,{"stream_name":"stdout","time":10907.159526125,"data":"[03:00:02] it 59375 loss=7.960 mel=1.690 durs=0.252 pitch=0.561 ctc=3.979 bin=0.965 score=0.304 fmatch=0.027 d=0.246 lr=1.000e-04 | 5.88it/s skip=0 (179.9m)\n"}
,{"stream_name":"stdout","time":10911.407760619,"data":"[03:00:07] it 59400 loss=8.206 mel=1.810 durs=0.284 pitch=0.363 ctc=4.095 bin=1.062 score=0.288 fmatch=0.023 d=0.244 lr=1.000e-04 | 5.92it/s skip=0 (179.9m)\n"}
,{"stream_name":"stdout","time":10915.664686814,"data":"[03:00:11] it 59425 loss=8.314 mel=1.645 durs=0.285 pitch=0.533 ctc=4.414 bin=1.183 score=0.242 fmatch=0.021 d=0.245 lr=1.000e-04 | 5.95it/s skip=0 (180.0m)\n"}
,{"stream_name":"stdout","time":10920.005987495,"data":"[03:00:15] it 59450 loss=7.834 mel=1.467 durs=0.258 pitch=0.346 ctc=4.189 bin=0.927 score=0.292 fmatch=0.023 d=0.249 lr=1.000e-04 | 5.90it/s skip=0 (180.1m)\n"}
,{"stream_name":"stdout","time":10924.221966158,"data":"[03:00:19] it 59475 loss=7.743 mel=1.502 durs=0.248 pitch=0.470 ctc=4.067 bin=0.948 score=0.283 fmatch=0.022 d=0.247 lr=1.000e-04 | 5.94it/s skip=0 (180.2m)\n"}
,{"stream_name":"stdout","time":10928.539247258,"data":"[03:00:24] it 59500 loss=8.239 mel=1.742 durs=0.283 pitch=0.502 ctc=4.298 bin=1.103 score=0.249 fmatch=0.021 d=0.246 lr=1.000e-04 | 5.92it/s skip=0 (180.2m)\n"}
,{"stream_name":"stdout","time":10932.996822001,"data":"[03:00:28] it 59525 loss=8.334 mel=1.733 durs=0.272 pitch=0.548 ctc=4.239 bin=1.058 score=0.299 fmatch=0.026 d=0.227 lr=1.000e-04 | 5.91it/s skip=0 (180.3m)\n"}
,{"stream_name":"stdout","time":10937.287394436,"data":"[03:00:32] it 59550 loss=7.409 mel=1.388 durs=0.212 pitch=0.538 ctc=3.941 bin=0.893 score=0.273 fmatch=0.022 d=0.252 lr=1.000e-04 | 5.91it/s skip=0 (180.4m)\n"}
,{"stream_name":"stdout","time":10941.512638111,"data":"[03:00:37] it 59575 loss=7.836 mel=1.478 durs=0.266 pitch=0.474 ctc=4.152 bin=1.085 score=0.257 fmatch=0.019 d=0.241 lr=1.000e-04 | 5.95it/s skip=0 (180.4m)\n"}
,{"stream_name":"stdout","time":10945.691321415,"data":"[03:00:41] it 59600 loss=8.238 mel=1.780 durs=0.308 pitch=0.511 ctc=4.222 bin=1.136 score=0.249 fmatch=0.021 d=0.249 lr=1.000e-04 | 6.00it/s skip=0 (180.5m)\n"}
,{"stream_name":"stdout","time":10949.942443839,"data":"[03:00:45] it 59625 loss=8.406 mel=1.665 durs=0.299 pitch=0.614 ctc=4.467 bin=1.079 score=0.271 fmatch=0.021 d=0.237 lr=1.000e-04 | 5.99it/s skip=0 (180.6m)\n"}
,{"stream_name":"stdout","time":10954.176502255,"data":"[03:00:49] it 59650 loss=8.410 mel=1.780 durs=0.303 pitch=0.513 ctc=4.358 bin=1.186 score=0.245 fmatch=0.024 d=0.238 lr=1.000e-04 | 5.99it/s skip=0 (180.7m)\n"}
,{"stream_name":"stdout","time":10958.577075588,"data":"[03:00:54] it 59675 loss=7.810 mel=1.715 durs=0.254 pitch=0.499 ctc=4.064 bin=1.023 score=0.227 fmatch=0.025 d=0.247 lr=1.000e-04 | 5.91it/s skip=0 (180.7m)\n"}
,{"stream_name":"stdout","time":10962.772145687,"data":"[03:00:58] it 59700 loss=8.110 mel=1.642 durs=0.268 pitch=0.460 ctc=4.182 bin=1.132 score=0.265 fmatch=0.021 d=0.245 lr=1.000e-04 | 5.98it/s skip=0 (180.8m)\n"}
,{"stream_name":"stdout","time":10967.088126746,"data":"[03:01:02] it 59725 loss=7.832 mel=1.524 durs=0.252 pitch=0.505 ctc=3.945 bin=1.020 score=0.311 fmatch=0.025 d=0.251 lr=1.000e-04 | 5.95it/s skip=0 (180.9m)\n"}
,{"stream_name":"stdout","time":10971.314376249,"data":"[03:01:06] it 59750 loss=8.336 mel=1.692 durs=0.271 pitch=0.532 ctc=4.268 bin=1.145 score=0.283 fmatch=0.022 d=0.245 lr=1.000e-04 | 5.96it/s skip=0 (180.9m)\n"}
,{"stream_name":"stdout","time":10975.521277098,"data":"[03:01:11] it 59775 loss=8.197 mel=1.957 durs=0.318 pitch=0.504 ctc=4.024 bin=1.108 score=0.251 fmatch=0.023 d=0.243 lr=1.000e-04 | 5.99it/s skip=0 (181.0m)\n"}
,{"stream_name":"stdout","time":10979.793208422,"data":"[03:01:15] it 59800 loss=8.400 mel=1.808 durs=0.284 pitch=0.398 ctc=4.322 bin=1.132 score=0.262 fmatch=0.022 d=0.238 lr=1.000e-04 | 5.97it/s skip=0 (181.1m)\n"}
,{"stream_name":"stdout","time":10984.039774261,"data":"[03:01:19] it 59825 loss=8.340 mel=1.761 durs=0.304 pitch=0.535 ctc=4.289 bin=1.114 score=0.268 fmatch=0.021 d=0.241 lr=1.000e-04 | 5.98it/s skip=0 (181.2m)\n"}
,{"stream_name":"stdout","time":10988.328725991,"data":"[03:01:23] it 59850 loss=8.238 mel=1.718 durs=0.313 pitch=0.450 ctc=4.174 bin=1.153 score=0.274 fmatch=0.020 d=0.241 lr=1.000e-04 | 5.95it/s skip=0 (181.2m)\n"}
,{"stream_name":"stdout","time":10992.576553788,"data":"[03:01:28] it 59875 loss=7.669 mel=1.691 durs=0.249 pitch=0.495 ctc=3.937 bin=0.965 score=0.245 fmatch=0.020 d=0.245 lr=1.000e-04 | 5.96it/s skip=0 (181.3m)\n"}
,{"stream_name":"stdout","time":10996.75159797,"data":"[03:01:32] it 59900 loss=8.132 mel=1.619 durs=0.250 pitch=0.536 ctc=4.285 bin=1.021 score=0.277 fmatch=0.021 d=0.247 lr=1.000e-04 | 6.01it/s skip=0 (181.4m)\n"}
,{"stream_name":"stdout","time":11001.040538284,"data":"[03:01:36] it 59925 loss=8.227 mel=1.510 durs=0.251 pitch=0.355 ctc=4.301 bin=1.027 score=0.324 fmatch=0.030 d=0.263 lr=1.000e-04 | 5.97it/s skip=0 (181.4m)\n"}
,{"stream_name":"stdout","time":11005.311599984,"data":"[03:01:40] it 59950 loss=8.819 mel=1.775 durs=0.324 pitch=0.441 ctc=4.556 bin=1.245 score=0.286 fmatch=0.023 d=0.245 lr=1.000e-04 | 5.97it/s skip=0 (181.5m)\n"}
,{"stream_name":"stdout","time":11009.579608904,"data":"[03:01:45] it 59975 loss=8.021 mel=1.423 durs=0.264 pitch=0.527 ctc=4.223 bin=1.106 score=0.291 fmatch=0.026 d=0.239 lr=1.000e-04 | 5.96it/s skip=0 (181.6m)\n"}
,{"stream_name":"stdout","time":11013.88336714,"data":"[03:01:49] it 60000 loss=8.742 mel=1.799 durs=0.354 pitch=0.450 ctc=4.571 bin=1.209 score=0.265 fmatch=0.022 d=0.236 lr=1.000e-04 | 5.95it/s skip=0 (181.7m)\n"}
,{"stream_name":"stdout","time":11014.774393562,"data":"[03:01:50] [train] probes saved at iter 60000\n"}
,{"stream_name":"stdout","time":11027.177662275,"data":"[03:02:02] [val] it 60000 loss=7.134 mel=1.793 durs=0.278 pitch=0.497 ctc=4.199 (12.4s)\n"}
,{"stream_name":"stdout","time":11031.49597545,"data":"[03:02:07] it 60025 loss=8.007 mel=1.735 durs=0.270 pitch=0.409 ctc=4.263 bin=1.036 score=0.220 fmatch=0.024 d=0.246 lr=1.000e-04 | 5.92it/s skip=0 (181.9m)\n"}
,{"stream_name":"stdout","time":11035.670703657,"data":"[03:02:11] it 60050 loss=7.998 mel=1.535 durs=0.294 pitch=0.605 ctc=4.160 bin=1.049 score=0.285 fmatch=0.024 d=0.240 lr=1.000e-04 | 5.98it/s skip=0 (182.0m)\n"}
,{"stream_name":"stdout","time":11039.924844133,"data":"[03:02:15] it 60075 loss=8.569 mel=1.631 durs=0.314 pitch=0.443 ctc=4.647 bin=1.115 score=0.270 fmatch=0.020 d=0.242 lr=1.000e-04 | 5.98it/s skip=0 (182.1m)\n"}
,{"stream_name":"stdout","time":11044.195558045,"data":"[03:02:19] it 60100 loss=7.198 mel=1.404 durs=0.214 pitch=0.528 ctc=3.841 bin=0.874 score=0.246 fmatch=0.020 d=0.241 lr=1.000e-04 | 5.96it/s skip=0 (182.2m)\n"}
,{"stream_name":"stdout","time":11048.475983737,"data":"[03:02:24] it 60125 loss=7.790 mel=1.521 durs=0.231 pitch=0.500 ctc=4.146 bin=0.994 score=0.259 fmatch=0.020 d=0.237 lr=1.000e-04 | 5.96it/s skip=0 (182.2m)\n"}
,{"stream_name":"stdout","time":11052.84068066,"data":"[03:02:28] it 60150 loss=8.613 mel=1.771 durs=0.304 pitch=0.467 ctc=4.441 bin=1.184 score=0.279 fmatch=0.024 d=0.240 lr=1.000e-04 | 5.91it/s skip=0 (182.3m)\n"}
,{"stream_name":"stdout","time":11057.11820584,"data":"[03:02:32] it 60175 loss=8.177 mel=1.634 durs=0.282 pitch=0.397 ctc=4.161 bin=1.111 score=0.295 fmatch=0.024 d=0.243 lr=1.000e-04 | 5.91it/s skip=0 (182.4m)\n"}
,{"stream_name":"stdout","time":11061.418089035,"data":"[03:02:37] it 60200 loss=7.850 mel=1.553 durs=0.266 pitch=0.390 ctc=4.101 bin=1.067 score=0.260 fmatch=0.022 d=0.250 lr=1.000e-04 | 5.91it/s skip=0 (182.4m)\n"}
,{"stream_name":"stdout","time":11065.639309195,"data":"[03:02:41] it 60225 loss=8.226 mel=1.784 durs=0.304 pitch=0.600 ctc=4.339 bin=1.096 score=0.222 fmatch=0.027 d=0.244 lr=1.000e-04 | 5.94it/s skip=0 (182.5m)\n"}
,{"stream_name":"stdout","time":11069.86885545,"data":"[03:02:45] it 60250 loss=8.466 mel=1.747 durs=0.307 pitch=0.474 ctc=4.429 bin=1.240 score=0.237 fmatch=0.023 d=0.242 lr=1.000e-04 | 5.97it/s skip=0 (182.6m)\n"}
,{"stream_name":"stdout","time":11074.197260452,"data":"[03:02:49] it 60275 loss=7.678 mel=1.437 durs=0.242 pitch=0.439 ctc=3.986 bin=0.980 score=0.296 fmatch=0.022 d=0.253 lr=1.000e-04 | 5.94it/s skip=0 (182.7m)\n"}
,{"stream_name":"stdout","time":11078.51542337,"data":"[03:02:54] it 60300 loss=8.319 mel=1.758 durs=0.292 pitch=0.403 ctc=4.330 bin=1.069 score=0.268 fmatch=0.020 d=0.245 lr=1.000e-04 | 5.92it/s skip=0 (182.7m)\n"}
,{"stream_name":"stdout","time":11082.748402828,"data":"[03:02:58] it 60325 loss=7.987 mel=1.528 durs=0.268 pitch=0.532 ctc=4.281 bin=1.070 score=0.250 fmatch=0.025 d=0.250 lr=1.000e-04 | 5.96it/s skip=0 (182.8m)\n"}
,{"stream_name":"stdout","time":11087.061064039,"data":"[03:03:02] it 60350 loss=8.375 mel=1.814 durs=0.289 pitch=0.644 ctc=4.319 bin=1.052 score=0.269 fmatch=0.021 d=0.242 lr=1.000e-04 | 5.93it/s skip=0 (182.9m)\n"}
,{"stream_name":"stdout","time":11091.302972886,"data":"[03:03:06] it 60375 loss=8.048 mel=1.669 durs=0.286 pitch=0.576 ctc=4.081 bin=1.104 score=0.272 fmatch=0.019 d=0.251 lr=1.000e-04 | 5.95it/s skip=0 (182.9m)\n"}
,{"stream_name":"stdout","time":11095.532814604,"data":"[03:03:11] it 60400 loss=7.496 mel=1.510 durs=0.222 pitch=0.566 ctc=3.924 bin=0.933 score=0.258 fmatch=0.019 d=0.241 lr=1.000e-04 | 5.97it/s skip=0 (183.0m)\n"}
,{"stream_name":"stdout","time":11099.929292686,"data":"[03:03:15] it 60425 loss=8.081 mel=1.523 durs=0.233 pitch=0.409 ctc=4.126 bin=1.048 score=0.323 fmatch=0.028 d=0.247 lr=1.000e-04 | 5.91it/s skip=0 (183.1m)\n"}
,{"stream_name":"stdout","time":11104.202111482,"data":"[03:03:19] it 60450 loss=8.629 mel=1.772 durs=0.360 pitch=0.567 ctc=4.636 bin=1.176 score=0.232 fmatch=0.023 d=0.242 lr=1.000e-04 | 5.92it/s skip=0 (183.2m)\n"}
,{"stream_name":"stdout","time":11108.511376883,"data":"[03:03:24] it 60475 loss=8.464 mel=1.609 durs=0.329 pitch=0.553 ctc=4.567 bin=1.193 score=0.247 fmatch=0.019 d=0.242 lr=1.000e-04 | 5.91it/s skip=0 (183.2m)\n"}
,{"stream_name":"stdout","time":11112.77586682,"data":"[03:03:28] it 60500 loss=7.854 mel=1.654 durs=0.258 pitch=0.409 ctc=4.133 bin=0.981 score=0.250 fmatch=0.020 d=0.248 lr=1.000e-04 | 5.93it/s skip=0 (183.3m)\n"}
,{"stream_name":"stdout","time":11117.261332521,"data":"[03:03:32] it 60525 loss=7.837 mel=1.522 durs=0.278 pitch=0.462 ctc=4.125 bin=1.068 score=0.256 fmatch=0.022 d=0.247 lr=1.000e-04 | 5.92it/s skip=0 (183.4m)\n"}
,{"stream_name":"stdout","time":11121.481337408,"data":"[03:03:37] it 60550 loss=8.201 mel=1.541 durs=0.270 pitch=0.503 ctc=4.325 bin=1.090 score=0.286 fmatch=0.023 d=0.239 lr=1.000e-04 | 5.96it/s skip=0 (183.4m)\n"}
,{"stream_name":"stdout","time":11125.728236501,"data":"[03:03:41] it 60575 loss=7.786 mel=1.641 durs=0.265 pitch=0.393 ctc=4.048 bin=1.002 score=0.252 fmatch=0.020 d=0.244 lr=1.000e-04 | 5.97it/s skip=0 (183.5m)\n"}
,{"stream_name":"stdout","time":11129.980151041,"data":"[03:03:45] it 60600 loss=7.848 mel=1.559 durs=0.252 pitch=0.534 ctc=4.079 bin=1.026 score=0.272 fmatch=0.020 d=0.244 lr=1.000e-04 | 5.96it/s skip=0 (183.6m)\n"}
,{"stream_name":"stdout","time":11134.206498731,"data":"[03:03:49] it 60625 loss=7.634 mel=1.699 durs=0.260 pitch=0.453 ctc=3.903 bin=1.014 score=0.231 fmatch=0.021 d=0.244 lr=1.000e-04 | 5.98it/s skip=0 (183.7m)\n"}
,{"stream_name":"stdout","time":11138.516137881,"data":"[03:03:54] it 60650 loss=7.684 mel=1.358 durs=0.206 pitch=0.636 ctc=4.077 bin=0.890 score=0.313 fmatch=0.025 d=0.244 lr=1.000e-04 | 5.95it/s skip=0 (183.7m)\n"}
,{"stream_name":"stdout","time":11142.721574734,"data":"[03:03:58] it 60675 loss=8.949 mel=1.835 durs=0.351 pitch=0.445 ctc=4.772 bin=1.279 score=0.239 fmatch=0.024 d=0.232 lr=1.000e-04 | 5.99it/s skip=0 (183.8m)\n"}
,{"stream_name":"stdout","time":11146.996916008,"data":"[03:04:02] it 60700 loss=7.919 mel=1.695 durs=0.241 pitch=0.512 ctc=4.064 bin=1.002 score=0.265 fmatch=0.022 d=0.238 lr=1.000e-04 | 5.97it/s skip=0 (183.9m)\n"}
,{"stream_name":"stdout","time":11151.316920407,"data":"[03:04:06] it 60725 loss=8.072 mel=1.551 durs=0.270 pitch=0.488 ctc=4.377 bin=1.083 score=0.241 fmatch=0.021 d=0.239 lr=1.000e-04 | 5.94it/s skip=0 (183.9m)\n"}
,{"stream_name":"stdout","time":11155.547693701,"data":"[03:04:11] it 60750 loss=7.699 mel=1.564 durs=0.245 pitch=0.491 ctc=3.937 bin=0.975 score=0.282 fmatch=0.021 d=0.246 lr=1.000e-04 | 5.97it/s skip=0 (184.0m)\n"}
,{"stream_name":"stdout","time":11159.851511818,"data":"[03:04:15] it 60775 loss=8.696 mel=1.776 durs=0.324 pitch=0.579 ctc=4.386 bin=1.244 score=0.293 fmatch=0.026 d=0.233 lr=1.000e-04 | 5.96it/s skip=0 (184.1m)\n"}
,{"stream_name":"stdout","time":11164.098178982,"data":"[03:04:19] it 60800 loss=8.284 mel=1.685 durs=0.308 pitch=0.490 ctc=4.308 bin=1.080 score=0.277 fmatch=0.022 d=0.245 lr=1.000e-04 | 5.97it/s skip=0 (184.2m)\n"}
,{"stream_name":"stdout","time":11168.359229595,"data":"[03:04:24] it 60825 loss=7.829 mel=1.516 durs=0.252 pitch=0.418 ctc=4.222 bin=0.963 score=0.260 fmatch=0.019 d=0.242 lr=1.000e-04 | 5.98it/s skip=0 (184.2m)\n"}
,{"stream_name":"stdout","time":11172.612893,"data":"[03:04:28] it 60850 loss=7.738 mel=1.604 durs=0.265 pitch=0.602 ctc=3.862 bin=0.966 score=0.299 fmatch=0.023 d=0.249 lr=1.000e-04 | 5.97it/s skip=0 (184.3m)\n"}
,{"stream_name":"stdout","time":11176.902127635,"data":"[03:04:32] it 60875 loss=7.743 mel=1.661 durs=0.266 pitch=0.407 ctc=3.983 bin=0.960 score=0.263 fmatch=0.020 d=0.237 lr=1.000e-04 | 5.95it/s skip=0 (184.4m)\n"}
,{"stream_name":"stdout","time":11181.089324909,"data":"[03:04:36] it 60900 loss=7.879 mel=1.474 durs=0.265 pitch=0.313 ctc=4.241 bin=1.051 score=0.259 fmatch=0.019 d=0.242 lr=1.000e-04 | 5.99it/s skip=0 (184.4m)\n"}
,{"stream_name":"stdout","time":11185.340748574,"data":"[03:04:40] it 60925 loss=8.677 mel=1.999 durs=0.341 pitch=0.564 ctc=4.318 bin=1.196 score=0.263 fmatch=0.022 d=0.239 lr=1.000e-04 | 5.98it/s skip=0 (184.5m)\n"}
,{"stream_name":"stdout","time":11189.680959289,"data":"[03:04:45] it 60950 loss=8.435 mel=1.727 durs=0.298 pitch=0.578 ctc=4.315 bin=1.195 score=0.272 fmatch=0.022 d=0.234 lr=1.000e-04 | 5.94it/s skip=0 (184.6m)\n"}
,{"stream_name":"stdout","time":11193.981043365,"data":"[03:04:49] it 60975 loss=7.287 mel=1.453 durs=0.233 pitch=0.369 ctc=3.858 bin=0.897 score=0.250 fmatch=0.018 d=0.247 lr=1.000e-04 | 5.93it/s skip=0 (184.7m)\n"}
,{"stream_name":"stdout","time":11198.184716674,"data":"[03:04:53] it 61000 loss=8.046 mel=1.513 durs=0.247 pitch=0.616 ctc=4.236 bin=0.989 score=0.300 fmatch=0.024 d=0.241 lr=1.000e-04 | 5.98it/s skip=0 (184.7m)\n"}
,{"stream_name":"stdout","time":11202.497447065,"data":"[03:04:58] it 61025 loss=7.807 mel=1.588 durs=0.281 pitch=0.411 ctc=4.120 bin=0.976 score=0.258 fmatch=0.021 d=0.250 lr=1.000e-04 | 6.03it/s skip=0 (184.8m)\n"}
,{"stream_name":"stdout","time":11206.810018814,"data":"[03:05:02] it 61050 loss=7.543 mel=1.460 durs=0.249 pitch=0.435 ctc=3.971 bin=1.003 score=0.255 fmatch=0.021 d=0.245 lr=1.000e-04 | 5.98it/s skip=0 (184.9m)\n"}
,{"stream_name":"stdout","time":11211.0893592,"data":"[03:05:06] it 61075 loss=8.684 mel=1.939 durs=0.318 pitch=0.415 ctc=4.294 bin=1.186 score=0.291 fmatch=0.025 d=0.241 lr=1.000e-04 | 5.96it/s skip=0 (184.9m)\n"}
,{"stream_name":"stdout","time":11215.440954788,"data":"[03:05:11] it 61100 loss=7.634 mel=1.558 durs=0.241 pitch=0.464 ctc=3.920 bin=1.020 score=0.261 fmatch=0.020 d=0.238 lr=1.000e-04 | 5.91it/s skip=0 (185.0m)\n"}
,{"stream_name":"stdout","time":11219.718666692,"data":"[03:05:15] it 61125 loss=7.329 mel=1.393 durs=0.245 pitch=0.573 ctc=3.828 bin=0.876 score=0.283 fmatch=0.020 d=0.246 lr=1.000e-04 | 5.92it/s skip=0 (185.1m)\n"}
,{"stream_name":"stdout","time":11223.96441157,"data":"[03:05:19] it 61150 loss=7.661 mel=1.645 durs=0.243 pitch=0.576 ctc=3.857 bin=0.954 score=0.275 fmatch=0.021 d=0.247 lr=1.000e-04 | 5.96it/s skip=0 (185.2m)\n"}
,{"stream_name":"stdout","time":11228.2468991,"data":"[03:05:23] it 61175 loss=8.436 mel=1.920 durs=0.304 pitch=0.595 ctc=4.302 bin=1.045 score=0.264 fmatch=0.021 d=0.238 lr=1.000e-04 | 5.95it/s skip=0 (185.2m)\n"}
,{"stream_name":"stdout","time":11232.594695115,"data":"[03:05:28] it 61200 loss=8.511 mel=1.856 durs=0.319 pitch=0.535 ctc=4.190 bin=1.110 score=0.310 fmatch=0.030 d=0.228 lr=1.000e-04 | 5.92it/s skip=0 (185.3m)\n"}
,{"stream_name":"stdout","time":11236.784984343,"data":"[03:05:32] it 61225 loss=8.170 mel=1.585 durs=0.295 pitch=0.389 ctc=4.321 bin=1.163 score=0.253 fmatch=0.020 d=0.231 lr=1.000e-04 | 5.98it/s skip=0 (185.4m)\n"}
,{"stream_name":"stdout","time":11241.147058455,"data":"[03:05:36] it 61250 loss=8.786 mel=2.135 durs=0.350 pitch=0.669 ctc=4.278 bin=1.115 score=0.282 fmatch=0.025 d=0.232 lr=1.000e-04 | 5.92it/s skip=0 (185.4m)\n"}
,{"stream_name":"stdout","time":11245.439515698,"data":"[03:05:41] it 61275 loss=7.545 mel=1.569 durs=0.264 pitch=0.451 ctc=3.944 bin=0.952 score=0.247 fmatch=0.022 d=0.239 lr=1.000e-04 | 5.92it/s skip=0 (185.5m)\n"}
,{"stream_name":"stdout","time":11249.698464455,"data":"[03:05:45] it 61300 loss=8.103 mel=1.463 durs=0.261 pitch=0.410 ctc=4.273 bin=1.034 score=0.311 fmatch=0.024 d=0.252 lr=1.000e-04 | 5.94it/s skip=0 (185.6m)\n"}
,{"stream_name":"stdout","time":11253.995846573,"data":"[03:05:49] it 61325 loss=7.296 mel=1.426 durs=0.236 pitch=0.508 ctc=3.927 bin=0.895 score=0.239 fmatch=0.018 d=0.243 lr=1.000e-04 | 5.93it/s skip=0 (185.7m)\n"}
,{"stream_name":"stdout","time":11258.279917995,"data":"[03:05:53] it 61350 loss=8.335 mel=1.696 durs=0.311 pitch=0.494 ctc=4.403 bin=1.145 score=0.248 fmatch=0.020 d=0.244 lr=1.000e-04 | 5.93it/s skip=0 (185.7m)\n"}
,{"stream_name":"stdout","time":11262.547306444,"data":"[03:05:58] it 61375 loss=7.935 mel=1.536 durs=0.248 pitch=0.406 ctc=4.146 bin=0.998 score=0.291 fmatch=0.024 d=0.241 lr=1.000e-04 | 5.93it/s skip=0 (185.8m)\n"}
,{"stream_name":"stdout","time":11266.753384558,"data":"[03:06:02] it 61400 loss=7.578 mel=1.422 durs=0.253 pitch=0.472 ctc=3.904 bin=0.949 score=0.302 fmatch=0.024 d=0.249 lr=1.000e-04 | 5.98it/s skip=0 (185.9m)\n"}
,{"stream_name":"stdout","time":11270.948970522,"data":"[03:06:06] it 61425 loss=8.182 mel=1.604 durs=0.293 pitch=0.510 ctc=4.211 bin=1.040 score=0.306 fmatch=0.025 d=0.245 lr=1.000e-04 | 6.01it/s skip=0 (185.9m)\n"}
,{"stream_name":"stdout","time":11275.299690311,"data":"[03:06:10] it 61450 loss=8.988 mel=1.869 durs=0.321 pitch=0.531 ctc=4.601 bin=1.204 score=0.301 fmatch=0.026 d=0.237 lr=1.000e-04 | 5.94it/s skip=0 (186.0m)\n"}
,{"stream_name":"stdout","time":11279.588628446,"data":"[03:06:15] it 61475 loss=8.663 mel=1.760 durs=0.311 pitch=0.490 ctc=4.487 bin=1.198 score=0.279 fmatch=0.022 d=0.242 lr=1.000e-04 | 5.94it/s skip=0 (186.1m)\n"}
,{"stream_name":"stdout","time":11283.906072507,"data":"[03:06:19] it 61500 loss=8.619 mel=1.719 durs=0.284 pitch=0.426 ctc=4.342 bin=1.164 score=0.324 fmatch=0.028 d=0.243 lr=1.000e-04 | 5.91it/s skip=0 (186.2m)\n"}
,{"stream_name":"stdout","time":11288.236980745,"data":"[03:06:23] it 61525 loss=8.318 mel=1.717 durs=0.280 pitch=0.642 ctc=4.166 bin=1.050 score=0.316 fmatch=0.027 d=0.252 lr=1.000e-04 | 5.97it/s skip=0 (186.2m)\n"}
,{"stream_name":"stdout","time":11292.464908852,"data":"[03:06:28] it 61550 loss=8.576 mel=1.705 durs=0.322 pitch=0.489 ctc=4.700 bin=1.088 score=0.245 fmatch=0.020 d=0.245 lr=1.000e-04 | 5.98it/s skip=0 (186.3m)\n"}
,{"stream_name":"stdout","time":11296.653465072,"data":"[03:06:32] it 61575 loss=7.499 mel=1.568 durs=0.249 pitch=0.461 ctc=3.885 bin=0.910 score=0.261 fmatch=0.020 d=0.240 lr=1.000e-04 | 6.01it/s skip=0 (186.4m)\n"}
,{"stream_name":"stdout","time":11300.920826157,"data":"[03:06:36] it 61600 loss=9.029 mel=2.007 durs=0.369 pitch=0.537 ctc=4.673 bin=1.260 score=0.244 fmatch=0.023 d=0.235 lr=1.000e-04 | 5.99it/s skip=0 (186.4m)\n"}
,{"stream_name":"stdout","time":11305.163453578,"data":"[03:06:40] it 61625 loss=7.894 mel=1.545 durs=0.275 pitch=0.443 ctc=4.058 bin=1.000 score=0.299 fmatch=0.022 d=0.248 lr=1.000e-04 | 5.99it/s skip=0 (186.5m)\n"}
,{"stream_name":"stdout","time":11309.353174105,"data":"[03:06:44] it 61650 loss=7.840 mel=1.648 durs=0.259 pitch=0.585 ctc=4.027 bin=0.942 score=0.279 fmatch=0.022 d=0.235 lr=1.000e-04 | 6.00it/s skip=0 (186.6m)\n"}
,{"stream_name":"stdout","time":11313.615862687,"data":"[03:06:49] it 61675 loss=8.310 mel=1.532 durs=0.300 pitch=0.574 ctc=4.535 bin=1.076 score=0.265 fmatch=0.020 d=0.247 lr=1.000e-04 | 5.98it/s skip=0 (186.6m)\n"}
,{"stream_name":"stdout","time":11317.89518997,"data":"[03:06:53] it 61700 loss=8.663 mel=1.788 durs=0.282 pitch=0.527 ctc=4.457 bin=1.171 score=0.285 fmatch=0.026 d=0.236 lr=1.000e-04 | 5.97it/s skip=0 (186.7m)\n"}
,{"stream_name":"stdout","time":11322.168558678,"data":"[03:06:57] it 61725 loss=8.624 mel=1.857 durs=0.315 pitch=0.411 ctc=4.568 bin=1.226 score=0.219 fmatch=0.025 d=0.239 lr=1.000e-04 | 5.96it/s skip=0 (186.8m)\n"}
,{"stream_name":"stdout","time":11326.432894214,"data":"[03:07:02] it 61750 loss=7.753 mel=1.603 durs=0.276 pitch=0.660 ctc=3.870 bin=1.016 score=0.286 fmatch=0.026 d=0.241 lr=1.000e-04 | 5.96it/s skip=0 (186.9m)\n"}
,{"stream_name":"stdout","time":11330.720779962,"data":"[03:07:06] it 61775 loss=7.350 mel=1.360 durs=0.218 pitch=0.521 ctc=3.851 bin=0.893 score=0.288 fmatch=0.022 d=0.244 lr=1.000e-04 | 5.94it/s skip=0 (186.9m)\n"}
,{"stream_name":"stdout","time":11335.046954342,"data":"[03:07:10] it 61800 loss=7.931 mel=1.667 durs=0.270 pitch=0.379 ctc=4.169 bin=1.050 score=0.239 fmatch=0.023 d=0.247 lr=1.000e-04 | 5.93it/s skip=0 (187.0m)\n"}
,{"stream_name":"stdout","time":11339.349164744,"data":"[03:07:14] it 61825 loss=8.518 mel=1.792 durs=0.331 pitch=0.603 ctc=4.394 bin=1.179 score=0.260 fmatch=0.019 d=0.245 lr=1.000e-04 | 5.92it/s skip=0 (187.1m)\n"}
,{"stream_name":"stdout","time":11343.603605054,"data":"[03:07:19] it 61850 loss=8.293 mel=1.600 durs=0.279 pitch=0.567 ctc=4.417 bin=1.090 score=0.270 fmatch=0.023 d=0.237 lr=1.000e-04 | 5.94it/s skip=0 (187.1m)\n"}
,{"stream_name":"stdout","time":11347.875404434,"data":"[03:07:23] it 61875 loss=7.764 mel=1.592 durs=0.297 pitch=0.438 ctc=4.072 bin=1.034 score=0.243 fmatch=0.021 d=0.233 lr=1.000e-04 | 5.94it/s skip=0 (187.2m)\n"}
,{"stream_name":"stdout","time":11352.210005504,"data":"[03:07:27] it 61900 loss=7.488 mel=1.519 durs=0.249 pitch=0.581 ctc=3.951 bin=0.989 score=0.231 fmatch=0.022 d=0.244 lr=1.000e-04 | 5.91it/s skip=0 (187.3m)\n"}
,{"stream_name":"stdout","time":11356.504289851,"data":"[03:07:32] it 61925 loss=7.804 mel=1.738 durs=0.266 pitch=0.487 ctc=3.923 bin=1.065 score=0.245 fmatch=0.024 d=0.239 lr=1.000e-04 | 5.92it/s skip=0 (187.4m)\n"}
,{"stream_name":"stdout","time":11360.670272598,"data":"[03:07:36] it 61950 loss=7.703 mel=1.649 durs=0.236 pitch=0.465 ctc=3.916 bin=0.965 score=0.271 fmatch=0.020 d=0.244 lr=1.000e-04 | 5.98it/s skip=0 (187.4m)\n"}
,{"stream_name":"stdout","time":11364.958831323,"data":"[03:07:40] it 61975 loss=7.858 mel=1.602 durs=0.259 pitch=0.499 ctc=3.955 bin=0.945 score=0.313 fmatch=0.028 d=0.248 lr=1.000e-04 | 5.96it/s skip=0 (187.5m)\n"}
,{"stream_name":"stdout","time":11369.219469692,"data":"[03:07:44] it 62000 loss=7.997 mel=1.646 durs=0.291 pitch=0.497 ctc=4.143 bin=1.113 score=0.249 fmatch=0.020 d=0.245 lr=1.000e-04 | 5.97it/s skip=0 (187.6m)\n"}
,{"stream_name":"stdout","time":11369.700199862,"data":"[03:07:45] [train] probes saved at iter 62000\n"}
,{"stream_name":"stdout","time":11382.195052202,"data":"[03:07:57] [val] it 62000 loss=7.094 mel=1.763 durs=0.277 pitch=0.500 ctc=4.192 (12.5s)\n"}
,{"stream_name":"stdout","time":11386.468923626,"data":"[03:08:02] it 62025 loss=7.914 mel=1.499 durs=0.249 pitch=0.601 ctc=4.115 bin=0.999 score=0.298 fmatch=0.024 d=0.243 lr=1.000e-04 | 5.96it/s skip=0 (187.9m)\n"}
,{"stream_name":"stdout","time":11390.702956858,"data":"[03:08:06] it 62050 loss=8.559 mel=1.824 durs=0.327 pitch=0.530 ctc=4.537 bin=1.165 score=0.230 fmatch=0.025 d=0.243 lr=1.000e-04 | 5.98it/s skip=0 (187.9m)\n"}
,{"stream_name":"stdout","time":11394.995335305,"data":"[03:08:10] it 62075 loss=7.607 mel=1.525 durs=0.243 pitch=0.589 ctc=3.973 bin=0.902 score=0.276 fmatch=0.021 d=0.239 lr=1.000e-04 | 5.95it/s skip=0 (188.0m)\n"}
,{"stream_name":"stdout","time":11399.320631445,"data":"[03:08:14] it 62100 loss=7.778 mel=1.532 durs=0.250 pitch=0.660 ctc=4.124 bin=0.987 score=0.256 fmatch=0.019 d=0.252 lr=1.000e-04 | 5.93it/s skip=0 (188.1m)\n"}
,{"stream_name":"stdout","time":11403.569894849,"data":"[03:08:19] it 62125 loss=8.236 mel=1.890 durs=0.302 pitch=0.627 ctc=4.082 bin=1.066 score=0.271 fmatch=0.023 d=0.235 lr=1.000e-04 | 5.95it/s skip=0 (188.1m)\n"}
,{"stream_name":"stdout","time":11407.881658377,"data":"[03:08:23] it 62150 loss=7.306 mel=1.546 durs=0.234 pitch=0.520 ctc=3.749 bin=0.832 score=0.271 fmatch=0.020 d=0.241 lr=1.000e-04 | 5.92it/s skip=0 (188.2m)\n"}
,{"stream_name":"stdout","time":11412.118825037,"data":"[03:08:27] it 62175 loss=7.127 mel=1.430 durs=0.247 pitch=0.509 ctc=3.566 bin=0.853 score=0.295 fmatch=0.023 d=0.251 lr=1.000e-04 | 5.95it/s skip=0 (188.3m)\n"}
,{"stream_name":"stdout","time":11416.40910857,"data":"[03:08:32] it 62200 loss=7.962 mel=1.522 durs=0.247 pitch=0.371 ctc=4.239 bin=0.946 score=0.292 fmatch=0.024 d=0.245 lr=1.000e-04 | 5.94it/s skip=0 (188.4m)\n"}
,{"stream_name":"stdout","time":11420.745897135,"data":"[03:08:36] it 62225 loss=8.515 mel=1.805 durs=0.316 pitch=0.452 ctc=4.448 bin=1.125 score=0.260 fmatch=0.021 d=0.239 lr=1.000e-04 | 5.92it/s skip=0 (188.4m)\n"}
,{"stream_name":"stdout","time":11425.030956779,"data":"[03:08:40] it 62250 loss=7.731 mel=1.587 durs=0.238 pitch=0.568 ctc=3.870 bin=0.939 score=0.307 fmatch=0.027 d=0.245 lr=1.000e-04 | 5.92it/s skip=0 (188.5m)\n"}
,{"stream_name":"stdout","time":11429.315380443,"data":"[03:08:44] it 62275 loss=7.881 mel=1.780 durs=0.265 pitch=0.497 ctc=4.065 bin=1.011 score=0.232 fmatch=0.021 d=0.249 lr=1.000e-04 | 5.93it/s skip=0 (188.6m)\n"}
,{"stream_name":"stdout","time":11433.556103351,"data":"[03:08:49] it 62300 loss=7.685 mel=1.507 durs=0.246 pitch=0.450 ctc=4.064 bin=0.999 score=0.257 fmatch=0.018 d=0.243 lr=1.000e-04 | 5.95it/s skip=0 (188.6m)\n"}
,{"stream_name":"stdout","time":11437.890039708,"data":"[03:08:53] it 62325 loss=8.617 mel=1.652 durs=0.314 pitch=0.639 ctc=4.560 bin=1.167 score=0.280 fmatch=0.022 d=0.249 lr=1.000e-04 | 5.92it/s skip=0 (188.7m)\n"}
,{"stream_name":"stdout","time":11442.132861037,"data":"[03:08:57] it 62350 loss=8.245 mel=1.694 durs=0.293 pitch=0.714 ctc=4.134 bin=1.053 score=0.309 fmatch=0.027 d=0.245 lr=1.000e-04 | 5.95it/s skip=0 (188.8m)\n"}
,{"stream_name":"stdout","time":11446.367843041,"data":"[03:09:02] it 62375 loss=6.928 mel=1.196 durs=0.217 pitch=0.440 ctc=3.870 bin=0.812 score=0.241 fmatch=0.019 d=0.247 lr=1.000e-04 | 5.97it/s skip=0 (188.9m)\n"}
,{"stream_name":"stdout","time":11450.56820735,"data":"[03:09:06] it 62400 loss=8.261 mel=1.712 durs=0.308 pitch=0.501 ctc=4.429 bin=1.094 score=0.231 fmatch=0.022 d=0.231 lr=1.000e-04 | 5.99it/s skip=0 (188.9m)\n"}
,{"stream_name":"stdout","time":11454.853002811,"data":"[03:09:10] it 62425 loss=8.351 mel=1.741 durs=0.307 pitch=0.498 ctc=4.460 bin=1.095 score=0.237 fmatch=0.024 d=0.242 lr=1.000e-04 | 5.96it/s skip=0 (189.0m)\n"}
,{"stream_name":"stdout","time":11459.099704338,"data":"[03:09:14] it 62450 loss=7.968 mel=1.765 durs=0.291 pitch=0.431 ctc=4.073 bin=1.065 score=0.243 fmatch=0.023 d=0.237 lr=1.000e-04 | 5.97it/s skip=0 (189.1m)\n"}
,{"stream_name":"stdout","time":11463.348976664,"data":"[03:09:18] it 62475 loss=8.435 mel=1.834 durs=0.288 pitch=0.488 ctc=4.388 bin=1.092 score=0.256 fmatch=0.020 d=0.240 lr=1.000e-04 | 5.96it/s skip=0 (189.1m)\n"}
,{"stream_name":"stdout","time":11467.610990855,"data":"[03:09:23] it 62500 loss=7.806 mel=1.494 durs=0.259 pitch=0.491 ctc=4.107 bin=1.034 score=0.269 fmatch=0.021 d=0.241 lr=1.000e-04 | 5.96it/s skip=0 (189.2m)\n"}
,{"stream_name":"stdout","time":11472.066572765,"data":"[03:09:27] it 62525 loss=8.462 mel=1.762 durs=0.290 pitch=0.411 ctc=4.287 bin=1.073 score=0.311 fmatch=0.026 d=0.242 lr=1.000e-04 | 5.95it/s skip=0 (189.3m)\n"}
,{"stream_name":"stdout","time":11476.221353157,"data":"[03:09:31] it 62550 loss=8.292 mel=1.718 durs=0.306 pitch=0.409 ctc=4.350 bin=1.070 score=0.266 fmatch=0.020 d=0.249 lr=1.000e-04 | 6.01it/s skip=0 (189.4m)\n"}
,{"stream_name":"stdout","time":11480.433136958,"data":"[03:09:36] it 62575 loss=8.200 mel=1.718 durs=0.285 pitch=0.532 ctc=4.377 bin=1.084 score=0.229 fmatch=0.022 d=0.240 lr=1.000e-04 | 6.03it/s skip=0 (189.4m)\n"}
,{"stream_name":"stdout","time":11484.704652275,"data":"[03:09:40] it 62600 loss=8.054 mel=1.710 durs=0.248 pitch=0.674 ctc=4.132 bin=1.063 score=0.259 fmatch=0.020 d=0.239 lr=1.000e-04 | 5.99it/s skip=0 (189.5m)\n"}
,{"stream_name":"stdout","time":11488.925406782,"data":"[03:09:44] it 62625 loss=7.812 mel=1.639 durs=0.300 pitch=0.448 ctc=3.986 bin=1.055 score=0.260 fmatch=0.019 d=0.241 lr=1.000e-04 | 6.01it/s skip=0 (189.6m)\n"}
,{"stream_name":"stdout","time":11493.253043261,"data":"[03:09:48] it 62650 loss=8.361 mel=1.912 durs=0.301 pitch=0.593 ctc=4.197 bin=1.057 score=0.271 fmatch=0.022 d=0.235 lr=1.000e-04 | 5.95it/s skip=0 (189.6m)\n"}
,{"stream_name":"stdout","time":11497.443430958,"data":"[03:09:53] it 62675 loss=8.085 mel=1.738 durs=0.281 pitch=0.606 ctc=4.224 bin=1.073 score=0.234 fmatch=0.023 d=0.239 lr=1.000e-04 | 6.00it/s skip=0 (189.7m)\n"}
,{"stream_name":"stdout","time":11501.74421322,"data":"[03:09:57] it 62700 loss=8.251 mel=1.680 durs=0.272 pitch=0.618 ctc=4.253 bin=1.060 score=0.286 fmatch=0.024 d=0.244 lr=1.000e-04 | 5.96it/s skip=0 (189.8m)\n"}
,{"stream_name":"stdout","time":11505.97604603,"data":"[03:10:01] it 62725 loss=8.143 mel=1.653 durs=0.276 pitch=0.481 ctc=4.154 bin=1.029 score=0.301 fmatch=0.027 d=0.234 lr=1.000e-04 | 5.99it/s skip=0 (189.9m)\n"}
,{"stream_name":"stdout","time":11510.2806561,"data":"[03:10:05] it 62750 loss=7.868 mel=1.619 durs=0.293 pitch=0.491 ctc=4.177 bin=1.063 score=0.227 fmatch=0.025 d=0.244 lr=1.000e-04 | 5.96it/s skip=0 (189.9m)\n"}
,{"stream_name":"stdout","time":11514.553439553,"data":"[03:10:10] it 62775 loss=8.068 mel=1.675 durs=0.272 pitch=0.593 ctc=4.198 bin=1.026 score=0.265 fmatch=0.022 d=0.231 lr=1.000e-04 | 5.95it/s skip=0 (190.0m)\n"}
,{"stream_name":"stdout","time":11518.797332185,"data":"[03:10:14] it 62800 loss=7.710 mel=1.621 durs=0.263 pitch=0.484 ctc=3.998 bin=1.021 score=0.244 fmatch=0.020 d=0.243 lr=1.000e-04 | 5.97it/s skip=0 (190.1m)\n"}
,{"stream_name":"stdout","time":11523.060257717,"data":"[03:10:18] it 62825 loss=8.057 mel=1.596 durs=0.270 pitch=0.404 ctc=4.245 bin=1.014 score=0.278 fmatch=0.021 d=0.241 lr=1.000e-04 | 5.96it/s skip=0 (190.1m)\n"}
,{"stream_name":"stdout","time":11527.311021227,"data":"[03:10:22] it 62850 loss=8.976 mel=1.985 durs=0.380 pitch=0.509 ctc=4.572 bin=1.241 score=0.267 fmatch=0.023 d=0.234 lr=1.000e-04 | 5.97it/s skip=0 (190.2m)\n"}
,{"stream_name":"stdout","time":11531.56995629,"data":"[03:10:27] it 62875 loss=7.808 mel=1.616 durs=0.249 pitch=0.331 ctc=4.148 bin=1.013 score=0.238 fmatch=0.023 d=0.238 lr=1.000e-04 | 5.97it/s skip=0 (190.3m)\n"}
,{"stream_name":"stdout","time":11536.516538217,"data":"[03:10:32] it 62900 loss=8.423 mel=1.721 durs=0.321 pitch=0.662 ctc=4.394 bin=1.072 score=0.278 fmatch=0.024 d=0.240 lr=1.000e-04 | 5.90it/s skip=0 (190.4m)\n"}
,{"stream_name":"stdout","time":11540.787643273,"data":"[03:10:36] it 62925 loss=7.279 mel=1.401 durs=0.225 pitch=0.540 ctc=3.880 bin=0.833 score=0.267 fmatch=0.019 d=0.244 lr=1.000e-04 | 5.92it/s skip=0 (190.4m)\n"}
,{"stream_name":"stdout","time":11545.180574545,"data":"[03:10:40] it 62950 loss=7.929 mel=1.632 durs=0.249 pitch=0.662 ctc=3.934 bin=0.999 score=0.311 fmatch=0.027 d=0.244 lr=1.000e-04 | 5.87it/s skip=0 (190.5m)\n"}
,{"stream_name":"stdout","time":11549.445604118,"data":"[03:10:45] it 62975 loss=7.807 mel=1.545 durs=0.254 pitch=0.275 ctc=3.943 bin=0.966 score=0.318 fmatch=0.028 d=0.249 lr=1.000e-04 | 5.91it/s skip=0 (190.6m)\n"}
,{"stream_name":"stdout","time":11553.812573649,"data":"[03:10:49] it 63000 loss=7.837 mel=1.570 durs=0.272 pitch=0.425 ctc=4.027 bin=1.007 score=0.285 fmatch=0.025 d=0.247 lr=1.000e-04 | 5.88it/s skip=0 (190.7m)\n"}
,{"stream_name":"stdout","time":11558.220014219,"data":"[03:10:53] it 63025 loss=7.331 mel=1.510 durs=0.270 pitch=0.525 ctc=3.760 bin=0.909 score=0.262 fmatch=0.022 d=0.255 lr=1.000e-04 | 5.92it/s skip=0 (190.7m)\n"}
,{"stream_name":"stdout","time":11562.492866176,"data":"[03:10:58] it 63050 loss=8.361 mel=1.674 durs=0.282 pitch=0.674 ctc=4.231 bin=1.100 score=0.309 fmatch=0.026 d=0.239 lr=1.000e-04 | 5.93it/s skip=0 (190.8m)\n"}
,{"stream_name":"stdout","time":11566.728571099,"data":"[03:11:02] it 63075 loss=8.450 mel=1.871 durs=0.306 pitch=0.375 ctc=4.158 bin=1.209 score=0.281 fmatch=0.021 d=0.247 lr=1.000e-04 | 5.96it/s skip=0 (190.9m)\n"}
,{"stream_name":"stdout","time":11571.105209316,"data":"[03:11:06] it 63100 loss=8.566 mel=1.923 durs=0.320 pitch=0.545 ctc=4.437 bin=1.163 score=0.233 fmatch=0.024 d=0.239 lr=1.000e-04 | 5.89it/s skip=0 (190.9m)\n"}
,{"stream_name":"stdout","time":11575.33165489,"data":"[03:11:10] it 63125 loss=8.152 mel=1.590 durs=0.308 pitch=0.368 ctc=4.287 bin=1.170 score=0.254 fmatch=0.019 d=0.240 lr=1.000e-04 | 5.93it/s skip=0 (191.0m)\n"}
,{"stream_name":"stdout","time":11579.670574732,"data":"[03:11:15] it 63150 loss=7.975 mel=1.726 durs=0.260 pitch=0.423 ctc=4.065 bin=1.126 score=0.242 fmatch=0.021 d=0.237 lr=1.000e-04 | 5.90it/s skip=0 (191.1m)\n"}
,{"stream_name":"stdout","time":11583.961318765,"data":"[03:11:19] it 63175 loss=7.606 mel=1.562 durs=0.280 pitch=0.379 ctc=4.019 bin=0.984 score=0.239 fmatch=0.019 d=0.241 lr=1.000e-04 | 5.91it/s skip=0 (191.2m)\n"}
,{"stream_name":"stdout","time":11588.228049741,"data":"[03:11:23] it 63200 loss=7.767 mel=1.604 durs=0.253 pitch=0.451 ctc=4.098 bin=0.992 score=0.245 fmatch=0.023 d=0.248 lr=1.000e-04 | 5.93it/s skip=0 (191.2m)\n"}
,{"stream_name":"stdout","time":11592.432850834,"data":"[03:11:28] it 63225 loss=9.038 mel=1.956 durs=0.345 pitch=0.571 ctc=4.682 bin=1.245 score=0.261 fmatch=0.020 d=0.236 lr=1.000e-04 | 5.97it/s skip=0 (191.3m)\n"}
,{"stream_name":"stdout","time":11596.602745824,"data":"[03:11:32] it 63250 loss=8.592 mel=1.671 durs=0.289 pitch=0.519 ctc=4.423 bin=1.056 score=0.332 fmatch=0.031 d=0.260 lr=1.000e-04 | 6.02it/s skip=0 (191.4m)\n"}
,{"stream_name":"stdout","time":11600.937523764,"data":"[03:11:36] it 63275 loss=8.079 mel=1.734 durs=0.296 pitch=0.557 ctc=4.163 bin=1.030 score=0.261 fmatch=0.020 d=0.249 lr=1.000e-04 | 5.96it/s skip=0 (191.4m)\n"}
,{"stream_name":"stdout","time":11605.171545476,"data":"[03:11:40] it 63300 loss=7.965 mel=1.486 durs=0.262 pitch=0.584 ctc=4.183 bin=1.003 score=0.296 fmatch=0.024 d=0.235 lr=1.000e-04 | 5.97it/s skip=0 (191.5m)\n"}
,{"stream_name":"stdout","time":11609.488238913,"data":"[03:11:45] it 63325 loss=7.693 mel=1.699 durs=0.251 pitch=0.496 ctc=3.914 bin=0.923 score=0.266 fmatch=0.019 d=0.248 lr=1.000e-04 | 5.94it/s skip=0 (191.6m)\n"}
,{"stream_name":"stdout","time":11613.74470461,"data":"[03:11:49] it 63350 loss=7.337 mel=1.433 durs=0.254 pitch=0.409 ctc=3.952 bin=0.934 score=0.233 fmatch=0.019 d=0.243 lr=1.000e-04 | 5.95it/s skip=0 (191.7m)\n"}
,{"stream_name":"stdout","time":11618.045772271,"data":"[03:11:53] it 63375 loss=7.677 mel=1.442 durs=0.247 pitch=0.527 ctc=4.230 bin=1.006 score=0.225 fmatch=0.023 d=0.245 lr=1.000e-04 | 5.93it/s skip=0 (191.7m)\n"}
,{"stream_name":"stdout","time":11622.385499454,"data":"[03:11:58] it 63400 loss=8.136 mel=1.771 durs=0.287 pitch=0.430 ctc=4.197 bin=1.045 score=0.258 fmatch=0.020 d=0.242 lr=1.000e-04 | 5.90it/s skip=0 (191.8m)\n"}
,{"stream_name":"stdout","time":11626.758521069,"data":"[03:12:02] it 63425 loss=8.031 mel=1.683 durs=0.293 pitch=0.461 ctc=4.225 bin=1.028 score=0.250 fmatch=0.020 d=0.242 lr=1.000e-04 | 5.87it/s skip=0 (191.9m)\n"}
,{"stream_name":"stdout","time":11630.987900839,"data":"[03:12:06] it 63450 loss=7.949 mel=1.590 durs=0.310 pitch=0.558 ctc=4.186 bin=1.069 score=0.250 fmatch=0.019 d=0.242 lr=1.000e-04 | 5.92it/s skip=0 (191.9m)\n"}
,{"stream_name":"stdout","time":11635.311603158,"data":"[03:12:10] it 63475 loss=7.825 mel=1.512 durs=0.268 pitch=0.433 ctc=4.226 bin=1.075 score=0.230 fmatch=0.023 d=0.254 lr=1.000e-04 | 5.90it/s skip=0 (192.0m)\n"}
,{"stream_name":"stdout","time":11639.52658936,"data":"[03:12:15] it 63500 loss=7.772 mel=1.706 durs=0.272 pitch=0.567 ctc=3.923 bin=0.943 score=0.274 fmatch=0.020 d=0.246 lr=1.000e-04 | 5.95it/s skip=0 (192.1m)\n"}
,{"stream_name":"stdout","time":11643.893995784,"data":"[03:12:19] it 63525 loss=8.578 mel=1.850 durs=0.316 pitch=0.574 ctc=4.362 bin=1.215 score=0.260 fmatch=0.021 d=0.239 lr=1.000e-04 | 5.98it/s skip=0 (192.2m)\n"}
,{"stream_name":"stdout","time":11648.26436111,"data":"[03:12:23] it 63550 loss=8.678 mel=1.803 durs=0.338 pitch=0.507 ctc=4.420 bin=1.250 score=0.275 fmatch=0.021 d=0.245 lr=1.000e-04 | 5.92it/s skip=0 (192.2m)\n"}
,{"stream_name":"stdout","time":11652.686405294,"data":"[03:12:28] it 63575 loss=7.277 mel=1.533 durs=0.254 pitch=0.429 ctc=3.792 bin=0.969 score=0.224 fmatch=0.021 d=0.243 lr=1.000e-04 | 5.85it/s skip=0 (192.3m)\n"}
,{"stream_name":"stdout","time":11656.83876306,"data":"[03:12:32] it 63600 loss=7.690 mel=1.540 durs=0.266 pitch=0.732 ctc=4.032 bin=1.008 score=0.248 fmatch=0.019 d=0.244 lr=1.000e-04 | 5.96it/s skip=0 (192.4m)\n"}
,{"stream_name":"stdout","time":11661.152315644,"data":"[03:12:36] it 63625 loss=8.197 mel=1.798 durs=0.281 pitch=0.490 ctc=4.134 bin=1.112 score=0.265 fmatch=0.018 d=0.236 lr=1.000e-04 | 5.94it/s skip=0 (192.4m)\n"}
,{"stream_name":"stdout","time":11665.515093191,"data":"[03:12:41] it 63650 loss=8.011 mel=1.586 durs=0.257 pitch=0.664 ctc=4.055 bin=0.969 score=0.321 fmatch=0.026 d=0.260 lr=1.000e-04 | 5.90it/s skip=0 (192.5m)\n"}
,{"stream_name":"stdout","time":11669.697643679,"data":"[03:12:45] it 63675 loss=7.673 mel=1.411 durs=0.229 pitch=0.435 ctc=4.042 bin=0.932 score=0.299 fmatch=0.026 d=0.243 lr=1.000e-04 | 5.98it/s skip=0 (192.6m)\n"}
,{"stream_name":"stdout","time":11673.932276593,"data":"[03:12:49] it 63700 loss=7.959 mel=1.655 durs=0.262 pitch=0.398 ctc=4.009 bin=0.991 score=0.303 fmatch=0.026 d=0.240 lr=1.000e-04 | 6.00it/s skip=0 (192.7m)\n"}
,{"stream_name":"stdout","time":11678.220138296,"data":"[03:12:53] it 63725 loss=7.969 mel=1.685 durs=0.286 pitch=0.402 ctc=4.151 bin=1.072 score=0.244 fmatch=0.018 d=0.241 lr=1.000e-04 | 5.98it/s skip=0 (192.7m)\n"}
,{"stream_name":"stdout","time":11682.484530678,"data":"[03:12:58] it 63750 loss=8.316 mel=1.683 durs=0.319 pitch=0.558 ctc=4.385 bin=1.125 score=0.254 fmatch=0.021 d=0.247 lr=1.000e-04 | 5.97it/s skip=0 (192.8m)\n"}
,{"stream_name":"stdout","time":11686.718286013,"data":"[03:13:02] it 63775 loss=8.043 mel=1.677 durs=0.297 pitch=0.523 ctc=4.221 bin=1.096 score=0.236 fmatch=0.021 d=0.246 lr=1.000e-04 | 5.98it/s skip=0 (192.9m)\n"}
,{"stream_name":"stdout","time":11691.007568536,"data":"[03:13:06] it 63800 loss=8.087 mel=1.628 durs=0.302 pitch=0.431 ctc=4.208 bin=1.060 score=0.274 fmatch=0.020 d=0.244 lr=1.000e-04 | 5.96it/s skip=0 (192.9m)\n"}
,{"stream_name":"stdout","time":11695.217241744,"data":"[03:13:10] it 63825 loss=7.478 mel=1.405 durs=0.256 pitch=0.440 ctc=4.047 bin=0.916 score=0.255 fmatch=0.018 d=0.245 lr=1.000e-04 | 5.99it/s skip=0 (193.0m)\n"}
,{"stream_name":"stdout","time":11699.518766697,"data":"[03:13:15] it 63850 loss=7.517 mel=1.482 durs=0.239 pitch=0.521 ctc=3.913 bin=0.974 score=0.263 fmatch=0.018 d=0.242 lr=1.000e-04 | 5.97it/s skip=0 (193.1m)\n"}
,{"stream_name":"stdout","time":11703.783480241,"data":"[03:13:19] it 63875 loss=7.644 mel=1.541 durs=0.242 pitch=0.468 ctc=3.973 bin=0.947 score=0.273 fmatch=0.021 d=0.247 lr=1.000e-04 | 5.96it/s skip=0 (193.2m)\n"}
,{"stream_name":"stdout","time":11708.028798783,"data":"[03:13:23] it 63900 loss=8.213 mel=1.814 durs=0.269 pitch=0.499 ctc=4.148 bin=1.085 score=0.267 fmatch=0.020 d=0.250 lr=1.000e-04 | 5.98it/s skip=0 (193.2m)\n"}
,{"stream_name":"stdout","time":11712.344853457,"data":"[03:13:27] it 63925 loss=8.165 mel=1.743 durs=0.286 pitch=0.465 ctc=4.289 bin=1.094 score=0.235 fmatch=0.022 d=0.240 lr=1.000e-04 | 5.94it/s skip=0 (193.3m)\n"}
,{"stream_name":"stdout","time":11716.621503684,"data":"[03:13:32] it 63950 loss=7.565 mel=1.704 durs=0.259 pitch=0.557 ctc=3.798 bin=0.981 score=0.245 fmatch=0.019 d=0.235 lr=1.000e-04 | 5.94it/s skip=0 (193.4m)\n"}
,{"stream_name":"stdout","time":11720.966922436,"data":"[03:13:36] it 63975 loss=8.227 mel=1.703 durs=0.270 pitch=0.617 ctc=4.245 bin=1.090 score=0.270 fmatch=0.020 d=0.234 lr=1.000e-04 | 5.90it/s skip=0 (193.4m)\n"}
,{"stream_name":"stdout","time":11725.237187052,"data":"[03:13:40] it 64000 loss=8.253 mel=1.696 durs=0.284 pitch=0.609 ctc=4.315 bin=1.103 score=0.257 fmatch=0.019 d=0.244 lr=1.000e-04 | 5.93it/s skip=0 (193.5m)\n"}
,{"stream_name":"stdout","time":11725.799790197,"data":"[03:13:41] [train] probes saved at iter 64000\n"}
,{"stream_name":"stdout","time":11738.293156959,"data":"[03:13:53] [val] it 64000 loss=7.102 mel=1.779 durs=0.276 pitch=0.500 ctc=4.180 (12.5s)\n"}
,{"stream_name":"stdout","time":11742.554495816,"data":"[03:13:58] it 64025 loss=7.896 mel=1.696 durs=0.287 pitch=0.580 ctc=4.069 bin=1.026 score=0.250 fmatch=0.019 d=0.245 lr=1.000e-04 | 5.94it/s skip=0 (193.8m)\n"}
,{"stream_name":"stdout","time":11746.837957995,"data":"[03:14:02] it 64050 loss=7.931 mel=1.610 durs=0.255 pitch=0.505 ctc=4.016 bin=1.064 score=0.285 fmatch=0.024 d=0.251 lr=1.000e-04 | 5.94it/s skip=0 (193.9m)\n"}
,{"stream_name":"stdout","time":11751.190938825,"data":"[03:14:06] it 64075 loss=8.856 mel=1.866 durs=0.317 pitch=0.589 ctc=4.651 bin=1.204 score=0.256 fmatch=0.022 d=0.240 lr=1.000e-04 | 5.90it/s skip=0 (193.9m)\n"}
,{"stream_name":"stdout","time":11755.545913326,"data":"[03:14:11] it 64100 loss=8.151 mel=1.682 durs=0.282 pitch=0.582 ctc=4.193 bin=0.960 score=0.301 fmatch=0.026 d=0.238 lr=1.000e-04 | 5.88it/s skip=0 (194.0m)\n"}
,{"stream_name":"stdout","time":11759.898685351,"data":"[03:14:15] it 64125 loss=7.166 mel=1.385 durs=0.240 pitch=0.479 ctc=3.847 bin=0.859 score=0.246 fmatch=0.018 d=0.251 lr=1.000e-04 | 5.90it/s skip=0 (194.1m)\n"}
,{"stream_name":"stdout","time":11764.417043133,"data":"[03:14:20] it 64150 loss=8.016 mel=1.657 durs=0.270 pitch=0.550 ctc=4.177 bin=1.000 score=0.270 fmatch=0.019 d=0.249 lr=1.000e-04 | 5.82it/s skip=0 (194.2m)\n"}
,{"stream_name":"stdout","time":11768.700277635,"data":"[03:14:24] it 64175 loss=7.201 mel=1.411 durs=0.237 pitch=0.458 ctc=3.842 bin=0.896 score=0.241 fmatch=0.019 d=0.245 lr=1.000e-04 | 5.87it/s skip=0 (194.2m)\n"}
,{"stream_name":"stdout","time":11772.92688256,"data":"[03:14:28] it 64200 loss=7.934 mel=1.595 durs=0.260 pitch=0.543 ctc=4.120 bin=1.039 score=0.270 fmatch=0.020 d=0.242 lr=1.000e-04 | 5.93it/s skip=0 (194.3m)\n"}
,{"stream_name":"stdout","time":11777.180713252,"data":"[03:14:32] it 64225 loss=7.905 mel=1.677 durs=0.312 pitch=0.529 ctc=4.147 bin=0.987 score=0.248 fmatch=0.020 d=0.244 lr=1.000e-04 | 5.95it/s skip=0 (194.4m)\n"}
,{"stream_name":"stdout","time":11781.480410912,"data":"[03:14:37] it 64250 loss=8.021 mel=1.513 durs=0.278 pitch=0.501 ctc=4.144 bin=1.013 score=0.312 fmatch=0.027 d=0.244 lr=1.000e-04 | 5.93it/s skip=0 (194.4m)\n"}
,{"stream_name":"stdout","time":11785.746575215,"data":"[03:14:41] it 64275 loss=8.195 mel=1.820 durs=0.264 pitch=0.696 ctc=4.204 bin=1.054 score=0.250 fmatch=0.020 d=0.238 lr=1.000e-04 | 5.94it/s skip=0 (194.5m)\n"}
,{"stream_name":"stdout","time":11790.062952035,"data":"[03:14:45] it 64300 loss=7.898 mel=1.651 durs=0.279 pitch=0.402 ctc=4.170 bin=1.010 score=0.245 fmatch=0.020 d=0.245 lr=1.000e-04 | 5.91it/s skip=0 (194.6m)\n"}
,{"stream_name":"stdout","time":11794.378657496,"data":"[03:14:50] it 64325 loss=7.502 mel=1.465 durs=0.235 pitch=0.508 ctc=4.043 bin=0.895 score=0.251 fmatch=0.020 d=0.245 lr=1.000e-04 | 5.92it/s skip=0 (194.7m)\n"}
,{"stream_name":"stdout","time":11798.603867155,"data":"[03:14:54] it 64350 loss=7.657 mel=1.609 durs=0.248 pitch=0.474 ctc=4.008 bin=0.975 score=0.243 fmatch=0.021 d=0.246 lr=1.000e-04 | 5.95it/s skip=0 (194.7m)\n"}
,{"stream_name":"stdout","time":11802.853775097,"data":"[03:14:58] it 64375 loss=7.527 mel=1.474 durs=0.276 pitch=0.436 ctc=3.997 bin=0.996 score=0.242 fmatch=0.019 d=0.250 lr=1.000e-04 | 5.96it/s skip=0 (194.8m)\n"}
,{"stream_name":"stdout","time":11807.140617509,"data":"[03:15:02] it 64400 loss=7.628 mel=1.738 durs=0.250 pitch=0.610 ctc=3.893 bin=0.919 score=0.243 fmatch=0.020 d=0.242 lr=1.000e-04 | 5.95it/s skip=0 (194.9m)\n"}
,{"stream_name":"stdout","time":11811.378741598,"data":"[03:15:07] it 64425 loss=8.157 mel=1.629 durs=0.260 pitch=0.424 ctc=4.344 bin=1.126 score=0.242 fmatch=0.021 d=0.242 lr=1.000e-04 | 5.96it/s skip=0 (194.9m)\n"}
,{"stream_name":"stdout","time":11815.598462914,"data":"[03:15:11] it 64450 loss=8.495 mel=1.683 durs=0.283 pitch=0.579 ctc=4.305 bin=1.098 score=0.323 fmatch=0.030 d=0.254 lr=1.000e-04 | 5.99it/s skip=0 (195.0m)\n"}
,{"stream_name":"stdout","time":11819.82058288,"data":"[03:15:15] it 64475 loss=8.149 mel=1.594 durs=0.303 pitch=0.610 ctc=4.223 bin=1.018 score=0.299 fmatch=0.025 d=0.242 lr=1.000e-04 | 6.01it/s skip=0 (195.1m)\n"}
,{"stream_name":"stdout","time":11824.109246423,"data":"[03:15:19] it 64500 loss=7.749 mel=1.636 durs=0.269 pitch=0.542 ctc=4.083 bin=0.999 score=0.232 fmatch=0.021 d=0.239 lr=1.000e-04 | 5.98it/s skip=0 (195.2m)\n"}
,{"stream_name":"stdout","time":11828.627743722,"data":"[03:15:24] it 64525 loss=8.509 mel=1.788 durs=0.321 pitch=0.362 ctc=4.458 bin=1.130 score=0.261 fmatch=0.023 d=0.234 lr=1.000e-04 | 5.92it/s skip=0 (195.2m)\n"}
,{"stream_name":"stdout","time":11832.926276361,"data":"[03:15:28] it 64550 loss=7.673 mel=1.406 durs=0.232 pitch=0.447 ctc=4.167 bin=0.925 score=0.272 fmatch=0.019 d=0.241 lr=1.000e-04 | 5.92it/s skip=0 (195.3m)\n"}
,{"stream_name":"stdout","time":11837.184994031,"data":"[03:15:32] it 64575 loss=7.675 mel=1.573 durs=0.247 pitch=0.493 ctc=3.947 bin=0.959 score=0.276 fmatch=0.019 d=0.250 lr=1.000e-04 | 5.94it/s skip=0 (195.4m)\n"}
,{"stream_name":"stdout","time":11841.411088407,"data":"[03:15:37] it 64600 loss=8.068 mel=1.759 durs=0.310 pitch=0.429 ctc=4.122 bin=1.163 score=0.232 fmatch=0.023 d=0.251 lr=1.000e-04 | 5.96it/s skip=0 (195.4m)\n"}
,{"stream_name":"stdout","time":11845.740021237,"data":"[03:15:41] it 64625 loss=7.914 mel=1.447 durs=0.275 pitch=0.478 ctc=4.276 bin=1.010 score=0.271 fmatch=0.020 d=0.252 lr=1.000e-04 | 5.92it/s skip=0 (195.5m)\n"}
,{"stream_name":"stdout","time":11850.102504058,"data":"[03:15:45] it 64650 loss=8.313 mel=1.666 durs=0.319 pitch=0.528 ctc=4.503 bin=1.107 score=0.233 fmatch=0.020 d=0.242 lr=1.000e-04 | 5.89it/s skip=0 (195.6m)\n"}
,{"stream_name":"stdout","time":11854.464977295,"data":"[03:15:50] it 64675 loss=8.578 mel=1.806 durs=0.317 pitch=0.596 ctc=4.519 bin=1.101 score=0.260 fmatch=0.021 d=0.235 lr=1.000e-04 | 5.86it/s skip=0 (195.7m)\n"}
,{"stream_name":"stdout","time":11858.64222536,"data":"[03:15:54] it 64700 loss=8.809 mel=1.905 durs=0.339 pitch=0.454 ctc=4.500 bin=1.231 score=0.267 fmatch=0.024 d=0.242 lr=1.000e-04 | 5.95it/s skip=0 (195.7m)\n"}
,{"stream_name":"stdout","time":11863.010442648,"data":"[03:15:58] it 64725 loss=8.143 mel=1.635 durs=0.273 pitch=0.450 ctc=4.276 bin=1.092 score=0.262 fmatch=0.020 d=0.239 lr=1.000e-04 | 5.90it/s skip=0 (195.8m)\n"}
,{"stream_name":"stdout","time":11867.216723679,"data":"[03:16:02] it 64750 loss=8.270 mel=1.596 durs=0.296 pitch=0.407 ctc=4.288 bin=1.141 score=0.287 fmatch=0.027 d=0.234 lr=1.000e-04 | 5.95it/s skip=0 (195.9m)\n"}
,{"stream_name":"stdout","time":11871.512800247,"data":"[03:16:07] it 64775 loss=7.602 mel=1.522 durs=0.234 pitch=0.548 ctc=3.946 bin=0.956 score=0.270 fmatch=0.018 d=0.245 lr=1.000e-04 | 5.94it/s skip=0 (195.9m)\n"}
,{"stream_name":"stdout","time":11875.83332581,"data":"[03:16:11] it 64800 loss=8.568 mel=1.731 durs=0.305 pitch=0.581 ctc=4.443 bin=1.176 score=0.276 fmatch=0.024 d=0.227 lr=1.000e-04 | 5.93it/s skip=0 (196.0m)\n"}
,{"stream_name":"stdout","time":11880.061056737,"data":"[03:16:15] it 64825 loss=7.864 mel=1.520 durs=0.254 pitch=0.350 ctc=4.123 bin=1.013 score=0.281 fmatch=0.023 d=0.244 lr=1.000e-04 | 5.97it/s skip=0 (196.1m)\n"}
,{"stream_name":"stdout","time":11884.302414757,"data":"[03:16:19] it 64850 loss=7.578 mel=1.408 durs=0.216 pitch=0.529 ctc=3.980 bin=0.892 score=0.300 fmatch=0.024 d=0.252 lr=1.000e-04 | 5.98it/s skip=0 (196.2m)\n"}
,{"stream_name":"stdout","time":11888.585925942,"data":"[03:16:24] it 64875 loss=8.168 mel=1.792 durs=0.309 pitch=0.473 ctc=4.180 bin=1.121 score=0.244 fmatch=0.020 d=0.243 lr=1.000e-04 | 5.96it/s skip=0 (196.2m)\n"}
,{"stream_name":"stdout","time":11892.884194132,"data":"[03:16:28] it 64900 loss=6.824 mel=1.368 durs=0.206 pitch=0.443 ctc=3.554 bin=0.745 score=0.268 fmatch=0.018 d=0.250 lr=1.000e-04 | 5.94it/s skip=0 (196.3m)\n"}
,{"stream_name":"stdout","time":11897.175581912,"data":"[03:16:32] it 64925 loss=8.041 mel=1.504 durs=0.290 pitch=0.510 ctc=4.333 bin=1.075 score=0.258 fmatch=0.019 d=0.241 lr=1.000e-04 | 5.93it/s skip=0 (196.4m)\n"}
,{"stream_name":"stdout","time":11901.457266976,"data":"[03:16:37] it 64950 loss=8.314 mel=1.718 durs=0.296 pitch=0.555 ctc=4.294 bin=1.095 score=0.275 fmatch=0.021 d=0.248 lr=1.000e-04 | 5.94it/s skip=0 (196.4m)\n"}
,{"stream_name":"stdout","time":11905.73757887,"data":"[03:16:41] it 64975 loss=7.743 mel=1.564 durs=0.266 pitch=0.489 ctc=4.118 bin=1.049 score=0.229 fmatch=0.021 d=0.246 lr=1.000e-04 | 5.93it/s skip=0 (196.5m)\n"}
,{"stream_name":"stdout","time":11910.059884446,"data":"[03:16:45] it 65000 loss=7.951 mel=1.625 durs=0.272 pitch=0.485 ctc=4.106 bin=1.053 score=0.268 fmatch=0.020 d=0.242 lr=1.000e-04 | 5.91it/s skip=0 (196.6m)\n"}
,{"stream_name":"stdout","time":11914.723569394,"data":"[03:16:50] it 65025 loss=7.787 mel=1.681 durs=0.272 pitch=0.504 ctc=3.953 bin=0.993 score=0.266 fmatch=0.020 d=0.238 lr=1.000e-04 | 5.89it/s skip=0 (196.7m)\n"}
,{"stream_name":"stdout","time":11918.913846061,"data":"[03:16:54] it 65050 loss=7.206 mel=1.460 durs=0.243 pitch=0.498 ctc=3.687 bin=0.896 score=0.268 fmatch=0.017 d=0.248 lr=1.000e-04 | 5.96it/s skip=0 (196.7m)\n"}
,{"stream_name":"stdout","time":11923.266699227,"data":"[03:16:58] it 65075 loss=7.961 mel=1.679 durs=0.253 pitch=0.532 ctc=4.231 bin=1.040 score=0.227 fmatch=0.025 d=0.246 lr=1.000e-04 | 5.91it/s skip=0 (196.8m)\n"}
,{"stream_name":"stdout","time":11927.590784401,"data":"[03:17:03] it 65100 loss=7.596 mel=1.447 durs=0.243 pitch=0.572 ctc=3.967 bin=0.955 score=0.282 fmatch=0.019 d=0.250 lr=1.000e-04 | 5.90it/s skip=0 (196.9m)\n"}
,{"stream_name":"stdout","time":11931.887362249,"data":"[03:17:07] it 65125 loss=7.876 mel=1.642 durs=0.263 pitch=0.603 ctc=4.124 bin=0.981 score=0.256 fmatch=0.018 d=0.249 lr=1.000e-04 | 5.90it/s skip=0 (197.0m)\n"}
,{"stream_name":"stdout","time":11936.167690072,"data":"[03:17:11] it 65150 loss=7.959 mel=1.742 durs=0.271 pitch=0.521 ctc=4.101 bin=1.043 score=0.243 fmatch=0.021 d=0.248 lr=1.000e-04 | 5.92it/s skip=0 (197.0m)\n"}
,{"stream_name":"stdout","time":11940.536219647,"data":"[03:17:16] it 65175 loss=8.108 mel=1.684 durs=0.261 pitch=0.547 ctc=4.216 bin=1.087 score=0.255 fmatch=0.019 d=0.244 lr=1.000e-04 | 5.87it/s skip=0 (197.1m)\n"}
,{"stream_name":"stdout","time":11944.846661929,"data":"[03:17:20] it 65200 loss=7.564 mel=1.557 durs=0.275 pitch=0.464 ctc=3.950 bin=0.955 score=0.253 fmatch=0.019 d=0.249 lr=1.000e-04 | 5.88it/s skip=0 (197.2m)\n"}
,{"stream_name":"stdout","time":11949.12980598,"data":"[03:17:24] it 65225 loss=7.793 mel=1.633 durs=0.264 pitch=0.464 ctc=4.126 bin=0.981 score=0.240 fmatch=0.020 d=0.238 lr=1.000e-04 | 5.91it/s skip=0 (197.2m)\n"}
,{"stream_name":"stdout","time":11953.443712192,"data":"[03:17:29] it 65250 loss=7.601 mel=1.500 durs=0.243 pitch=0.497 ctc=4.009 bin=0.943 score=0.264 fmatch=0.018 d=0.248 lr=1.000e-04 | 5.90it/s skip=0 (197.3m)\n"}
,{"stream_name":"stdout","time":11957.70560213,"data":"[03:17:33] it 65275 loss=8.594 mel=1.809 durs=0.309 pitch=0.551 ctc=4.470 bin=1.203 score=0.251 fmatch=0.021 d=0.238 lr=1.000e-04 | 5.93it/s skip=0 (197.4m)\n"}
,{"stream_name":"stdout","time":11962.002058899,"data":"[03:17:37] it 65300 loss=7.758 mel=1.515 durs=0.272 pitch=0.544 ctc=4.020 bin=1.014 score=0.276 fmatch=0.021 d=0.236 lr=1.000e-04 | 5.92it/s skip=0 (197.5m)\n"}
,{"stream_name":"stdout","time":11966.244944438,"data":"[03:17:41] it 65325 loss=8.500 mel=1.686 durs=0.309 pitch=0.483 ctc=4.451 bin=1.124 score=0.284 fmatch=0.022 d=0.241 lr=1.000e-04 | 5.95it/s skip=0 (197.5m)\n"}
,{"stream_name":"stdout","time":11970.559582909,"data":"[03:17:46] it 65350 loss=7.955 mel=1.598 durs=0.268 pitch=0.467 ctc=4.159 bin=0.999 score=0.276 fmatch=0.023 d=0.238 lr=1.000e-04 | 5.95it/s skip=0 (197.6m)\n"}
,{"stream_name":"stdout","time":11974.937127346,"data":"[03:17:50] it 65375 loss=8.492 mel=1.647 durs=0.294 pitch=0.621 ctc=4.594 bin=1.165 score=0.244 fmatch=0.020 d=0.239 lr=1.000e-04 | 5.89it/s skip=0 (197.7m)\n"}
,{"stream_name":"stdout","time":11979.265849521,"data":"[03:17:54] it 65400 loss=7.674 mel=1.401 durs=0.244 pitch=0.575 ctc=4.157 bin=0.990 score=0.257 fmatch=0.018 d=0.241 lr=1.000e-04 | 5.89it/s skip=0 (197.7m)\n"}
,{"stream_name":"stdout","time":11983.430934649,"data":"[03:17:59] it 65425 loss=7.628 mel=1.409 durs=0.261 pitch=0.376 ctc=4.031 bin=0.946 score=0.289 fmatch=0.023 d=0.244 lr=1.000e-04 | 5.98it/s skip=0 (197.8m)\n"}
,{"stream_name":"stdout","time":11987.86046429,"data":"[03:18:03] it 65450 loss=7.506 mel=1.575 durs=0.258 pitch=0.495 ctc=3.807 bin=1.049 score=0.245 fmatch=0.020 d=0.241 lr=1.000e-04 | 5.94it/s skip=0 (197.9m)\n"}
,{"stream_name":"stdout","time":11992.209150947,"data":"[03:18:07] it 65475 loss=8.004 mel=1.716 durs=0.261 pitch=0.462 ctc=4.095 bin=1.040 score=0.266 fmatch=0.018 d=0.254 lr=1.000e-04 | 5.90it/s skip=0 (198.0m)\n"}
,{"stream_name":"stdout","time":11996.469437303,"data":"[03:18:12] it 65500 loss=8.006 mel=1.700 durs=0.257 pitch=0.421 ctc=4.109 bin=1.056 score=0.263 fmatch=0.019 d=0.253 lr=1.000e-04 | 5.93it/s skip=0 (198.0m)\n"}
,{"stream_name":"stdout","time":12000.89814342,"data":"[03:18:16] it 65525 loss=7.888 mel=1.648 durs=0.275 pitch=0.455 ctc=4.052 bin=1.013 score=0.270 fmatch=0.021 d=0.246 lr=1.000e-04 | 5.94it/s skip=0 (198.1m)\n"}
,{"stream_name":"stdout","time":12005.17917715,"data":"[03:18:20] it 65550 loss=7.065 mel=1.235 durs=0.210 pitch=0.408 ctc=3.899 bin=0.833 score=0.255 fmatch=0.016 d=0.245 lr=1.000e-04 | 5.95it/s skip=0 (198.2m)\n"}
,{"stream_name":"stdout","time":12009.473832077,"data":"[03:18:25] it 65575 loss=8.235 mel=1.617 durs=0.272 pitch=0.408 ctc=4.370 bin=1.158 score=0.251 fmatch=0.018 d=0.248 lr=1.000e-04 | 5.93it/s skip=0 (198.2m)\n"}
,{"stream_name":"stdout","time":12013.787551778,"data":"[03:18:29] it 65600 loss=8.705 mel=1.693 durs=0.309 pitch=0.501 ctc=4.470 bin=1.105 score=0.332 fmatch=0.029 d=0.240 lr=1.000e-04 | 5.91it/s skip=0 (198.3m)\n"}
,{"stream_name":"stdout","time":12018.027663391,"data":"[03:18:33] it 65625 loss=7.957 mel=1.649 durs=0.273 pitch=0.641 ctc=3.959 bin=0.895 score=0.333 fmatch=0.028 d=0.251 lr=1.000e-04 | 5.95it/s skip=0 (198.4m)\n"}
,{"stream_name":"stdout","time":12022.201739741,"data":"[03:18:37] it 65650 loss=7.949 mel=1.628 durs=0.277 pitch=0.581 ctc=4.117 bin=1.024 score=0.269 fmatch=0.020 d=0.249 lr=1.000e-04 | 6.01it/s skip=0 (198.5m)\n"}
,{"stream_name":"stdout","time":12026.481781247,"data":"[03:18:42] it 65675 loss=8.733 mel=1.670 durs=0.293 pitch=0.408 ctc=4.513 bin=1.180 score=0.318 fmatch=0.028 d=0.234 lr=1.000e-04 | 5.98it/s skip=0 (198.5m)\n"}
,{"stream_name":"stdout","time":12030.826588781,"data":"[03:18:46] it 65700 loss=8.386 mel=1.771 durs=0.303 pitch=0.501 ctc=4.272 bin=1.081 score=0.290 fmatch=0.024 d=0.239 lr=1.000e-04 | 5.93it/s skip=0 (198.6m)\n"}
,{"stream_name":"stdout","time":12035.108024827,"data":"[03:18:50] it 65725 loss=7.480 mel=1.502 durs=0.243 pitch=0.403 ctc=4.030 bin=0.915 score=0.237 fmatch=0.020 d=0.246 lr=1.000e-04 | 5.93it/s skip=0 (198.7m)\n"}
,{"stream_name":"stdout","time":12039.315429342,"data":"[03:18:54] it 65750 loss=7.266 mel=1.364 durs=0.208 pitch=0.610 ctc=3.851 bin=0.881 score=0.267 fmatch=0.020 d=0.238 lr=1.000e-04 | 5.97it/s skip=0 (198.7m)\n"}
,{"stream_name":"stdout","time":12043.607353878,"data":"[03:18:59] it 65775 loss=8.512 mel=1.795 durs=0.324 pitch=0.391 ctc=4.394 bin=1.206 score=0.256 fmatch=0.021 d=0.236 lr=1.000e-04 | 5.96it/s skip=0 (198.8m)\n"}
,{"stream_name":"stdout","time":12047.950101847,"data":"[03:19:03] it 65800 loss=7.402 mel=1.410 durs=0.237 pitch=0.525 ctc=3.936 bin=0.867 score=0.274 fmatch=0.019 d=0.249 lr=1.000e-04 | 5.91it/s skip=0 (198.9m)\n"}
,{"stream_name":"stdout","time":12052.219242382,"data":"[03:19:07] it 65825 loss=8.138 mel=1.810 durs=0.305 pitch=0.368 ctc=4.158 bin=1.112 score=0.242 fmatch=0.022 d=0.240 lr=1.000e-04 | 5.93it/s skip=0 (199.0m)\n"}
,{"stream_name":"stdout","time":12056.443057896,"data":"[03:19:12] it 65850 loss=8.458 mel=1.814 durs=0.325 pitch=0.578 ctc=4.421 bin=1.200 score=0.227 fmatch=0.024 d=0.237 lr=1.000e-04 | 5.97it/s skip=0 (199.0m)\n"}
,{"stream_name":"stdout","time":12060.673349088,"data":"[03:19:16] it 65875 loss=9.058 mel=1.821 durs=0.329 pitch=0.451 ctc=4.792 bin=1.255 score=0.273 fmatch=0.021 d=0.246 lr=1.000e-04 | 6.00it/s skip=0 (199.1m)\n"}
,{"stream_name":"stdout","time":12064.968792168,"data":"[03:19:20] it 65900 loss=7.792 mel=1.631 durs=0.276 pitch=0.638 ctc=3.994 bin=1.023 score=0.258 fmatch=0.021 d=0.241 lr=1.000e-04 | 5.97it/s skip=0 (199.2m)\n"}
,{"stream_name":"stdout","time":12069.267351154,"data":"[03:19:24] it 65925 loss=8.867 mel=1.868 durs=0.357 pitch=0.593 ctc=4.516 bin=1.285 score=0.270 fmatch=0.024 d=0.225 lr=1.000e-04 | 5.95it/s skip=0 (199.2m)\n"}
,{"stream_name":"stdout","time":12073.597500753,"data":"[03:19:29] it 65950 loss=7.630 mel=1.503 durs=0.265 pitch=0.510 ctc=3.970 bin=0.911 score=0.287 fmatch=0.020 d=0.250 lr=1.000e-04 | 5.92it/s skip=0 (199.3m)\n"}
,{"stream_name":"stdout","time":12077.95724821,"data":"[03:19:33] it 65975 loss=7.674 mel=1.583 durs=0.255 pitch=0.502 ctc=3.944 bin=0.958 score=0.273 fmatch=0.019 d=0.234 lr=1.000e-04 | 5.88it/s skip=0 (199.4m)\n"}
,{"stream_name":"stdout","time":12082.291788263,"data":"[03:19:37] it 66000 loss=8.071 mel=1.759 durs=0.250 pitch=0.508 ctc=4.081 bin=1.042 score=0.273 fmatch=0.019 d=0.253 lr=1.000e-04 | 5.88it/s skip=0 (199.5m)\n"}
,{"stream_name":"stdout","time":12082.768427124,"data":"[03:19:38] [train] probes saved at iter 66000\n"}
,{"stream_name":"stdout","time":12095.209640926,"data":"[03:19:50] [val] it 66000 loss=7.039 mel=1.723 durs=0.276 pitch=0.499 ctc=4.184 (12.4s)\n"}
,{"stream_name":"stdout","time":12099.453949912,"data":"[03:19:55] it 66025 loss=8.066 mel=1.593 durs=0.275 pitch=0.295 ctc=4.256 bin=1.118 score=0.255 fmatch=0.022 d=0.236 lr=1.000e-04 | 5.92it/s skip=0 (199.7m)\n"}
,{"stream_name":"stdout","time":12103.703479321,"data":"[03:19:59] it 66050 loss=8.624 mel=1.831 durs=0.316 pitch=0.668 ctc=4.287 bin=1.124 score=0.314 fmatch=0.028 d=0.244 lr=1.000e-04 | 5.95it/s skip=0 (199.8m)\n"}
,{"stream_name":"stdout","time":12108.008357342,"data":"[03:20:03] it 66075 loss=7.679 mel=1.493 durs=0.234 pitch=0.595 ctc=3.935 bin=0.931 score=0.303 fmatch=0.025 d=0.248 lr=1.000e-04 | 5.93it/s skip=0 (199.9m)\n"}
,{"stream_name":"stdout","time":12112.335452764,"data":"[03:20:07] it 66100 loss=8.020 mel=1.742 durs=0.310 pitch=0.462 ctc=4.134 bin=1.035 score=0.253 fmatch=0.019 d=0.247 lr=1.000e-04 | 5.91it/s skip=0 (200.0m)\n"}
,{"stream_name":"stdout","time":12116.594331825,"data":"[03:20:12] it 66125 loss=8.600 mel=1.843 durs=0.294 pitch=0.478 ctc=4.480 bin=1.158 score=0.255 fmatch=0.020 d=0.253 lr=1.000e-04 | 5.94it/s skip=0 (200.0m)\n"}
,{"stream_name":"stdout","time":12120.852096168,"data":"[03:20:16] it 66150 loss=8.196 mel=1.793 durs=0.309 pitch=0.492 ctc=4.172 bin=1.041 score=0.273 fmatch=0.019 d=0.240 lr=1.000e-04 | 5.95it/s skip=0 (200.1m)\n"}
,{"stream_name":"stdout","time":12125.038901099,"data":"[03:20:20] it 66175 loss=7.911 mel=1.433 durs=0.264 pitch=0.450 ctc=4.247 bin=1.043 score=0.275 fmatch=0.018 d=0.254 lr=1.000e-04 | 6.00it/s skip=0 (200.2m)\n"}
,{"stream_name":"stdout","time":12129.222020288,"data":"[03:20:24] it 66200 loss=7.929 mel=1.610 durs=0.276 pitch=0.528 ctc=4.272 bin=0.967 score=0.245 fmatch=0.019 d=0.248 lr=1.000e-04 | 6.03it/s skip=0 (200.2m)\n"}
,{"stream_name":"stdout","time":12133.519148419,"data":"[03:20:29] it 66225 loss=8.179 mel=1.734 durs=0.269 pitch=0.477 ctc=4.177 bin=1.028 score=0.286 fmatch=0.022 d=0.245 lr=1.000e-04 | 5.99it/s skip=0 (200.3m)\n"}
,{"stream_name":"stdout","time":12137.80843979,"data":"[03:20:33] it 66250 loss=7.903 mel=1.539 durs=0.279 pitch=0.604 ctc=4.038 bin=0.971 score=0.310 fmatch=0.026 d=0.248 lr=1.000e-04 | 5.96it/s skip=0 (200.4m)\n"}
,{"stream_name":"stdout","time":12142.084304272,"data":"[03:20:37] it 66275 loss=8.590 mel=1.700 durs=0.312 pitch=0.617 ctc=4.435 bin=1.224 score=0.279 fmatch=0.022 d=0.233 lr=1.000e-04 | 5.96it/s skip=0 (200.5m)\n"}
,{"stream_name":"stdout","time":12146.358773415,"data":"[03:20:41] it 66300 loss=8.572 mel=1.845 durs=0.323 pitch=0.625 ctc=4.526 bin=1.134 score=0.238 fmatch=0.022 d=0.243 lr=1.000e-04 | 5.96it/s skip=0 (200.5m)\n"}
,{"stream_name":"stdout","time":12150.647701856,"data":"[03:20:46] it 66325 loss=7.557 mel=1.553 durs=0.253 pitch=0.624 ctc=3.982 bin=1.006 score=0.226 fmatch=0.024 d=0.231 lr=1.000e-04 | 5.95it/s skip=0 (200.6m)\n"}
,{"stream_name":"stdout","time":12154.966034403,"data":"[03:20:50] it 66350 loss=8.510 mel=1.983 durs=0.333 pitch=0.506 ctc=4.286 bin=1.142 score=0.248 fmatch=0.023 d=0.239 lr=1.000e-04 | 5.92it/s skip=0 (200.7m)\n"}
,{"stream_name":"stdout","time":12159.256828943,"data":"[03:20:54] it 66375 loss=7.760 mel=1.583 durs=0.268 pitch=0.518 ctc=4.027 bin=0.923 score=0.282 fmatch=0.021 d=0.247 lr=1.000e-04 | 5.91it/s skip=0 (200.7m)\n"}
,{"stream_name":"stdout","time":12163.503407589,"data":"[03:20:59] it 66400 loss=7.799 mel=1.533 durs=0.243 pitch=0.651 ctc=3.913 bin=0.916 score=0.329 fmatch=0.031 d=0.239 lr=1.000e-04 | 5.94it/s skip=0 (200.8m)\n"}
,{"stream_name":"stdout","time":12167.829704667,"data":"[03:21:03] it 66425 loss=8.076 mel=1.695 durs=0.317 pitch=0.611 ctc=4.165 bin=1.058 score=0.262 fmatch=0.019 d=0.238 lr=1.000e-04 | 5.92it/s skip=0 (200.9m)\n"}
,{"stream_name":"stdout","time":12172.162114278,"data":"[03:21:07] it 66450 loss=7.567 mel=1.528 durs=0.233 pitch=0.355 ctc=3.950 bin=0.960 score=0.263 fmatch=0.019 d=0.242 lr=1.000e-04 | 5.90it/s skip=0 (201.0m)\n"}
,{"stream_name":"stdout","time":12176.391547148,"data":"[03:21:12] it 66475 loss=8.288 mel=1.768 durs=0.318 pitch=0.367 ctc=4.370 bin=1.124 score=0.233 fmatch=0.025 d=0.252 lr=1.000e-04 | 5.94it/s skip=0 (201.0m)\n"}
,{"stream_name":"stdout","time":12180.553886406,"data":"[03:21:16] it 66500 loss=7.980 mel=1.448 durs=0.266 pitch=0.514 ctc=4.241 bin=1.071 score=0.280 fmatch=0.020 d=0.245 lr=1.000e-04 | 5.99it/s skip=0 (201.1m)\n"}
,{"stream_name":"stdout","time":12184.962993567,"data":"[03:21:20] it 66525 loss=8.056 mel=1.540 durs=0.285 pitch=0.610 ctc=4.351 bin=1.051 score=0.252 fmatch=0.019 d=0.236 lr=1.000e-04 | 5.98it/s skip=0 (201.2m)\n"}
,{"stream_name":"stdout","time":12189.221056491,"data":"[03:21:24] it 66550 loss=7.931 mel=1.639 durs=0.298 pitch=0.517 ctc=4.109 bin=1.108 score=0.243 fmatch=0.021 d=0.243 lr=1.000e-04 | 5.97it/s skip=0 (201.2m)\n"}
,{"stream_name":"stdout","time":12193.462089448,"data":"[03:21:29] it 66575 loss=8.242 mel=1.631 durs=0.290 pitch=0.477 ctc=4.407 bin=1.053 score=0.264 fmatch=0.021 d=0.237 lr=1.000e-04 | 5.98it/s skip=0 (201.3m)\n"}
,{"stream_name":"stdout","time":12197.888389568,"data":"[03:21:33] it 66600 loss=8.298 mel=1.675 durs=0.307 pitch=0.509 ctc=4.350 bin=1.090 score=0.270 fmatch=0.019 d=0.242 lr=1.000e-04 | 5.93it/s skip=0 (201.4m)\n"}
,{"stream_name":"stdout","time":12202.131743751,"data":"[03:21:37] it 66625 loss=8.180 mel=1.681 durs=0.312 pitch=0.499 ctc=4.254 bin=1.150 score=0.249 fmatch=0.019 d=0.238 lr=1.000e-04 | 5.96it/s skip=0 (201.5m)\n"}
,{"stream_name":"stdout","time":12206.46010456,"data":"[03:21:42] it 66650 loss=7.370 mel=1.410 durs=0.244 pitch=0.540 ctc=3.897 bin=0.944 score=0.256 fmatch=0.017 d=0.246 lr=1.000e-04 | 5.92it/s skip=0 (201.5m)\n"}
,{"stream_name":"stdout","time":12210.757010412,"data":"[03:21:46] it 66675 loss=8.107 mel=1.702 durs=0.277 pitch=0.539 ctc=4.173 bin=1.014 score=0.279 fmatch=0.021 d=0.241 lr=1.000e-04 | 5.93it/s skip=0 (201.6m)\n"}
,{"stream_name":"stdout","time":12215.003403308,"data":"[03:21:50] it 66700 loss=7.511 mel=1.524 durs=0.249 pitch=0.546 ctc=3.888 bin=0.901 score=0.275 fmatch=0.020 d=0.243 lr=1.000e-04 | 5.96it/s skip=0 (201.7m)\n"}
,{"stream_name":"stdout","time":12219.347464585,"data":"[03:21:54] it 66725 loss=7.926 mel=1.633 durs=0.264 pitch=0.538 ctc=4.143 bin=1.032 score=0.255 fmatch=0.019 d=0.244 lr=1.000e-04 | 5.91it/s skip=0 (201.7m)\n"}
,{"stream_name":"stdout","time":12223.623042597,"data":"[03:21:59] it 66750 loss=7.478 mel=1.509 durs=0.254 pitch=0.406 ctc=3.902 bin=0.933 score=0.262 fmatch=0.020 d=0.238 lr=1.000e-04 | 5.93it/s skip=0 (201.8m)\n"}
,{"stream_name":"stdout","time":12227.804621495,"data":"[03:22:03] it 66775 loss=7.945 mel=1.536 durs=0.254 pitch=0.594 ctc=4.179 bin=1.064 score=0.266 fmatch=0.018 d=0.247 lr=1.000e-04 | 5.98it/s skip=0 (201.9m)\n"}
,{"stream_name":"stdout","time":12232.048968526,"data":"[03:22:07] it 66800 loss=7.120 mel=1.430 durs=0.237 pitch=0.360 ctc=3.728 bin=0.930 score=0.238 fmatch=0.021 d=0.245 lr=1.000e-04 | 5.98it/s skip=0 (202.0m)\n"}
,{"stream_name":"stdout","time":12236.306706795,"data":"[03:22:11] it 66825 loss=8.092 mel=1.718 durs=0.287 pitch=0.507 ctc=4.262 bin=1.080 score=0.233 fmatch=0.022 d=0.244 lr=1.000e-04 | 5.98it/s skip=0 (202.0m)\n"}
,{"stream_name":"stdout","time":12240.508796013,"data":"[03:22:16] it 66850 loss=7.838 mel=1.678 durs=0.314 pitch=0.498 ctc=4.011 bin=1.026 score=0.256 fmatch=0.019 d=0.246 lr=1.000e-04 | 6.01it/s skip=0 (202.1m)\n"}
,{"stream_name":"stdout","time":12244.771353851,"data":"[03:22:20] it 66875 loss=7.817 mel=1.574 durs=0.262 pitch=0.684 ctc=4.165 bin=0.914 score=0.262 fmatch=0.021 d=0.238 lr=1.000e-04 | 5.99it/s skip=0 (202.2m)\n"}
,{"stream_name":"stdout","time":12249.085460582,"data":"[03:22:24] it 66900 loss=7.424 mel=1.436 durs=0.252 pitch=0.581 ctc=3.819 bin=0.968 score=0.275 fmatch=0.019 d=0.241 lr=1.000e-04 | 5.94it/s skip=0 (202.2m)\n"}
,{"stream_name":"stdout","time":12253.308673452,"data":"[03:22:28] it 66925 loss=8.660 mel=1.864 durs=0.303 pitch=0.526 ctc=4.516 bin=1.178 score=0.250 fmatch=0.021 d=0.235 lr=1.000e-04 | 5.97it/s skip=0 (202.3m)\n"}
,{"stream_name":"stdout","time":12257.518123711,"data":"[03:22:33] it 66950 loss=8.248 mel=1.675 durs=0.307 pitch=0.539 ctc=4.362 bin=1.072 score=0.259 fmatch=0.017 d=0.247 lr=1.000e-04 | 6.00it/s skip=0 (202.4m)\n"}
,{"stream_name":"stdout","time":12261.920141667,"data":"[03:22:37] it 66975 loss=8.210 mel=1.676 durs=0.310 pitch=0.550 ctc=4.350 bin=1.057 score=0.255 fmatch=0.019 d=0.246 lr=1.000e-04 | 5.90it/s skip=0 (202.5m)\n"}
,{"stream_name":"stdout","time":12266.212464572,"data":"[03:22:41] it 67000 loss=7.937 mel=1.593 durs=0.259 pitch=0.408 ctc=4.197 bin=1.037 score=0.256 fmatch=0.018 d=0.248 lr=1.000e-04 | 5.90it/s skip=0 (202.5m)\n"}
,{"stream_name":"stdout","time":12270.716216514,"data":"[03:22:46] it 67025 loss=8.873 mel=2.098 durs=0.354 pitch=0.506 ctc=4.425 bin=1.291 score=0.238 fmatch=0.023 d=0.235 lr=1.000e-04 | 5.89it/s skip=0 (202.6m)\n"}
,{"stream_name":"stdout","time":12274.998811309,"data":"[03:22:50] it 67050 loss=8.165 mel=1.572 durs=0.269 pitch=0.514 ctc=4.182 bin=1.116 score=0.298 fmatch=0.025 d=0.241 lr=1.000e-04 | 5.92it/s skip=0 (202.7m)\n"}
,{"stream_name":"stdout","time":12279.258920211,"data":"[03:22:54] it 67075 loss=8.488 mel=1.741 durs=0.333 pitch=0.600 ctc=4.459 bin=1.225 score=0.237 fmatch=0.020 d=0.245 lr=1.000e-04 | 5.93it/s skip=0 (202.7m)\n"}
,{"stream_name":"stdout","time":12283.53598404,"data":"[03:22:59] it 67100 loss=9.447 mel=2.208 durs=0.387 pitch=0.655 ctc=4.710 bin=1.338 score=0.266 fmatch=0.023 d=0.232 lr=1.000e-04 | 5.93it/s skip=0 (202.8m)\n"}
,{"stream_name":"stdout","time":12287.844472507,"data":"[03:23:03] it 67125 loss=7.940 mel=1.690 durs=0.292 pitch=0.556 ctc=4.022 bin=1.063 score=0.265 fmatch=0.020 d=0.242 lr=1.000e-04 | 5.93it/s skip=0 (202.9m)\n"}
,{"stream_name":"stdout","time":12292.172922496,"data":"[03:23:07] it 67150 loss=7.238 mel=1.304 durs=0.223 pitch=0.381 ctc=3.809 bin=0.861 score=0.295 fmatch=0.021 d=0.251 lr=1.000e-04 | 5.91it/s skip=0 (203.0m)\n"}
,{"stream_name":"stdout","time":12296.368817381,"data":"[03:23:12] it 67175 loss=8.553 mel=1.773 durs=0.301 pitch=0.538 ctc=4.570 bin=1.251 score=0.212 fmatch=0.027 d=0.245 lr=1.000e-04 | 5.96it/s skip=0 (203.0m)\n"}
,{"stream_name":"stdout","time":12300.617172963,"data":"[03:23:16] it 67200 loss=7.850 mel=1.593 durs=0.284 pitch=0.440 ctc=4.196 bin=1.061 score=0.226 fmatch=0.024 d=0.251 lr=1.000e-04 | 5.98it/s skip=0 (203.1m)\n"}
,{"stream_name":"stdout","time":12304.91476934,"data":"[03:23:20] it 67225 loss=7.790 mel=1.531 durs=0.240 pitch=0.520 ctc=4.112 bin=0.967 score=0.271 fmatch=0.019 d=0.242 lr=1.000e-04 | 5.96it/s skip=0 (203.2m)\n"}
,{"stream_name":"stdout","time":12309.085928385,"data":"[03:23:24] it 67250 loss=8.211 mel=1.549 durs=0.279 pitch=0.480 ctc=4.437 bin=1.041 score=0.272 fmatch=0.019 d=0.246 lr=1.000e-04 | 6.03it/s skip=0 (203.2m)\n"}
,{"stream_name":"stdout","time":12313.303439475,"data":"[03:23:28] it 67275 loss=8.393 mel=1.757 durs=0.300 pitch=0.533 ctc=4.451 bin=1.182 score=0.223 fmatch=0.026 d=0.236 lr=1.000e-04 | 6.02it/s skip=0 (203.3m)\n"}
,{"stream_name":"stdout","time":12317.624208651,"data":"[03:23:33] it 67300 loss=7.938 mel=1.530 durs=0.295 pitch=0.333 ctc=4.210 bin=1.059 score=0.265 fmatch=0.018 d=0.243 lr=1.000e-04 | 5.96it/s skip=0 (203.4m)\n"}
,{"stream_name":"stdout","time":12321.94846197,"data":"[03:23:37] it 67325 loss=7.532 mel=1.531 durs=0.247 pitch=0.452 ctc=3.968 bin=0.894 score=0.263 fmatch=0.018 d=0.247 lr=1.000e-04 | 5.93it/s skip=0 (203.5m)\n"}
,{"stream_name":"stdout","time":12326.118159221,"data":"[03:23:41] it 67350 loss=7.058 mel=1.432 durs=0.226 pitch=0.359 ctc=3.743 bin=0.803 score=0.251 fmatch=0.019 d=0.248 lr=1.000e-04 | 5.99it/s skip=0 (203.5m)\n"}
,{"stream_name":"stdout","time":12330.328789754,"data":"[03:23:45] it 67375 loss=7.373 mel=1.579 durs=0.241 pitch=0.393 ctc=3.856 bin=0.905 score=0.237 fmatch=0.021 d=0.248 lr=1.000e-04 | 6.01it/s skip=0 (203.6m)\n"}
,{"stream_name":"stdout","time":12334.556116971,"data":"[03:23:50] it 67400 loss=7.734 mel=1.388 durs=0.243 pitch=0.567 ctc=4.181 bin=1.034 score=0.258 fmatch=0.017 d=0.245 lr=1.000e-04 | 6.01it/s skip=0 (203.7m)\n"}
,{"stream_name":"stdout","time":12338.821744197,"data":"[03:23:54] it 67425 loss=8.196 mel=1.763 durs=0.312 pitch=0.418 ctc=4.191 bin=1.129 score=0.255 fmatch=0.020 d=0.241 lr=1.000e-04 | 5.99it/s skip=0 (203.7m)\n"}
,{"stream_name":"stdout","time":12343.129118243,"data":"[03:23:58] it 67450 loss=7.609 mel=1.503 durs=0.259 pitch=0.494 ctc=4.068 bin=0.966 score=0.244 fmatch=0.021 d=0.238 lr=1.000e-04 | 5.95it/s skip=0 (203.8m)\n"}
,{"stream_name":"stdout","time":12347.515423606,"data":"[03:24:03] it 67475 loss=8.130 mel=1.759 durs=0.316 pitch=0.442 ctc=4.227 bin=1.116 score=0.232 fmatch=0.023 d=0.248 lr=1.000e-04 | 5.89it/s skip=0 (203.9m)\n"}
,{"stream_name":"stdout","time":12351.78814279,"data":"[03:24:07] it 67500 loss=8.327 mel=1.669 durs=0.301 pitch=0.447 ctc=4.178 bin=1.158 score=0.305 fmatch=0.026 d=0.241 lr=1.000e-04 | 5.91it/s skip=0 (204.0m)\n"}
,{"stream_name":"stdout","time":12356.321572382,"data":"[03:24:11] it 67525 loss=7.729 mel=1.609 durs=0.265 pitch=0.649 ctc=3.933 bin=0.969 score=0.277 fmatch=0.019 d=0.246 lr=1.000e-04 | 5.87it/s skip=0 (204.0m)\n"}
,{"stream_name":"stdout","time":12360.666037794,"data":"[03:24:16] it 67550 loss=8.457 mel=1.798 durs=0.297 pitch=0.507 ctc=4.286 bin=1.181 score=0.272 fmatch=0.021 d=0.242 lr=1.000e-04 | 5.86it/s skip=0 (204.1m)\n"}
,{"stream_name":"stdout","time":12364.988178676,"data":"[03:24:20] it 67575 loss=8.124 mel=1.590 durs=0.251 pitch=0.412 ctc=4.192 bin=1.052 score=0.299 fmatch=0.027 d=0.243 lr=1.000e-04 | 5.87it/s skip=0 (204.2m)\n"}
,{"stream_name":"stdout","time":12369.21162601,"data":"[03:24:24] it 67600 loss=7.749 mel=1.521 durs=0.269 pitch=0.499 ctc=3.969 bin=0.987 score=0.293 fmatch=0.022 d=0.245 lr=1.000e-04 | 5.93it/s skip=0 (204.2m)\n"}
,{"stream_name":"stdout","time":12373.507146575,"data":"[03:24:29] it 67625 loss=7.342 mel=1.503 durs=0.231 pitch=0.500 ctc=3.841 bin=0.918 score=0.247 fmatch=0.018 d=0.238 lr=1.000e-04 | 5.93it/s skip=0 (204.3m)\n"}
,{"stream_name":"stdout","time":12377.772485681,"data":"[03:24:33] it 67650 loss=8.077 mel=1.470 durs=0.276 pitch=0.568 ctc=4.296 bin=1.050 score=0.289 fmatch=0.019 d=0.242 lr=1.000e-04 | 5.95it/s skip=0 (204.4m)\n"}
,{"stream_name":"stdout","time":12381.999051732,"data":"[03:24:37] it 67675 loss=7.663 mel=1.453 durs=0.252 pitch=0.396 ctc=4.102 bin=0.956 score=0.268 fmatch=0.017 d=0.250 lr=1.000e-04 | 5.97it/s skip=0 (204.5m)\n"}
,{"stream_name":"stdout","time":12386.192716924,"data":"[03:24:41] it 67700 loss=7.960 mel=1.665 durs=0.324 pitch=0.402 ctc=4.035 bin=1.168 score=0.250 fmatch=0.020 d=0.241 lr=1.000e-04 | 6.00it/s skip=0 (204.5m)\n"}
,{"stream_name":"stdout","time":12390.499821575,"data":"[03:24:46] it 67725 loss=7.832 mel=1.580 durs=0.262 pitch=0.487 ctc=4.160 bin=1.003 score=0.249 fmatch=0.019 d=0.253 lr=1.000e-04 | 5.97it/s skip=0 (204.6m)\n"}
,{"stream_name":"stdout","time":12394.776429278,"data":"[03:24:50] it 67750 loss=7.074 mel=1.320 durs=0.237 pitch=0.537 ctc=3.837 bin=0.807 score=0.254 fmatch=0.016 d=0.247 lr=1.000e-04 | 5.96it/s skip=0 (204.7m)\n"}
,{"stream_name":"stdout","time":12399.010220156,"data":"[03:24:54] it 67775 loss=8.759 mel=1.696 durs=0.316 pitch=0.546 ctc=4.557 bin=1.169 score=0.306 fmatch=0.027 d=0.245 lr=1.000e-04 | 5.98it/s skip=0 (204.7m)\n"}
,{"stream_name":"stdout","time":12403.303099653,"data":"[03:24:58] it 67800 loss=7.955 mel=1.554 durs=0.283 pitch=0.393 ctc=4.177 bin=1.021 score=0.279 fmatch=0.020 d=0.255 lr=1.000e-04 | 5.96it/s skip=0 (204.8m)\n"}
,{"stream_name":"stdout","time":12407.755531422,"data":"[03:25:03] it 67825 loss=7.777 mel=1.561 durs=0.261 pitch=0.524 ctc=3.995 bin=1.062 score=0.265 fmatch=0.020 d=0.245 lr=1.000e-04 | 5.89it/s skip=0 (204.9m)\n"}
,{"stream_name":"stdout","time":12411.992806556,"data":"[03:25:07] it 67850 loss=7.613 mel=1.535 durs=0.269 pitch=0.470 ctc=4.030 bin=1.006 score=0.237 fmatch=0.021 d=0.237 lr=1.000e-04 | 5.93it/s skip=0 (205.0m)\n"}
,{"stream_name":"stdout","time":12416.317804592,"data":"[03:25:11] it 67875 loss=7.896 mel=1.538 durs=0.250 pitch=0.573 ctc=4.240 bin=1.071 score=0.236 fmatch=0.022 d=0.236 lr=1.000e-04 | 5.91it/s skip=0 (205.0m)\n"}
,{"stream_name":"stdout","time":12420.632430801,"data":"[03:25:16] it 67900 loss=7.924 mel=1.562 durs=0.260 pitch=0.499 ctc=4.050 bin=1.068 score=0.287 fmatch=0.021 d=0.243 lr=1.000e-04 | 5.91it/s skip=0 (205.1m)\n"}
,{"stream_name":"stdout","time":12424.984876749,"data":"[03:25:20] it 67925 loss=7.292 mel=1.418 durs=0.228 pitch=0.588 ctc=3.953 bin=0.908 score=0.228 fmatch=0.021 d=0.249 lr=1.000e-04 | 5.87it/s skip=0 (205.2m)\n"}
,{"stream_name":"stdout","time":12429.272742882,"data":"[03:25:24] it 67950 loss=7.238 mel=1.362 durs=0.225 pitch=0.448 ctc=3.710 bin=0.872 score=0.300 fmatch=0.024 d=0.246 lr=1.000e-04 | 5.89it/s skip=0 (205.2m)\n"}
,{"stream_name":"stdout","time":12433.524272703,"data":"[03:25:29] it 67975 loss=7.544 mel=1.558 durs=0.233 pitch=0.562 ctc=3.950 bin=1.002 score=0.232 fmatch=0.024 d=0.248 lr=1.000e-04 | 5.92it/s skip=0 (205.3m)\n"}
,{"stream_name":"stdout","time":12437.775315802,"data":"[03:25:33] it 68000 loss=7.813 mel=1.560 durs=0.281 pitch=0.492 ctc=4.113 bin=1.006 score=0.259 fmatch=0.020 d=0.235 lr=1.000e-04 | 5.95it/s skip=0 (205.4m)\n"}
,{"stream_name":"stdout","time":12438.214910304,"data":"[03:25:33] [train] probes saved at iter 68000\n"}
,{"stream_name":"stdout","time":12450.553002796,"data":"[03:25:46] [val] it 68000 loss=7.020 mel=1.719 durs=0.275 pitch=0.501 ctc=4.171 (12.3s)\n"}
,{"stream_name":"stdout","time":12454.84682494,"data":"[03:25:50] it 68025 loss=8.478 mel=1.594 durs=0.306 pitch=0.475 ctc=4.485 bin=1.108 score=0.297 fmatch=0.024 d=0.244 lr=1.000e-04 | 5.95it/s skip=0 (205.7m)\n"}
,{"stream_name":"stdout","time":12458.99071895,"data":"[03:25:54] it 68050 loss=7.678 mel=1.446 durs=0.244 pitch=0.372 ctc=3.980 bin=0.920 score=0.310 fmatch=0.029 d=0.255 lr=1.000e-04 | 6.01it/s skip=0 (205.7m)\n"}
,{"stream_name":"stdout","time":12463.455712133,"data":"[03:25:59] it 68075 loss=7.909 mel=1.539 durs=0.255 pitch=0.574 ctc=4.195 bin=0.999 score=0.268 fmatch=0.020 d=0.247 lr=1.000e-04 | 5.92it/s skip=0 (205.8m)\n"}
,{"stream_name":"stdout","time":12467.713631595,"data":"[03:26:03] it 68100 loss=8.554 mel=1.815 durs=0.310 pitch=0.485 ctc=4.352 bin=1.174 score=0.278 fmatch=0.021 d=0.241 lr=1.000e-04 | 5.94it/s skip=0 (205.9m)\n"}
,{"stream_name":"stdout","time":12472.139006009,"data":"[03:26:07] it 68125 loss=7.516 mel=1.387 durs=0.255 pitch=0.523 ctc=3.976 bin=0.948 score=0.277 fmatch=0.017 d=0.254 lr=1.000e-04 | 5.86it/s skip=0 (206.0m)\n"}
,{"stream_name":"stdout","time":12476.425881757,"data":"[03:26:12] it 68150 loss=7.188 mel=1.376 durs=0.215 pitch=0.415 ctc=3.821 bin=0.874 score=0.258 fmatch=0.022 d=0.256 lr=1.000e-04 | 5.89it/s skip=0 (206.0m)\n"}
,{"stream_name":"stdout","time":12480.679624134,"data":"[03:26:16] it 68175 loss=8.034 mel=1.809 durs=0.291 pitch=0.516 ctc=4.145 bin=0.961 score=0.255 fmatch=0.019 d=0.242 lr=1.000e-04 | 5.92it/s skip=0 (206.1m)\n"}
,{"stream_name":"stdout","time":12484.998498708,"data":"[03:26:20] it 68200 loss=7.510 mel=1.544 durs=0.255 pitch=0.526 ctc=3.931 bin=0.965 score=0.243 fmatch=0.019 d=0.250 lr=1.000e-04 | 5.92it/s skip=0 (206.2m)\n"}
,{"stream_name":"stdout","time":12489.312805396,"data":"[03:26:24] it 68225 loss=7.293 mel=1.579 durs=0.257 pitch=0.464 ctc=3.707 bin=0.916 score=0.250 fmatch=0.017 d=0.241 lr=1.000e-04 | 5.91it/s skip=0 (206.2m)\n"}
,{"stream_name":"stdout","time":12493.724649797,"data":"[03:26:29] it 68250 loss=8.551 mel=1.804 durs=0.317 pitch=0.620 ctc=4.419 bin=1.225 score=0.248 fmatch=0.020 d=0.247 lr=1.000e-04 | 5.85it/s skip=0 (206.3m)\n"}
,{"stream_name":"stdout","time":12497.987761874,"data":"[03:26:33] it 68275 loss=8.560 mel=1.772 durs=0.370 pitch=0.596 ctc=4.526 bin=1.163 score=0.246 fmatch=0.020 d=0.239 lr=1.000e-04 | 5.90it/s skip=0 (206.4m)\n"}
,{"stream_name":"stdout","time":12502.347289629,"data":"[03:26:37] it 68300 loss=7.707 mel=1.612 durs=0.286 pitch=0.469 ctc=3.887 bin=0.966 score=0.286 fmatch=0.023 d=0.241 lr=1.000e-04 | 5.87it/s skip=0 (206.5m)\n"}
,{"stream_name":"stdout","time":12506.637608698,"data":"[03:26:42] it 68325 loss=7.181 mel=1.459 durs=0.241 pitch=0.555 ctc=3.777 bin=0.865 score=0.245 fmatch=0.019 d=0.245 lr=1.000e-04 | 5.90it/s skip=0 (206.5m)\n"}
,{"stream_name":"stdout","time":12510.885666016,"data":"[03:26:46] it 68350 loss=7.597 mel=1.500 durs=0.261 pitch=0.382 ctc=3.817 bin=0.984 score=0.302 fmatch=0.025 d=0.240 lr=1.000e-04 | 5.92it/s skip=0 (206.6m)\n"}
,{"stream_name":"stdout","time":12515.14155872,"data":"[03:26:50] it 68375 loss=7.640 mel=1.598 durs=0.258 pitch=0.721 ctc=3.802 bin=0.903 score=0.304 fmatch=0.024 d=0.254 lr=1.000e-04 | 5.94it/s skip=0 (206.7m)\n"}
,{"stream_name":"stdout","time":12519.460191677,"data":"[03:26:55] it 68400 loss=7.515 mel=1.430 durs=0.235 pitch=0.437 ctc=3.990 bin=0.985 score=0.256 fmatch=0.019 d=0.248 lr=1.000e-04 | 5.92it/s skip=0 (206.7m)\n"}
,{"stream_name":"stdout","time":12523.851410437,"data":"[03:26:59] it 68425 loss=7.835 mel=1.477 durs=0.263 pitch=0.524 ctc=4.155 bin=0.982 score=0.281 fmatch=0.021 d=0.249 lr=1.000e-04 | 5.87it/s skip=0 (206.8m)\n"}
,{"stream_name":"stdout","time":12528.182609107,"data":"[03:27:03] it 68450 loss=7.473 mel=1.461 durs=0.274 pitch=0.517 ctc=4.000 bin=0.933 score=0.245 fmatch=0.019 d=0.246 lr=1.000e-04 | 5.87it/s skip=0 (206.9m)\n"}
,{"stream_name":"stdout","time":12532.462737329,"data":"[03:27:08] it 68475 loss=8.550 mel=1.737 durs=0.312 pitch=0.450 ctc=4.501 bin=1.105 score=0.277 fmatch=0.021 d=0.241 lr=1.000e-04 | 5.90it/s skip=0 (207.0m)\n"}
,{"stream_name":"stdout","time":12536.752066943,"data":"[03:27:12] it 68500 loss=7.885 mel=1.569 durs=0.271 pitch=0.418 ctc=4.159 bin=1.037 score=0.258 fmatch=0.020 d=0.245 lr=1.000e-04 | 5.91it/s skip=0 (207.0m)\n"}
,{"stream_name":"stdout","time":12541.205499139,"data":"[03:27:16] it 68525 loss=8.152 mel=1.522 durs=0.286 pitch=0.518 ctc=4.359 bin=1.116 score=0.263 fmatch=0.023 d=0.253 lr=1.000e-04 | 5.90it/s skip=0 (207.1m)\n"}
,{"stream_name":"stdout","time":12545.440330392,"data":"[03:27:21] it 68550 loss=8.110 mel=1.671 durs=0.284 pitch=0.641 ctc=4.138 bin=1.089 score=0.274 fmatch=0.021 d=0.234 lr=1.000e-04 | 5.94it/s skip=0 (207.2m)\n"}
,{"stream_name":"stdout","time":12549.729804759,"data":"[03:27:25] it 68575 loss=8.724 mel=1.846 durs=0.354 pitch=0.339 ctc=4.484 bin=1.233 score=0.268 fmatch=0.021 d=0.238 lr=1.000e-04 | 5.94it/s skip=0 (207.3m)\n"}
,{"stream_name":"stdout","time":12553.991712315,"data":"[03:27:29] it 68600 loss=7.615 mel=1.555 durs=0.251 pitch=0.523 ctc=3.982 bin=0.933 score=0.262 fmatch=0.019 d=0.249 lr=1.000e-04 | 5.95it/s skip=0 (207.3m)\n"}
,{"stream_name":"stdout","time":12558.242858356,"data":"[03:27:33] it 68625 loss=8.296 mel=1.764 durs=0.324 pitch=0.576 ctc=4.379 bin=1.087 score=0.239 fmatch=0.021 d=0.240 lr=1.000e-04 | 5.96it/s skip=0 (207.4m)\n"}
,{"stream_name":"stdout","time":12562.554533585,"data":"[03:27:38] it 68650 loss=8.162 mel=1.740 durs=0.322 pitch=0.409 ctc=4.222 bin=1.104 score=0.250 fmatch=0.023 d=0.235 lr=1.000e-04 | 5.93it/s skip=0 (207.5m)\n"}
,{"stream_name":"stdout","time":12566.838474418,"data":"[03:27:42] it 68675 loss=7.602 mel=1.489 durs=0.262 pitch=0.534 ctc=4.114 bin=0.957 score=0.236 fmatch=0.021 d=0.255 lr=1.000e-04 | 5.93it/s skip=0 (207.5m)\n"}
,{"stream_name":"stdout","time":12571.173544638,"data":"[03:27:46] it 68700 loss=7.979 mel=1.576 durs=0.302 pitch=0.516 ctc=4.149 bin=1.062 score=0.273 fmatch=0.018 d=0.246 lr=1.000e-04 | 5.90it/s skip=0 (207.6m)\n"}
,{"stream_name":"stdout","time":12575.461130911,"data":"[03:27:51] it 68725 loss=8.088 mel=1.662 durs=0.297 pitch=0.408 ctc=4.195 bin=1.043 score=0.274 fmatch=0.021 d=0.242 lr=1.000e-04 | 5.92it/s skip=0 (207.7m)\n"}
,{"stream_name":"stdout","time":12579.79336194,"data":"[03:27:55] it 68750 loss=8.538 mel=1.963 durs=0.330 pitch=0.317 ctc=4.303 bin=1.139 score=0.262 fmatch=0.021 d=0.238 lr=1.000e-04 | 5.91it/s skip=0 (207.8m)\n"}
,{"stream_name":"stdout","time":12584.052631662,"data":"[03:27:59] it 68775 loss=7.429 mel=1.512 durs=0.267 pitch=0.630 ctc=3.767 bin=0.954 score=0.272 fmatch=0.019 d=0.244 lr=1.000e-04 | 5.92it/s skip=0 (207.8m)\n"}
,{"stream_name":"stdout","time":12588.326808582,"data":"[03:28:03] it 68800 loss=7.208 mel=1.351 durs=0.242 pitch=0.380 ctc=3.946 bin=0.926 score=0.226 fmatch=0.020 d=0.249 lr=1.000e-04 | 5.93it/s skip=0 (207.9m)\n"}
,{"stream_name":"stdout","time":12592.651584618,"data":"[03:28:08] it 68825 loss=8.393 mel=1.665 durs=0.301 pitch=0.447 ctc=4.423 bin=1.111 score=0.275 fmatch=0.020 d=0.242 lr=1.000e-04 | 5.90it/s skip=0 (208.0m)\n"}
,{"stream_name":"stdout","time":12596.953106426,"data":"[03:28:12] it 68850 loss=8.121 mel=1.747 durs=0.296 pitch=0.452 ctc=4.252 bin=1.053 score=0.244 fmatch=0.018 d=0.245 lr=1.000e-04 | 5.91it/s skip=0 (208.0m)\n"}
,{"stream_name":"stdout","time":12601.17153087,"data":"[03:28:16] it 68875 loss=7.584 mel=1.484 durs=0.226 pitch=0.573 ctc=3.847 bin=0.924 score=0.306 fmatch=0.024 d=0.249 lr=1.000e-04 | 5.96it/s skip=0 (208.1m)\n"}
,{"stream_name":"stdout","time":12605.474479763,"data":"[03:28:21] it 68900 loss=7.902 mel=1.476 durs=0.292 pitch=0.530 ctc=4.329 bin=1.087 score=0.226 fmatch=0.022 d=0.246 lr=1.000e-04 | 5.94it/s skip=0 (208.2m)\n"}
,{"stream_name":"stdout","time":12609.7611704,"data":"[03:28:25] it 68925 loss=7.471 mel=1.404 durs=0.225 pitch=0.506 ctc=3.959 bin=0.914 score=0.275 fmatch=0.020 d=0.242 lr=1.000e-04 | 5.94it/s skip=0 (208.3m)\n"}
,{"stream_name":"stdout","time":12614.087839502,"data":"[03:28:29] it 68950 loss=8.673 mel=1.751 durs=0.316 pitch=0.568 ctc=4.497 bin=1.239 score=0.269 fmatch=0.021 d=0.235 lr=1.000e-04 | 5.92it/s skip=0 (208.3m)\n"}
,{"stream_name":"stdout","time":12618.351440504,"data":"[03:28:33] it 68975 loss=7.994 mel=1.629 durs=0.270 pitch=0.408 ctc=4.202 bin=1.054 score=0.256 fmatch=0.018 d=0.241 lr=1.000e-04 | 5.94it/s skip=0 (208.4m)\n"}
,{"stream_name":"stdout","time":12622.62892638,"data":"[03:28:38] it 69000 loss=7.826 mel=1.373 durs=0.258 pitch=0.470 ctc=4.193 bin=1.052 score=0.279 fmatch=0.018 d=0.246 lr=1.000e-04 | 5.94it/s skip=0 (208.5m)\n"}
,{"stream_name":"stdout","time":12627.215278544,"data":"[03:28:42] it 69025 loss=8.090 mel=1.562 durs=0.271 pitch=0.490 ctc=4.227 bin=1.077 score=0.282 fmatch=0.020 d=0.249 lr=1.000e-04 | 5.85it/s skip=0 (208.5m)\n"}
,{"stream_name":"stdout","time":12631.55653889,"data":"[03:28:47] it 69050 loss=8.360 mel=1.766 durs=0.263 pitch=0.649 ctc=4.272 bin=1.168 score=0.261 fmatch=0.020 d=0.235 lr=1.000e-04 | 5.87it/s skip=0 (208.6m)\n"}
,{"stream_name":"stdout","time":12635.858763046,"data":"[03:28:51] it 69075 loss=8.180 mel=1.673 durs=0.289 pitch=0.644 ctc=4.172 bin=1.163 score=0.265 fmatch=0.018 d=0.251 lr=1.000e-04 | 5.88it/s skip=0 (208.7m)\n"}
,{"stream_name":"stdout","time":12640.1875646,"data":"[03:28:55] it 69100 loss=7.180 mel=1.430 durs=0.217 pitch=0.695 ctc=3.608 bin=0.876 score=0.288 fmatch=0.022 d=0.245 lr=1.000e-04 | 5.87it/s skip=0 (208.8m)\n"}
,{"stream_name":"stdout","time":12644.511334939,"data":"[03:29:00] it 69125 loss=7.954 mel=1.656 durs=0.265 pitch=0.498 ctc=4.086 bin=0.997 score=0.280 fmatch=0.021 d=0.234 lr=1.000e-04 | 5.88it/s skip=0 (208.8m)\n"}
,{"stream_name":"stdout","time":12648.813344635,"data":"[03:29:04] it 69150 loss=7.630 mel=1.539 durs=0.269 pitch=0.649 ctc=3.959 bin=0.939 score=0.271 fmatch=0.019 d=0.239 lr=1.000e-04 | 5.89it/s skip=0 (208.9m)\n"}
,{"stream_name":"stdout","time":12653.18742389,"data":"[03:29:08] it 69175 loss=7.853 mel=1.553 durs=0.284 pitch=0.458 ctc=4.080 bin=1.022 score=0.276 fmatch=0.021 d=0.241 lr=1.000e-04 | 5.85it/s skip=0 (209.0m)\n"}
,{"stream_name":"stdout","time":12657.562587214,"data":"[03:29:13] it 69200 loss=8.068 mel=1.673 durs=0.282 pitch=0.360 ctc=4.090 bin=1.087 score=0.283 fmatch=0.022 d=0.236 lr=1.000e-04 | 5.83it/s skip=0 (209.0m)\n"}
,{"stream_name":"stdout","time":12661.816996666,"data":"[03:29:17] it 69225 loss=7.305 mel=1.470 durs=0.220 pitch=0.583 ctc=3.823 bin=0.907 score=0.252 fmatch=0.018 d=0.248 lr=1.000e-04 | 5.89it/s skip=0 (209.1m)\n"}
,{"stream_name":"stdout","time":12666.035351021,"data":"[03:29:21] it 69250 loss=7.645 mel=1.463 durs=0.243 pitch=0.532 ctc=3.892 bin=0.949 score=0.310 fmatch=0.024 d=0.250 lr=1.000e-04 | 5.95it/s skip=0 (209.2m)\n"}
,{"stream_name":"stdout","time":12670.389579511,"data":"[03:29:26] it 69275 loss=7.303 mel=1.391 durs=0.213 pitch=0.565 ctc=3.832 bin=0.858 score=0.281 fmatch=0.020 d=0.248 lr=1.000e-04 | 5.90it/s skip=0 (209.3m)\n"}
,{"stream_name":"stdout","time":12674.669934298,"data":"[03:29:30] it 69300 loss=7.500 mel=1.567 durs=0.274 pitch=0.374 ctc=3.915 bin=0.991 score=0.235 fmatch=0.023 d=0.239 lr=1.000e-04 | 5.91it/s skip=0 (209.3m)\n"}
,{"stream_name":"stdout","time":12678.958349162,"data":"[03:29:34] it 69325 loss=8.467 mel=1.880 durs=0.272 pitch=0.500 ctc=4.389 bin=0.970 score=0.281 fmatch=0.026 d=0.226 lr=1.000e-04 | 5.91it/s skip=0 (209.4m)\n"}
,{"stream_name":"stdout","time":12683.202056927,"data":"[03:29:38] it 69350 loss=8.541 mel=1.813 durs=0.343 pitch=0.467 ctc=4.519 bin=1.170 score=0.234 fmatch=0.022 d=0.240 lr=1.000e-04 | 5.94it/s skip=0 (209.5m)\n"}
,{"stream_name":"stdout","time":12687.446907377,"data":"[03:29:43] it 69375 loss=8.079 mel=1.588 durs=0.262 pitch=0.325 ctc=4.321 bin=1.004 score=0.272 fmatch=0.019 d=0.233 lr=1.000e-04 | 5.96it/s skip=0 (209.5m)\n"}
,{"stream_name":"stdout","time":12691.842521557,"data":"[03:29:47] it 69400 loss=8.566 mel=1.722 durs=0.299 pitch=0.490 ctc=4.459 bin=1.125 score=0.289 fmatch=0.024 d=0.248 lr=1.000e-04 | 5.90it/s skip=0 (209.6m)\n"}
,{"stream_name":"stdout","time":12696.143641023,"data":"[03:29:51] it 69425 loss=8.867 mel=2.037 durs=0.310 pitch=0.573 ctc=4.359 bin=1.225 score=0.283 fmatch=0.024 d=0.228 lr=1.000e-04 | 5.91it/s skip=0 (209.7m)\n"}
,{"stream_name":"stdout","time":12700.50255129,"data":"[03:29:56] it 69450 loss=8.528 mel=1.688 durs=0.288 pitch=0.408 ctc=4.391 bin=1.070 score=0.321 fmatch=0.027 d=0.244 lr=1.000e-04 | 5.88it/s skip=0 (209.8m)\n"}
,{"stream_name":"stdout","time":12704.872353163,"data":"[03:30:00] it 69475 loss=7.841 mel=1.458 durs=0.259 pitch=0.549 ctc=4.162 bin=0.973 score=0.286 fmatch=0.021 d=0.246 lr=1.000e-04 | 5.85it/s skip=0 (209.8m)\n"}
,{"stream_name":"stdout","time":12709.15724675,"data":"[03:30:04] it 69500 loss=8.039 mel=1.649 durs=0.252 pitch=0.408 ctc=4.056 bin=1.001 score=0.310 fmatch=0.025 d=0.244 lr=1.000e-04 | 5.89it/s skip=0 (209.9m)\n"}
,{"stream_name":"stdout","time":12713.659333786,"data":"[03:30:09] it 69525 loss=8.010 mel=1.647 durs=0.318 pitch=0.533 ctc=4.080 bin=1.008 score=0.291 fmatch=0.023 d=0.239 lr=1.000e-04 | 5.88it/s skip=0 (210.0m)\n"}
,{"stream_name":"stdout","time":12717.94224821,"data":"[03:30:13] it 69550 loss=7.641 mel=1.704 durs=0.247 pitch=0.596 ctc=3.743 bin=0.939 score=0.287 fmatch=0.023 d=0.241 lr=1.000e-04 | 5.90it/s skip=0 (210.1m)\n"}
,{"stream_name":"stdout","time":12722.295957331,"data":"[03:30:17] it 69575 loss=7.624 mel=1.448 durs=0.259 pitch=0.393 ctc=4.009 bin=0.986 score=0.274 fmatch=0.019 d=0.239 lr=1.000e-04 | 5.88it/s skip=0 (210.1m)\n"}
,{"stream_name":"stdout","time":12726.645647269,"data":"[03:30:22] it 69600 loss=9.091 mel=1.925 durs=0.343 pitch=0.627 ctc=4.629 bin=1.261 score=0.289 fmatch=0.021 d=0.249 lr=1.000e-04 | 5.86it/s skip=0 (210.2m)\n"}
,{"stream_name":"stdout","time":12730.86859141,"data":"[03:30:26] it 69625 loss=8.281 mel=1.808 durs=0.284 pitch=0.694 ctc=4.187 bin=1.066 score=0.275 fmatch=0.021 d=0.236 lr=1.000e-04 | 5.93it/s skip=0 (210.3m)\n"}
,{"stream_name":"stdout","time":12735.276676828,"data":"[03:30:30] it 69650 loss=8.264 mel=1.621 durs=0.299 pitch=0.685 ctc=4.363 bin=1.078 score=0.270 fmatch=0.022 d=0.236 lr=1.000e-04 | 5.86it/s skip=0 (210.3m)\n"}
,{"stream_name":"stdout","time":12739.628106884,"data":"[03:30:35] it 69675 loss=7.830 mel=1.531 durs=0.269 pitch=0.590 ctc=3.988 bin=0.982 score=0.305 fmatch=0.024 d=0.243 lr=1.000e-04 | 5.84it/s skip=0 (210.4m)\n"}
,{"stream_name":"stdout","time":12743.890344532,"data":"[03:30:39] it 69700 loss=7.550 mel=1.546 durs=0.265 pitch=0.376 ctc=3.944 bin=1.007 score=0.243 fmatch=0.018 d=0.252 lr=1.000e-04 | 5.89it/s skip=0 (210.5m)\n"}
,{"stream_name":"stdout","time":12748.146474152,"data":"[03:30:43] it 69725 loss=7.652 mel=1.457 durs=0.231 pitch=0.419 ctc=4.067 bin=0.945 score=0.275 fmatch=0.019 d=0.242 lr=1.000e-04 | 5.92it/s skip=0 (210.6m)\n"}
,{"stream_name":"stdout","time":12752.469211425,"data":"[03:30:48] it 69750 loss=8.942 mel=1.967 durs=0.374 pitch=0.522 ctc=4.478 bin=1.382 score=0.251 fmatch=0.022 d=0.235 lr=1.000e-04 | 5.92it/s skip=0 (210.6m)\n"}
,{"stream_name":"stdout","time":12756.808529502,"data":"[03:30:52] it 69775 loss=8.314 mel=1.705 durs=0.287 pitch=0.383 ctc=4.315 bin=1.144 score=0.265 fmatch=0.023 d=0.237 lr=1.000e-04 | 5.89it/s skip=0 (210.7m)\n"}
,{"stream_name":"stdout","time":12761.196688519,"data":"[03:30:56] it 69800 loss=7.643 mel=1.586 durs=0.256 pitch=0.482 ctc=3.996 bin=1.021 score=0.237 fmatch=0.019 d=0.243 lr=1.000e-04 | 5.86it/s skip=0 (210.8m)\n"}
,{"stream_name":"stdout","time":12765.571439501,"data":"[03:31:01] it 69825 loss=8.025 mel=1.725 durs=0.274 pitch=0.549 ctc=4.202 bin=1.036 score=0.240 fmatch=0.019 d=0.240 lr=1.000e-04 | 5.84it/s skip=0 (210.8m)\n"}
,{"stream_name":"stdout","time":12769.888952844,"data":"[03:31:05] it 69850 loss=8.108 mel=1.857 durs=0.280 pitch=0.413 ctc=4.106 bin=1.071 score=0.247 fmatch=0.018 d=0.243 lr=1.000e-04 | 5.86it/s skip=0 (210.9m)\n"}
,{"stream_name":"stdout","time":12774.341822136,"data":"[03:31:09] it 69875 loss=8.057 mel=1.689 durs=0.295 pitch=0.536 ctc=4.208 bin=1.095 score=0.241 fmatch=0.017 d=0.248 lr=1.000e-04 | 5.81it/s skip=0 (211.0m)\n"}
,{"stream_name":"stdout","time":12778.662588945,"data":"[03:31:14] it 69900 loss=7.909 mel=1.559 durs=0.276 pitch=0.458 ctc=4.148 bin=1.005 score=0.276 fmatch=0.020 d=0.247 lr=1.000e-04 | 5.84it/s skip=0 (211.1m)\n"}
,{"stream_name":"stdout","time":12782.976544332,"data":"[03:31:18] it 69925 loss=7.911 mel=1.624 durs=0.230 pitch=0.534 ctc=3.971 bin=1.020 score=0.299 fmatch=0.025 d=0.237 lr=1.000e-04 | 5.87it/s skip=0 (211.1m)\n"}
,{"stream_name":"stdout","time":12787.288706477,"data":"[03:31:22] it 69950 loss=7.694 mel=1.688 durs=0.257 pitch=0.353 ctc=3.892 bin=0.970 score=0.266 fmatch=0.019 d=0.240 lr=1.000e-04 | 5.87it/s skip=0 (211.2m)\n"}
,{"stream_name":"stdout","time":12791.643724726,"data":"[03:31:27] it 69975 loss=8.017 mel=1.590 durs=0.255 pitch=0.453 ctc=4.233 bin=0.991 score=0.278 fmatch=0.022 d=0.238 lr=1.000e-04 | 5.86it/s skip=0 (211.3m)\n"}
,{"stream_name":"stdout","time":12795.926884576,"data":"[03:31:31] it 70000 loss=7.197 mel=1.411 durs=0.238 pitch=0.449 ctc=3.776 bin=0.855 score=0.266 fmatch=0.020 d=0.241 lr=1.000e-04 | 5.88it/s skip=0 (211.4m)\n"}
,{"stream_name":"stdout","time":12796.753759958,"data":"[03:31:32] [train] probes saved at iter 70000\n"}
,{"stream_name":"stdout","time":12809.330358638,"data":"[03:31:44] [val] it 70000 loss=7.028 mel=1.743 durs=0.273 pitch=0.498 ctc=4.162 (12.6s)\n"}
,{"stream_name":"stdout","time":12813.722202021,"data":"[03:31:49] it 70025 loss=7.948 mel=1.599 durs=0.280 pitch=0.472 ctc=4.246 bin=1.035 score=0.244 fmatch=0.018 d=0.246 lr=1.000e-04 | 5.84it/s skip=0 (211.7m)\n"}
,{"stream_name":"stdout","time":12818.120306547,"data":"[03:31:53] it 70050 loss=7.883 mel=1.571 durs=0.274 pitch=0.464 ctc=4.159 bin=1.050 score=0.252 fmatch=0.021 d=0.249 lr=1.000e-04 | 5.81it/s skip=0 (211.7m)\n"}
,{"stream_name":"stdout","time":12822.454249552,"data":"[03:31:58] it 70075 loss=7.778 mel=1.531 durs=0.276 pitch=0.632 ctc=4.139 bin=0.996 score=0.251 fmatch=0.017 d=0.245 lr=1.000e-04 | 5.83it/s skip=0 (211.8m)\n"}
,{"stream_name":"stdout","time":12826.683313315,"data":"[03:32:02] it 70100 loss=8.034 mel=1.743 durs=0.298 pitch=0.445 ctc=4.196 bin=1.108 score=0.223 fmatch=0.023 d=0.247 lr=1.000e-04 | 5.91it/s skip=0 (211.9m)\n"}
,{"stream_name":"stdout","time":12831.00190473,"data":"[03:32:06] it 70125 loss=7.097 mel=1.433 durs=0.222 pitch=0.479 ctc=3.690 bin=0.907 score=0.245 fmatch=0.017 d=0.250 lr=1.000e-04 | 5.89it/s skip=0 (211.9m)\n"}
,{"stream_name":"stdout","time":12835.296681157,"data":"[03:32:10] it 70150 loss=8.071 mel=1.697 durs=0.300 pitch=0.611 ctc=4.152 bin=1.053 score=0.265 fmatch=0.019 d=0.254 lr=1.000e-04 | 5.90it/s skip=0 (212.0m)\n"}
,{"stream_name":"stdout","time":12839.620132504,"data":"[03:32:15] it 70175 loss=8.489 mel=1.856 durs=0.322 pitch=0.642 ctc=4.371 bin=1.171 score=0.243 fmatch=0.020 d=0.239 lr=1.000e-04 | 5.89it/s skip=0 (212.1m)\n"}
,{"stream_name":"stdout","time":12843.892241472,"data":"[03:32:19] it 70200 loss=7.846 mel=1.480 durs=0.277 pitch=0.466 ctc=4.209 bin=0.985 score=0.270 fmatch=0.019 d=0.242 lr=1.000e-04 | 5.91it/s skip=0 (212.2m)\n"}
,{"stream_name":"stdout","time":12848.287223624,"data":"[03:32:23] it 70225 loss=7.923 mel=1.621 durs=0.279 pitch=0.610 ctc=4.121 bin=1.029 score=0.261 fmatch=0.020 d=0.230 lr=1.000e-04 | 5.87it/s skip=0 (212.2m)\n"}
,{"stream_name":"stdout","time":12852.6899795,"data":"[03:32:28] it 70250 loss=7.885 mel=1.596 durs=0.262 pitch=0.441 ctc=4.094 bin=1.037 score=0.267 fmatch=0.019 d=0.244 lr=1.000e-04 | 5.83it/s skip=0 (212.3m)\n"}
,{"stream_name":"stdout","time":12857.022799784,"data":"[03:32:32] it 70275 loss=8.003 mel=1.651 durs=0.276 pitch=0.515 ctc=4.127 bin=1.064 score=0.266 fmatch=0.019 d=0.246 lr=1.000e-04 | 5.84it/s skip=0 (212.4m)\n"}
,{"stream_name":"stdout","time":12861.442712388,"data":"[03:32:37] it 70300 loss=8.551 mel=1.820 durs=0.293 pitch=0.628 ctc=4.270 bin=1.113 score=0.307 fmatch=0.028 d=0.238 lr=1.000e-04 | 5.85it/s skip=0 (212.4m)\n"}
,{"stream_name":"stdout","time":12865.625513625,"data":"[03:32:41] it 70325 loss=7.735 mel=1.567 durs=0.252 pitch=0.503 ctc=4.044 bin=0.923 score=0.277 fmatch=0.019 d=0.247 lr=1.000e-04 | 5.94it/s skip=0 (212.5m)\n"}
,{"stream_name":"stdout","time":12869.862701812,"data":"[03:32:45] it 70350 loss=8.726 mel=1.839 durs=0.348 pitch=0.382 ctc=4.466 bin=1.175 score=0.288 fmatch=0.021 d=0.246 lr=1.000e-04 | 5.97it/s skip=0 (212.6m)\n"}
,{"stream_name":"stdout","time":12874.130146993,"data":"[03:32:49] it 70375 loss=8.328 mel=1.849 durs=0.312 pitch=0.609 ctc=4.185 bin=1.134 score=0.262 fmatch=0.020 d=0.245 lr=1.000e-04 | 5.96it/s skip=0 (212.7m)\n"}
,{"stream_name":"stdout","time":12878.418901273,"data":"[03:32:54] it 70400 loss=8.143 mel=1.857 durs=0.268 pitch=0.426 ctc=4.080 bin=1.043 score=0.269 fmatch=0.019 d=0.239 lr=1.000e-04 | 5.95it/s skip=0 (212.7m)\n"}
,{"stream_name":"stdout","time":12882.679115647,"data":"[03:32:58] it 70425 loss=8.668 mel=1.815 durs=0.316 pitch=0.416 ctc=4.534 bin=1.145 score=0.270 fmatch=0.023 d=0.241 lr=1.000e-04 | 5.96it/s skip=0 (212.8m)\n"}
,{"stream_name":"stdout","time":12886.980097625,"data":"[03:33:02] it 70450 loss=8.429 mel=1.521 durs=0.284 pitch=0.485 ctc=4.472 bin=1.080 score=0.313 fmatch=0.025 d=0.253 lr=1.000e-04 | 5.93it/s skip=0 (212.9m)\n"}
,{"stream_name":"stdout","time":12891.259236947,"data":"[03:33:06] it 70475 loss=8.436 mel=1.875 durs=0.344 pitch=0.473 ctc=4.302 bin=1.113 score=0.261 fmatch=0.019 d=0.240 lr=1.000e-04 | 5.94it/s skip=0 (212.9m)\n"}
,{"stream_name":"stdout","time":12895.67269342,"data":"[03:33:11] it 70500 loss=6.983 mel=1.192 durs=0.232 pitch=0.402 ctc=3.899 bin=0.837 score=0.243 fmatch=0.018 d=0.248 lr=1.000e-04 | 5.90it/s skip=0 (213.0m)\n"}
,{"stream_name":"stdout","time":12900.002358387,"data":"[03:33:15] it 70525 loss=7.990 mel=1.654 durs=0.266 pitch=0.614 ctc=4.180 bin=1.018 score=0.257 fmatch=0.021 d=0.237 lr=1.000e-04 | 5.98it/s skip=0 (213.1m)\n"}
,{"stream_name":"stdout","time":12904.170078274,"data":"[03:33:19] it 70550 loss=8.402 mel=1.610 durs=0.292 pitch=0.532 ctc=4.457 bin=1.090 score=0.286 fmatch=0.021 d=0.247 lr=1.000e-04 | 6.03it/s skip=0 (213.2m)\n"}
,{"stream_name":"stdout","time":12908.421752457,"data":"[03:33:24] it 70575 loss=7.697 mel=1.668 durs=0.234 pitch=0.471 ctc=4.012 bin=0.955 score=0.243 fmatch=0.018 d=0.249 lr=1.000e-04 | 6.00it/s skip=0 (213.2m)\n"}
,{"stream_name":"stdout","time":12912.640489581,"data":"[03:33:28] it 70600 loss=7.361 mel=1.404 durs=0.229 pitch=0.428 ctc=3.873 bin=0.882 score=0.279 fmatch=0.018 d=0.246 lr=1.000e-04 | 6.02it/s skip=0 (213.3m)\n"}
,{"stream_name":"stdout","time":12916.891645154,"data":"[03:33:32] it 70625 loss=7.356 mel=1.305 durs=0.206 pitch=0.562 ctc=4.050 bin=0.908 score=0.250 fmatch=0.017 d=0.245 lr=1.000e-04 | 6.00it/s skip=0 (213.4m)\n"}
,{"stream_name":"stdout","time":12921.131696813,"data":"[03:33:36] it 70650 loss=8.446 mel=1.949 durs=0.332 pitch=0.455 ctc=4.333 bin=1.165 score=0.224 fmatch=0.026 d=0.248 lr=1.000e-04 | 6.00it/s skip=0 (213.4m)\n"}
,{"stream_name":"stdout","time":12925.347659069,"data":"[03:33:40] it 70675 loss=8.844 mel=1.708 durs=0.305 pitch=0.435 ctc=4.652 bin=1.198 score=0.297 fmatch=0.023 d=0.244 lr=1.000e-04 | 6.01it/s skip=0 (213.5m)\n"}
,{"stream_name":"stdout","time":12929.667377014,"data":"[03:33:45] it 70700 loss=8.795 mel=1.708 durs=0.291 pitch=0.432 ctc=4.525 bin=1.138 score=0.331 fmatch=0.029 d=0.245 lr=1.000e-04 | 5.95it/s skip=0 (213.6m)\n"}
,{"stream_name":"stdout","time":12933.934358356,"data":"[03:33:49] it 70725 loss=8.232 mel=1.718 durs=0.283 pitch=0.401 ctc=4.348 bin=1.091 score=0.247 fmatch=0.019 d=0.242 lr=1.000e-04 | 5.95it/s skip=0 (213.7m)\n"}
,{"stream_name":"stdout","time":12938.262207747,"data":"[03:33:53] it 70750 loss=7.496 mel=1.374 durs=0.240 pitch=0.542 ctc=4.070 bin=0.929 score=0.257 fmatch=0.017 d=0.247 lr=1.000e-04 | 5.92it/s skip=0 (213.7m)\n"}
,{"stream_name":"stdout","time":12942.54659259,"data":"[03:33:58] it 70775 loss=7.743 mel=1.436 durs=0.258 pitch=0.561 ctc=4.106 bin=1.021 score=0.270 fmatch=0.019 d=0.242 lr=1.000e-04 | 5.93it/s skip=0 (213.8m)\n"}
,{"stream_name":"stdout","time":12946.831807286,"data":"[03:34:02] it 70800 loss=8.009 mel=1.655 durs=0.273 pitch=0.365 ctc=4.267 bin=1.090 score=0.228 fmatch=0.023 d=0.241 lr=1.000e-04 | 5.94it/s skip=0 (213.9m)\n"}
,{"stream_name":"stdout","time":12951.10857756,"data":"[03:34:06] it 70825 loss=7.290 mel=1.548 durs=0.224 pitch=0.481 ctc=3.742 bin=0.916 score=0.249 fmatch=0.019 d=0.242 lr=1.000e-04 | 5.95it/s skip=0 (213.9m)\n"}
,{"stream_name":"stdout","time":12955.37144238,"data":"[03:34:11] it 70850 loss=7.293 mel=1.553 durs=0.222 pitch=0.659 ctc=3.790 bin=0.835 score=0.252 fmatch=0.018 d=0.243 lr=1.000e-04 | 5.95it/s skip=0 (214.0m)\n"}
,{"stream_name":"stdout","time":12959.659184866,"data":"[03:34:15] it 70875 loss=6.966 mel=1.324 durs=0.216 pitch=0.408 ctc=3.714 bin=0.833 score=0.254 fmatch=0.017 d=0.245 lr=1.000e-04 | 5.94it/s skip=0 (214.1m)\n"}
,{"stream_name":"stdout","time":12963.887539972,"data":"[03:34:19] it 70900 loss=8.292 mel=1.677 durs=0.316 pitch=0.441 ctc=4.280 bin=1.209 score=0.257 fmatch=0.021 d=0.231 lr=1.000e-04 | 5.98it/s skip=0 (214.2m)\n"}
,{"stream_name":"stdout","time":12968.155156918,"data":"[03:34:23] it 70925 loss=7.882 mel=1.633 durs=0.272 pitch=0.417 ctc=3.973 bin=1.030 score=0.289 fmatch=0.022 d=0.249 lr=1.000e-04 | 5.96it/s skip=0 (214.2m)\n"}
,{"stream_name":"stdout","time":12972.529334119,"data":"[03:34:28] it 70950 loss=8.037 mel=1.764 durs=0.281 pitch=0.431 ctc=4.164 bin=1.041 score=0.245 fmatch=0.018 d=0.241 lr=1.000e-04 | 5.91it/s skip=0 (214.3m)\n"}
,{"stream_name":"stdout","time":12976.858142855,"data":"[03:34:32] it 70975 loss=7.015 mel=1.273 durs=0.218 pitch=0.486 ctc=3.678 bin=0.829 score=0.286 fmatch=0.020 d=0.243 lr=1.000e-04 | 5.89it/s skip=0 (214.4m)\n"}
,{"stream_name":"stdout","time":12981.138281353,"data":"[03:34:36] it 71000 loss=7.756 mel=1.559 durs=0.285 pitch=0.536 ctc=4.123 bin=1.004 score=0.242 fmatch=0.021 d=0.249 lr=1.000e-04 | 5.91it/s skip=0 (214.4m)\n"}
,{"stream_name":"stdout","time":12985.572968459,"data":"[03:34:41] it 71025 loss=8.432 mel=1.802 durs=0.305 pitch=0.577 ctc=4.317 bin=1.003 score=0.299 fmatch=0.024 d=0.246 lr=1.000e-04 | 5.93it/s skip=0 (214.5m)\n"}
,{"stream_name":"stdout","time":12989.825209494,"data":"[03:34:45] it 71050 loss=8.516 mel=1.829 durs=0.324 pitch=0.389 ctc=4.361 bin=1.123 score=0.278 fmatch=0.021 d=0.241 lr=1.000e-04 | 5.95it/s skip=0 (214.6m)\n"}
,{"stream_name":"stdout","time":12994.077355733,"data":"[03:34:49] it 71075 loss=7.830 mel=1.598 durs=0.282 pitch=0.442 ctc=4.064 bin=0.955 score=0.280 fmatch=0.021 d=0.243 lr=1.000e-04 | 5.95it/s skip=0 (214.7m)\n"}
,{"stream_name":"stdout","time":12998.399455055,"data":"[03:34:54] it 71100 loss=8.987 mel=1.884 durs=0.363 pitch=0.472 ctc=4.644 bin=1.287 score=0.267 fmatch=0.019 d=0.234 lr=1.000e-04 | 5.92it/s skip=0 (214.7m)\n"}
,{"stream_name":"stdout","time":13002.677117793,"data":"[03:34:58] it 71125 loss=7.922 mel=1.667 durs=0.265 pitch=0.511 ctc=4.061 bin=0.967 score=0.282 fmatch=0.021 d=0.245 lr=1.000e-04 | 5.93it/s skip=0 (214.8m)\n"}
,{"stream_name":"stdout","time":13006.953646843,"data":"[03:35:02] it 71150 loss=8.186 mel=1.810 durs=0.313 pitch=0.392 ctc=4.108 bin=1.154 score=0.256 fmatch=0.020 d=0.238 lr=1.000e-04 | 5.94it/s skip=0 (214.9m)\n"}
,{"stream_name":"stdout","time":13011.174443281,"data":"[03:35:06] it 71175 loss=8.589 mel=1.827 durs=0.313 pitch=0.509 ctc=4.401 bin=1.159 score=0.275 fmatch=0.020 d=0.244 lr=1.000e-04 | 5.97it/s skip=0 (214.9m)\n"}
,{"stream_name":"stdout","time":13015.524996897,"data":"[03:35:11] it 71200 loss=8.514 mel=1.695 durs=0.312 pitch=0.381 ctc=4.452 bin=1.140 score=0.284 fmatch=0.022 d=0.249 lr=1.000e-04 | 5.92it/s skip=0 (215.0m)\n"}
,{"stream_name":"stdout","time":13019.752030473,"data":"[03:35:15] it 71225 loss=7.319 mel=1.601 durs=0.249 pitch=0.465 ctc=3.667 bin=0.893 score=0.268 fmatch=0.017 d=0.251 lr=1.000e-04 | 5.96it/s skip=0 (215.1m)\n"}
,{"stream_name":"stdout","time":13024.043436382,"data":"[03:35:19] it 71250 loss=7.685 mel=1.372 durs=0.249 pitch=0.438 ctc=4.156 bin=0.956 score=0.278 fmatch=0.019 d=0.251 lr=1.000e-04 | 5.95it/s skip=0 (215.2m)\n"}
,{"stream_name":"stdout","time":13028.377363716,"data":"[03:35:24] it 71275 loss=8.397 mel=1.868 durs=0.315 pitch=0.623 ctc=4.341 bin=1.172 score=0.225 fmatch=0.022 d=0.232 lr=1.000e-04 | 5.92it/s skip=0 (215.2m)\n"}
,{"stream_name":"stdout","time":13032.572479406,"data":"[03:35:28] it 71300 loss=8.310 mel=1.645 durs=0.278 pitch=0.403 ctc=4.324 bin=1.148 score=0.276 fmatch=0.020 d=0.247 lr=1.000e-04 | 5.97it/s skip=0 (215.3m)\n"}
,{"stream_name":"stdout","time":13036.806167274,"data":"[03:35:32] it 71325 loss=7.613 mel=1.510 durs=0.271 pitch=0.542 ctc=4.038 bin=0.959 score=0.252 fmatch=0.018 d=0.244 lr=1.000e-04 | 5.98it/s skip=0 (215.4m)\n"}
,{"stream_name":"stdout","time":13041.018780631,"data":"[03:35:36] it 71350 loss=7.897 mel=1.513 durs=0.259 pitch=0.695 ctc=4.158 bin=0.943 score=0.291 fmatch=0.024 d=0.242 lr=1.000e-04 | 6.00it/s skip=0 (215.4m)\n"}
,{"stream_name":"stdout","time":13045.312716956,"data":"[03:35:40] it 71375 loss=8.025 mel=1.531 durs=0.244 pitch=0.505 ctc=4.090 bin=1.056 score=0.312 fmatch=0.024 d=0.248 lr=1.000e-04 | 5.96it/s skip=0 (215.5m)\n"}
,{"stream_name":"stdout","time":13049.547894905,"data":"[03:35:45] it 71400 loss=7.508 mel=1.448 durs=0.245 pitch=0.455 ctc=3.945 bin=0.877 score=0.287 fmatch=0.022 d=0.244 lr=1.000e-04 | 5.97it/s skip=0 (215.6m)\n"}
,{"stream_name":"stdout","time":13053.856709569,"data":"[03:35:49] it 71425 loss=7.558 mel=1.419 durs=0.272 pitch=0.403 ctc=4.048 bin=1.045 score=0.240 fmatch=0.017 d=0.249 lr=1.000e-04 | 5.94it/s skip=0 (215.7m)\n"}
,{"stream_name":"stdout","time":13058.14291517,"data":"[03:35:53] it 71450 loss=8.614 mel=1.783 durs=0.355 pitch=0.453 ctc=4.539 bin=1.235 score=0.239 fmatch=0.019 d=0.245 lr=1.000e-04 | 5.94it/s skip=0 (215.7m)\n"}
,{"stream_name":"stdout","time":13062.432617623,"data":"[03:35:58] it 71475 loss=8.481 mel=1.717 durs=0.307 pitch=0.475 ctc=4.484 bin=1.134 score=0.262 fmatch=0.020 d=0.238 lr=1.000e-04 | 5.92it/s skip=0 (215.8m)\n"}
,{"stream_name":"stdout","time":13066.719365515,"data":"[03:36:02] it 71500 loss=8.030 mel=1.662 durs=0.281 pitch=0.506 ctc=4.082 bin=1.139 score=0.262 fmatch=0.019 d=0.245 lr=1.000e-04 | 5.92it/s skip=0 (215.9m)\n"}
,{"stream_name":"stdout","time":13071.122916326,"data":"[03:36:06] it 71525 loss=7.589 mel=1.374 durs=0.250 pitch=0.519 ctc=4.130 bin=0.980 score=0.253 fmatch=0.017 d=0.240 lr=1.000e-04 | 5.96it/s skip=0 (215.9m)\n"}
,{"stream_name":"stdout","time":13075.414116788,"data":"[03:36:11] it 71550 loss=7.482 mel=1.358 durs=0.235 pitch=0.585 ctc=4.046 bin=0.950 score=0.257 fmatch=0.017 d=0.246 lr=1.000e-04 | 5.95it/s skip=0 (216.0m)\n"}
,{"stream_name":"stdout","time":13079.67669679,"data":"[03:36:15] it 71575 loss=7.716 mel=1.488 durs=0.244 pitch=0.458 ctc=4.129 bin=1.070 score=0.234 fmatch=0.023 d=0.237 lr=1.000e-04 | 5.96it/s skip=0 (216.1m)\n"}
,{"stream_name":"stdout","time":13083.992415885,"data":"[03:36:19] it 71600 loss=7.557 mel=1.566 durs=0.238 pitch=0.630 ctc=3.860 bin=0.929 score=0.274 fmatch=0.019 d=0.243 lr=1.000e-04 | 5.93it/s skip=0 (216.2m)\n"}
,{"stream_name":"stdout","time":13088.206223975,"data":"[03:36:23] it 71625 loss=7.689 mel=1.394 durs=0.254 pitch=0.407 ctc=4.003 bin=1.012 score=0.298 fmatch=0.022 d=0.247 lr=1.000e-04 | 5.96it/s skip=0 (216.2m)\n"}
,{"stream_name":"stdout","time":13092.479884582,"data":"[03:36:28] it 71650 loss=7.958 mel=1.575 durs=0.271 pitch=0.408 ctc=4.205 bin=1.051 score=0.261 fmatch=0.016 d=0.251 lr=1.000e-04 | 5.95it/s skip=0 (216.3m)\n"}
,{"stream_name":"stdout","time":13096.752407005,"data":"[03:36:32] it 71675 loss=7.440 mel=1.434 durs=0.250 pitch=0.393 ctc=4.031 bin=0.916 score=0.244 fmatch=0.019 d=0.245 lr=1.000e-04 | 5.95it/s skip=0 (216.4m)\n"}
,{"stream_name":"stdout","time":13101.033847619,"data":"[03:36:36] it 71700 loss=7.897 mel=1.391 durs=0.269 pitch=0.418 ctc=4.210 bin=1.045 score=0.290 fmatch=0.021 d=0.251 lr=1.000e-04 | 5.94it/s skip=0 (216.4m)\n"}
,{"stream_name":"stdout","time":13105.243998571,"data":"[03:36:40] it 71725 loss=7.384 mel=1.359 durs=0.225 pitch=0.609 ctc=4.003 bin=0.846 score=0.268 fmatch=0.019 d=0.249 lr=1.000e-04 | 5.98it/s skip=0 (216.5m)\n"}
,{"stream_name":"stdout","time":13109.448901694,"data":"[03:36:45] it 71750 loss=7.303 mel=1.288 durs=0.226 pitch=0.565 ctc=3.840 bin=0.925 score=0.288 fmatch=0.020 d=0.241 lr=1.000e-04 | 6.01it/s skip=0 (216.6m)\n"}
,{"stream_name":"stdout","time":13113.783932896,"data":"[03:36:49] it 71775 loss=7.940 mel=1.604 durs=0.268 pitch=0.603 ctc=4.148 bin=1.057 score=0.256 fmatch=0.018 d=0.245 lr=1.000e-04 | 5.96it/s skip=0 (216.7m)\n"}
,{"stream_name":"stdout","time":13118.054209525,"data":"[03:36:53] it 71800 loss=7.593 mel=1.431 durs=0.258 pitch=0.489 ctc=4.038 bin=0.938 score=0.274 fmatch=0.017 d=0.245 lr=1.000e-04 | 5.96it/s skip=0 (216.7m)\n"}
,{"stream_name":"stdout","time":13122.372966293,"data":"[03:36:58] it 71825 loss=7.595 mel=1.414 durs=0.246 pitch=0.395 ctc=4.114 bin=0.902 score=0.271 fmatch=0.018 d=0.245 lr=1.000e-04 | 5.93it/s skip=0 (216.8m)\n"}
,{"stream_name":"stdout","time":13126.677320705,"data":"[03:37:02] it 71850 loss=8.109 mel=1.670 durs=0.284 pitch=0.444 ctc=4.296 bin=1.106 score=0.236 fmatch=0.020 d=0.242 lr=1.000e-04 | 5.92it/s skip=0 (216.9m)\n"}
,{"stream_name":"stdout","time":13130.950899973,"data":"[03:37:06] it 71875 loss=7.748 mel=1.667 durs=0.293 pitch=0.444 ctc=4.017 bin=1.040 score=0.233 fmatch=0.018 d=0.251 lr=1.000e-04 | 5.93it/s skip=0 (216.9m)\n"}
,{"stream_name":"stdout","time":13135.185480874,"data":"[03:37:10] it 71900 loss=8.290 mel=1.810 durs=0.312 pitch=0.633 ctc=4.268 bin=1.123 score=0.243 fmatch=0.021 d=0.237 lr=1.000e-04 | 5.96it/s skip=0 (217.0m)\n"}
,{"stream_name":"stdout","time":13139.380268351,"data":"[03:37:15] it 71925 loss=8.475 mel=1.782 durs=0.303 pitch=0.442 ctc=4.382 bin=1.122 score=0.273 fmatch=0.021 d=0.239 lr=1.000e-04 | 6.00it/s skip=0 (217.1m)\n"}
,{"stream_name":"stdout","time":13143.663031078,"data":"[03:37:19] it 71950 loss=7.813 mel=1.586 durs=0.268 pitch=0.600 ctc=4.196 bin=1.017 score=0.227 fmatch=0.020 d=0.245 lr=1.000e-04 | 5.97it/s skip=0 (217.1m)\n"}
,{"stream_name":"stdout","time":13147.981363934,"data":"[03:37:23] it 71975 loss=8.037 mel=1.552 durs=0.263 pitch=0.580 ctc=4.182 bin=0.990 score=0.300 fmatch=0.026 d=0.240 lr=1.000e-04 | 5.93it/s skip=0 (217.2m)\n"}
,{"stream_name":"stdout","time":13152.227968241,"data":"[03:37:27] it 72000 loss=8.293 mel=1.686 durs=0.310 pitch=0.550 ctc=4.414 bin=1.141 score=0.236 fmatch=0.021 d=0.239 lr=1.000e-04 | 5.95it/s skip=0 (217.3m)\n"}
,{"stream_name":"stdout","time":13152.795784002,"data":"[03:37:28] [train] probes saved at iter 72000\n"}
,{"stream_name":"stdout","time":13165.213452126,"data":"[03:37:40] [val] it 72000 loss=7.063 mel=1.782 durs=0.274 pitch=0.501 ctc=4.168 (12.4s)\n"}
,{"stream_name":"stdout","time":13169.516109901,"data":"[03:37:45] it 72025 loss=7.730 mel=1.512 durs=0.266 pitch=0.395 ctc=4.155 bin=1.037 score=0.234 fmatch=0.022 d=0.247 lr=1.000e-04 | 5.93it/s skip=0 (217.6m)\n"}
,{"stream_name":"stdout","time":13173.799583894,"data":"[03:37:49] it 72050 loss=7.846 mel=1.436 durs=0.251 pitch=0.421 ctc=4.200 bin=1.093 score=0.258 fmatch=0.018 d=0.240 lr=1.000e-04 | 5.94it/s skip=0 (217.7m)\n"}
,{"stream_name":"stdout","time":13178.309949626,"data":"[03:37:53] it 72075 loss=7.727 mel=1.697 durs=0.235 pitch=0.348 ctc=3.915 bin=0.941 score=0.274 fmatch=0.020 d=0.248 lr=1.000e-04 | 5.87it/s skip=0 (217.7m)\n"}
,{"stream_name":"stdout","time":13182.657016447,"data":"[03:37:58] it 72100 loss=7.971 mel=1.539 durs=0.274 pitch=0.513 ctc=4.293 bin=1.028 score=0.254 fmatch=0.018 d=0.244 lr=1.000e-04 | 5.86it/s skip=0 (217.8m)\n"}
,{"stream_name":"stdout","time":13186.900822276,"data":"[03:38:02] it 72125 loss=7.996 mel=1.606 durs=0.277 pitch=0.736 ctc=4.109 bin=0.971 score=0.296 fmatch=0.024 d=0.242 lr=1.000e-04 | 5.90it/s skip=0 (217.9m)\n"}
,{"stream_name":"stdout","time":13191.219966389,"data":"[03:38:06] it 72150 loss=7.223 mel=1.516 durs=0.235 pitch=0.468 ctc=3.716 bin=0.850 score=0.263 fmatch=0.017 d=0.237 lr=1.000e-04 | 5.89it/s skip=0 (217.9m)\n"}
,{"stream_name":"stdout","time":13195.693422126,"data":"[03:38:11] it 72175 loss=7.311 mel=1.469 durs=0.245 pitch=0.499 ctc=3.811 bin=0.902 score=0.259 fmatch=0.017 d=0.245 lr=1.000e-04 | 5.81it/s skip=0 (218.0m)\n"}
,{"stream_name":"stdout","time":13199.990435385,"data":"[03:38:15] it 72200 loss=7.711 mel=1.686 durs=0.271 pitch=0.540 ctc=3.952 bin=0.966 score=0.251 fmatch=0.020 d=0.245 lr=1.000e-04 | 5.85it/s skip=0 (218.1m)\n"}
,{"stream_name":"stdout","time":13204.228647675,"data":"[03:38:19] it 72225 loss=8.297 mel=1.661 durs=0.304 pitch=0.399 ctc=4.434 bin=1.177 score=0.233 fmatch=0.022 d=0.247 lr=1.000e-04 | 5.91it/s skip=0 (218.2m)\n"}
,{"stream_name":"stdout","time":13208.628401077,"data":"[03:38:24] it 72250 loss=7.609 mel=1.504 durs=0.275 pitch=0.440 ctc=4.040 bin=0.980 score=0.248 fmatch=0.021 d=0.245 lr=1.000e-04 | 5.86it/s skip=0 (218.2m)\n"}
,{"stream_name":"stdout","time":13212.944453933,"data":"[03:38:28] it 72275 loss=7.566 mel=1.485 durs=0.243 pitch=0.559 ctc=4.007 bin=0.918 score=0.264 fmatch=0.019 d=0.241 lr=1.000e-04 | 5.88it/s skip=0 (218.3m)\n"}
,{"stream_name":"stdout","time":13217.190710487,"data":"[03:38:32] it 72300 loss=8.094 mel=1.522 durs=0.269 pitch=0.610 ctc=4.286 bin=1.078 score=0.275 fmatch=0.018 d=0.248 lr=1.000e-04 | 5.92it/s skip=0 (218.4m)\n"}
,{"stream_name":"stdout","time":13221.486666874,"data":"[03:38:37] it 72325 loss=7.177 mel=1.347 durs=0.231 pitch=0.389 ctc=3.715 bin=0.856 score=0.294 fmatch=0.022 d=0.245 lr=1.000e-04 | 5.93it/s skip=0 (218.4m)\n"}
,{"stream_name":"stdout","time":13225.671141882,"data":"[03:38:41] it 72350 loss=8.469 mel=1.661 durs=0.344 pitch=0.558 ctc=4.458 bin=1.156 score=0.271 fmatch=0.019 d=0.240 lr=1.000e-04 | 5.98it/s skip=0 (218.5m)\n"}
,{"stream_name":"stdout","time":13230.121434757,"data":"[03:38:45] it 72375 loss=7.681 mel=1.391 durs=0.249 pitch=0.575 ctc=4.054 bin=0.931 score=0.299 fmatch=0.025 d=0.245 lr=1.000e-04 | 5.92it/s skip=0 (218.6m)\n"}
,{"stream_name":"stdout","time":13234.371507361,"data":"[03:38:50] it 72400 loss=8.515 mel=1.888 durs=0.311 pitch=0.623 ctc=4.356 bin=1.158 score=0.250 fmatch=0.021 d=0.239 lr=1.000e-04 | 5.94it/s skip=0 (218.7m)\n"}
,{"stream_name":"stdout","time":13238.685909477,"data":"[03:38:54] it 72425 loss=8.504 mel=1.600 durs=0.305 pitch=0.419 ctc=4.575 bin=1.216 score=0.255 fmatch=0.020 d=0.240 lr=1.000e-04 | 5.93it/s skip=0 (218.7m)\n"}
,{"stream_name":"stdout","time":13242.941711934,"data":"[03:38:58] it 72450 loss=6.919 mel=1.255 durs=0.187 pitch=0.414 ctc=3.674 bin=0.796 score=0.279 fmatch=0.018 d=0.251 lr=1.000e-04 | 5.94it/s skip=0 (218.8m)\n"}
,{"stream_name":"stdout","time":13247.095827765,"data":"[03:39:02] it 72475 loss=7.698 mel=1.545 durs=0.253 pitch=0.502 ctc=4.083 bin=1.017 score=0.239 fmatch=0.022 d=0.240 lr=1.000e-04 | 6.01it/s skip=0 (218.9m)\n"}
,{"stream_name":"stdout","time":13251.249343107,"data":"[03:39:06] it 72500 loss=7.808 mel=1.588 durs=0.255 pitch=0.370 ctc=3.989 bin=0.974 score=0.293 fmatch=0.023 d=0.244 lr=1.000e-04 | 6.04it/s skip=0 (218.9m)\n"}
,{"stream_name":"stdout","time":13255.650580755,"data":"[03:39:11] it 72525 loss=7.590 mel=1.491 durs=0.275 pitch=0.412 ctc=4.001 bin=0.928 score=0.270 fmatch=0.020 d=0.241 lr=1.000e-04 | 6.02it/s skip=0 (219.0m)\n"}
,{"stream_name":"stdout","time":13259.855816156,"data":"[03:39:15] it 72550 loss=7.670 mel=1.356 durs=0.248 pitch=0.405 ctc=4.139 bin=1.017 score=0.268 fmatch=0.018 d=0.250 lr=1.000e-04 | 6.03it/s skip=0 (219.1m)\n"}
,{"stream_name":"stdout","time":13264.136825971,"data":"[03:39:19] it 72575 loss=7.856 mel=1.423 durs=0.247 pitch=0.612 ctc=4.178 bin=1.012 score=0.285 fmatch=0.019 d=0.249 lr=1.000e-04 | 5.99it/s skip=0 (219.2m)\n"}
,{"stream_name":"stdout","time":13268.378374544,"data":"[03:39:24] it 72600 loss=7.736 mel=1.604 durs=0.276 pitch=0.608 ctc=3.971 bin=1.104 score=0.237 fmatch=0.021 d=0.245 lr=1.000e-04 | 6.00it/s skip=0 (219.2m)\n"}
,{"stream_name":"stdout","time":13272.684928382,"data":"[03:39:28] it 72625 loss=7.483 mel=1.327 durs=0.240 pitch=0.502 ctc=3.984 bin=0.840 score=0.308 fmatch=0.024 d=0.253 lr=1.000e-04 | 5.96it/s skip=0 (219.3m)\n"}
,{"stream_name":"stdout","time":13276.999446677,"data":"[03:39:32] it 72650 loss=6.683 mel=1.188 durs=0.189 pitch=0.453 ctc=3.583 bin=0.741 score=0.273 fmatch=0.017 d=0.246 lr=1.000e-04 | 5.93it/s skip=0 (219.4m)\n"}
,{"stream_name":"stdout","time":13281.327479007,"data":"[03:39:36] it 72675 loss=7.379 mel=1.489 durs=0.252 pitch=0.590 ctc=3.896 bin=0.930 score=0.240 fmatch=0.020 d=0.247 lr=1.000e-04 | 5.91it/s skip=0 (219.4m)\n"}
,{"stream_name":"stdout","time":13285.535806651,"data":"[03:39:41] it 72700 loss=8.429 mel=1.818 durs=0.314 pitch=0.667 ctc=4.321 bin=1.094 score=0.269 fmatch=0.020 d=0.241 lr=1.000e-04 | 5.96it/s skip=0 (219.5m)\n"}
,{"stream_name":"stdout","time":13289.847071886,"data":"[03:39:45] it 72725 loss=7.195 mel=1.421 durs=0.210 pitch=0.467 ctc=3.816 bin=0.835 score=0.260 fmatch=0.016 d=0.246 lr=1.000e-04 | 5.93it/s skip=0 (219.6m)\n"}
,{"stream_name":"stdout","time":13294.773083176,"data":"[03:39:50] it 72750 loss=7.512 mel=1.541 durs=0.271 pitch=0.577 ctc=3.920 bin=0.978 score=0.242 fmatch=0.020 d=0.245 lr=1.000e-04 | 5.86it/s skip=0 (219.7m)\n"}
,{"stream_name":"stdout","time":13299.100833974,"data":"[03:39:54] it 72775 loss=7.518 mel=1.365 durs=0.221 pitch=0.472 ctc=4.062 bin=0.930 score=0.269 fmatch=0.017 d=0.247 lr=1.000e-04 | 5.87it/s skip=0 (219.7m)\n"}
,{"stream_name":"stdout","time":13303.340487294,"data":"[03:39:58] it 72800 loss=8.477 mel=1.808 durs=0.294 pitch=0.608 ctc=4.314 bin=1.076 score=0.292 fmatch=0.023 d=0.238 lr=1.000e-04 | 5.92it/s skip=0 (219.8m)\n"}
,{"stream_name":"stdout","time":13307.662171395,"data":"[03:40:03] it 72825 loss=7.866 mel=1.473 durs=0.244 pitch=0.649 ctc=4.087 bin=0.939 score=0.313 fmatch=0.025 d=0.242 lr=1.000e-04 | 5.90it/s skip=0 (219.9m)\n"}
,{"stream_name":"stdout","time":13311.835808655,"data":"[03:40:07] it 72850 loss=7.992 mel=1.594 durs=0.307 pitch=0.590 ctc=4.198 bin=1.109 score=0.245 fmatch=0.019 d=0.240 lr=1.000e-04 | 5.98it/s skip=0 (220.0m)\n"}
,{"stream_name":"stdout","time":13316.034748665,"data":"[03:40:11] it 72875 loss=7.985 mel=1.658 durs=0.289 pitch=0.436 ctc=4.186 bin=1.085 score=0.241 fmatch=0.020 d=0.235 lr=1.000e-04 | 6.01it/s skip=0 (220.0m)\n"}
,{"stream_name":"stdout","time":13320.283178722,"data":"[03:40:15] it 72900 loss=7.555 mel=1.496 durs=0.242 pitch=0.491 ctc=4.012 bin=0.895 score=0.265 fmatch=0.017 d=0.245 lr=1.000e-04 | 5.99it/s skip=0 (220.1m)\n"}
,{"stream_name":"stdout","time":13324.488947155,"data":"[03:40:20] it 72925 loss=8.164 mel=1.385 durs=0.254 pitch=0.548 ctc=4.459 bin=1.003 score=0.303 fmatch=0.024 d=0.237 lr=1.000e-04 | 6.01it/s skip=0 (220.2m)\n"}
,{"stream_name":"stdout","time":13328.73130164,"data":"[03:40:24] it 72950 loss=7.352 mel=1.405 durs=0.237 pitch=0.399 ctc=3.936 bin=0.905 score=0.256 fmatch=0.017 d=0.242 lr=1.000e-04 | 5.99it/s skip=0 (220.2m)\n"}
,{"stream_name":"stdout","time":13333.037584342,"data":"[03:40:28] it 72975 loss=8.199 mel=1.721 durs=0.271 pitch=0.712 ctc=4.078 bin=1.035 score=0.310 fmatch=0.027 d=0.239 lr=1.000e-04 | 5.96it/s skip=0 (220.3m)\n"}
,{"stream_name":"stdout","time":13337.315896061,"data":"[03:40:32] it 73000 loss=7.815 mel=1.534 durs=0.269 pitch=0.504 ctc=4.107 bin=0.991 score=0.272 fmatch=0.019 d=0.240 lr=1.000e-04 | 5.95it/s skip=0 (220.4m)\n"}
,{"stream_name":"stdout","time":13341.676346994,"data":"[03:40:37] it 73025 loss=7.479 mel=1.459 durs=0.239 pitch=0.659 ctc=3.959 bin=0.961 score=0.248 fmatch=0.019 d=0.249 lr=1.000e-04 | 5.99it/s skip=0 (220.4m)\n"}
,{"stream_name":"stdout","time":13345.971066862,"data":"[03:40:41] it 73050 loss=8.329 mel=1.627 durs=0.294 pitch=0.425 ctc=4.362 bin=1.108 score=0.285 fmatch=0.022 d=0.233 lr=1.000e-04 | 5.95it/s skip=0 (220.5m)\n"}
,{"stream_name":"stdout","time":13350.28925127,"data":"[03:40:45] it 73075 loss=8.308 mel=1.745 durs=0.279 pitch=0.520 ctc=4.264 bin=1.116 score=0.271 fmatch=0.019 d=0.237 lr=1.000e-04 | 5.94it/s skip=0 (220.6m)\n"}
,{"stream_name":"stdout","time":13354.559299621,"data":"[03:40:50] it 73100 loss=8.581 mel=1.686 durs=0.298 pitch=0.525 ctc=4.561 bin=1.189 score=0.260 fmatch=0.021 d=0.235 lr=1.000e-04 | 5.95it/s skip=0 (220.7m)\n"}
,{"stream_name":"stdout","time":13358.865417984,"data":"[03:40:54] it 73125 loss=7.332 mel=1.405 durs=0.239 pitch=0.417 ctc=3.956 bin=0.899 score=0.247 fmatch=0.019 d=0.249 lr=1.000e-04 | 5.93it/s skip=0 (220.7m)\n"}
,{"stream_name":"stdout","time":13363.095414388,"data":"[03:40:58] it 73150 loss=7.046 mel=1.486 durs=0.220 pitch=0.480 ctc=3.678 bin=0.835 score=0.240 fmatch=0.020 d=0.255 lr=1.000e-04 | 5.97it/s skip=0 (220.8m)\n"}
,{"stream_name":"stdout","time":13367.410404863,"data":"[03:41:03] it 73175 loss=8.825 mel=1.967 durs=0.358 pitch=0.660 ctc=4.445 bin=1.257 score=0.258 fmatch=0.021 d=0.243 lr=1.000e-04 | 5.94it/s skip=0 (220.9m)\n"}
,{"stream_name":"stdout","time":13371.548859296,"data":"[03:41:07] it 73200 loss=8.264 mel=1.556 durs=0.290 pitch=0.510 ctc=4.486 bin=1.138 score=0.246 fmatch=0.019 d=0.243 lr=1.000e-04 | 6.03it/s skip=0 (220.9m)\n"}
,{"stream_name":"stdout","time":13375.818413521,"data":"[03:41:11] it 73225 loss=8.137 mel=1.602 durs=0.286 pitch=0.549 ctc=4.225 bin=1.069 score=0.284 fmatch=0.022 d=0.248 lr=1.000e-04 | 6.00it/s skip=0 (221.0m)\n"}
,{"stream_name":"stdout","time":13380.124773243,"data":"[03:41:15] it 73250 loss=8.186 mel=1.599 durs=0.281 pitch=0.407 ctc=4.157 bin=1.096 score=0.310 fmatch=0.026 d=0.243 lr=1.000e-04 | 5.96it/s skip=0 (221.1m)\n"}
,{"stream_name":"stdout","time":13384.429573618,"data":"[03:41:20] it 73275 loss=8.228 mel=1.700 durs=0.290 pitch=0.773 ctc=4.185 bin=1.004 score=0.302 fmatch=0.027 d=0.239 lr=1.000e-04 | 5.94it/s skip=0 (221.2m)\n"}
,{"stream_name":"stdout","time":13388.710405892,"data":"[03:41:24] it 73300 loss=7.683 mel=1.632 durs=0.276 pitch=0.410 ctc=3.969 bin=1.012 score=0.245 fmatch=0.020 d=0.252 lr=1.000e-04 | 5.94it/s skip=0 (221.2m)\n"}
,{"stream_name":"stdout","time":13393.048405204,"data":"[03:41:28] it 73325 loss=7.288 mel=1.528 durs=0.240 pitch=0.392 ctc=3.764 bin=0.922 score=0.249 fmatch=0.016 d=0.249 lr=1.000e-04 | 5.90it/s skip=0 (221.3m)\n"}
,{"stream_name":"stdout","time":13397.269432723,"data":"[03:41:32] it 73350 loss=8.133 mel=1.610 durs=0.291 pitch=0.483 ctc=4.300 bin=1.016 score=0.277 fmatch=0.021 d=0.243 lr=1.000e-04 | 5.95it/s skip=0 (221.4m)\n"}
,{"stream_name":"stdout","time":13401.512918386,"data":"[03:41:37] it 73375 loss=7.706 mel=1.525 durs=0.251 pitch=0.516 ctc=4.075 bin=0.998 score=0.254 fmatch=0.016 d=0.242 lr=1.000e-04 | 5.96it/s skip=0 (221.4m)\n"}
,{"stream_name":"stdout","time":13405.620863671,"data":"[03:41:41] it 73400 loss=7.888 mel=1.477 durs=0.273 pitch=0.540 ctc=4.231 bin=0.977 score=0.276 fmatch=0.018 d=0.244 lr=1.000e-04 | 6.05it/s skip=0 (221.5m)\n"}
,{"stream_name":"stdout","time":13409.849880946,"data":"[03:41:45] it 73425 loss=7.704 mel=1.549 durs=0.266 pitch=0.710 ctc=4.075 bin=1.027 score=0.234 fmatch=0.020 d=0.249 lr=1.000e-04 | 6.03it/s skip=0 (221.6m)\n"}
,{"stream_name":"stdout","time":13414.139301247,"data":"[03:41:49] it 73450 loss=7.616 mel=1.383 durs=0.242 pitch=0.487 ctc=4.028 bin=0.923 score=0.297 fmatch=0.022 d=0.243 lr=1.000e-04 | 5.99it/s skip=0 (221.7m)\n"}
,{"stream_name":"stdout","time":13418.444223888,"data":"[03:41:54] it 73475 loss=7.984 mel=1.668 durs=0.296 pitch=0.706 ctc=4.047 bin=1.023 score=0.282 fmatch=0.020 d=0.241 lr=1.000e-04 | 5.95it/s skip=0 (221.7m)\n"}
,{"stream_name":"stdout","time":13422.811713682,"data":"[03:41:58] it 73500 loss=8.665 mel=1.899 durs=0.334 pitch=0.547 ctc=4.456 bin=1.235 score=0.242 fmatch=0.020 d=0.243 lr=1.000e-04 | 5.90it/s skip=0 (221.8m)\n"}
,{"stream_name":"stdout","time":13427.278198655,"data":"[03:42:02] it 73525 loss=7.436 mel=1.400 durs=0.223 pitch=0.518 ctc=3.928 bin=0.918 score=0.275 fmatch=0.018 d=0.247 lr=1.000e-04 | 5.90it/s skip=0 (221.9m)\n"}
,{"stream_name":"stdout","time":13431.607719407,"data":"[03:42:07] it 73550 loss=7.990 mel=1.394 durs=0.242 pitch=0.382 ctc=4.317 bin=1.017 score=0.294 fmatch=0.022 d=0.243 lr=1.000e-04 | 5.89it/s skip=0 (221.9m)\n"}
,{"stream_name":"stdout","time":13435.878314544,"data":"[03:42:11] it 73575 loss=8.668 mel=1.788 durs=0.316 pitch=0.557 ctc=4.470 bin=1.173 score=0.282 fmatch=0.021 d=0.244 lr=1.000e-04 | 5.92it/s skip=0 (222.0m)\n"}
,{"stream_name":"stdout","time":13440.1812028,"data":"[03:42:15] it 73600 loss=7.329 mel=1.467 durs=0.241 pitch=0.480 ctc=3.885 bin=0.936 score=0.237 fmatch=0.020 d=0.243 lr=1.000e-04 | 5.92it/s skip=0 (222.1m)\n"}
,{"stream_name":"stdout","time":13444.438768423,"data":"[03:42:20] it 73625 loss=8.320 mel=1.568 durs=0.283 pitch=0.654 ctc=4.470 bin=1.088 score=0.270 fmatch=0.018 d=0.242 lr=1.000e-04 | 5.94it/s skip=0 (222.2m)\n"}
,{"stream_name":"stdout","time":13448.673849471,"data":"[03:42:24] it 73650 loss=7.842 mel=1.578 durs=0.280 pitch=0.497 ctc=4.069 bin=0.986 score=0.278 fmatch=0.020 d=0.246 lr=1.000e-04 | 5.96it/s skip=0 (222.2m)\n"}
,{"stream_name":"stdout","time":13452.877537755,"data":"[03:42:28] it 73675 loss=8.115 mel=1.678 durs=0.280 pitch=0.496 ctc=4.231 bin=1.086 score=0.255 fmatch=0.020 d=0.246 lr=1.000e-04 | 6.00it/s skip=0 (222.3m)\n"}
,{"stream_name":"stdout","time":13457.09180084,"data":"[03:42:32] it 73700 loss=8.283 mel=1.594 durs=0.303 pitch=0.479 ctc=4.521 bin=1.122 score=0.237 fmatch=0.019 d=0.248 lr=1.000e-04 | 6.01it/s skip=0 (222.4m)\n"}
,{"stream_name":"stdout","time":13461.475380602,"data":"[03:42:37] it 73725 loss=8.673 mel=1.801 durs=0.298 pitch=0.680 ctc=4.534 bin=1.129 score=0.273 fmatch=0.018 d=0.242 lr=1.000e-04 | 5.93it/s skip=0 (222.4m)\n"}
,{"stream_name":"stdout","time":13465.756705714,"data":"[03:42:41] it 73750 loss=8.045 mel=1.602 durs=0.292 pitch=0.595 ctc=4.305 bin=1.069 score=0.240 fmatch=0.021 d=0.242 lr=1.000e-04 | 5.93it/s skip=0 (222.5m)\n"}
,{"stream_name":"stdout","time":13469.945243253,"data":"[03:42:45] it 73775 loss=8.560 mel=1.704 durs=0.332 pitch=0.666 ctc=4.392 bin=1.155 score=0.297 fmatch=0.023 d=0.245 lr=1.000e-04 | 5.99it/s skip=0 (222.6m)\n"}
,{"stream_name":"stdout","time":13474.185893649,"data":"[03:42:49] it 73800 loss=7.671 mel=1.552 durs=0.245 pitch=0.445 ctc=3.898 bin=0.940 score=0.297 fmatch=0.022 d=0.246 lr=1.000e-04 | 5.99it/s skip=0 (222.7m)\n"}
,{"stream_name":"stdout","time":13478.473019142,"data":"[03:42:54] it 73825 loss=8.056 mel=1.576 durs=0.255 pitch=0.385 ctc=4.190 bin=1.096 score=0.277 fmatch=0.020 d=0.248 lr=1.000e-04 | 5.96it/s skip=0 (222.7m)\n"}
,{"stream_name":"stdout","time":13482.755505593,"data":"[03:42:58] it 73850 loss=7.592 mel=1.567 durs=0.228 pitch=0.586 ctc=3.887 bin=0.897 score=0.285 fmatch=0.020 d=0.252 lr=1.000e-04 | 5.96it/s skip=0 (222.8m)\n"}
,{"stream_name":"stdout","time":13487.059090592,"data":"[03:43:02] it 73875 loss=7.800 mel=1.569 durs=0.279 pitch=0.570 ctc=4.127 bin=1.016 score=0.246 fmatch=0.019 d=0.250 lr=1.000e-04 | 5.93it/s skip=0 (222.9m)\n"}
,{"stream_name":"stdout","time":13491.315359317,"data":"[03:43:06] it 73900 loss=8.498 mel=1.779 durs=0.303 pitch=0.673 ctc=4.339 bin=1.122 score=0.284 fmatch=0.022 d=0.241 lr=1.000e-04 | 5.94it/s skip=0 (222.9m)\n"}
,{"stream_name":"stdout","time":13495.538863402,"data":"[03:43:11] it 73925 loss=8.391 mel=1.751 durs=0.328 pitch=0.646 ctc=4.469 bin=1.126 score=0.231 fmatch=0.024 d=0.236 lr=1.000e-04 | 5.98it/s skip=0 (223.0m)\n"}
,{"stream_name":"stdout","time":13499.784001278,"data":"[03:43:15] it 73950 loss=8.289 mel=1.713 durs=0.334 pitch=0.573 ctc=4.230 bin=1.201 score=0.259 fmatch=0.018 d=0.244 lr=1.000e-04 | 5.99it/s skip=0 (223.1m)\n"}
,{"stream_name":"stdout","time":13504.058899576,"data":"[03:43:19] it 73975 loss=7.966 mel=1.543 durs=0.292 pitch=0.530 ctc=4.313 bin=1.080 score=0.232 fmatch=0.020 d=0.247 lr=1.000e-04 | 5.97it/s skip=0 (223.2m)\n"}
,{"stream_name":"stdout","time":13508.453444367,"data":"[03:43:24] it 74000 loss=8.361 mel=1.549 durs=0.286 pitch=0.472 ctc=4.400 bin=1.127 score=0.297 fmatch=0.024 d=0.246 lr=1.000e-04 | 5.93it/s skip=0 (223.2m)\n"}
,{"stream_name":"stdout","time":13508.924952524,"data":"[03:43:24] [train] probes saved at iter 74000\n"}
,{"stream_name":"stdout","time":13521.399633274,"data":"[03:43:37] [val] it 74000 loss=7.006 mel=1.737 durs=0.273 pitch=0.495 ctc=4.154 (12.5s)\n"}
,{"stream_name":"stdout","time":13525.78746739,"data":"[03:43:41] it 74025 loss=7.920 mel=1.485 durs=0.262 pitch=0.493 ctc=4.303 bin=1.058 score=0.245 fmatch=0.019 d=0.251 lr=1.000e-04 | 5.88it/s skip=0 (223.5m)\n"}
,{"stream_name":"stdout","time":13530.103680563,"data":"[03:43:45] it 74050 loss=7.819 mel=1.473 durs=0.289 pitch=0.393 ctc=4.176 bin=1.065 score=0.255 fmatch=0.019 d=0.241 lr=1.000e-04 | 5.89it/s skip=0 (223.6m)\n"}
,{"stream_name":"stdout","time":13534.392991822,"data":"[03:43:50] it 74075 loss=7.238 mel=1.388 durs=0.245 pitch=0.644 ctc=3.880 bin=0.903 score=0.239 fmatch=0.021 d=0.248 lr=1.000e-04 | 5.91it/s skip=0 (223.7m)\n"}
,{"stream_name":"stdout","time":13538.615805619,"data":"[03:43:54] it 74100 loss=7.572 mel=1.402 durs=0.227 pitch=0.540 ctc=4.111 bin=0.925 score=0.261 fmatch=0.014 d=0.244 lr=1.000e-04 | 5.95it/s skip=0 (223.7m)\n"}
,{"stream_name":"stdout","time":13542.88133518,"data":"[03:43:58] it 74125 loss=8.567 mel=1.538 durs=0.266 pitch=0.501 ctc=4.511 bin=1.098 score=0.329 fmatch=0.028 d=0.254 lr=1.000e-04 | 5.96it/s skip=0 (223.8m)\n"}
,{"stream_name":"stdout","time":13547.118483429,"data":"[03:44:02] it 74150 loss=7.316 mel=1.441 durs=0.222 pitch=0.464 ctc=3.915 bin=0.888 score=0.246 fmatch=0.018 d=0.247 lr=1.000e-04 | 5.97it/s skip=0 (223.9m)\n"}
,{"stream_name":"stdout","time":13551.406478723,"data":"[03:44:07] it 74175 loss=9.015 mel=2.109 durs=0.358 pitch=0.499 ctc=4.496 bin=1.280 score=0.255 fmatch=0.023 d=0.225 lr=1.000e-04 | 5.95it/s skip=0 (223.9m)\n"}
,{"stream_name":"stdout","time":13555.766600402,"data":"[03:44:11] it 74200 loss=8.155 mel=1.559 durs=0.281 pitch=0.486 ctc=4.281 bin=1.021 score=0.299 fmatch=0.023 d=0.248 lr=1.000e-04 | 5.90it/s skip=0 (224.0m)\n"}
,{"stream_name":"stdout","time":13560.115366328,"data":"[03:44:15] it 74225 loss=8.635 mel=1.739 durs=0.339 pitch=0.484 ctc=4.493 bin=1.122 score=0.294 fmatch=0.022 d=0.238 lr=1.000e-04 | 5.88it/s skip=0 (224.1m)\n"}
,{"stream_name":"stdout","time":13564.43708569,"data":"[03:44:20] it 74250 loss=7.738 mel=1.661 durs=0.294 pitch=0.449 ctc=4.080 bin=0.965 score=0.234 fmatch=0.022 d=0.233 lr=1.000e-04 | 5.88it/s skip=0 (224.2m)\n"}
,{"stream_name":"stdout","time":13568.746864239,"data":"[03:44:24] it 74275 loss=7.839 mel=1.560 durs=0.291 pitch=0.510 ctc=4.192 bin=1.015 score=0.243 fmatch=0.019 d=0.249 lr=1.000e-04 | 5.89it/s skip=0 (224.2m)\n"}
,{"stream_name":"stdout","time":13572.931985474,"data":"[03:44:28] it 74300 loss=7.702 mel=1.714 durs=0.273 pitch=0.376 ctc=3.958 bin=0.979 score=0.241 fmatch=0.021 d=0.239 lr=1.000e-04 | 5.96it/s skip=0 (224.3m)\n"}
,{"stream_name":"stdout","time":13577.152552832,"data":"[03:44:32] it 74325 loss=7.854 mel=1.587 durs=0.250 pitch=0.418 ctc=4.100 bin=1.050 score=0.257 fmatch=0.023 d=0.247 lr=1.000e-04 | 5.98it/s skip=0 (224.4m)\n"}
,{"stream_name":"stdout","time":13581.4418848,"data":"[03:44:37] it 74350 loss=8.129 mel=1.598 durs=0.259 pitch=0.600 ctc=4.159 bin=1.112 score=0.288 fmatch=0.022 d=0.248 lr=1.000e-04 | 5.96it/s skip=0 (224.4m)\n"}
,{"stream_name":"stdout","time":13585.674709915,"data":"[03:44:41] it 74375 loss=8.451 mel=1.662 durs=0.302 pitch=0.468 ctc=4.510 bin=1.182 score=0.249 fmatch=0.022 d=0.233 lr=1.000e-04 | 5.98it/s skip=0 (224.5m)\n"}
,{"stream_name":"stdout","time":13589.962403726,"data":"[03:44:45] it 74400 loss=7.328 mel=1.365 durs=0.235 pitch=0.458 ctc=3.933 bin=0.949 score=0.249 fmatch=0.017 d=0.241 lr=1.000e-04 | 5.97it/s skip=0 (224.6m)\n"}
,{"stream_name":"stdout","time":13594.193609488,"data":"[03:44:49] it 74425 loss=7.447 mel=1.470 durs=0.267 pitch=0.563 ctc=3.976 bin=0.955 score=0.236 fmatch=0.019 d=0.247 lr=1.000e-04 | 5.98it/s skip=0 (224.7m)\n"}
,{"stream_name":"stdout","time":13598.468320706,"data":"[03:44:54] it 74450 loss=8.414 mel=1.473 durs=0.282 pitch=0.577 ctc=4.360 bin=1.091 score=0.343 fmatch=0.031 d=0.251 lr=1.000e-04 | 5.97it/s skip=0 (224.7m)\n"}
,{"stream_name":"stdout","time":13602.88333968,"data":"[03:44:58] it 74475 loss=7.399 mel=1.404 durs=0.247 pitch=0.565 ctc=3.916 bin=0.879 score=0.275 fmatch=0.018 d=0.250 lr=1.000e-04 | 5.91it/s skip=0 (224.8m)\n"}
,{"stream_name":"stdout","time":13607.130470994,"data":"[03:45:02] it 74500 loss=7.708 mel=1.471 durs=0.270 pitch=0.674 ctc=4.135 bin=0.932 score=0.264 fmatch=0.017 d=0.243 lr=1.000e-04 | 5.93it/s skip=0 (224.9m)\n"}
,{"stream_name":"stdout","time":13611.556571895,"data":"[03:45:07] it 74525 loss=8.485 mel=1.601 durs=0.295 pitch=0.384 ctc=4.468 bin=1.126 score=0.300 fmatch=0.022 d=0.250 lr=1.000e-04 | 5.93it/s skip=0 (224.9m)\n"}
,{"stream_name":"stdout","time":13615.913211334,"data":"[03:45:11] it 74550 loss=7.462 mel=1.460 durs=0.262 pitch=0.436 ctc=3.935 bin=0.976 score=0.251 fmatch=0.018 d=0.239 lr=1.000e-04 | 5.90it/s skip=0 (225.0m)\n"}
,{"stream_name":"stdout","time":13620.151437711,"data":"[03:45:15] it 74575 loss=7.842 mel=1.512 durs=0.276 pitch=0.501 ctc=4.176 bin=1.067 score=0.249 fmatch=0.016 d=0.242 lr=1.000e-04 | 5.94it/s skip=0 (225.1m)\n"}
,{"stream_name":"stdout","time":13624.343964869,"data":"[03:45:19] it 74600 loss=8.172 mel=1.730 durs=0.276 pitch=0.508 ctc=4.282 bin=1.110 score=0.239 fmatch=0.017 d=0.237 lr=1.000e-04 | 5.99it/s skip=0 (225.2m)\n"}
,{"stream_name":"stdout","time":13628.622780473,"data":"[03:45:24] it 74625 loss=7.719 mel=1.591 durs=0.258 pitch=0.481 ctc=4.002 bin=1.007 score=0.257 fmatch=0.016 d=0.249 lr=1.000e-04 | 5.98it/s skip=0 (225.2m)\n"}
,{"stream_name":"stdout","time":13632.891981868,"data":"[03:45:28] it 74650 loss=7.013 mel=1.338 durs=0.217 pitch=0.381 ctc=3.798 bin=0.858 score=0.235 fmatch=0.020 d=0.249 lr=1.000e-04 | 5.97it/s skip=0 (225.3m)\n"}
,{"stream_name":"stdout","time":13637.137268373,"data":"[03:45:32] it 74675 loss=7.656 mel=1.578 durs=0.275 pitch=0.436 ctc=3.950 bin=0.991 score=0.262 fmatch=0.017 d=0.245 lr=1.000e-04 | 5.97it/s skip=0 (225.4m)\n"}
,{"stream_name":"stdout","time":13641.506351098,"data":"[03:45:37] it 74700 loss=8.061 mel=1.522 durs=0.273 pitch=0.495 ctc=4.356 bin=1.074 score=0.253 fmatch=0.019 d=0.238 lr=1.000e-04 | 5.91it/s skip=0 (225.4m)\n"}
,{"stream_name":"stdout","time":13645.783743578,"data":"[03:45:41] it 74725 loss=8.444 mel=1.909 durs=0.305 pitch=0.547 ctc=4.192 bin=1.128 score=0.278 fmatch=0.020 d=0.237 lr=1.000e-04 | 5.93it/s skip=0 (225.5m)\n"}
,{"stream_name":"stdout","time":13650.029969461,"data":"[03:45:45] it 74750 loss=7.534 mel=1.396 durs=0.243 pitch=0.485 ctc=3.953 bin=0.918 score=0.294 fmatch=0.019 d=0.249 lr=1.000e-04 | 5.95it/s skip=0 (225.6m)\n"}
,{"stream_name":"stdout","time":13654.318428594,"data":"[03:45:49] it 74775 loss=8.209 mel=1.685 durs=0.275 pitch=0.521 ctc=4.400 bin=1.085 score=0.235 fmatch=0.021 d=0.241 lr=1.000e-04 | 5.95it/s skip=0 (225.7m)\n"}
,{"stream_name":"stdout","time":13658.628606012,"data":"[03:45:54] it 74800 loss=9.003 mel=1.932 durs=0.341 pitch=0.680 ctc=4.610 bin=1.333 score=0.251 fmatch=0.022 d=0.237 lr=1.000e-04 | 5.93it/s skip=0 (225.7m)\n"}
,{"stream_name":"stdout","time":13662.844634134,"data":"[03:45:58] it 74825 loss=7.927 mel=1.528 durs=0.264 pitch=0.615 ctc=4.109 bin=1.104 score=0.270 fmatch=0.018 d=0.243 lr=1.000e-04 | 5.96it/s skip=0 (225.8m)\n"}
,{"stream_name":"stdout","time":13667.093573607,"data":"[03:46:02] it 74850 loss=7.462 mel=1.346 durs=0.252 pitch=0.535 ctc=4.104 bin=0.974 score=0.235 fmatch=0.019 d=0.241 lr=1.000e-04 | 5.97it/s skip=0 (225.9m)\n"}
,{"stream_name":"stdout","time":13671.298657643,"data":"[03:46:06] it 74875 loss=7.652 mel=1.373 durs=0.244 pitch=0.461 ctc=4.163 bin=1.036 score=0.248 fmatch=0.017 d=0.251 lr=1.000e-04 | 5.99it/s skip=0 (225.9m)\n"}
,{"stream_name":"stdout","time":13675.622241152,"data":"[03:46:11] it 74900 loss=8.476 mel=1.647 durs=0.293 pitch=0.379 ctc=4.457 bin=1.174 score=0.277 fmatch=0.022 d=0.235 lr=1.000e-04 | 5.95it/s skip=0 (226.0m)\n"}
,{"stream_name":"stdout","time":13679.862480121,"data":"[03:46:15] it 74925 loss=8.136 mel=1.724 durs=0.263 pitch=0.513 ctc=4.193 bin=1.080 score=0.261 fmatch=0.017 d=0.250 lr=1.000e-04 | 5.96it/s skip=0 (226.1m)\n"}
,{"stream_name":"stdout","time":13684.107389346,"data":"[03:46:19] it 74950 loss=8.288 mel=1.718 durs=0.277 pitch=0.538 ctc=4.199 bin=1.156 score=0.279 fmatch=0.019 d=0.246 lr=1.000e-04 | 5.98it/s skip=0 (226.2m)\n"}
,{"stream_name":"stdout","time":13688.40829392,"data":"[03:46:24] it 74975 loss=7.236 mel=1.476 durs=0.224 pitch=0.522 ctc=3.717 bin=0.893 score=0.265 fmatch=0.016 d=0.250 lr=1.000e-04 | 5.95it/s skip=0 (226.2m)\n"}
,{"stream_name":"stdout","time":13692.687634414,"data":"[03:46:28] it 75000 loss=8.152 mel=1.594 durs=0.273 pitch=0.540 ctc=4.323 bin=1.101 score=0.258 fmatch=0.020 d=0.235 lr=1.000e-04 | 5.95it/s skip=0 (226.3m)\n"}
,{"stream_name":"stdout","time":13697.253646095,"data":"[03:46:32] it 75025 loss=8.040 mel=1.646 durs=0.293 pitch=0.367 ctc=4.277 bin=1.015 score=0.255 fmatch=0.017 d=0.248 lr=1.000e-04 | 5.97it/s skip=0 (226.4m)\n"}
,{"stream_name":"stdout","time":13701.620831108,"data":"[03:46:37] it 75050 loss=7.858 mel=1.463 durs=0.257 pitch=0.470 ctc=4.168 bin=1.004 score=0.283 fmatch=0.020 d=0.243 lr=1.000e-04 | 5.91it/s skip=0 (226.4m)\n"}
,{"stream_name":"stdout","time":13705.961131328,"data":"[03:46:41] it 75075 loss=7.376 mel=1.501 durs=0.245 pitch=0.525 ctc=3.916 bin=0.858 score=0.252 fmatch=0.017 d=0.246 lr=1.000e-04 | 5.89it/s skip=0 (226.5m)\n"}
,{"stream_name":"stdout","time":13710.240238037,"data":"[03:46:45] it 75100 loss=8.449 mel=1.820 durs=0.314 pitch=0.475 ctc=4.323 bin=1.082 score=0.281 fmatch=0.020 d=0.239 lr=1.000e-04 | 5.92it/s skip=0 (226.6m)\n"}
,{"stream_name":"stdout","time":13714.45086362,"data":"[03:46:50] it 75125 loss=8.310 mel=1.465 durs=0.272 pitch=0.386 ctc=4.344 bin=1.036 score=0.343 fmatch=0.029 d=0.253 lr=1.000e-04 | 5.97it/s skip=0 (226.7m)\n"}
,{"stream_name":"stdout","time":13718.623806869,"data":"[03:46:54] it 75150 loss=6.629 mel=1.260 durs=0.222 pitch=0.548 ctc=3.528 bin=0.753 score=0.248 fmatch=0.017 d=0.247 lr=1.000e-04 | 6.01it/s skip=0 (226.7m)\n"}
,{"stream_name":"stdout","time":13722.837336726,"data":"[03:46:58] it 75175 loss=8.666 mel=1.604 durs=0.313 pitch=0.558 ctc=4.605 bin=1.153 score=0.298 fmatch=0.023 d=0.246 lr=1.000e-04 | 6.02it/s skip=0 (226.8m)\n"}
,{"stream_name":"stdout","time":13727.149460342,"data":"[03:47:02] it 75200 loss=7.440 mel=1.488 durs=0.249 pitch=0.564 ctc=3.896 bin=0.853 score=0.276 fmatch=0.019 d=0.252 lr=1.000e-04 | 5.97it/s skip=0 (226.9m)\n"}
,{"stream_name":"stdout","time":13731.59812587,"data":"[03:47:07] it 75225 loss=7.732 mel=1.434 durs=0.259 pitch=0.655 ctc=4.127 bin=0.989 score=0.268 fmatch=0.018 d=0.244 lr=1.000e-04 | 5.90it/s skip=0 (226.9m)\n"}
,{"stream_name":"stdout","time":13735.883177522,"data":"[03:47:11] it 75250 loss=8.845 mel=1.636 durs=0.319 pitch=0.434 ctc=4.771 bin=1.240 score=0.276 fmatch=0.019 d=0.241 lr=1.000e-04 | 5.91it/s skip=0 (227.0m)\n"}
,{"stream_name":"stdout","time":13740.055199289,"data":"[03:47:15] it 75275 loss=7.316 mel=1.569 durs=0.245 pitch=0.430 ctc=3.816 bin=0.917 score=0.232 fmatch=0.019 d=0.242 lr=1.000e-04 | 5.98it/s skip=0 (227.1m)\n"}
,{"stream_name":"stdout","time":13744.366530329,"data":"[03:47:20] it 75300 loss=8.284 mel=1.749 durs=0.286 pitch=0.700 ctc=4.219 bin=1.119 score=0.269 fmatch=0.021 d=0.242 lr=1.000e-04 | 5.95it/s skip=0 (227.2m)\n"}
,{"stream_name":"stdout","time":13748.657441615,"data":"[03:47:24] it 75325 loss=8.207 mel=1.655 durs=0.306 pitch=0.498 ctc=4.297 bin=1.126 score=0.257 fmatch=0.021 d=0.247 lr=1.000e-04 | 5.94it/s skip=0 (227.2m)\n"}
,{"stream_name":"stdout","time":13753.026933608,"data":"[03:47:28] it 75350 loss=7.397 mel=1.416 durs=0.222 pitch=0.338 ctc=3.761 bin=0.917 score=0.305 fmatch=0.025 d=0.246 lr=1.000e-04 | 5.89it/s skip=0 (227.3m)\n"}
,{"stream_name":"stdout","time":13757.236477227,"data":"[03:47:32] it 75375 loss=8.128 mel=1.702 durs=0.277 pitch=0.426 ctc=4.307 bin=1.117 score=0.228 fmatch=0.022 d=0.249 lr=1.000e-04 | 5.94it/s skip=0 (227.4m)\n"}
,{"stream_name":"stdout","time":13761.556110819,"data":"[03:47:37] it 75400 loss=7.153 mel=1.420 durs=0.228 pitch=0.434 ctc=3.824 bin=0.869 score=0.238 fmatch=0.019 d=0.248 lr=1.000e-04 | 5.92it/s skip=0 (227.4m)\n"}
,{"stream_name":"stdout","time":13765.883823032,"data":"[03:47:41] it 75425 loss=7.309 mel=1.341 durs=0.253 pitch=0.639 ctc=3.903 bin=0.904 score=0.263 fmatch=0.019 d=0.248 lr=1.000e-04 | 5.89it/s skip=0 (227.5m)\n"}
,{"stream_name":"stdout","time":13770.121163411,"data":"[03:47:45] it 75450 loss=8.240 mel=1.746 durs=0.326 pitch=0.617 ctc=4.111 bin=1.107 score=0.289 fmatch=0.025 d=0.229 lr=1.000e-04 | 5.94it/s skip=0 (227.6m)\n"}
,{"stream_name":"stdout","time":13774.479850773,"data":"[03:47:50] it 75475 loss=8.549 mel=1.887 durs=0.329 pitch=0.553 ctc=4.327 bin=1.157 score=0.268 fmatch=0.018 d=0.247 lr=1.000e-04 | 5.90it/s skip=0 (227.7m)\n"}
,{"stream_name":"stdout","time":13778.814503029,"data":"[03:47:54] it 75500 loss=7.310 mel=1.420 durs=0.212 pitch=0.432 ctc=3.860 bin=0.909 score=0.260 fmatch=0.016 d=0.247 lr=1.000e-04 | 5.88it/s skip=0 (227.7m)\n"}
,{"stream_name":"stdout","time":13783.416298434,"data":"[03:47:59] it 75525 loss=8.213 mel=1.583 durs=0.263 pitch=0.536 ctc=4.319 bin=1.094 score=0.279 fmatch=0.023 d=0.237 lr=1.000e-04 | 5.81it/s skip=0 (227.8m)\n"}
,{"stream_name":"stdout","time":13787.697907598,"data":"[03:48:03] it 75550 loss=8.117 mel=1.631 durs=0.308 pitch=0.735 ctc=4.305 bin=1.073 score=0.246 fmatch=0.022 d=0.253 lr=1.000e-04 | 5.86it/s skip=0 (227.9m)\n"}
,{"stream_name":"stdout","time":13792.022921608,"data":"[03:48:07] it 75575 loss=7.648 mel=1.408 durs=0.265 pitch=0.583 ctc=4.120 bin=0.990 score=0.257 fmatch=0.018 d=0.241 lr=1.000e-04 | 5.87it/s skip=0 (228.0m)\n"}
,{"stream_name":"stdout","time":13796.270273957,"data":"[03:48:11] it 75600 loss=8.319 mel=1.845 durs=0.308 pitch=0.494 ctc=4.299 bin=1.228 score=0.211 fmatch=0.024 d=0.238 lr=1.000e-04 | 5.92it/s skip=0 (228.0m)\n"}
,{"stream_name":"stdout","time":13800.496080715,"data":"[03:48:16] it 75625 loss=7.788 mel=1.634 durs=0.263 pitch=0.468 ctc=4.053 bin=1.056 score=0.238 fmatch=0.019 d=0.246 lr=1.000e-04 | 5.96it/s skip=0 (228.1m)\n"}
,{"stream_name":"stdout","time":13804.821248125,"data":"[03:48:20] it 75650 loss=8.173 mel=1.572 durs=0.284 pitch=0.490 ctc=4.218 bin=1.094 score=0.297 fmatch=0.022 d=0.241 lr=1.000e-04 | 5.93it/s skip=0 (228.2m)\n"}
,{"stream_name":"stdout","time":13809.184910249,"data":"[03:48:24] it 75675 loss=8.036 mel=1.701 durs=0.282 pitch=0.622 ctc=4.170 bin=1.106 score=0.237 fmatch=0.019 d=0.245 lr=1.000e-04 | 5.88it/s skip=0 (228.2m)\n"}
,{"stream_name":"stdout","time":13813.52728763,"data":"[03:48:29] it 75700 loss=7.693 mel=1.607 durs=0.274 pitch=0.512 ctc=4.064 bin=0.935 score=0.248 fmatch=0.016 d=0.245 lr=1.000e-04 | 5.86it/s skip=0 (228.3m)\n"}
,{"stream_name":"stdout","time":13817.956676789,"data":"[03:48:33] it 75725 loss=7.578 mel=1.504 durs=0.265 pitch=0.523 ctc=4.006 bin=1.017 score=0.238 fmatch=0.019 d=0.245 lr=1.000e-04 | 5.81it/s skip=0 (228.4m)\n"}
,{"stream_name":"stdout","time":13822.209372784,"data":"[03:48:37] it 75750 loss=7.676 mel=1.301 durs=0.234 pitch=0.483 ctc=4.119 bin=0.950 score=0.303 fmatch=0.024 d=0.252 lr=1.000e-04 | 5.87it/s skip=0 (228.5m)\n"}
,{"stream_name":"stdout","time":13826.5280021,"data":"[03:48:42] it 75775 loss=9.138 mel=2.180 durs=0.385 pitch=0.519 ctc=4.520 bin=1.355 score=0.243 fmatch=0.023 d=0.233 lr=1.000e-04 | 5.88it/s skip=0 (228.5m)\n"}
,{"stream_name":"stdout","time":13830.832753734,"data":"[03:48:46] it 75800 loss=7.975 mel=1.565 durs=0.287 pitch=0.535 ctc=4.164 bin=0.953 score=0.297 fmatch=0.023 d=0.248 lr=1.000e-04 | 5.88it/s skip=0 (228.6m)\n"}
,{"stream_name":"stdout","time":13835.054545324,"data":"[03:48:50] it 75825 loss=7.792 mel=1.568 durs=0.291 pitch=0.530 ctc=4.170 bin=1.051 score=0.225 fmatch=0.022 d=0.243 lr=1.000e-04 | 5.94it/s skip=0 (228.7m)\n"}
,{"stream_name":"stdout","time":13839.459464272,"data":"[03:48:55] it 75850 loss=7.635 mel=1.519 durs=0.258 pitch=0.466 ctc=3.963 bin=0.958 score=0.276 fmatch=0.019 d=0.248 lr=1.000e-04 | 5.87it/s skip=0 (228.7m)\n"}
,{"stream_name":"stdout","time":13843.843452765,"data":"[03:48:59] it 75875 loss=7.874 mel=1.522 durs=0.258 pitch=0.575 ctc=4.123 bin=0.985 score=0.285 fmatch=0.019 d=0.242 lr=1.000e-04 | 5.84it/s skip=0 (228.8m)\n"}
,{"stream_name":"stdout","time":13848.154013525,"data":"[03:49:03] it 75900 loss=7.915 mel=1.735 durs=0.244 pitch=0.463 ctc=4.112 bin=1.051 score=0.232 fmatch=0.020 d=0.244 lr=1.000e-04 | 5.87it/s skip=0 (228.9m)\n"}
,{"stream_name":"stdout","time":13852.405476584,"data":"[03:49:08] it 75925 loss=7.398 mel=1.410 durs=0.233 pitch=0.585 ctc=3.797 bin=0.952 score=0.284 fmatch=0.020 d=0.244 lr=1.000e-04 | 5.91it/s skip=0 (229.0m)\n"}
,{"stream_name":"stdout","time":13856.759155218,"data":"[03:49:12] it 75950 loss=8.264 mel=1.692 durs=0.251 pitch=0.551 ctc=4.273 bin=1.075 score=0.280 fmatch=0.023 d=0.233 lr=1.000e-04 | 5.88it/s skip=0 (229.0m)\n"}
,{"stream_name":"stdout","time":13860.980823236,"data":"[03:49:16] it 75975 loss=8.013 mel=1.534 durs=0.276 pitch=0.429 ctc=4.361 bin=1.096 score=0.232 fmatch=0.021 d=0.248 lr=1.000e-04 | 5.93it/s skip=0 (229.1m)\n"}
,{"stream_name":"stdout","time":13865.340546065,"data":"[03:49:20] it 76000 loss=8.134 mel=1.719 durs=0.311 pitch=0.430 ctc=4.212 bin=1.085 score=0.256 fmatch=0.019 d=0.237 lr=1.000e-04 | 5.89it/s skip=0 (229.2m)\n"}
,{"stream_name":"stdout","time":13865.813809784,"data":"[03:49:21] [train] probes saved at iter 76000\n"}
,{"stream_name":"stdout","time":13878.269013882,"data":"[03:49:33] [val] it 76000 loss=7.009 mel=1.754 durs=0.271 pitch=0.495 ctc=4.151 (12.5s)\n"}
,{"stream_name":"stdout","time":13882.452673295,"data":"[03:49:38] it 76025 loss=8.348 mel=1.763 durs=0.347 pitch=0.437 ctc=4.384 bin=1.155 score=0.236 fmatch=0.023 d=0.249 lr=1.000e-04 | 5.97it/s skip=0 (229.5m)\n"}
,{"stream_name":"stdout","time":13886.746721506,"data":"[03:49:42] it 76050 loss=8.590 mel=1.810 durs=0.319 pitch=0.501 ctc=4.440 bin=1.218 score=0.255 fmatch=0.019 d=0.237 lr=1.000e-04 | 5.95it/s skip=0 (229.5m)\n"}
,{"stream_name":"stdout","time":13891.070633044,"data":"[03:49:46] it 76075 loss=8.377 mel=1.731 durs=0.285 pitch=0.530 ctc=4.262 bin=1.107 score=0.293 fmatch=0.022 d=0.244 lr=1.000e-04 | 5.91it/s skip=0 (229.6m)\n"}
,{"stream_name":"stdout","time":13895.403504278,"data":"[03:49:51] it 76100 loss=8.741 mel=1.832 durs=0.346 pitch=0.485 ctc=4.477 bin=1.267 score=0.266 fmatch=0.018 d=0.240 lr=1.000e-04 | 5.90it/s skip=0 (229.7m)\n"}
,{"stream_name":"stdout","time":13899.660693884,"data":"[03:49:55] it 76125 loss=7.997 mel=1.553 durs=0.281 pitch=0.560 ctc=4.285 bin=1.008 score=0.263 fmatch=0.017 d=0.242 lr=1.000e-04 | 5.93it/s skip=0 (229.7m)\n"}
,{"stream_name":"stdout","time":13903.947666322,"data":"[03:49:59] it 76150 loss=8.470 mel=1.761 durs=0.337 pitch=0.513 ctc=4.380 bin=1.134 score=0.273 fmatch=0.018 d=0.237 lr=1.000e-04 | 5.93it/s skip=0 (229.8m)\n"}
,{"stream_name":"stdout","time":13908.203695692,"data":"[03:50:03] it 76175 loss=8.101 mel=1.673 durs=0.271 pitch=0.532 ctc=4.068 bin=1.033 score=0.305 fmatch=0.026 d=0.245 lr=1.000e-04 | 5.95it/s skip=0 (229.9m)\n"}
,{"stream_name":"stdout","time":13912.615950117,"data":"[03:50:08] it 76200 loss=8.690 mel=1.750 durs=0.330 pitch=0.460 ctc=4.502 bin=1.301 score=0.259 fmatch=0.021 d=0.239 lr=1.000e-04 | 5.87it/s skip=0 (230.0m)\n"}
,{"stream_name":"stdout","time":13916.933698908,"data":"[03:50:12] it 76225 loss=7.116 mel=1.363 durs=0.229 pitch=0.809 ctc=3.704 bin=0.871 score=0.265 fmatch=0.017 d=0.249 lr=1.000e-04 | 5.88it/s skip=0 (230.0m)\n"}
,{"stream_name":"stdout","time":13921.235491338,"data":"[03:50:16] it 76250 loss=7.739 mel=1.357 durs=0.258 pitch=0.431 ctc=4.288 bin=1.012 score=0.249 fmatch=0.016 d=0.242 lr=1.000e-04 | 5.89it/s skip=0 (230.1m)\n"}
,{"stream_name":"stdout","time":13925.629669988,"data":"[03:50:21] it 76275 loss=8.599 mel=1.740 durs=0.317 pitch=0.537 ctc=4.536 bin=1.201 score=0.254 fmatch=0.019 d=0.231 lr=1.000e-04 | 5.85it/s skip=0 (230.2m)\n"}
,{"stream_name":"stdout","time":13929.99889433,"data":"[03:50:25] it 76300 loss=8.065 mel=1.536 durs=0.287 pitch=0.436 ctc=4.404 bin=1.063 score=0.243 fmatch=0.018 d=0.245 lr=1.000e-04 | 5.83it/s skip=0 (230.3m)\n"}
,{"stream_name":"stdout","time":13934.322408623,"data":"[03:50:29] it 76325 loss=7.389 mel=1.425 durs=0.224 pitch=0.576 ctc=4.006 bin=0.896 score=0.241 fmatch=0.017 d=0.248 lr=1.000e-04 | 5.85it/s skip=0 (230.3m)\n"}
,{"stream_name":"stdout","time":13938.593921766,"data":"[03:50:34] it 76350 loss=8.279 mel=1.775 durs=0.299 pitch=0.524 ctc=4.288 bin=1.074 score=0.261 fmatch=0.017 d=0.237 lr=1.000e-04 | 5.89it/s skip=0 (230.4m)\n"}
,{"stream_name":"stdout","time":13942.947857929,"data":"[03:50:38] it 76375 loss=8.583 mel=1.713 durs=0.309 pitch=0.399 ctc=4.516 bin=1.263 score=0.251 fmatch=0.017 d=0.242 lr=1.000e-04 | 5.87it/s skip=0 (230.5m)\n"}
,{"stream_name":"stdout","time":13947.175631756,"data":"[03:50:42] it 76400 loss=7.807 mel=1.637 durs=0.276 pitch=0.408 ctc=4.005 bin=0.967 score=0.277 fmatch=0.022 d=0.234 lr=1.000e-04 | 5.93it/s skip=0 (230.5m)\n"}
,{"stream_name":"stdout","time":13951.530155507,"data":"[03:50:47] it 76425 loss=8.201 mel=1.736 durs=0.313 pitch=0.487 ctc=4.312 bin=1.065 score=0.247 fmatch=0.017 d=0.240 lr=1.000e-04 | 5.89it/s skip=0 (230.6m)\n"}
,{"stream_name":"stdout","time":13955.729756733,"data":"[03:50:51] it 76450 loss=7.544 mel=1.520 durs=0.259 pitch=0.676 ctc=3.858 bin=0.953 score=0.275 fmatch=0.019 d=0.239 lr=1.000e-04 | 5.96it/s skip=0 (230.7m)\n"}
,{"stream_name":"stdout","time":13959.932152277,"data":"[03:50:55] it 76475 loss=7.329 mel=1.434 durs=0.253 pitch=0.618 ctc=3.825 bin=0.921 score=0.261 fmatch=0.018 d=0.246 lr=1.000e-04 | 6.00it/s skip=0 (230.8m)\n"}
,{"stream_name":"stdout","time":13964.243505345,"data":"[03:50:59] it 76500 loss=9.167 mel=1.822 durs=0.370 pitch=0.584 ctc=4.820 bin=1.264 score=0.285 fmatch=0.025 d=0.223 lr=1.000e-04 | 5.96it/s skip=0 (230.8m)\n"}
,{"stream_name":"stdout","time":13968.613287977,"data":"[03:51:04] it 76525 loss=7.943 mel=1.737 durs=0.315 pitch=0.615 ctc=4.004 bin=1.072 score=0.254 fmatch=0.021 d=0.234 lr=1.000e-04 | 5.99it/s skip=0 (230.9m)\n"}
,{"stream_name":"stdout","time":13973.050686826,"data":"[03:51:08] it 76550 loss=7.253 mel=1.365 durs=0.251 pitch=0.324 ctc=3.971 bin=0.880 score=0.240 fmatch=0.019 d=0.249 lr=1.000e-04 | 5.88it/s skip=0 (231.0m)\n"}
,{"stream_name":"stdout","time":13977.350499902,"data":"[03:51:12] it 76575 loss=7.648 mel=1.572 durs=0.251 pitch=0.565 ctc=4.025 bin=0.888 score=0.266 fmatch=0.019 d=0.239 lr=1.000e-04 | 5.89it/s skip=0 (231.0m)\n"}
,{"stream_name":"stdout","time":13981.671182966,"data":"[03:51:17] it 76600 loss=8.188 mel=1.551 durs=0.267 pitch=0.534 ctc=4.289 bin=1.094 score=0.288 fmatch=0.020 d=0.247 lr=1.000e-04 | 5.89it/s skip=0 (231.1m)\n"}
,{"stream_name":"stdout","time":13985.872686776,"data":"[03:51:21] it 76625 loss=7.850 mel=1.619 durs=0.267 pitch=0.601 ctc=4.054 bin=0.993 score=0.269 fmatch=0.018 d=0.247 lr=1.000e-04 | 5.95it/s skip=0 (231.2m)\n"}
,{"stream_name":"stdout","time":13990.198894937,"data":"[03:51:25] it 76650 loss=7.512 mel=1.465 durs=0.228 pitch=0.461 ctc=3.939 bin=0.935 score=0.272 fmatch=0.017 d=0.242 lr=1.000e-04 | 5.92it/s skip=0 (231.3m)\n"}
,{"stream_name":"stdout","time":13994.568542659,"data":"[03:51:30] it 76675 loss=8.627 mel=1.746 durs=0.322 pitch=0.553 ctc=4.610 bin=1.165 score=0.250 fmatch=0.020 d=0.241 lr=1.000e-04 | 5.89it/s skip=0 (231.3m)\n"}
,{"stream_name":"stdout","time":13998.907233717,"data":"[03:51:34] it 76700 loss=8.090 mel=1.647 durs=0.279 pitch=0.466 ctc=4.137 bin=1.125 score=0.272 fmatch=0.019 d=0.243 lr=1.000e-04 | 5.88it/s skip=0 (231.4m)\n"}
,{"stream_name":"stdout","time":14003.262764338,"data":"[03:51:38] it 76725 loss=8.458 mel=1.798 durs=0.285 pitch=0.639 ctc=4.304 bin=1.138 score=0.276 fmatch=0.020 d=0.235 lr=1.000e-04 | 5.86it/s skip=0 (231.5m)\n"}
,{"stream_name":"stdout","time":14007.574737244,"data":"[03:51:43] it 76750 loss=7.624 mel=1.607 durs=0.262 pitch=0.731 ctc=3.970 bin=0.974 score=0.238 fmatch=0.020 d=0.252 lr=1.000e-04 | 5.88it/s skip=0 (231.5m)\n"}
,{"stream_name":"stdout","time":14011.890024367,"data":"[03:51:47] it 76775 loss=8.541 mel=1.698 durs=0.323 pitch=0.643 ctc=4.371 bin=1.144 score=0.302 fmatch=0.024 d=0.237 lr=1.000e-04 | 5.88it/s skip=0 (231.6m)\n"}
,{"stream_name":"stdout","time":14016.166546513,"data":"[03:51:51] it 76800 loss=7.598 mel=1.459 durs=0.250 pitch=0.559 ctc=3.983 bin=0.959 score=0.274 fmatch=0.019 d=0.237 lr=1.000e-04 | 5.90it/s skip=0 (231.7m)\n"}
,{"stream_name":"stdout","time":14020.509919669,"data":"[03:51:56] it 76825 loss=7.449 mel=1.331 durs=0.231 pitch=0.585 ctc=4.010 bin=0.971 score=0.260 fmatch=0.015 d=0.245 lr=1.000e-04 | 5.88it/s skip=0 (231.8m)\n"}
,{"stream_name":"stdout","time":14024.845174499,"data":"[03:52:00] it 76850 loss=7.678 mel=1.545 durs=0.256 pitch=0.462 ctc=4.005 bin=0.927 score=0.277 fmatch=0.021 d=0.242 lr=1.000e-04 | 5.87it/s skip=0 (231.8m)\n"}
,{"stream_name":"stdout","time":14029.125037776,"data":"[03:52:04] it 76875 loss=8.507 mel=1.601 durs=0.293 pitch=0.598 ctc=4.553 bin=1.122 score=0.280 fmatch=0.019 d=0.245 lr=1.000e-04 | 5.90it/s skip=0 (231.9m)\n"}
,{"stream_name":"stdout","time":14033.376123848,"data":"[03:52:09] it 76900 loss=7.485 mel=1.417 durs=0.266 pitch=0.537 ctc=4.089 bin=0.995 score=0.221 fmatch=0.019 d=0.248 lr=1.000e-04 | 5.93it/s skip=0 (232.0m)\n"}
,{"stream_name":"stdout","time":14037.747882764,"data":"[03:52:13] it 76925 loss=8.207 mel=1.652 durs=0.301 pitch=0.383 ctc=4.444 bin=1.120 score=0.224 fmatch=0.025 d=0.242 lr=1.000e-04 | 5.88it/s skip=0 (232.1m)\n"}
,{"stream_name":"stdout","time":14042.138166502,"data":"[03:52:17] it 76950 loss=8.582 mel=1.920 durs=0.317 pitch=0.567 ctc=4.321 bin=1.202 score=0.258 fmatch=0.018 d=0.241 lr=1.000e-04 | 5.85it/s skip=0 (232.1m)\n"}
,{"stream_name":"stdout","time":14046.407730892,"data":"[03:52:22] it 76975 loss=7.753 mel=1.563 durs=0.247 pitch=0.417 ctc=4.097 bin=1.026 score=0.245 fmatch=0.019 d=0.246 lr=1.000e-04 | 5.89it/s skip=0 (232.2m)\n"}
,{"stream_name":"stdout","time":14050.69478231,"data":"[03:52:26] it 77000 loss=8.160 mel=1.579 durs=0.291 pitch=0.651 ctc=4.415 bin=1.057 score=0.249 fmatch=0.020 d=0.237 lr=1.000e-04 | 5.91it/s skip=0 (232.3m)\n"}
,{"stream_name":"stdout","time":14055.169059411,"data":"[03:52:30] it 77025 loss=8.021 mel=1.581 durs=0.251 pitch=0.429 ctc=4.261 bin=1.062 score=0.258 fmatch=0.017 d=0.239 lr=1.000e-04 | 5.90it/s skip=0 (232.3m)\n"}
,{"stream_name":"stdout","time":14059.383634283,"data":"[03:52:35] it 77050 loss=7.887 mel=1.651 durs=0.318 pitch=0.471 ctc=4.154 bin=1.023 score=0.240 fmatch=0.018 d=0.244 lr=1.000e-04 | 5.95it/s skip=0 (232.4m)\n"}
,{"stream_name":"stdout","time":14063.665093095,"data":"[03:52:39] it 77075 loss=7.481 mel=1.459 durs=0.257 pitch=0.446 ctc=3.942 bin=0.925 score=0.267 fmatch=0.017 d=0.238 lr=1.000e-04 | 5.95it/s skip=0 (232.5m)\n"}
,{"stream_name":"stdout","time":14067.967822793,"data":"[03:52:43] it 77100 loss=8.126 mel=1.676 durs=0.320 pitch=0.521 ctc=4.144 bin=1.115 score=0.272 fmatch=0.019 d=0.240 lr=1.000e-04 | 5.94it/s skip=0 (232.6m)\n"}
,{"stream_name":"stdout","time":14072.2816887,"data":"[03:52:47] it 77125 loss=7.906 mel=1.572 durs=0.272 pitch=0.552 ctc=4.120 bin=1.079 score=0.259 fmatch=0.017 d=0.240 lr=1.000e-04 | 5.92it/s skip=0 (232.6m)\n"}
,{"stream_name":"stdout","time":14076.570595548,"data":"[03:52:52] it 77150 loss=8.726 mel=1.734 durs=0.340 pitch=0.596 ctc=4.557 bin=1.187 score=0.283 fmatch=0.022 d=0.229 lr=1.000e-04 | 5.92it/s skip=0 (232.7m)\n"}
,{"stream_name":"stdout","time":14080.919277101,"data":"[03:52:56] it 77175 loss=7.047 mel=1.459 durs=0.210 pitch=0.371 ctc=3.679 bin=0.860 score=0.243 fmatch=0.020 d=0.240 lr=1.000e-04 | 5.89it/s skip=0 (232.8m)\n"}
,{"stream_name":"stdout","time":14085.212018478,"data":"[03:53:00] it 77200 loss=8.209 mel=1.666 durs=0.290 pitch=0.555 ctc=4.333 bin=1.130 score=0.244 fmatch=0.019 d=0.235 lr=1.000e-04 | 5.91it/s skip=0 (232.8m)\n"}
,{"stream_name":"stdout","time":14089.556933505,"data":"[03:53:05] it 77225 loss=8.062 mel=1.771 durs=0.291 pitch=0.466 ctc=4.134 bin=1.124 score=0.234 fmatch=0.020 d=0.242 lr=1.000e-04 | 5.89it/s skip=0 (232.9m)\n"}
,{"stream_name":"stdout","time":14093.910982383,"data":"[03:53:09] it 77250 loss=7.825 mel=1.631 durs=0.263 pitch=0.610 ctc=4.125 bin=1.014 score=0.237 fmatch=0.019 d=0.246 lr=1.000e-04 | 5.87it/s skip=0 (233.0m)\n"}
,{"stream_name":"stdout","time":14098.14675976,"data":"[03:53:13] it 77275 loss=7.659 mel=1.317 durs=0.239 pitch=0.719 ctc=4.093 bin=0.994 score=0.285 fmatch=0.020 d=0.240 lr=1.000e-04 | 5.93it/s skip=0 (233.1m)\n"}
,{"stream_name":"stdout","time":14102.651030613,"data":"[03:53:18] it 77300 loss=7.612 mel=1.532 durs=0.235 pitch=0.539 ctc=3.941 bin=0.886 score=0.289 fmatch=0.020 d=0.243 lr=1.000e-04 | 5.82it/s skip=0 (233.1m)\n"}
,{"stream_name":"stdout","time":14106.997251843,"data":"[03:53:22] it 77325 loss=7.526 mel=1.338 durs=0.263 pitch=0.457 ctc=4.116 bin=0.957 score=0.257 fmatch=0.017 d=0.244 lr=1.000e-04 | 5.83it/s skip=0 (233.2m)\n"}
,{"stream_name":"stdout","time":14111.441656819,"data":"[03:53:27] it 77350 loss=7.716 mel=1.602 durs=0.303 pitch=0.610 ctc=3.954 bin=1.012 score=0.260 fmatch=0.017 d=0.254 lr=1.000e-04 | 5.78it/s skip=0 (233.3m)\n"}
,{"stream_name":"stdout","time":14115.733364008,"data":"[03:53:31] it 77375 loss=7.760 mel=1.591 durs=0.289 pitch=0.487 ctc=3.929 bin=1.001 score=0.285 fmatch=0.022 d=0.237 lr=1.000e-04 | 5.84it/s skip=0 (233.4m)\n"}
,{"stream_name":"stdout","time":14120.069649517,"data":"[03:53:35] it 77400 loss=8.122 mel=1.555 durs=0.270 pitch=0.426 ctc=4.230 bin=1.101 score=0.287 fmatch=0.020 d=0.251 lr=1.000e-04 | 5.85it/s skip=0 (233.4m)\n"}
,{"stream_name":"stdout","time":14124.396343782,"data":"[03:53:40] it 77425 loss=7.620 mel=1.497 durs=0.269 pitch=0.541 ctc=4.078 bin=0.967 score=0.245 fmatch=0.017 d=0.237 lr=1.000e-04 | 5.86it/s skip=0 (233.5m)\n"}
,{"stream_name":"stdout","time":14128.75665213,"data":"[03:53:44] it 77450 loss=8.009 mel=1.816 durs=0.289 pitch=0.658 ctc=4.048 bin=1.031 score=0.250 fmatch=0.021 d=0.238 lr=1.000e-04 | 5.85it/s skip=0 (233.6m)\n"}
,{"stream_name":"stdout","time":14133.087057022,"data":"[03:53:48] it 77475 loss=7.032 mel=1.260 durs=0.196 pitch=0.562 ctc=3.803 bin=0.796 score=0.270 fmatch=0.017 d=0.253 lr=1.000e-04 | 5.85it/s skip=0 (233.6m)\n"}
,{"stream_name":"stdout","time":14137.440887792,"data":"[03:53:53] it 77500 loss=7.654 mel=1.548 durs=0.281 pitch=0.525 ctc=4.185 bin=0.962 score=0.214 fmatch=0.022 d=0.242 lr=1.000e-04 | 5.84it/s skip=0 (233.7m)\n"}
,{"stream_name":"stdout","time":14141.874670365,"data":"[03:53:57] it 77525 loss=7.615 mel=1.616 durs=0.262 pitch=0.398 ctc=3.908 bin=0.962 score=0.261 fmatch=0.018 d=0.244 lr=1.000e-04 | 5.88it/s skip=0 (233.8m)\n"}
,{"stream_name":"stdout","time":14146.11176575,"data":"[03:54:01] it 77550 loss=7.100 mel=1.366 durs=0.229 pitch=0.513 ctc=3.757 bin=0.910 score=0.244 fmatch=0.017 d=0.243 lr=1.000e-04 | 5.93it/s skip=0 (233.9m)\n"}
,{"stream_name":"stdout","time":14150.431911926,"data":"[03:54:06] it 77575 loss=7.478 mel=1.347 durs=0.253 pitch=0.486 ctc=3.979 bin=0.902 score=0.289 fmatch=0.019 d=0.250 lr=1.000e-04 | 5.90it/s skip=0 (233.9m)\n"}
,{"stream_name":"stdout","time":14154.790424214,"data":"[03:54:10] it 77600 loss=7.393 mel=1.408 durs=0.231 pitch=0.435 ctc=4.060 bin=0.900 score=0.235 fmatch=0.019 d=0.250 lr=1.000e-04 | 5.87it/s skip=0 (234.0m)\n"}
,{"stream_name":"stdout","time":14159.096790815,"data":"[03:54:14] it 77625 loss=7.365 mel=1.460 durs=0.267 pitch=0.428 ctc=3.879 bin=0.872 score=0.266 fmatch=0.018 d=0.242 lr=1.000e-04 | 5.88it/s skip=0 (234.1m)\n"}
,{"stream_name":"stdout","time":14163.440032256,"data":"[03:54:19] it 77650 loss=7.506 mel=1.567 durs=0.254 pitch=0.591 ctc=3.889 bin=0.920 score=0.257 fmatch=0.017 d=0.245 lr=1.000e-04 | 5.86it/s skip=0 (234.1m)\n"}
,{"stream_name":"stdout","time":14167.714545732,"data":"[03:54:23] it 77675 loss=7.862 mel=1.409 durs=0.257 pitch=0.401 ctc=4.181 bin=1.023 score=0.291 fmatch=0.020 d=0.244 lr=1.000e-04 | 5.89it/s skip=0 (234.2m)\n"}
,{"stream_name":"stdout","time":14172.019535458,"data":"[03:54:27] it 77700 loss=7.849 mel=1.540 durs=0.276 pitch=0.538 ctc=4.076 bin=1.032 score=0.276 fmatch=0.018 d=0.246 lr=1.000e-04 | 5.90it/s skip=0 (234.3m)\n"}
,{"stream_name":"stdout","time":14176.370456864,"data":"[03:54:32] it 77725 loss=7.693 mel=1.418 durs=0.245 pitch=0.397 ctc=4.056 bin=0.919 score=0.304 fmatch=0.021 d=0.252 lr=1.000e-04 | 5.87it/s skip=0 (234.4m)\n"}
,{"stream_name":"stdout","time":14180.604585151,"data":"[03:54:36] it 77750 loss=6.931 mel=1.323 durs=0.189 pitch=0.394 ctc=3.692 bin=0.900 score=0.235 fmatch=0.018 d=0.247 lr=1.000e-04 | 5.91it/s skip=0 (234.4m)\n"}
,{"stream_name":"stdout","time":14184.809279129,"data":"[03:54:40] it 77775 loss=8.018 mel=1.563 durs=0.273 pitch=0.378 ctc=4.160 bin=0.982 score=0.306 fmatch=0.024 d=0.250 lr=1.000e-04 | 5.96it/s skip=0 (234.5m)\n"}
,{"stream_name":"stdout","time":14189.139772474,"data":"[03:54:44] it 77800 loss=8.109 mel=1.817 durs=0.274 pitch=0.672 ctc=4.032 bin=1.076 score=0.268 fmatch=0.019 d=0.240 lr=1.000e-04 | 5.92it/s skip=0 (234.6m)\n"}
,{"stream_name":"stdout","time":14193.442101628,"data":"[03:54:49] it 77825 loss=7.842 mel=1.486 durs=0.282 pitch=0.609 ctc=4.238 bin=0.963 score=0.262 fmatch=0.018 d=0.238 lr=1.000e-04 | 5.91it/s skip=0 (234.6m)\n"}
,{"stream_name":"stdout","time":14197.752545056,"data":"[03:54:53] it 77850 loss=8.312 mel=1.526 durs=0.284 pitch=0.499 ctc=4.384 bin=1.177 score=0.282 fmatch=0.019 d=0.251 lr=1.000e-04 | 5.90it/s skip=0 (234.7m)\n"}
,{"stream_name":"stdout","time":14202.161818874,"data":"[03:54:57] it 77875 loss=8.183 mel=1.699 durs=0.285 pitch=0.501 ctc=4.307 bin=1.095 score=0.246 fmatch=0.021 d=0.232 lr=1.000e-04 | 5.85it/s skip=0 (234.8m)\n"}
,{"stream_name":"stdout","time":14206.477224174,"data":"[03:55:02] it 77900 loss=8.447 mel=1.741 durs=0.295 pitch=0.820 ctc=4.254 bin=1.123 score=0.299 fmatch=0.021 d=0.244 lr=1.000e-04 | 5.86it/s skip=0 (234.9m)\n"}
,{"stream_name":"stdout","time":14210.716564691,"data":"[03:55:06] it 77925 loss=8.208 mel=1.724 durs=0.316 pitch=0.536 ctc=4.233 bin=1.104 score=0.261 fmatch=0.019 d=0.238 lr=1.000e-04 | 5.91it/s skip=0 (234.9m)\n"}
,{"stream_name":"stdout","time":14215.084464999,"data":"[03:55:10] it 77950 loss=7.907 mel=1.517 durs=0.263 pitch=0.357 ctc=4.252 bin=1.066 score=0.248 fmatch=0.017 d=0.247 lr=1.000e-04 | 5.88it/s skip=0 (235.0m)\n"}
,{"stream_name":"stdout","time":14219.385670869,"data":"[03:55:15] it 77975 loss=8.048 mel=1.511 durs=0.254 pitch=0.495 ctc=4.274 bin=0.987 score=0.295 fmatch=0.023 d=0.238 lr=1.000e-04 | 5.89it/s skip=0 (235.1m)\n"}
,{"stream_name":"stdout","time":14223.703671912,"data":"[03:55:19] it 78000 loss=7.966 mel=1.691 durs=0.266 pitch=0.607 ctc=4.001 bin=0.995 score=0.293 fmatch=0.021 d=0.250 lr=1.000e-04 | 5.88it/s skip=0 (235.2m)\n"}
,{"stream_name":"stdout","time":14224.162075285,"data":"[03:55:19] [train] probes saved at iter 78000\n"}
,{"stream_name":"stdout","time":14236.668296173,"data":"[03:55:32] [val] it 78000 loss=6.941 mel=1.684 durs=0.270 pitch=0.497 ctc=4.144 (12.5s)\n"}
,{"stream_name":"stdout","time":14241.020683569,"data":"[03:55:36] it 78025 loss=7.481 mel=1.466 durs=0.243 pitch=0.527 ctc=3.976 bin=0.889 score=0.264 fmatch=0.018 d=0.241 lr=1.000e-04 | 5.85it/s skip=0 (235.4m)\n"}
,{"stream_name":"stdout","time":14245.327610705,"data":"[03:55:40] it 78050 loss=8.059 mel=1.693 durs=0.290 pitch=0.563 ctc=4.082 bin=1.065 score=0.278 fmatch=0.020 d=0.243 lr=1.000e-04 | 5.88it/s skip=0 (235.5m)\n"}
,{"stream_name":"stdout","time":14249.707918727,"data":"[03:55:45] it 78075 loss=7.231 mel=1.316 durs=0.234 pitch=0.632 ctc=3.877 bin=0.901 score=0.259 fmatch=0.017 d=0.247 lr=1.000e-04 | 5.85it/s skip=0 (235.6m)\n"}
,{"stream_name":"stdout","time":14254.035962344,"data":"[03:55:49] it 78100 loss=6.982 mel=1.303 durs=0.201 pitch=0.491 ctc=3.798 bin=0.814 score=0.245 fmatch=0.017 d=0.247 lr=1.000e-04 | 5.85it/s skip=0 (235.7m)\n"}
,{"stream_name":"stdout","time":14258.360185609,"data":"[03:55:54] it 78125 loss=7.847 mel=1.520 durs=0.261 pitch=0.570 ctc=4.243 bin=0.973 score=0.253 fmatch=0.016 d=0.246 lr=1.000e-04 | 5.86it/s skip=0 (235.7m)\n"}
,{"stream_name":"stdout","time":14262.763319312,"data":"[03:55:58] it 78150 loss=7.804 mel=1.477 durs=0.270 pitch=0.475 ctc=4.143 bin=0.995 score=0.274 fmatch=0.018 d=0.246 lr=1.000e-04 | 5.83it/s skip=0 (235.8m)\n"}
,{"stream_name":"stdout","time":14267.152538909,"data":"[03:56:02] it 78175 loss=7.554 mel=1.484 durs=0.214 pitch=0.615 ctc=3.925 bin=0.945 score=0.275 fmatch=0.017 d=0.244 lr=1.000e-04 | 5.82it/s skip=0 (235.9m)\n"}
,{"stream_name":"stdout","time":14271.490103865,"data":"[03:56:07] it 78200 loss=7.607 mel=1.709 durs=0.243 pitch=0.477 ctc=3.814 bin=0.911 score=0.271 fmatch=0.018 d=0.243 lr=1.000e-04 | 5.84it/s skip=0 (235.9m)\n"}
,{"stream_name":"stdout","time":14275.783335922,"data":"[03:56:11] it 78225 loss=8.139 mel=1.574 durs=0.315 pitch=0.398 ctc=4.366 bin=1.084 score=0.256 fmatch=0.017 d=0.239 lr=1.000e-04 | 5.87it/s skip=0 (236.0m)\n"}
,{"stream_name":"stdout","time":14280.036725826,"data":"[03:56:15] it 78250 loss=7.713 mel=1.725 durs=0.260 pitch=0.558 ctc=3.959 bin=1.009 score=0.229 fmatch=0.021 d=0.244 lr=1.000e-04 | 5.92it/s skip=0 (236.1m)\n"}
,{"stream_name":"stdout","time":14284.414764231,"data":"[03:56:20] it 78275 loss=8.230 mel=2.021 durs=0.305 pitch=0.497 ctc=3.917 bin=1.121 score=0.268 fmatch=0.020 d=0.237 lr=1.000e-04 | 5.88it/s skip=0 (236.2m)\n"}
,{"stream_name":"stdout","time":14288.720695649,"data":"[03:56:24] it 78300 loss=8.181 mel=1.749 durs=0.295 pitch=0.510 ctc=4.128 bin=1.085 score=0.280 fmatch=0.020 d=0.243 lr=1.000e-04 | 5.89it/s skip=0 (236.2m)\n"}
,{"stream_name":"stdout","time":14293.223874251,"data":"[03:56:28] it 78325 loss=7.728 mel=1.518 durs=0.281 pitch=0.606 ctc=4.160 bin=0.983 score=0.239 fmatch=0.020 d=0.245 lr=1.000e-04 | 5.80it/s skip=0 (236.3m)\n"}
,{"stream_name":"stdout","time":14297.535752254,"data":"[03:56:33] it 78350 loss=8.020 mel=1.589 durs=0.292 pitch=0.466 ctc=4.176 bin=1.111 score=0.262 fmatch=0.019 d=0.239 lr=1.000e-04 | 5.84it/s skip=0 (236.4m)\n"}
,{"stream_name":"stdout","time":14301.875681741,"data":"[03:56:37] it 78375 loss=7.536 mel=1.424 durs=0.260 pitch=0.433 ctc=3.957 bin=0.966 score=0.275 fmatch=0.018 d=0.247 lr=1.000e-04 | 5.85it/s skip=0 (236.5m)\n"}
,{"stream_name":"stdout","time":14306.173546573,"data":"[03:56:41] it 78400 loss=7.878 mel=1.569 durs=0.256 pitch=0.356 ctc=4.174 bin=1.084 score=0.242 fmatch=0.020 d=0.241 lr=1.000e-04 | 5.87it/s skip=0 (236.5m)\n"}
,{"stream_name":"stdout","time":14310.4161909,"data":"[03:56:46] it 78425 loss=7.594 mel=1.380 durs=0.282 pitch=0.535 ctc=4.074 bin=1.037 score=0.251 fmatch=0.017 d=0.254 lr=1.000e-04 | 5.92it/s skip=0 (236.6m)\n"}
,{"stream_name":"stdout","time":14314.698379527,"data":"[03:56:50] it 78450 loss=7.451 mel=1.553 durs=0.246 pitch=0.415 ctc=3.965 bin=0.897 score=0.238 fmatch=0.019 d=0.244 lr=1.000e-04 | 5.93it/s skip=0 (236.7m)\n"}
,{"stream_name":"stdout","time":14319.132687134,"data":"[03:56:54] it 78475 loss=7.832 mel=1.592 durs=0.271 pitch=0.468 ctc=4.152 bin=0.997 score=0.250 fmatch=0.018 d=0.247 lr=1.000e-04 | 5.85it/s skip=0 (236.7m)\n"}
,{"stream_name":"stdout","time":14323.46868746,"data":"[03:56:59] it 78500 loss=8.037 mel=1.618 durs=0.296 pitch=0.439 ctc=4.199 bin=1.089 score=0.260 fmatch=0.017 d=0.239 lr=1.000e-04 | 5.86it/s skip=0 (236.8m)\n"}
,{"stream_name":"stdout","time":14328.002695897,"data":"[03:57:03] it 78525 loss=7.894 mel=1.427 durs=0.256 pitch=0.421 ctc=4.196 bin=1.003 score=0.295 fmatch=0.020 d=0.246 lr=1.000e-04 | 5.83it/s skip=0 (236.9m)\n"}
,{"stream_name":"stdout","time":14332.250457253,"data":"[03:57:07] it 78550 loss=7.478 mel=1.497 durs=0.253 pitch=0.570 ctc=3.873 bin=0.942 score=0.267 fmatch=0.018 d=0.252 lr=1.000e-04 | 5.88it/s skip=0 (237.0m)\n"}
,{"stream_name":"stdout","time":14336.550220815,"data":"[03:57:12] it 78575 loss=8.179 mel=1.572 durs=0.263 pitch=0.586 ctc=4.374 bin=1.113 score=0.254 fmatch=0.021 d=0.234 lr=1.000e-04 | 5.90it/s skip=0 (237.0m)\n"}
,{"stream_name":"stdout","time":14340.769800108,"data":"[03:57:16] it 78600 loss=8.030 mel=1.645 durs=0.253 pitch=0.522 ctc=4.238 bin=0.982 score=0.267 fmatch=0.018 d=0.245 lr=1.000e-04 | 5.94it/s skip=0 (237.1m)\n"}
,{"stream_name":"stdout","time":14345.029150841,"data":"[03:57:20] it 78625 loss=7.993 mel=1.555 durs=0.257 pitch=0.472 ctc=4.115 bin=1.056 score=0.293 fmatch=0.025 d=0.237 lr=1.000e-04 | 5.96it/s skip=0 (237.2m)\n"}
,{"stream_name":"stdout","time":14349.350494619,"data":"[03:57:24] it 78650 loss=7.431 mel=1.432 durs=0.252 pitch=0.406 ctc=3.888 bin=0.921 score=0.277 fmatch=0.019 d=0.252 lr=1.000e-04 | 5.93it/s skip=0 (237.2m)\n"}
,{"stream_name":"stdout","time":14353.723019983,"data":"[03:57:29] it 78675 loss=7.444 mel=1.447 durs=0.238 pitch=0.540 ctc=3.967 bin=0.928 score=0.252 fmatch=0.016 d=0.250 lr=1.000e-04 | 5.88it/s skip=0 (237.3m)\n"}
,{"stream_name":"stdout","time":14358.075176238,"data":"[03:57:33] it 78700 loss=7.458 mel=1.428 durs=0.235 pitch=0.726 ctc=3.984 bin=0.925 score=0.252 fmatch=0.015 d=0.251 lr=1.000e-04 | 5.86it/s skip=0 (237.4m)\n"}
,{"stream_name":"stdout","time":14362.421662175,"data":"[03:57:38] it 78725 loss=8.229 mel=1.801 durs=0.311 pitch=0.403 ctc=4.161 bin=1.182 score=0.248 fmatch=0.021 d=0.246 lr=1.000e-04 | 5.86it/s skip=0 (237.5m)\n"}
,{"stream_name":"stdout","time":14366.720324999,"data":"[03:57:42] it 78750 loss=7.749 mel=1.515 durs=0.258 pitch=0.598 ctc=4.032 bin=1.019 score=0.270 fmatch=0.017 d=0.241 lr=1.000e-04 | 5.88it/s skip=0 (237.5m)\n"}
,{"stream_name":"stdout","time":14371.051070781,"data":"[03:57:46] it 78775 loss=7.713 mel=1.495 durs=0.254 pitch=0.533 ctc=3.835 bin=0.940 score=0.334 fmatch=0.028 d=0.251 lr=1.000e-04 | 5.87it/s skip=0 (237.6m)\n"}
,{"stream_name":"stdout","time":14375.374486695,"data":"[03:57:51] it 78800 loss=7.422 mel=1.451 durs=0.251 pitch=0.521 ctc=3.994 bin=0.945 score=0.234 fmatch=0.020 d=0.241 lr=1.000e-04 | 5.88it/s skip=0 (237.7m)\n"}
,{"stream_name":"stdout","time":14379.63702752,"data":"[03:57:55] it 78825 loss=8.121 mel=1.667 durs=0.304 pitch=0.722 ctc=4.241 bin=1.048 score=0.261 fmatch=0.018 d=0.243 lr=1.000e-04 | 5.92it/s skip=0 (237.7m)\n"}
,{"stream_name":"stdout","time":14383.917121841,"data":"[03:57:59] it 78850 loss=7.820 mel=1.598 durs=0.275 pitch=0.545 ctc=4.043 bin=1.035 score=0.261 fmatch=0.016 d=0.245 lr=1.000e-04 | 5.93it/s skip=0 (237.8m)\n"}
,{"stream_name":"stdout","time":14388.280012729,"data":"[03:58:03] it 78875 loss=8.374 mel=1.624 durs=0.300 pitch=0.412 ctc=4.533 bin=1.150 score=0.244 fmatch=0.018 d=0.247 lr=1.000e-04 | 5.89it/s skip=0 (237.9m)\n"}
,{"stream_name":"stdout","time":14392.648644517,"data":"[03:58:08] it 78900 loss=7.965 mel=1.584 durs=0.272 pitch=0.565 ctc=4.202 bin=1.065 score=0.253 fmatch=0.018 d=0.243 lr=1.000e-04 | 5.86it/s skip=0 (238.0m)\n"}
,{"stream_name":"stdout","time":14397.90805541,"data":"[03:58:13] it 78925 loss=7.978 mel=1.648 durs=0.265 pitch=0.369 ctc=4.247 bin=1.092 score=0.227 fmatch=0.019 d=0.240 lr=1.000e-04 | 5.75it/s skip=0 (238.1m)\n"}
,{"stream_name":"stdout","time":14402.242837824,"data":"[03:58:17] it 78950 loss=7.218 mel=1.512 durs=0.247 pitch=0.363 ctc=3.758 bin=0.895 score=0.244 fmatch=0.018 d=0.250 lr=1.000e-04 | 5.80it/s skip=0 (238.1m)\n"}
,{"stream_name":"stdout","time":14406.565612582,"data":"[03:58:22] it 78975 loss=8.390 mel=1.686 durs=0.266 pitch=0.639 ctc=4.450 bin=1.097 score=0.262 fmatch=0.017 d=0.248 lr=1.000e-04 | 5.84it/s skip=0 (238.2m)\n"}
,{"stream_name":"stdout","time":14410.893998836,"data":"[03:58:26] it 79000 loss=7.425 mel=1.476 durs=0.247 pitch=0.500 ctc=3.871 bin=0.979 score=0.251 fmatch=0.017 d=0.244 lr=1.000e-04 | 5.85it/s skip=0 (238.3m)\n"}
,{"stream_name":"stdout","time":14415.408185079,"data":"[03:58:31] it 79025 loss=8.010 mel=1.444 durs=0.267 pitch=0.543 ctc=4.315 bin=1.122 score=0.258 fmatch=0.017 d=0.246 lr=1.000e-04 | 5.85it/s skip=0 (238.3m)\n"}
,{"stream_name":"stdout","time":14419.769323192,"data":"[03:58:35] it 79050 loss=8.219 mel=1.628 durs=0.323 pitch=0.666 ctc=4.348 bin=1.181 score=0.236 fmatch=0.019 d=0.244 lr=1.000e-04 | 5.84it/s skip=0 (238.4m)\n"}
,{"stream_name":"stdout","time":14424.130893938,"data":"[03:58:39] it 79075 loss=7.965 mel=1.559 durs=0.275 pitch=0.456 ctc=4.196 bin=1.087 score=0.258 fmatch=0.018 d=0.236 lr=1.000e-04 | 5.84it/s skip=0 (238.5m)\n"}
,{"stream_name":"stdout","time":14428.458927813,"data":"[03:58:44] it 79100 loss=8.126 mel=1.637 durs=0.285 pitch=0.475 ctc=4.296 bin=1.041 score=0.264 fmatch=0.019 d=0.238 lr=1.000e-04 | 5.86it/s skip=0 (238.6m)\n"}
,{"stream_name":"stdout","time":14432.789882452,"data":"[03:58:48] it 79125 loss=7.599 mel=1.543 durs=0.264 pitch=0.545 ctc=3.881 bin=0.998 score=0.270 fmatch=0.017 d=0.239 lr=1.000e-04 | 5.86it/s skip=0 (238.6m)\n"}
,{"stream_name":"stdout","time":14437.092031845,"data":"[03:58:52] it 79150 loss=7.526 mel=1.333 durs=0.252 pitch=0.512 ctc=4.132 bin=0.937 score=0.258 fmatch=0.016 d=0.242 lr=1.000e-04 | 5.88it/s skip=0 (238.7m)\n"}
,{"stream_name":"stdout","time":14441.455135047,"data":"[03:58:57] it 79175 loss=8.221 mel=1.607 durs=0.290 pitch=0.468 ctc=4.339 bin=1.141 score=0.260 fmatch=0.016 d=0.244 lr=1.000e-04 | 5.85it/s skip=0 (238.8m)\n"}
,{"stream_name":"stdout","time":14445.688586741,"data":"[03:59:01] it 79200 loss=7.590 mel=1.606 durs=0.250 pitch=0.515 ctc=3.793 bin=0.950 score=0.285 fmatch=0.022 d=0.240 lr=1.000e-04 | 5.91it/s skip=0 (238.8m)\n"}
,{"stream_name":"stdout","time":14450.0098642,"data":"[03:59:05] it 79225 loss=8.602 mel=1.754 durs=0.306 pitch=0.662 ctc=4.404 bin=1.182 score=0.285 fmatch=0.023 d=0.234 lr=1.000e-04 | 5.90it/s skip=0 (238.9m)\n"}
,{"stream_name":"stdout","time":14454.335667122,"data":"[03:59:09] it 79250 loss=8.468 mel=1.689 durs=0.288 pitch=0.590 ctc=4.299 bin=1.122 score=0.312 fmatch=0.023 d=0.257 lr=1.000e-04 | 5.90it/s skip=0 (239.0m)\n"}
,{"stream_name":"stdout","time":14460.713308237,"data":"[03:59:16] it 79275 loss=8.354 mel=1.762 durs=0.322 pitch=0.422 ctc=4.376 bin=1.108 score=0.253 fmatch=0.020 d=0.248 lr=1.000e-04 | 5.83it/s skip=0 (239.1m)\n"}
,{"stream_name":"stdout","time":14465.006577235,"data":"[03:59:20] it 79300 loss=7.378 mel=1.436 durs=0.253 pitch=0.669 ctc=3.796 bin=0.910 score=0.281 fmatch=0.019 d=0.246 lr=1.000e-04 | 5.86it/s skip=0 (239.2m)\n"}
,{"stream_name":"stdout","time":14469.186768578,"data":"[03:59:24] it 79325 loss=7.479 mel=1.416 durs=0.263 pitch=0.455 ctc=4.024 bin=0.952 score=0.250 fmatch=0.018 d=0.246 lr=1.000e-04 | 5.95it/s skip=0 (239.2m)\n"}
,{"stream_name":"stdout","time":14473.53788357,"data":"[03:59:29] it 79350 loss=7.312 mel=1.433 durs=0.230 pitch=0.511 ctc=3.888 bin=0.883 score=0.254 fmatch=0.016 d=0.251 lr=1.000e-04 | 5.91it/s skip=0 (239.3m)\n"}
,{"stream_name":"stdout","time":14477.786460856,"data":"[03:59:33] it 79375 loss=7.607 mel=1.554 durs=0.256 pitch=0.460 ctc=3.990 bin=0.939 score=0.259 fmatch=0.019 d=0.247 lr=1.000e-04 | 5.93it/s skip=0 (239.4m)\n"}
,{"stream_name":"stdout","time":14481.98035935,"data":"[03:59:37] it 79400 loss=7.662 mel=1.496 durs=0.256 pitch=0.606 ctc=4.053 bin=0.923 score=0.272 fmatch=0.017 d=0.242 lr=1.000e-04 | 5.98it/s skip=0 (239.5m)\n"}
,{"stream_name":"stdout","time":14486.410703359,"data":"[03:59:42] it 79425 loss=7.918 mel=1.617 durs=0.267 pitch=0.738 ctc=4.076 bin=1.020 score=0.271 fmatch=0.019 d=0.243 lr=1.000e-04 | 5.88it/s skip=0 (239.5m)\n"}
,{"stream_name":"stdout","time":14490.721403667,"data":"[03:59:46] it 79450 loss=8.365 mel=1.769 durs=0.338 pitch=0.560 ctc=4.241 bin=1.162 score=0.271 fmatch=0.020 d=0.242 lr=1.000e-04 | 5.88it/s skip=0 (239.6m)\n"}
,{"stream_name":"stdout","time":14495.134750194,"data":"[03:59:50] it 79475 loss=8.397 mel=1.731 durs=0.319 pitch=0.488 ctc=4.338 bin=1.190 score=0.260 fmatch=0.019 d=0.234 lr=1.000e-04 | 5.87it/s skip=0 (239.7m)\n"}
,{"stream_name":"stdout","time":14499.412522371,"data":"[03:59:55] it 79500 loss=7.260 mel=1.400 durs=0.239 pitch=0.463 ctc=3.814 bin=0.912 score=0.262 fmatch=0.016 d=0.248 lr=1.000e-04 | 5.90it/s skip=0 (239.7m)\n"}
,{"stream_name":"stdout","time":14503.729121272,"data":"[03:59:59] it 79525 loss=7.797 mel=1.583 durs=0.244 pitch=0.591 ctc=4.069 bin=1.017 score=0.257 fmatch=0.018 d=0.243 lr=1.000e-04 | 5.98it/s skip=0 (239.8m)\n"}
,{"stream_name":"stdout","time":14507.889911704,"data":"[04:00:03] it 79550 loss=6.895 mel=1.241 durs=0.226 pitch=0.623 ctc=3.632 bin=0.873 score=0.262 fmatch=0.017 d=0.249 lr=1.000e-04 | 6.03it/s skip=0 (239.9m)\n"}
,{"stream_name":"stdout","time":14512.207361934,"data":"[04:00:07] it 79575 loss=8.092 mel=1.843 durs=0.310 pitch=0.607 ctc=4.034 bin=1.143 score=0.240 fmatch=0.019 d=0.248 lr=1.000e-04 | 5.98it/s skip=0 (240.0m)\n"}
,{"stream_name":"stdout","time":14514.996854078,"data":"[04:00:10] [train] max GPU mem: 13.24 GB\n"}
,{"stream_name":"stdout","time":14514.996896304,"data":"[04:00:10] [train] FINISHED at iter 79590 wall=04:00:00\n"}
,{"stream_name":"stdout","time":14518.931531344,"data":"[04:01:58] train exit code: 0\n"}
,{"stream_name":"stdout","time":14520.979438899,"data":"[00:00:01] [generate] device=cuda\n"}
,{"stream_name":"stdout","time":14567.392910459,"data":"[00:00:48] [generate] using checkpoint /kaggle/working/checkpoints/states.pth (iter 79590)\n"}
,{"stream_name":"stderr","time":14572.254409184,"data":"/kaggle/input/datasets/ahmedyaseen86/mixer-tts-scratch-data/tts_arabic_pkg/tts_arabic/text/phonetise_buckwalter.py:190: SyntaxWarning: invalid escape sequence '\\S'\n"}
,{"stream_name":"stderr","time":14572.254447117,"data":"  utterance = re.sub(\"(\\S)(\\.|\\?|,|!)\", \"\\\\1 \\\\2\", utterance)\n"}
,{"stream_name":"stdout","time":14574.222368763,"data":"[00:00:55] [generate:new] speaker_0 done\n"}
,{"stream_name":"stdout","time":14575.028741467,"data":"[00:00:55] [generate:new] speaker_1 done\n"}
,{"stream_name":"stdout","time":14581.901697696,"data":"[00:01:02] [f0] speaker_0: synth=154.7Hz source=121.4Hz\n"}
,{"stream_name":"stdout","time":14587.354196564,"data":"[00:01:08] [f0] speaker_1: synth=199.5Hz source=215.1Hz\n"}
,{"stream_name":"stdout","time":14591.522839651,"data":"[00:01:12] [generate:user_eval] speaker_0 done\n"}
,{"stream_name":"stdout","time":14591.963251232,"data":"[00:01:12] [generate:user_eval] speaker_1 done\n"}
,{"stream_name":"stdout","time":14607.981526317,"data":"[00:01:28] [generate:orig] speaker_0 done\n"}
,{"stream_name":"stdout","time":14609.595005233,"data":"[00:01:30] [generate:orig] speaker_1 done\n"}
,{"stream_name":"stdout","time":14611.486527835,"data":"[00:01:32] [generate:orig] speaker_2 done\n"}
,{"stream_name":"stdout","time":14612.560574852,"data":"[00:01:33] [generate:orig] speaker_3 done\n"}
,{"stream_name":"stdout","time":14621.205180967,"data":"[00:01:42] [f0] speaker_0: synth=127.1Hz source=NoneHz\n"}
,{"stream_name":"stdout","time":14628.145684229,"data":"[00:01:49] [f0] speaker_1: synth=104.5Hz source=NoneHz\n"}
,{"stream_name":"stdout","time":14636.812925036,"data":"[00:01:57] [f0] speaker_2: synth=230.5Hz source=NoneHz\n"}
,{"stream_name":"stdout","time":14644.070248946,"data":"[00:02:05] [f0] speaker_3: synth=211.4Hz source=NoneHz\n"}
,{"stream_name":"stdout","time":14644.962099953,"data":"[00:02:05] [generate] training_curve.png saved\n"}
,{"stream_name":"stdout","time":14644.962150802,"data":"[00:02:05] [generate] DONE\n"}
,{"stream_name":"stdout","time":14646.210709037,"data":"[04:04:05] generate exit code: 0\n"}
,{"stream_name":"stdout","time":14646.213064346,"data":"[04:04:05] SUMMARY: files=296 wavs=269 train_rc=0 gen_rc=0\n"}
,{"stream_name":"stdout","time":14646.214410981,"data":"[04:04:05] FINAL_ITER=79575\n"}
,{"stream_name":"stdout","time":14646.214434,"data":"[04:04:05] ALL_DONE\n"}
,{"stream_name":"stderr","time":14649.576799963,"data":"/usr/local/lib/python3.12/dist-packages/mistune.py:435: SyntaxWarning: invalid escape sequence '\\|'\n"}
,{"stream_name":"stderr","time":14649.576864405,"data":"  cells[i][c] = re.sub('\\\\\\\\\\|', '|', cell)\n"}
,{"stream_name":"stderr","time":14649.825142775,"data":"/usr/local/lib/python3.12/dist-packages/nbconvert/filters/filter_links.py:36: SyntaxWarning: invalid escape sequence '\\_'\n"}
,{"stream_name":"stderr","time":14649.825181142,"data":"  text = re.sub(r'_', '\\_', text) # Escape underscores in display text\n"}
,{"stream_name":"stderr","time":14650.473206671,"data":"[NbConvertApp] Converting notebook __script__.ipynb to html\n"}
,{"stream_name":"stderr","time":14652.003078384,"data":"[NbConvertApp] Writing 537976 bytes to __results__.html\n"}
]