iter,phase,loss,mel,durs,pitch,ctc,bin,score,fmatch,loss_d,secs,it_per_s,skipped,lr
1,warmup,42.45212,33.86995,3.83408,1.53674,5.66746,2.37763,0.00000,0.00000,0.00000,5.8,0.1734,0,1.000000e-04
2,warmup,41.84462,33.61139,1.72452,0.96071,5.60377,2.36093,0.00000,0.00000,0.00000,6.2,0.2208,0,1.000000e-04
3,warmup,41.70635,33.56444,0.97037,1.10892,5.61939,2.31459,0.00000,0.00000,0.00000,7.1,0.2383,0,1.000000e-04
4,warmup,41.01863,32.71780,0.81542,0.89271,5.72795,2.40207,0.00000,0.00000,0.00000,8.0,0.2549,0,1.000000e-04
5,warmup,39.04307,30.96056,0.78414,0.99661,5.54673,2.35771,0.00000,0.00000,0.00000,8.8,0.2743,0,1.000000e-04
6,warmup,39.72107,31.43576,0.76287,0.89051,5.71707,2.40291,0.00000,0.00000,0.00000,10.0,0.2868,0,1.000000e-04
25,warmup,33.29330,25.63025,0.48139,0.73377,5.59862,1.94292,0.00000,0.00000,0.00000,22.5,0.7848,0,1.000000e-04
50,warmup,29.62325,22.25034,0.34286,0.54515,5.69725,1.58686,0.00000,0.00000,0.00000,35.9,1.4638,0,1.000000e-04
75,warmup,27.33425,20.03992,0.29699,0.62157,5.66629,1.53618,0.00000,0.00000,0.00000,46.1,2.0514,0,1.000000e-04
100,warmup,26.31068,18.99149,0.18180,0.59006,5.72014,1.52187,0.00000,0.00000,0.00000,55.8,2.4318,0,1.000000e-04
125,warmup,23.32672,16.11545,0.16912,0.57917,5.61170,1.52474,0.00000,0.00000,0.00000,64.8,2.6988,0,1.000000e-04
150,warmup,22.17591,14.79987,0.15150,0.47404,5.77663,1.53685,0.00000,0.00000,0.00000,73.7,2.8334,0,1.000000e-04
175,warmup,19.04593,11.87342,0.12985,0.58417,5.64029,1.46082,0.00000,0.00000,0.00000,80.9,3.2083,0,1.000000e-04
200,warmup,18.44442,11.43053,0.11798,1.03181,5.46679,1.43212,0.00000,0.00000,0.00000,89.0,3.2774,0,1.000000e-04
225,warmup,17.40693,10.10199,0.12197,0.68292,5.71624,1.50820,0.00000,0.00000,0.00000,96.3,3.4466,0,1.000000e-04
250,warmup,16.88620,9.73319,0.10716,0.54004,5.63291,1.45538,0.00000,0.00000,0.00000,103.1,3.6560,0,1.000000e-04
275,warmup,15.11450,7.91986,0.12397,0.51972,5.65289,1.47737,0.00000,0.00000,0.00000,109.9,3.8056,0,1.000000e-04
300,warmup,14.80509,7.68530,0.08650,0.59934,5.61595,1.43524,0.00000,0.00000,0.00000,117.0,3.8027,0,1.000000e-04
325,warmup,13.88785,6.80899,0.11201,0.45077,5.59109,1.43150,0.00000,0.00000,0.00000,124.3,3.7511,0,1.000000e-04
350,warmup,13.30171,6.13649,0.08319,0.42439,5.60699,1.50747,0.00000,0.00000,0.00000,130.4,3.9692,0,1.000000e-04
375,warmup,13.38756,6.22828,0.08288,0.52994,5.56175,1.53625,0.00000,0.00000,0.00000,136.9,4.0486,0,1.000000e-04
400,warmup,12.96021,5.83449,0.10660,0.53762,5.52511,1.53620,0.00000,0.00000,0.00000,143.9,3.9968,0,1.000000e-04
425,warmup,12.31424,5.37052,0.08109,0.63081,5.36837,1.50416,0.00000,0.00000,0.00000,151.8,4.0286,0,1.000000e-04
450,warmup,12.77915,5.53136,0.08568,0.46406,5.71115,1.48167,0.00000,0.00000,0.00000,157.9,4.1610,0,1.000000e-04
475,warmup,12.03017,5.01232,0.09942,0.50288,5.44099,1.51662,0.00000,0.00000,0.00000,163.5,4.3386,0,1.000000e-04
500,warmup,12.08218,5.04241,0.07911,0.35949,5.54743,1.44848,0.00000,0.00000,0.00000,169.1,4.4325,0,1.000000e-04
525,warmup,11.77923,4.55644,0.07391,0.45174,5.71766,1.45256,0.00000,0.00000,0.00000,175.4,4.3689,0,1.000000e-04
550,warmup,11.71910,4.63424,0.08987,0.59204,5.51757,1.49910,0.00000,0.00000,0.00000,181.5,4.3413,0,1.000000e-04
575,warmup,11.99888,5.06204,0.07805,0.54802,5.43052,1.44372,0.00000,0.00000,0.00000,187.7,4.3329,0,1.000000e-04
600,warmup,11.86853,4.83320,0.06869,0.58215,5.49123,1.47901,0.00000,0.00000,0.00000,194.6,4.1765,0,1.000000e-04
625,warmup,12.11432,4.94710,0.07359,0.48673,5.58677,1.52441,0.00000,0.00000,0.00000,200.5,4.2797,0,1.000000e-04
650,warmup,11.57289,4.61778,0.07188,0.59446,5.50195,1.38652,0.00000,0.00000,0.00000,206.5,4.3477,0,1.000000e-04
675,warmup,12.13303,4.99479,0.06176,0.45950,5.68407,1.40203,0.00000,0.00000,0.00000,212.2,4.4214,0,1.000000e-04
700,warmup,11.76653,4.67228,0.06759,0.43077,5.51216,1.53226,0.00000,0.00000,0.00000,218.7,4.3329,0,1.000000e-04
725,warmup,11.22154,4.30021,0.09750,0.53142,5.40776,1.45069,0.00000,0.00000,0.00000,224.6,4.3758,0,1.000000e-04
750,warmup,11.95955,4.90640,0.08065,0.72840,5.53071,1.44153,0.00000,0.00000,0.00000,230.5,4.3923,0,1.000000e-04
775,warmup,11.78510,4.62441,0.06060,0.53650,5.61879,1.48219,0.00000,0.00000,0.00000,236.2,4.4546,0,1.000000e-04
800,warmup,11.20155,4.13832,0.08084,0.51599,5.58086,1.42268,0.00000,0.00000,0.00000,241.9,4.4800,0,1.000000e-04
825,warmup,11.69655,4.56164,0.07899,0.49648,5.59418,1.48318,0.00000,0.00000,0.00000,247.8,4.4471,0,1.000000e-04
850,warmup,11.99558,4.78300,0.08373,0.57625,5.61471,1.53188,0.00000,0.00000,0.00000,253.8,4.4116,0,1.000000e-04
875,warmup,11.35387,4.38768,0.06797,0.48770,5.50944,1.40119,0.00000,0.00000,0.00000,260.0,4.3398,0,1.000000e-04
900,warmup,11.64659,4.58892,0.07287,0.42988,5.53862,1.46877,0.00000,0.00000,0.00000,266.5,4.2059,0,1.000000e-04
925,warmup,11.25739,4.25723,0.09005,0.59904,5.46472,1.46654,0.00000,0.00000,0.00000,272.4,4.2983,0,1.000000e-04
950,warmup,10.76061,3.89380,0.07522,0.48434,5.33029,1.48056,0.00000,0.00000,0.00000,278.2,4.3761,0,1.000000e-04
975,warmup,11.19698,4.18326,0.07545,0.50442,5.44606,1.50967,0.00000,0.00000,0.00000,283.9,4.4292,0,1.000000e-04
1000,warmup,11.27301,4.27634,0.07488,0.55751,5.50692,1.42651,0.00000,0.00000,0.00000,289.9,4.4338,0,1.000000e-04
1025,warmup,11.86560,4.76073,0.06700,0.54568,5.68808,1.35554,0.00000,0.00000,0.00000,296.2,4.3758,0,1.000000e-04
1050,warmup,11.39581,4.31705,0.07008,0.47228,5.54878,1.47574,0.00000,0.00000,0.00000,302.4,4.3563,0,1.000000e-04
1075,warmup,11.33441,4.34400,0.07226,0.53972,5.60082,1.32839,0.00000,0.00000,0.00000,308.3,4.3607,0,1.000000e-04
1100,warmup,11.47986,4.68234,0.06221,0.41511,5.33809,1.41170,0.00000,0.00000,0.00000,314.1,4.3833,0,1.000000e-04
1125,warmup,11.30213,4.27297,0.07077,0.61806,5.48750,1.47279,0.00000,0.00000,0.00000,320.8,4.2652,0,1.000000e-04
1150,warmup,11.18507,4.06457,0.07064,0.64375,5.63652,1.41254,0.00000,0.00000,0.00000,326.6,4.2974,0,1.000000e-04
1175,warmup,10.90919,3.78384,0.10280,0.62923,5.53438,1.51776,0.00000,0.00000,0.00000,332.5,4.3390,0,1.000000e-04
1200,warmup,10.80906,3.93312,0.07866,0.50036,5.40643,1.41161,0.00000,0.00000,0.00000,338.2,4.3803,0,1.000000e-04
1225,warmup,11.03922,4.02499,0.07025,0.57629,5.52556,1.42401,0.00000,0.00000,0.00000,344.4,4.3125,0,1.000000e-04
1250,warmup,11.00478,4.21117,0.08254,0.67561,5.33757,1.38023,0.00000,0.00000,0.00000,349.6,5.0084,0,1.000000e-04
1275,warmup,11.10640,3.99081,0.08105,0.61883,5.54264,1.50296,0.00000,0.00000,0.00000,353.4,5.6742,0,1.000000e-04
1300,warmup,11.47914,4.47122,0.08090,0.67861,5.52519,1.40679,0.00000,0.00000,0.00000,357.3,6.0134,0,1.000000e-04
1325,warmup,11.70731,4.76026,0.08185,0.46370,5.46019,1.43230,0.00000,0.00000,0.00000,361.1,6.3226,0,1.000000e-04
1350,warmup,11.08560,4.28387,0.07450,0.40943,5.40771,1.34563,0.00000,0.00000,0.00000,364.9,6.4807,0,1.000000e-04
1375,warmup,11.24546,4.17557,0.07261,0.56627,5.56067,1.44534,0.00000,0.00000,0.00000,368.6,6.5927,0,1.000000e-04
1400,warmup,10.64635,3.78222,0.11123,0.52953,5.31921,1.48085,0.00000,0.00000,0.00000,372.4,6.6724,0,1.000000e-04
1425,warmup,11.02436,4.15547,0.07051,0.48714,5.37259,1.44054,0.00000,0.00000,0.00000,376.2,6.7098,0,1.000000e-04
1450,warmup,10.88870,3.75524,0.07892,0.67465,5.57984,1.47825,0.00000,0.00000,0.00000,380.0,6.6956,0,1.000000e-04
1475,warmup,10.84564,3.81008,0.06709,0.42761,5.56236,1.42373,0.00000,0.00000,0.00000,384.0,6.6287,0,1.000000e-04
1500,warmup,10.67912,3.84263,0.08219,0.54620,5.34542,1.42824,0.00000,0.00000,0.00000,387.9,6.6106,0,1.000000e-04
1525,warmup,10.84571,4.01003,0.08841,0.44305,5.39417,1.38837,0.00000,0.00000,0.00000,391.8,6.6727,0,1.000000e-04
1550,warmup,10.79528,3.78228,0.09636,0.52135,5.46321,1.48802,0.00000,0.00000,0.00000,397.1,6.5484,0,1.000000e-04
1575,warmup,11.47584,4.58515,0.08210,0.69454,5.38833,1.42470,0.00000,0.00000,0.00000,401.0,6.5706,0,1.000000e-04
1600,warmup,10.81955,3.73204,0.09429,0.37072,5.55075,1.49026,0.00000,0.00000,0.00000,405.1,6.5829,0,1.000000e-04
1625,warmup,11.45179,4.42658,0.07600,0.53672,5.55083,1.41311,0.00000,0.00000,0.00000,408.9,6.6165,0,1.000000e-04
1650,warmup,11.03829,4.01673,0.11009,0.72250,5.45605,1.48226,0.00000,0.00000,0.00000,412.7,6.6766,0,1.000000e-04
1675,warmup,11.14457,4.29077,0.07783,0.67833,5.40647,1.37171,0.00000,0.00000,0.00000,418.5,6.6261,0,1.000000e-04
1700,warmup,11.00491,3.99456,0.07328,0.51496,5.54360,1.40793,0.00000,0.00000,0.00000,422.2,6.7212,0,1.000000e-04
1725,warmup,10.48501,3.61130,0.08645,0.50085,5.35843,1.45654,0.00000,0.00000,0.00000,426.1,6.6499,0,1.000000e-04
1750,warmup,10.58852,3.66752,0.11447,0.52180,5.37233,1.48504,0.00000,0.00000,0.00000,430.0,6.6650,0,1.000000e-04
1775,warmup,11.15387,4.38039,0.07879,0.48307,5.38991,1.32739,0.00000,0.00000,0.00000,433.7,6.7271,0,1.000000e-04
1800,warmup,10.64736,3.72248,0.06625,0.59722,5.50363,1.35490,0.00000,0.00000,0.00000,437.6,6.6842,0,1.000000e-04
1825,warmup,11.03764,3.99672,0.07437,0.55907,5.59003,1.38754,0.00000,0.00000,0.00000,441.3,6.7289,0,1.000000e-04
1850,warmup,10.46696,3.54337,0.09167,0.53801,5.44501,1.41562,0.00000,0.00000,0.00000,445.2,6.6786,0,1.000000e-04
1875,warmup,10.93302,3.92134,0.07710,0.83884,5.47854,1.44155,0.00000,0.00000,0.00000,449.1,6.6143,0,1.000000e-04
1900,warmup,10.73012,3.74444,0.07737,0.63796,5.45188,1.46228,0.00000,0.00000,0.00000,454.5,6.5241,0,1.000000e-04
1925,warmup,10.39631,3.52503,0.07598,0.62595,5.39699,1.40409,0.00000,0.00000,0.00000,458.4,6.5544,0,1.000000e-04
1950,warmup,10.37881,3.46444,0.07884,0.41395,5.44090,1.42418,0.00000,0.00000,0.00000,462.1,6.6432,0,1.000000e-04
1975,warmup,10.70232,3.78041,0.07230,0.39693,5.51892,1.35607,0.00000,0.00000,0.00000,466.1,6.6582,0,1.000000e-04
2000,warmup,10.82249,3.82042,0.10973,0.51025,5.45219,1.48789,0.00000,0.00000,0.00000,469.8,6.7009,0,1.000000e-04
2025,gan,12.14787,3.94955,0.08957,0.54983,5.38586,1.39292,0.31663,0.08906,0.20882,516.4,6.3063,0,1.000000e-04
2050,gan,12.63102,4.36524,0.08208,0.53476,5.50304,1.37670,0.30852,0.09029,0.19718,520.7,6.1808,0,1.000000e-04
2075,gan,13.57708,4.42528,0.09321,0.36624,5.52922,1.48070,0.49641,0.11029,0.22093,525.1,6.0101,0,1.000000e-04
2100,gan,13.07489,4.65736,0.10067,0.56148,5.28255,1.36601,0.39949,0.10479,0.17868,529.6,5.8720,0,1.000000e-04
2125,gan,12.94509,4.33723,0.08214,0.63194,5.42930,1.36601,0.41138,0.09561,0.20533,534.1,5.7798,0,1.000000e-04
2150,gan,13.24734,4.41511,0.09416,0.45064,5.38688,1.45933,0.45704,0.10337,0.19891,538.5,5.7618,0,1.000000e-04
2175,gan,12.90004,4.42266,0.10675,0.44630,5.39973,1.51360,0.35454,0.09059,0.21555,543.0,5.7279,0,1.000000e-04
2200,gan,12.91093,4.82157,0.08354,0.50822,5.28401,1.35632,0.32560,0.08745,0.24796,547.5,5.6929,0,1.000000e-04
2225,gan,13.28625,4.66379,0.10067,0.48948,5.46952,1.46037,0.38407,0.09726,0.19663,551.9,5.7240,0,1.000000e-04
2250,gan,13.11808,4.64189,0.10491,0.57689,5.40077,1.45899,0.36533,0.08693,0.19640,556.3,5.7416,0,1.000000e-04
2275,gan,13.33734,4.92179,0.09621,0.53838,5.37050,1.41557,0.36911,0.08958,0.22411,560.6,5.7930,0,1.000000e-04
2300,gan,13.38709,4.51406,0.08627,0.51441,5.51642,1.41647,0.44501,0.10004,0.19694,565.1,5.7832,0,1.000000e-04
2325,gan,13.13854,4.47589,0.10313,0.56224,5.46051,1.49908,0.38614,0.09198,0.22306,569.5,5.8271,0,1.000000e-04
2350,gan,13.36056,4.71136,0.11599,0.47784,5.32872,1.45340,0.42746,0.09784,0.23141,573.8,5.8818,0,1.000000e-04
2375,gan,13.60313,4.87070,0.11219,0.53939,5.25621,1.40422,0.47539,0.10529,0.23560,578.1,5.9074,0,1.000000e-04
2400,gan,12.96378,4.22134,0.13789,0.53831,5.31658,1.48012,0.44304,0.10597,0.20334,582.2,5.9768,0,1.000000e-04
2425,gan,13.48238,4.29452,0.13081,0.62532,5.41998,1.48978,0.52244,0.11274,0.24324,586.5,5.9875,0,1.000000e-04
2450,gan,13.92829,4.45635,0.08752,0.45496,5.48807,1.40321,0.60158,0.12010,0.24943,590.9,5.9400,0,1.000000e-04
2475,gan,13.94361,4.85938,0.08574,0.50681,5.24868,1.32748,0.58073,0.12591,0.23723,595.8,5.9252,0,1.000000e-04
2500,gan,12.39520,4.35375,0.09882,0.59167,5.36424,1.43333,0.27007,0.09454,0.24688,600.1,5.9170,0,1.000000e-04
2525,gan,13.75468,5.10168,0.09082,0.48156,5.55802,1.35935,0.39389,0.10285,0.21957,604.5,5.9714,0,1.000000e-04
2550,gan,12.50027,4.48181,0.08930,0.55093,5.41313,1.40880,0.26015,0.09190,0.22604,608.8,5.9250,0,1.000000e-04
2575,gan,13.60628,4.87178,0.09722,0.87325,5.46190,1.44056,0.40712,0.10653,0.19013,613.1,5.9268,0,1.000000e-04
2600,gan,13.58949,4.93477,0.12360,0.61184,5.38302,1.48617,0.40232,0.10270,0.19766,617.4,5.9071,0,1.000000e-04
2625,gan,12.90466,4.52608,0.08766,0.47779,5.37778,1.35517,0.37293,0.09736,0.21892,621.7,5.9063,0,1.000000e-04
2650,gan,13.18580,4.57832,0.10964,0.58575,5.28494,1.44224,0.42697,0.10287,0.21689,626.1,5.8451,0,1.000000e-04
2675,gan,12.73617,4.47033,0.10441,0.59272,5.33829,1.46523,0.32482,0.09331,0.21130,630.5,5.8215,0,1.000000e-04
2700,gan,12.96781,4.27323,0.14429,0.42244,5.22516,1.47856,0.45697,0.10632,0.20875,634.9,5.8324,0,1.000000e-04
2725,gan,13.01033,4.43993,0.10824,0.51769,5.49107,1.44780,0.36674,0.10195,0.22020,639.5,5.7536,0,1.000000e-04
2750,gan,13.74371,4.62660,0.12278,0.51889,5.33733,1.49446,0.52606,0.11691,0.25212,643.8,5.8205,0,1.000000e-04
2775,gan,12.83384,4.65514,0.08929,0.62338,5.47983,1.37371,0.28884,0.09855,0.21016,648.2,5.8207,0,1.000000e-04
2800,gan,12.61543,4.33111,0.11434,0.57380,5.22159,1.45158,0.36130,0.09714,0.23009,652.5,5.8485,0,1.000000e-04
2825,gan,13.09842,4.63066,0.10137,0.61550,5.15667,1.39616,0.43399,0.10728,0.22086,657.0,5.8152,0,1.000000e-04
2850,gan,12.67075,4.35182,0.11569,0.53800,5.32441,1.42966,0.35124,0.09454,0.21265,661.3,5.8602,0,1.000000e-04
2875,gan,12.90426,4.39688,0.11065,0.60359,5.26102,1.40764,0.41478,0.10818,0.20789,665.5,5.9251,0,1.000000e-04
2900,gan,12.95095,4.58633,0.12825,0.62451,5.30820,1.46132,0.35545,0.09801,0.23000,669.8,5.9521,0,1.000000e-04
2925,gan,13.66896,4.08425,0.09656,0.58147,5.51917,1.41118,0.61457,0.12826,0.24265,674.0,5.9906,0,1.000000e-04
2950,gan,12.48168,4.34786,0.08819,0.62580,5.37193,1.30499,0.32340,0.09189,0.21267,678.2,5.9917,0,1.000000e-04
2975,gan,13.08822,4.57158,0.10459,0.33840,5.34537,1.45337,0.39344,0.09985,0.22058,682.5,5.9735,0,1.000000e-04
3000,gan,13.01609,4.55002,0.13288,0.54121,5.29394,1.40883,0.39860,0.10151,0.22574,686.8,5.9491,0,1.000000e-04
3025,gan,12.72392,4.30860,0.11508,0.45675,5.55992,1.46192,0.31150,0.09030,0.20422,691.2,5.9314,0,1.000000e-04
3050,gan,13.09910,4.22424,0.10854,0.41958,5.33037,1.43793,0.48677,0.10665,0.23041,696.8,5.8052,0,1.000000e-04
3075,gan,14.09450,4.73684,0.14061,0.50751,5.28677,1.49084,0.59696,0.12740,0.24402,701.1,5.8702,0,1.000000e-04
3100,gan,12.95721,4.42433,0.09949,0.51281,5.42845,1.39616,0.38733,0.09770,0.23879,705.4,5.8627,0,1.000000e-04
3125,gan,12.30891,4.33321,0.10318,0.56647,5.38301,1.37852,0.26480,0.08801,0.22255,709.7,5.9076,0,1.000000e-04
3150,gan,13.41483,4.60595,0.13589,0.49522,5.43921,1.50681,0.42325,0.10677,0.22105,714.1,5.8710,0,1.000000e-04
3175,gan,12.23561,4.26670,0.12108,0.48655,5.42837,1.46523,0.22979,0.09540,0.24220,718.6,5.8479,0,1.000000e-04
3200,gan,13.69528,4.43089,0.15180,0.51873,5.33919,1.53025,0.55131,0.12266,0.23630,722.9,5.8373,0,1.000000e-04
3225,gan,12.56809,4.18074,0.12772,0.47762,5.20860,1.41165,0.40179,0.09939,0.21644,727.3,5.8271,0,1.000000e-04
3250,gan,12.40165,4.50118,0.11782,0.53027,5.25729,1.35167,0.28445,0.08891,0.21137,731.5,5.8977,0,1.000000e-04
3275,gan,12.41465,4.15143,0.10660,0.37514,5.45231,1.35303,0.32991,0.09008,0.20335,735.8,5.9305,0,1.000000e-04
3300,gan,12.64383,4.21888,0.11709,0.60402,5.40007,1.45787,0.35013,0.09439,0.19274,740.1,5.8984,0,1.000000e-04
3325,gan,13.24329,4.40752,0.13046,0.51163,5.24279,1.44522,0.49382,0.10829,0.23897,744.4,5.9455,0,1.000000e-04
3350,gan,13.32417,4.41578,0.12190,0.58721,5.30139,1.45834,0.49131,0.11250,0.23168,748.6,5.9399,0,1.000000e-04
3375,gan,13.18155,4.42090,0.14401,0.49782,5.46956,1.48662,0.40959,0.10192,0.20320,752.9,5.9385,0,1.000000e-04
3400,gan,13.07012,4.35868,0.13495,0.60471,5.11422,1.45759,0.48802,0.11357,0.21411,757.2,5.9250,0,1.000000e-04
3425,gan,12.64548,4.34370,0.12006,0.63991,5.34270,1.40603,0.34677,0.08998,0.23054,761.6,5.9007,0,1.000000e-04
3450,gan,11.80272,3.91736,0.12751,0.44144,5.22799,1.41228,0.27549,0.08623,0.22074,765.9,5.8892,0,1.000000e-04
3475,gan,12.45172,4.55252,0.12478,0.50519,5.21533,1.38718,0.28464,0.09513,0.22541,770.3,5.8702,0,1.000000e-04
3500,gan,12.34078,4.31608,0.14372,0.48035,5.17849,1.42217,0.31649,0.09568,0.21967,774.6,5.8425,0,1.000000e-04
3525,gan,12.82082,4.21887,0.10554,0.53429,5.50773,1.38286,0.38789,0.09581,0.20906,779.1,5.8470,0,1.000000e-04
3550,gan,12.34539,4.31588,0.11778,0.46244,5.42273,1.44636,0.25285,0.09099,0.25476,783.4,5.8876,0,1.000000e-04
3575,gan,12.68222,4.39303,0.08444,0.69329,5.45793,1.33407,0.33157,0.09316,0.20684,787.8,5.8178,0,1.000000e-04
3600,gan,13.24779,4.21612,0.15675,0.38850,5.31232,1.46270,0.52276,0.11110,0.24764,792.1,5.8601,0,1.000000e-04
3625,gan,12.46559,4.31287,0.10742,0.82596,5.49342,1.37172,0.27764,0.08369,0.22063,796.4,5.8848,0,1.000000e-04
3650,gan,12.76955,4.10186,0.10026,0.64306,5.48263,1.43996,0.39391,0.09514,0.22095,800.7,5.8864,0,1.000000e-04
3675,gan,13.03795,4.34830,0.10621,0.49753,5.40569,1.36974,0.43730,0.10462,0.21095,804.9,5.9434,0,1.000000e-04
3700,gan,13.22954,4.50618,0.15118,0.59669,5.28428,1.45992,0.44895,0.10856,0.18987,810.2,5.7881,0,1.000000e-04
3725,gan,13.30209,4.63457,0.11679,0.60399,5.46997,1.41622,0.40335,0.09583,0.23988,814.5,5.8443,0,1.000000e-04
3750,gan,11.93641,3.99964,0.10643,0.69045,5.21067,1.33568,0.30694,0.08298,0.21668,818.8,5.8803,0,1.000000e-04
3775,gan,12.69406,4.58175,0.10519,0.48789,5.40634,1.29475,0.31474,0.09297,0.21543,823.3,5.8073,0,1.000000e-04
3800,gan,11.78989,3.85197,0.13582,0.40796,5.35868,1.44333,0.24910,0.08516,0.24589,827.5,5.8507,0,1.000000e-04
3825,gan,12.86624,4.51244,0.12976,0.46451,5.43373,1.37816,0.34761,0.09205,0.21302,831.8,5.9131,0,1.000000e-04
3850,gan,12.79955,4.39320,0.13799,0.57511,5.33265,1.45979,0.36291,0.09095,0.21675,836.1,5.8934,0,1.000000e-04
3875,gan,12.18052,4.24113,0.12142,0.62070,5.33312,1.36144,0.27174,0.08367,0.22167,840.4,5.9209,0,1.000000e-04
3900,gan,12.75012,4.31787,0.12895,0.50894,5.41905,1.39973,0.36412,0.09322,0.21031,844.7,5.9283,0,1.000000e-04
3925,gan,11.97733,3.94057,0.13247,0.53514,5.25247,1.43270,0.30173,0.07791,0.22707,848.9,5.9319,0,1.000000e-04
3950,gan,12.61732,4.39254,0.11736,0.62614,5.43875,1.37740,0.31183,0.08695,0.23328,853.2,5.9542,0,1.000000e-04
3975,gan,12.42087,4.46764,0.12016,0.61231,5.32880,1.33265,0.28405,0.08232,0.22879,857.5,5.9177,0,1.000000e-04
4000,gan,12.71128,4.30099,0.14934,0.46229,5.27553,1.50560,0.36927,0.09093,0.22408,861.9,5.9000,0,1.000000e-04
4025,gan,12.52776,4.50594,0.13168,0.69299,5.33721,1.37534,0.28557,0.08450,0.22113,879.2,5.9256,0,1.000000e-04
4050,gan,12.27031,4.24569,0.12226,0.54013,5.29400,1.31410,0.31625,0.08527,0.20095,883.3,6.0022,0,1.000000e-04
4075,gan,12.95982,4.34562,0.16493,0.51575,5.42444,1.48702,0.38599,0.09072,0.22923,887.6,5.9734,0,1.000000e-04
4100,gan,12.03624,4.16516,0.11222,0.56602,5.30067,1.36968,0.26196,0.08504,0.22804,891.9,5.9436,0,1.000000e-04
4125,gan,11.92606,4.07339,0.14134,0.57809,5.33513,1.35214,0.25243,0.08371,0.24193,896.2,5.9190,0,1.000000e-04
4150,gan,12.26063,4.19432,0.16297,0.56137,5.24926,1.47870,0.29580,0.08270,0.22398,900.5,5.9219,0,1.000000e-04
4175,gan,13.33604,4.72740,0.13373,0.39854,5.21665,1.39022,0.46260,0.09816,0.24397,904.8,5.9194,0,1.000000e-04
4200,gan,13.04709,4.60791,0.13914,0.47717,5.32584,1.38630,0.39233,0.09608,0.22188,909.1,5.9329,0,1.000000e-04
4225,gan,12.01558,3.97285,0.13146,0.46152,5.28836,1.38425,0.30754,0.08065,0.23640,913.4,5.9294,0,1.000000e-04
4250,gan,12.05857,3.93792,0.13532,0.49595,5.22303,1.38999,0.33904,0.08833,0.20656,917.7,5.8847,0,1.000000e-04
4275,gan,12.34851,4.17919,0.19107,0.44223,5.30684,1.48162,0.30992,0.07784,0.24603,922.1,5.8564,0,1.000000e-04
4300,gan,12.24207,4.11038,0.16755,0.60778,5.43517,1.46773,0.26800,0.07927,0.22850,926.5,5.8598,0,1.000000e-04
4325,gan,11.61673,3.88946,0.17760,0.49012,5.15674,1.48308,0.23311,0.08824,0.24055,930.9,5.8653,0,1.000000e-04
4350,gan,12.20535,3.97749,0.14511,0.49237,5.25373,1.37954,0.36074,0.08789,0.22439,935.3,5.8282,0,1.000000e-04
4375,gan,12.87002,4.23400,0.15967,0.46345,5.30995,1.47890,0.42252,0.09478,0.22588,941.6,5.7911,0,1.000000e-04
4400,gan,12.49640,4.09892,0.12173,0.75337,5.31681,1.36210,0.38421,0.09422,0.19399,945.8,5.8691,0,1.000000e-04
4425,gan,12.22109,4.25012,0.14241,0.56321,5.38203,1.37496,0.26621,0.07860,0.22842,950.0,5.9321,0,1.000000e-04
4450,gan,12.02148,3.96686,0.16030,0.61001,5.36194,1.40711,0.28193,0.08080,0.21506,954.3,5.9384,0,1.000000e-04
4475,gan,11.82236,3.97663,0.13783,0.56362,5.44669,1.33705,0.22764,0.08129,0.22994,958.6,5.9250,0,1.000000e-04
4500,gan,12.55664,4.27625,0.14360,0.54147,5.27187,1.44562,0.35301,0.08236,0.22651,963.0,5.8913,0,1.000000e-04
4525,gan,11.79155,4.03666,0.15524,0.45056,5.21945,1.39942,0.24875,0.08043,0.23201,967.4,5.8884,0,1.000000e-04
4550,gan,11.93868,4.17388,0.13606,0.56123,5.36586,1.37066,0.21818,0.08582,0.24178,971.7,5.9169,0,1.000000e-04
4575,gan,12.20067,4.21056,0.15769,0.55442,5.28640,1.38735,0.29244,0.07539,0.22595,975.9,5.9659,0,1.000000e-04
4600,gan,12.56116,4.11685,0.15570,0.48371,5.20020,1.37198,0.42985,0.08881,0.24072,980.1,5.9928,0,1.000000e-04
4625,gan,12.29786,4.21604,0.14646,0.51865,5.48433,1.43326,0.25608,0.07340,0.23286,984.5,5.9310,0,1.000000e-04
4650,gan,12.29766,4.31212,0.15209,0.52291,5.24499,1.39957,0.29843,0.07976,0.21504,990.3,5.8608,0,1.000000e-04
4675,gan,11.82759,3.98170,0.13205,0.41161,5.30273,1.37272,0.25960,0.07768,0.24586,994.7,5.8259,0,1.000000e-04
4700,gan,12.06625,3.88655,0.15598,0.69229,5.29232,1.40027,0.33187,0.07480,0.23080,999.1,5.8172,0,1.000000e-04
4725,gan,12.31413,4.00940,0.16407,0.65828,5.21895,1.44743,0.37006,0.07590,0.22747,1003.5,5.8246,0,1.000000e-04
4750,gan,12.08671,4.08116,0.12059,0.54852,5.32554,1.39470,0.28504,0.07824,0.24337,1009.0,5.7635,0,1.000000e-04
4775,gan,11.88962,3.89797,0.14015,0.60899,5.33671,1.36540,0.28541,0.07298,0.22195,1013.5,5.7590,0,1.000000e-04
4800,gan,12.12163,4.01560,0.16242,0.45940,5.33345,1.44956,0.29657,0.07455,0.20760,1017.9,5.8105,0,1.000000e-04
4825,gan,13.09604,4.19243,0.17992,0.58275,5.28043,1.47342,0.49379,0.09834,0.23065,1022.2,5.8314,0,1.000000e-04
4850,gan,12.57936,4.55045,0.15311,0.40861,5.29295,1.39830,0.30154,0.07532,0.20368,1026.5,5.8677,0,1.000000e-04
4875,gan,12.31343,4.23242,0.17001,0.62007,5.43714,1.40477,0.27060,0.07766,0.24235,1030.8,5.8771,0,1.000000e-04
4900,gan,12.38775,4.16288,0.18180,0.67938,5.38193,1.48000,0.30187,0.06936,0.21644,1035.2,5.8647,0,1.000000e-04
4925,gan,11.99162,4.04463,0.13961,0.49682,5.39050,1.41882,0.24886,0.07860,0.25343,1039.4,5.9138,0,1.000000e-04
4950,gan,12.01221,4.07885,0.14431,0.45487,5.37855,1.32757,0.27377,0.07224,0.22454,1044.5,5.8521,0,1.000000e-04
4975,gan,12.33721,4.10715,0.14593,0.53269,5.40985,1.42042,0.31559,0.06956,0.23191,1048.9,5.8366,0,1.000000e-04
5000,gan,11.82344,3.91687,0.16232,0.50751,5.16564,1.49187,0.27707,0.07380,0.24654,1053.3,5.7993,0,1.000000e-04
5025,gan,11.96762,3.91025,0.20637,0.56817,5.25196,1.43193,0.30575,0.07303,0.21833,1057.9,5.8615,0,1.000000e-04
5050,gan,12.25481,3.88811,0.24267,0.53155,5.28089,1.58711,0.33728,0.07217,0.22839,1062.3,5.8388,0,1.000000e-04
5075,gan,12.11622,4.15192,0.14393,0.50633,5.32977,1.34643,0.28863,0.06857,0.21039,1066.6,5.8777,0,1.000000e-04
5100,gan,12.55754,3.99953,0.15521,0.48654,5.37302,1.37948,0.41448,0.08343,0.20041,1070.8,5.9044,0,1.000000e-04
5125,gan,11.69294,3.68646,0.13266,0.45282,5.24790,1.35238,0.32038,0.06614,0.22371,1075.1,5.9252,0,1.000000e-04
5150,gan,12.33252,3.85351,0.16266,0.55899,5.32878,1.41474,0.39569,0.08055,0.21347,1079.4,5.9437,0,1.000000e-04
5175,gan,12.51136,3.84992,0.17747,0.45807,5.19385,1.44193,0.46831,0.08887,0.21706,1085.1,5.9160,0,1.000000e-04
5200,gan,11.98800,3.75689,0.14825,0.50045,5.17774,1.35494,0.38942,0.07587,0.21338,1089.4,5.9398,0,1.000000e-04
5225,gan,13.11450,4.17254,0.13728,0.56652,5.39572,1.33092,0.51221,0.09611,0.22306,1093.9,5.8700,0,1.000000e-04
5250,gan,12.29385,3.97636,0.18414,0.58717,5.01013,1.41988,0.43245,0.08056,0.23052,1098.2,5.8796,0,1.000000e-04
5275,gan,11.26902,3.61083,0.18225,0.59317,5.08187,1.47918,0.23700,0.07159,0.26245,1102.5,5.8986,0,1.000000e-04
5300,gan,12.35230,3.72013,0.18018,0.47468,5.17766,1.40009,0.47464,0.09037,0.22225,1106.8,5.8708,0,1.000000e-04
5325,gan,12.06139,4.35446,0.15822,0.61106,5.31194,1.34152,0.22575,0.07352,0.22668,1111.1,5.9033,0,1.000000e-04
5350,gan,12.06562,3.92129,0.16249,0.68489,5.25001,1.39008,0.33739,0.06995,0.22305,1115.4,5.8762,0,1.000000e-04
5375,gan,12.29950,4.22398,0.15657,0.62124,5.38881,1.39736,0.28598,0.06767,0.20542,1119.8,5.8438,0,1.000000e-04
5400,gan,12.68058,3.91431,0.20802,0.54251,5.24820,1.51764,0.45888,0.08985,0.22040,1124.1,5.8694,0,1.000000e-04
5425,gan,11.66302,3.84274,0.23724,0.68584,5.16577,1.47244,0.25553,0.06764,0.22611,1128.5,5.8470,0,1.000000e-04
5450,gan,13.25688,4.00112,0.15170,0.54147,5.41395,1.37140,0.57577,0.09801,0.23928,1132.7,5.9516,0,1.000000e-04
5475,gan,12.14382,3.83787,0.18942,0.42692,5.13308,1.42047,0.40417,0.07410,0.23471,1137.0,5.9296,0,1.000000e-04
5500,gan,12.61127,3.88565,0.18021,0.53945,5.23668,1.41764,0.47805,0.08714,0.21880,1141.5,5.8337,0,1.000000e-04
5525,gan,12.67213,4.24585,0.18744,0.50750,5.12344,1.42862,0.43215,0.07614,0.23987,1146.0,5.8513,0,1.000000e-04
5550,gan,12.24524,3.86355,0.18197,0.53460,5.37659,1.41381,0.36227,0.07057,0.22151,1150.3,5.8716,0,1.000000e-04
5575,gan,11.86645,3.63924,0.18466,0.67869,5.08531,1.45504,0.38282,0.06926,0.23941,1154.5,5.9058,0,1.000000e-04
5600,gan,12.22332,3.95724,0.17222,0.55099,5.21966,1.37761,0.38092,0.07281,0.21810,1158.9,5.8869,0,1.000000e-04
5625,gan,12.66566,3.86996,0.19106,0.50944,5.29762,1.48891,0.46414,0.08257,0.21364,1163.4,5.8298,0,1.000000e-04
5650,gan,12.69798,4.02608,0.22865,0.47857,5.26496,1.50686,0.43657,0.08308,0.20261,1167.7,5.8722,0,1.000000e-04
5675,gan,11.86956,4.08046,0.16640,0.54787,5.06203,1.40748,0.29648,0.06224,0.22324,1171.9,5.9453,0,1.000000e-04
5700,gan,11.72344,3.79337,0.14443,0.38926,5.22306,1.39291,0.29897,0.06484,0.21478,1176.1,5.9479,0,1.000000e-04
5725,gan,11.44155,3.71978,0.15938,0.49164,5.12474,1.37408,0.27338,0.06433,0.22700,1180.4,5.9291,0,1.000000e-04
5750,gan,12.52408,4.13413,0.15787,0.62309,5.51712,1.38496,0.33521,0.06894,0.22659,1184.7,5.9155,0,1.000000e-04
5775,gan,11.86784,3.95020,0.16380,0.37716,5.27157,1.45451,0.26817,0.06479,0.23760,1189.0,5.9553,0,1.000000e-04
5800,gan,12.65191,3.96618,0.16412,0.50437,5.38542,1.31366,0.45872,0.08491,0.18617,1193.3,5.9336,0,1.000000e-04
5825,gan,11.54728,3.53138,0.17787,0.46541,5.27413,1.41667,0.29975,0.06176,0.21628,1197.5,5.9616,0,1.000000e-04
5850,gan,12.46119,3.71223,0.17693,0.49581,5.15894,1.37513,0.51482,0.08833,0.20632,1202.0,5.9022,0,1.000000e-04
5875,gan,12.13105,4.01953,0.16399,0.57377,5.33496,1.39925,0.31008,0.06322,0.22373,1206.3,5.8934,0,1.000000e-04
5900,gan,12.04252,3.69999,0.15050,0.54961,5.34801,1.44248,0.35346,0.06817,0.21711,1210.6,5.9057,0,1.000000e-04
5925,gan,11.75138,4.08345,0.15539,0.47766,5.11419,1.36247,0.26671,0.06114,0.22616,1215.0,5.8679,0,1.000000e-04
5950,gan,11.63077,3.89247,0.17388,0.38467,5.14872,1.44411,0.25575,0.06664,0.22863,1219.4,5.8344,0,1.000000e-04
5975,gan,12.23878,3.69132,0.18111,0.44792,5.39481,1.47089,0.38689,0.07129,0.21598,1223.7,5.8564,0,1.000000e-04
6000,gan,12.29927,3.94862,0.17186,0.64567,5.39782,1.39934,0.35083,0.06840,0.19676,1228.0,5.8584,0,1.000000e-04
6025,gan,11.91113,3.61999,0.21585,0.60405,5.16993,1.49216,0.37033,0.06574,0.22907,1245.2,5.8802,0,1.000000e-04
6050,gan,11.90060,3.55547,0.21330,0.44444,5.08934,1.50472,0.40379,0.07015,0.20792,1249.5,5.8639,0,1.000000e-04
6075,gan,12.89323,4.11870,0.18357,0.46000,5.06683,1.35511,0.54818,0.09552,0.25118,1254.0,5.8479,0,1.000000e-04
6100,gan,12.39571,4.09129,0.15277,0.57392,5.45954,1.38344,0.33096,0.06492,0.20041,1258.2,5.9048,0,1.000000e-04
6125,gan,11.80971,3.84678,0.16982,0.47848,5.42381,1.42912,0.24532,0.06389,0.24490,1262.6,5.8960,0,1.000000e-04
6150,gan,12.28304,3.75313,0.17044,0.58861,5.30366,1.42144,0.41303,0.07681,0.21140,1266.9,5.8869,0,1.000000e-04
6175,gan,12.02786,3.82183,0.19373,0.52200,5.31190,1.50339,0.31473,0.06026,0.21068,1272.0,5.7831,0,1.000000e-04
6200,gan,12.14358,3.51366,0.20709,0.48239,5.25890,1.48496,0.43544,0.07538,0.22341,1276.4,5.7990,0,1.000000e-04
6225,gan,11.59938,3.38559,0.18395,0.45221,5.34619,1.48529,0.31547,0.05684,0.22539,1280.7,5.8650,0,1.000000e-04
6250,gan,11.90104,3.83327,0.19029,0.55254,5.18853,1.42979,0.32788,0.06362,0.19458,1285.0,5.8692,0,1.000000e-04
6275,gan,12.09831,3.50753,0.18137,0.66539,5.37717,1.43408,0.40530,0.07368,0.21551,1289.5,5.8501,0,1.000000e-04
6300,gan,12.06164,4.01533,0.15046,0.49377,5.38351,1.34667,0.29666,0.06506,0.23775,1293.9,5.8251,0,1.000000e-04
6325,gan,12.09090,3.78372,0.17863,0.46983,5.36371,1.43199,0.34475,0.06764,0.20405,1298.4,5.8138,0,1.000000e-04
6350,gan,12.31822,3.93683,0.17326,0.50684,5.29935,1.39786,0.38619,0.07140,0.20150,1302.6,5.8571,0,1.000000e-04
6375,gan,11.36949,3.58933,0.17149,0.50258,5.22372,1.40384,0.25690,0.05757,0.21131,1307.1,5.8670,0,1.000000e-04
6400,gan,11.67617,3.49226,0.21001,0.50315,5.18118,1.48504,0.34599,0.06241,0.20843,1311.4,5.9028,0,1.000000e-04
6425,gan,11.83954,3.78054,0.17020,0.60972,5.33824,1.40425,0.29407,0.06225,0.20825,1315.6,5.9448,0,1.000000e-04
6450,gan,12.00745,3.90986,0.16486,0.57995,5.37648,1.44347,0.28581,0.05991,0.22016,1320.0,5.9135,0,1.000000e-04
6475,gan,12.32312,4.03340,0.16568,0.48706,5.22096,1.44941,0.37139,0.06850,0.25305,1324.3,5.8994,0,1.000000e-04
6500,gan,11.74216,3.80707,0.18281,0.49763,5.12139,1.46170,0.30565,0.06135,0.21920,1328.5,5.9340,0,1.000000e-04
6525,gan,12.25153,3.96706,0.15754,0.53098,5.32193,1.44572,0.34524,0.06700,0.20091,1332.9,5.9793,0,1.000000e-04
6550,gan,11.61543,3.89879,0.16945,0.54152,5.17971,1.40749,0.24909,0.06199,0.23509,1337.2,5.9458,0,1.000000e-04
6575,gan,11.97613,3.42592,0.21565,0.43029,5.11122,1.51019,0.44783,0.07289,0.22889,1341.6,5.8823,0,1.000000e-04
6600,gan,12.15063,4.03020,0.19412,0.64489,5.11824,1.46207,0.34853,0.06211,0.26051,1345.9,5.9135,0,1.000000e-04
6625,gan,11.48865,3.73263,0.18651,0.74172,5.14083,1.34671,0.27845,0.06187,0.22980,1350.2,5.9015,0,1.000000e-04
6650,gan,12.33434,3.98970,0.17595,0.54979,5.28374,1.40970,0.37776,0.06759,0.21421,1354.5,5.9206,0,1.000000e-04
6675,gan,12.33576,3.79008,0.18253,0.60464,5.34237,1.45934,0.39797,0.07335,0.19171,1358.7,5.9521,0,1.000000e-04
6700,gan,11.64247,3.47694,0.18887,0.48680,5.00992,1.39966,0.40453,0.07025,0.21023,1363.0,5.9281,0,1.000000e-04
6725,gan,11.59394,3.62035,0.16844,0.46676,5.27663,1.36825,0.30202,0.05710,0.22229,1367.4,5.8904,0,1.000000e-04
6750,gan,11.91333,3.54006,0.23017,0.58810,4.93459,1.43026,0.46293,0.07488,0.23608,1371.7,5.8758,0,1.000000e-04
6775,gan,12.02389,3.51331,0.18537,0.46603,5.23991,1.44674,0.42250,0.06880,0.24628,1375.9,5.9284,0,1.000000e-04
6800,gan,11.94366,3.56575,0.22564,0.44543,5.15279,1.48838,0.40070,0.06683,0.22179,1380.2,5.9098,0,1.000000e-04
6825,gan,11.83224,3.81979,0.16967,0.39543,5.41117,1.43723,0.26272,0.05667,0.21991,1384.5,5.9662,0,1.000000e-04
6850,gan,11.58773,3.48780,0.18427,0.49307,5.23070,1.38173,0.34037,0.05830,0.24350,1388.7,5.9760,0,1.000000e-04
6875,gan,12.30851,3.93851,0.17194,0.57816,5.37341,1.41353,0.36025,0.06703,0.18567,1393.0,5.9629,0,1.000000e-04
6900,gan,12.33387,4.07816,0.17813,0.66253,5.37409,1.41416,0.33061,0.06096,0.19107,1397.2,5.9758,0,1.000000e-04
6925,gan,11.44470,3.54438,0.17315,0.66265,5.27507,1.37483,0.27824,0.05387,0.20782,1401.6,5.9132,0,1.000000e-04
6950,gan,12.24689,4.04649,0.17309,0.79118,5.28049,1.45905,0.32638,0.05890,0.21192,1405.9,5.9091,0,1.000000e-04
6975,gan,11.70078,3.48725,0.17653,0.50456,5.24269,1.41164,0.35730,0.06190,0.24111,1410.3,5.8837,0,1.000000e-04
7000,gan,12.20317,4.04693,0.19183,0.63982,5.10827,1.32984,0.39188,0.06746,0.21616,1414.5,5.9172,0,1.000000e-04
7025,gan,12.20638,3.78201,0.19420,0.55482,5.22891,1.47277,0.39487,0.06832,0.22017,1419.1,5.8475,0,1.000000e-04
7050,gan,11.69395,3.72716,0.19429,0.56063,5.23290,1.41234,0.29748,0.05614,0.20908,1423.4,5.8570,0,1.000000e-04
7075,gan,12.01477,3.74397,0.17765,0.59803,5.14404,1.40666,0.39480,0.06332,0.22560,1427.7,5.8805,0,1.000000e-04
7100,gan,12.20125,3.76583,0.20974,0.53234,5.21092,1.47100,0.40308,0.06696,0.21609,1431.9,5.9456,0,1.000000e-04
7125,gan,12.86854,3.51061,0.23420,0.68720,5.22002,1.52550,0.60608,0.09595,0.23749,1436.2,5.9605,0,1.000000e-04
7150,gan,11.50024,3.67440,0.19287,0.83837,5.12749,1.36708,0.29235,0.05875,0.20910,1440.6,5.8819,0,1.000000e-04
7175,gan,12.35986,3.94491,0.19054,0.43991,5.17101,1.40330,0.42823,0.06468,0.25379,1444.9,5.9139,0,1.000000e-04
7200,gan,11.22168,3.62294,0.18430,0.56714,5.10953,1.33089,0.25720,0.05439,0.21840,1449.2,5.9075,0,1.000000e-04
7225,gan,11.65553,3.66071,0.22890,0.59540,5.06743,1.51482,0.31880,0.05493,0.22723,1453.5,5.9080,0,1.000000e-04
7250,gan,11.57049,3.49053,0.18704,0.42876,5.14001,1.43418,0.34654,0.05803,0.22079,1457.8,5.8805,0,1.000000e-04
7275,gan,12.17073,3.73098,0.18118,0.57529,5.16257,1.38876,0.43512,0.07229,0.21859,1462.1,5.8870,0,1.000000e-04
7300,gan,11.51054,3.46958,0.17485,0.66476,5.17740,1.44954,0.31853,0.05596,0.21150,1466.5,5.8639,0,1.000000e-04
7325,gan,11.87334,3.78545,0.21686,0.50865,5.20551,1.42041,0.33284,0.05805,0.23162,1470.8,5.8824,0,1.000000e-04
7350,gan,11.24247,3.54196,0.17624,0.55203,5.13832,1.42264,0.25192,0.05903,0.23934,1475.1,5.8731,0,1.000000e-04
7375,gan,12.02136,3.88562,0.24300,0.75341,5.04689,1.45810,0.36736,0.06169,0.22700,1479.5,5.8748,0,1.000000e-04
7400,gan,11.48716,3.44943,0.20506,0.65756,5.16138,1.42966,0.32612,0.05593,0.21734,1484.5,5.7793,0,1.000000e-04
7425,gan,11.50905,3.71847,0.19286,0.67929,5.11189,1.41158,0.28220,0.05112,0.25220,1488.8,5.8295,0,1.000000e-04
7450,gan,11.69620,3.83125,0.16364,0.63986,5.38157,1.38126,0.24134,0.05641,0.23547,1493.0,5.9159,0,1.000000e-04
7475,gan,11.72691,3.79476,0.17998,0.56970,5.26836,1.32060,0.30417,0.05155,0.20638,1497.4,5.8954,0,1.000000e-04
7500,gan,11.22495,3.39880,0.20495,0.49188,5.29170,1.37327,0.25928,0.05437,0.22563,1501.5,5.9700,0,1.000000e-04
7525,gan,11.82707,3.60881,0.17621,0.69624,5.26064,1.38300,0.35748,0.05747,0.21568,1505.9,5.9787,0,1.000000e-04
7550,gan,12.21344,3.88770,0.20335,0.74437,5.20700,1.38127,0.39460,0.06431,0.20635,1510.2,5.9887,0,1.000000e-04
7575,gan,12.17553,3.69430,0.20537,0.60951,5.34357,1.42933,0.39089,0.06327,0.22936,1514.5,5.9460,0,1.000000e-04
7600,gan,12.19171,3.65201,0.21255,0.63747,5.15418,1.42256,0.45122,0.07309,0.23256,1518.7,5.9826,0,1.000000e-04
7625,gan,11.40254,3.46197,0.19734,0.46457,5.18773,1.39091,0.31120,0.05097,0.21737,1523.1,5.9305,0,1.000000e-04
7650,gan,11.94465,3.99884,0.24478,0.88119,5.01900,1.43913,0.32926,0.05802,0.22766,1527.3,5.9346,0,1.000000e-04
7675,gan,12.11910,3.58115,0.20931,0.56686,5.31715,1.44916,0.40684,0.06667,0.20897,1531.7,5.8884,0,1.000000e-04
7700,gan,12.34609,3.76143,0.20029,0.49530,5.30910,1.40740,0.43263,0.06808,0.23462,1536.1,5.8308,0,1.000000e-04
7725,gan,11.24631,3.32696,0.22579,0.44396,5.02483,1.47024,0.32673,0.05039,0.23948,1540.4,5.8950,0,1.000000e-04
7750,gan,11.29204,3.39680,0.20990,0.41484,5.19469,1.43834,0.28675,0.05277,0.21159,1544.7,5.8820,0,1.000000e-04
7775,gan,11.73107,3.61140,0.19632,0.58753,5.08521,1.41597,0.37017,0.05941,0.22669,1548.9,5.9462,0,1.000000e-04
7800,gan,12.01818,3.47143,0.19240,0.61739,5.15921,1.39815,0.45849,0.07445,0.21045,1553.2,5.9770,0,1.000000e-04
7825,gan,11.51367,3.53925,0.23155,0.36037,5.03654,1.43428,0.34731,0.05517,0.21382,1557.7,5.8382,0,1.000000e-04
7850,gan,11.25277,3.56582,0.20394,0.46787,5.03954,1.36281,0.29182,0.05014,0.20907,1561.9,5.9074,0,1.000000e-04
7875,gan,12.14407,3.73922,0.18321,0.44131,5.27842,1.44547,0.38873,0.06358,0.22037,1566.1,5.9399,0,1.000000e-04
7900,gan,11.65972,3.51061,0.21482,0.43836,5.10440,1.42119,0.37514,0.05766,0.22156,1570.4,5.9354,0,1.000000e-04
7925,gan,11.53896,3.67382,0.18305,0.68962,5.10960,1.35416,0.31468,0.05540,0.21886,1574.7,5.9338,0,1.000000e-04
7950,gan,12.17604,3.73186,0.22880,0.60089,5.20679,1.46736,0.40655,0.06087,0.22945,1579.1,5.9114,0,1.000000e-04
7975,gan,11.62180,3.61507,0.22731,0.50250,5.34485,1.51243,0.25621,0.05160,0.22909,1583.3,5.9289,0,1.000000e-04
8000,gan,11.50430,3.69585,0.22829,0.33301,5.10116,1.43611,0.29105,0.05083,0.21201,1587.6,5.9474,0,1.000000e-04
8025,gan,12.01558,4.06093,0.20692,0.68448,5.20288,1.42573,0.29530,0.05571,0.21987,1604.9,5.9167,0,1.000000e-04
8050,gan,11.72080,3.52171,0.19393,0.62665,5.31174,1.42689,0.33159,0.05203,0.21485,1609.3,5.8685,0,1.000000e-04
8075,gan,12.67566,3.69915,0.18034,0.55290,5.22012,1.37108,0.55757,0.08173,0.24573,1613.7,5.8430,0,1.000000e-04
8100,gan,11.65252,3.53684,0.27445,0.42695,5.11669,1.50170,0.34401,0.05111,0.23526,1618.0,5.8652,0,1.000000e-04
8125,gan,11.91560,3.55344,0.16917,0.47624,5.35617,1.38667,0.37438,0.05724,0.22825,1622.4,5.8287,0,1.000000e-04
8150,gan,11.85621,3.32216,0.22287,0.59369,5.05722,1.50045,0.45685,0.06733,0.23295,1626.9,5.7960,0,1.000000e-04
8175,gan,12.23073,3.81139,0.17692,0.48915,5.44905,1.36790,0.36976,0.05674,0.18992,1631.2,5.8873,0,1.000000e-04
8200,gan,11.29175,3.46148,0.22537,0.52327,5.18215,1.40739,0.27859,0.05149,0.23337,1635.4,5.9190,0,1.000000e-04
8225,gan,12.51962,3.76456,0.21010,0.42405,5.33794,1.44868,0.45827,0.07193,0.23182,1639.9,5.8701,0,1.000000e-04
8250,gan,12.25861,3.66269,0.20878,0.54254,5.32894,1.45806,0.41651,0.06775,0.19001,1644.2,5.8785,0,1.000000e-04
8275,gan,12.22884,3.71223,0.24792,0.46178,5.02512,1.49464,0.46389,0.07033,0.25667,1648.6,5.8424,0,1.000000e-04
8300,gan,11.98837,3.76563,0.19623,0.72372,5.25164,1.32587,0.37408,0.05692,0.22706,1652.9,5.8879,0,1.000000e-04
8325,gan,12.78209,3.82495,0.19987,0.64587,5.18261,1.41558,0.54679,0.08723,0.22904,1657.1,5.9340,0,1.000000e-04
8350,gan,11.54849,3.47757,0.20219,0.53726,5.17065,1.40156,0.34273,0.05383,0.21286,1661.4,5.9368,0,1.000000e-04
8375,gan,11.42614,3.57016,0.19333,0.60767,5.22525,1.42143,0.27028,0.04806,0.22126,1665.7,5.9143,0,1.000000e-04
8400,gan,12.08742,3.69027,0.18543,0.44050,5.15051,1.38163,0.43381,0.06718,0.21659,1669.9,5.9672,0,1.000000e-04
8425,gan,11.24747,3.52356,0.22899,0.44297,5.12258,1.43293,0.26199,0.05326,0.24629,1674.2,5.9839,0,1.000000e-04
8450,gan,12.03364,3.64768,0.17716,0.52819,5.19257,1.38429,0.41930,0.06135,0.23337,1678.5,5.9352,0,1.000000e-04
8475,gan,11.53775,3.25058,0.19063,0.43949,5.38668,1.42161,0.34112,0.05140,0.20996,1682.7,5.9495,0,1.000000e-04
8500,gan,11.39191,3.51087,0.19256,0.53070,5.10401,1.36067,0.32426,0.04698,0.22511,1687.1,5.8883,0,1.000000e-04
8525,gan,11.87332,3.61478,0.22009,0.47312,5.28468,1.43201,0.35362,0.05805,0.19351,1691.5,5.9102,0,1.000000e-04
8550,gan,12.33354,3.73043,0.19901,0.56541,5.18652,1.45409,0.45460,0.06765,0.18734,1695.8,5.9331,0,1.000000e-04
8575,gan,11.62419,3.78082,0.19729,0.51748,5.27409,1.40079,0.26131,0.05178,0.23787,1700.3,5.8719,0,1.000000e-04
8600,gan,11.39146,3.60308,0.20903,0.53281,5.11566,1.45585,0.27283,0.05139,0.23731,1704.6,5.8654,0,1.000000e-04
8625,gan,11.87453,3.82861,0.20318,0.60104,5.26556,1.43232,0.30457,0.04933,0.22638,1709.0,5.8329,0,1.000000e-04
8650,gan,11.60680,3.73891,0.18709,0.58901,5.20857,1.38305,0.28715,0.05006,0.21736,1714.0,5.8024,0,1.000000e-04
8675,gan,11.81826,3.79223,0.20070,0.63111,5.07936,1.36459,0.36089,0.05536,0.21500,1718.4,5.8355,0,1.000000e-04
8700,gan,11.22824,3.49522,0.21300,0.55089,5.02276,1.37404,0.30330,0.04663,0.20920,1722.7,5.8650,0,1.000000e-04
8725,gan,11.69598,3.74989,0.19638,0.55080,5.15777,1.36443,0.32410,0.05277,0.20698,1727.0,5.8689,0,1.000000e-04
8750,gan,11.91403,3.47915,0.24067,0.46880,5.14080,1.44908,0.42743,0.06433,0.23004,1731.3,5.8573,0,1.000000e-04
8775,gan,11.64498,3.75931,0.20719,0.64946,5.10196,1.41927,0.30831,0.04553,0.24504,1735.7,5.8544,0,1.000000e-04
8800,gan,11.47703,3.48997,0.23005,0.42202,5.14393,1.42751,0.32504,0.05023,0.21356,1740.0,5.8466,0,1.000000e-04
8825,gan,11.17589,3.18437,0.21934,0.69437,5.06493,1.44184,0.33588,0.04985,0.22852,1744.4,5.8251,0,1.000000e-04
8850,gan,11.63866,3.58277,0.22215,0.48985,4.97475,1.40938,0.38649,0.05459,0.23650,1748.6,5.8997,0,1.000000e-04
8875,gan,11.37195,3.48478,0.23584,0.44632,5.27960,1.44091,0.26284,0.04709,0.22430,1753.1,5.8324,0,1.000000e-04
8900,gan,11.67507,3.59572,0.22436,0.47947,5.09553,1.42935,0.35754,0.05392,0.21368,1757.4,5.8445,0,1.000000e-04
8925,gan,12.03917,4.04968,0.22778,0.45585,5.02261,1.38960,0.36311,0.05647,0.20789,1761.7,5.8502,0,1.000000e-04
8950,gan,11.54613,3.82682,0.25018,0.61546,5.03996,1.46150,0.27158,0.04499,0.23391,1766.0,5.9079,0,1.000000e-04
8975,gan,11.51004,3.48890,0.22618,0.49487,5.23964,1.43145,0.30777,0.04685,0.21326,1770.4,5.8662,0,1.000000e-04
9000,gan,11.23061,3.48825,0.20849,0.51993,5.14160,1.38577,0.27288,0.05060,0.23007,1774.7,5.9239,0,1.000000e-04
9025,gan,11.46351,3.67217,0.21979,0.45774,5.11224,1.44877,0.27894,0.04682,0.21550,1779.1,5.9240,0,1.000000e-04
9050,gan,11.39781,3.68048,0.23380,0.58011,5.13867,1.38516,0.26605,0.04792,0.24091,1783.3,5.9436,0,1.000000e-04
9075,gan,12.14216,3.87933,0.20034,0.44613,5.47561,1.37918,0.32302,0.05130,0.20403,1787.7,5.9197,0,1.000000e-04
9100,gan,12.50441,3.64924,0.22700,0.62501,5.30800,1.45328,0.48402,0.07261,0.21359,1792.0,5.9210,0,1.000000e-04
9125,gan,11.62516,3.34959,0.23924,0.54288,5.20729,1.49432,0.36064,0.05321,0.22061,1796.3,5.9186,0,1.000000e-04
9150,gan,12.06634,3.85295,0.21339,0.56028,5.19056,1.45054,0.36076,0.05186,0.19280,1800.6,5.9134,0,1.000000e-04
9175,gan,11.79109,3.51695,0.20773,0.69162,5.22317,1.47823,0.35729,0.05364,0.22698,1804.9,5.9127,0,1.000000e-04
9200,gan,11.15713,3.40332,0.23527,0.51267,5.10952,1.45154,0.26861,0.04351,0.22993,1809.2,5.8984,0,1.000000e-04
9225,gan,10.92118,3.40672,0.22431,0.71687,5.00399,1.41741,0.23779,0.04779,0.24327,1813.5,5.9130,0,1.000000e-04
9250,gan,12.11040,3.56153,0.21066,0.52423,5.20259,1.40570,0.45137,0.06163,0.24845,1817.9,5.8646,0,1.000000e-04
9275,gan,11.19176,3.56258,0.22471,0.55599,5.10272,1.42009,0.24579,0.04515,0.22075,1822.1,5.9165,0,1.000000e-04
9300,gan,11.37886,3.56416,0.19541,0.50174,5.09700,1.37396,0.30714,0.04548,0.20423,1827.9,5.8379,0,1.000000e-04
9325,gan,11.19588,3.11496,0.24581,0.49292,5.02491,1.47248,0.36456,0.05142,0.20511,1832.1,5.9109,0,1.000000e-04
9350,gan,11.37929,3.14171,0.22558,0.54238,5.11524,1.42258,0.39195,0.05517,0.23165,1836.3,5.9501,0,1.000000e-04
9375,gan,11.75713,3.52007,0.26151,0.54795,5.07233,1.45072,0.39443,0.05537,0.22666,1840.7,5.9381,0,1.000000e-04
9400,gan,11.41179,3.27614,0.21135,0.49285,5.19296,1.42043,0.35129,0.04669,0.28046,1844.8,6.0002,0,1.000000e-04
9425,gan,11.17482,3.42172,0.21020,0.50574,5.19526,1.39247,0.26190,0.04620,0.21013,1849.2,5.9414,0,1.000000e-04
9450,gan,11.57794,3.54472,0.22005,0.66557,5.12328,1.41291,0.33972,0.04958,0.22667,1853.7,5.8579,0,1.000000e-04
9475,gan,11.80836,3.32397,0.19581,0.67061,5.33520,1.39077,0.40340,0.05819,0.19966,1858.0,5.8761,0,1.000000e-04
9500,gan,11.71066,3.70550,0.23699,0.68602,5.12229,1.40155,0.33436,0.05156,0.20957,1862.3,5.9031,0,1.000000e-04
9525,gan,12.01041,3.71535,0.26988,0.79107,4.98613,1.47169,0.41725,0.06216,0.23188,1866.7,5.9039,0,1.000000e-04
9550,gan,11.74415,3.76321,0.25416,0.51472,4.99354,1.36918,0.37198,0.05340,0.21167,1871.0,5.8950,0,1.000000e-04
9575,gan,11.06821,3.27344,0.22646,0.71881,4.90180,1.38320,0.34191,0.04760,0.22512,1875.3,5.8984,0,1.000000e-04
9600,gan,11.59009,3.82984,0.21692,0.57670,5.13692,1.37961,0.27856,0.05011,0.21591,1879.6,5.8729,0,1.000000e-04
9625,gan,11.52438,3.40976,0.24419,0.41164,5.18418,1.47745,0.33512,0.04692,0.24097,1884.0,5.8452,0,1.000000e-04
9650,gan,11.54304,3.57735,0.23422,0.60174,5.17803,1.40830,0.31197,0.04789,0.21778,1888.2,5.9253,0,1.000000e-04
9675,gan,11.03282,3.18048,0.21611,0.46293,4.82601,1.37647,0.38205,0.05374,0.23086,1892.7,5.8639,0,1.000000e-04
9700,gan,11.14863,3.42131,0.23273,0.48872,5.12141,1.41018,0.26970,0.04480,0.25198,1897.0,5.8640,0,1.000000e-04
9725,gan,11.16633,3.26084,0.24597,0.53650,4.96156,1.39481,0.35495,0.05110,0.22089,1901.3,5.8883,0,1.000000e-04
9750,gan,11.32706,3.25050,0.21783,0.55577,5.06749,1.36260,0.37850,0.05510,0.21487,1905.6,5.8965,0,1.000000e-04
9775,gan,11.11149,3.39068,0.21900,0.54106,4.96802,1.43841,0.29885,0.04299,0.21894,1909.9,5.8963,0,1.000000e-04
9800,gan,11.20448,3.57098,0.19932,0.48025,5.19648,1.33367,0.24734,0.04605,0.24446,1914.2,5.8963,0,1.000000e-04
9825,gan,11.70713,3.65291,0.21141,0.45533,5.09427,1.39731,0.36131,0.05072,0.20619,1918.5,5.9017,0,1.000000e-04
9850,gan,11.06800,3.39045,0.21574,0.50961,5.06987,1.33875,0.28775,0.04541,0.21825,1922.8,5.9197,0,1.000000e-04
9875,gan,11.14673,3.20113,0.26869,0.48223,4.99558,1.47009,0.33957,0.04657,0.22440,1928.0,5.8017,0,1.000000e-04
9900,gan,11.94005,3.76121,0.22394,0.64134,5.26087,1.38594,0.34808,0.05317,0.19043,1932.3,5.8437,0,1.000000e-04
9925,gan,11.48846,3.19600,0.22459,0.60518,5.33442,1.48545,0.33567,0.04693,0.19265,1936.7,5.8422,0,1.000000e-04
9950,gan,11.42948,3.45580,0.25442,0.48238,5.16835,1.45783,0.30675,0.04682,0.20608,1941.1,5.8169,0,1.000000e-04
9975,gan,11.50932,3.60135,0.24347,0.50774,5.16187,1.43134,0.29891,0.04401,0.23715,1945.4,5.8520,0,1.000000e-04
10000,gan,11.20490,3.19293,0.23673,0.62766,5.02532,1.39550,0.36389,0.04913,0.22769,1949.6,5.9117,0,1.000000e-04
10025,gan,11.67776,3.29693,0.23235,0.54599,5.19673,1.47116,0.39468,0.05639,0.21553,1967.3,5.8188,0,1.000000e-04
10050,gan,11.13664,3.27071,0.24304,0.47930,5.23716,1.49383,0.25524,0.04175,0.24366,1971.6,5.8767,0,1.000000e-04
10075,gan,11.30080,3.48261,0.26053,0.58670,5.21164,1.40292,0.26890,0.04329,0.20976,1975.9,5.8840,0,1.000000e-04
10100,gan,11.24525,3.32092,0.20964,0.89469,5.28578,1.40742,0.26963,0.04216,0.22964,1980.2,5.8762,0,1.000000e-04
10125,gan,10.67720,2.98458,0.23355,0.47472,5.12820,1.43911,0.25291,0.04282,0.22832,1984.6,5.8398,0,1.000000e-04
10150,gan,11.32989,3.21862,0.25564,0.59373,5.00040,1.44557,0.38177,0.05327,0.22768,1989.0,5.8241,0,1.000000e-04
10175,gan,11.40971,3.50911,0.27988,0.60083,5.15457,1.49089,0.28044,0.04530,0.22303,1993.4,5.7825,0,1.000000e-04
10200,gan,11.39758,3.68270,0.22312,0.51928,5.12439,1.39612,0.26897,0.04424,0.23741,1997.8,5.8072,0,1.000000e-04
10225,gan,11.33151,3.59875,0.22600,0.44505,5.13510,1.43242,0.26290,0.04652,0.21126,2002.1,5.8479,0,1.000000e-04
10250,gan,11.28993,3.27410,0.25126,0.60735,5.25339,1.47613,0.29002,0.04035,0.21101,2006.5,5.8292,0,1.000000e-04
10275,gan,10.81974,3.08854,0.25793,0.67456,4.91729,1.43662,0.30992,0.04434,0.22781,2010.8,5.8304,0,1.000000e-04
10300,gan,11.30862,3.57188,0.25241,0.61948,5.06462,1.43539,0.27657,0.04324,0.22326,2015.1,5.8804,0,1.000000e-04
10325,gan,11.53970,3.28694,0.22738,0.59077,5.16629,1.42077,0.38227,0.05480,0.19702,2019.4,5.9033,0,1.000000e-04
10350,gan,11.44491,3.69594,0.22798,0.64020,5.13999,1.41510,0.26486,0.04764,0.24645,2023.8,5.8732,0,1.000000e-04
10375,gan,11.50456,3.26117,0.26370,0.65299,5.10565,1.43435,0.38907,0.05544,0.23758,2028.0,5.9305,0,1.000000e-04
10400,gan,10.59131,3.18662,0.25529,0.40372,4.75717,1.33827,0.30117,0.03867,0.22975,2032.3,5.9527,0,1.000000e-04
10425,gan,10.85207,3.10767,0.26075,0.46747,4.94767,1.43790,0.31117,0.04132,0.23200,2036.5,5.9898,0,1.000000e-04
10450,gan,11.35112,3.28364,0.21235,0.41970,5.04051,1.37793,0.38346,0.05197,0.23323,2040.8,5.9446,0,1.000000e-04
10475,gan,11.39585,3.49775,0.25528,0.58045,5.12509,1.45717,0.29804,0.04008,0.22883,2045.3,5.8662,0,1.000000e-04
10500,gan,11.72702,3.35842,0.24575,0.49144,5.15755,1.44886,0.40757,0.05819,0.22661,2049.5,5.8969,0,1.000000e-04
10525,gan,11.42135,3.61374,0.26089,0.52074,5.08436,1.44230,0.29022,0.04190,0.22836,2054.1,5.8480,0,1.000000e-04
10550,gan,11.19132,3.57648,0.24011,0.70024,4.94694,1.41014,0.28019,0.04297,0.22722,2058.4,5.8788,0,1.000000e-04
10575,gan,11.07930,3.32021,0.25857,0.62657,5.09102,1.44843,0.27217,0.04246,0.23127,2062.6,5.9681,0,1.000000e-04
10600,gan,11.17743,3.15823,0.30544,0.51752,4.96128,1.49277,0.35809,0.05051,0.21455,2066.9,5.9392,0,1.000000e-04
10625,gan,11.48593,3.39657,0.25263,0.48898,5.23043,1.47555,0.31639,0.04366,0.22920,2071.3,5.8843,0,1.000000e-04
10650,gan,11.89571,3.57715,0.24590,0.49685,5.15028,1.39765,0.40922,0.05948,0.20195,2075.5,5.9150,0,1.000000e-04
10675,gan,11.14161,3.15599,0.24162,0.43520,5.15577,1.44334,0.31860,0.04443,0.23204,2079.9,5.9025,0,1.000000e-04
10700,gan,10.93678,3.04360,0.26467,0.38835,5.01356,1.42524,0.33628,0.04395,0.22734,2084.1,5.9676,0,1.000000e-04
10725,gan,11.41637,3.26839,0.22189,0.61956,5.11221,1.37062,0.38119,0.05623,0.19882,2088.5,5.8796,0,1.000000e-04
10750,gan,11.86981,3.42055,0.23693,0.54232,5.04798,1.42754,0.45939,0.05827,0.23880,2092.9,5.8325,0,1.000000e-04
10775,gan,10.67833,3.24376,0.28302,0.58543,4.99370,1.37905,0.23358,0.04066,0.22678,2097.1,5.9044,0,1.000000e-04
10800,gan,11.12422,3.28447,0.28561,0.39775,4.98598,1.46721,0.31819,0.04546,0.21577,2101.5,5.8581,0,1.000000e-04
10825,gan,11.14594,3.34849,0.25681,0.93900,5.04613,1.45348,0.28408,0.04194,0.21565,2105.8,5.8754,0,1.000000e-04
10850,gan,11.32833,3.49960,0.26552,0.59281,5.05996,1.49235,0.28648,0.04465,0.20919,2110.1,5.8812,0,1.000000e-04
10875,gan,11.08516,3.27888,0.23940,0.63279,5.12384,1.41994,0.28267,0.04458,0.20341,2114.5,5.8583,0,1.000000e-04
10900,gan,10.71879,3.25571,0.25953,0.46437,4.84654,1.37922,0.28144,0.03918,0.22251,2118.9,5.8499,0,1.000000e-04
10925,gan,11.10905,3.14484,0.24006,0.48487,5.06911,1.42982,0.33714,0.04421,0.21991,2123.1,5.9073,0,1.000000e-04
10950,gan,11.59979,3.73322,0.22925,0.61125,5.05859,1.37222,0.32618,0.04699,0.20804,2127.6,5.8729,0,1.000000e-04
10975,gan,11.11206,3.19194,0.26449,0.44024,4.91726,1.37684,0.37657,0.04929,0.24691,2131.8,5.9475,0,1.000000e-04
11000,gan,11.25916,3.50844,0.26444,0.65150,5.11340,1.41712,0.27166,0.04197,0.21546,2136.1,5.9352,0,1.000000e-04
11025,gan,11.56546,3.56335,0.25662,0.60871,5.15028,1.44707,0.31849,0.04427,0.21564,2140.6,5.9402,0,1.000000e-04
11050,gan,11.00555,3.17762,0.22677,0.40299,5.18042,1.46286,0.26952,0.04360,0.22797,2144.9,5.9258,0,1.000000e-04
11075,gan,10.45502,2.93355,0.27019,0.70282,4.79985,1.36017,0.30621,0.03930,0.22361,2149.2,5.9444,0,1.000000e-04
11100,gan,11.44092,3.39472,0.24273,0.49742,5.10412,1.43258,0.34720,0.04670,0.21567,2153.8,5.8720,0,1.000000e-04
11125,gan,10.67186,3.11872,0.26843,0.38986,5.02372,1.43576,0.24686,0.04037,0.25085,2158.1,5.8803,0,1.000000e-04
11150,gan,11.40588,3.78461,0.25711,0.61094,4.98812,1.37111,0.28279,0.04409,0.19552,2162.6,5.8503,0,1.000000e-04
11175,gan,11.05540,3.25548,0.26595,0.75745,5.00589,1.41877,0.30676,0.04588,0.23060,2166.9,5.8466,0,1.000000e-04
11200,gan,11.51889,3.58014,0.29610,0.65256,5.25829,1.51894,0.25572,0.04379,0.23186,2171.2,5.8689,0,1.000000e-04
11225,gan,10.80263,3.18409,0.26533,0.38344,4.85225,1.39176,0.31683,0.04235,0.21073,2175.4,5.9469,0,1.000000e-04
11250,gan,11.16938,3.21614,0.27650,0.43827,5.12191,1.52727,0.29762,0.04209,0.21981,2179.8,5.9195,0,1.000000e-04
11275,gan,11.34399,3.06524,0.30695,0.59891,5.01988,1.50294,0.40270,0.05452,0.23674,2184.2,5.8694,0,1.000000e-04
11300,gan,11.01017,3.28375,0.24862,0.61792,4.91875,1.39112,0.32168,0.04318,0.22864,2188.5,5.8796,0,1.000000e-04
11325,gan,10.61387,3.05870,0.28929,0.43804,4.89590,1.41945,0.28194,0.03934,0.20934,2192.7,5.9022,0,1.000000e-04
11350,gan,10.65534,2.98844,0.26474,0.57742,4.92599,1.40504,0.30267,0.04099,0.22629,2197.1,5.8868,0,1.000000e-04
11375,gan,11.29911,3.29754,0.26845,0.78576,5.17427,1.44175,0.30960,0.04175,0.20638,2201.5,5.8918,0,1.000000e-04
11400,gan,10.73481,3.16666,0.26005,0.58101,4.91682,1.39625,0.28259,0.04062,0.23423,2205.8,5.8948,0,1.000000e-04
11425,gan,10.45660,2.86487,0.28488,0.50309,4.99751,1.40651,0.26742,0.03923,0.22804,2210.1,5.9008,0,1.000000e-04
11450,gan,10.43023,3.04556,0.25388,0.49665,4.85176,1.35835,0.26553,0.03738,0.22372,2214.3,5.9287,0,1.000000e-04
11475,gan,11.66731,3.53469,0.27344,0.58266,5.10802,1.41513,0.36855,0.04967,0.22842,2218.7,5.9145,0,1.000000e-04
11500,gan,11.36332,2.97714,0.25596,0.51284,5.11432,1.42429,0.42961,0.05225,0.25685,2223.0,5.9019,0,1.000000e-04
11525,gan,11.51642,3.23039,0.28824,0.70292,5.02862,1.50711,0.40034,0.04982,0.24272,2227.6,5.8556,0,1.000000e-04
11550,gan,11.08082,3.26602,0.26433,0.52522,5.12750,1.43811,0.28253,0.04013,0.21266,2231.8,5.9115,0,1.000000e-04
11575,gan,10.95085,3.30262,0.25935,0.68210,5.01961,1.40444,0.27256,0.03982,0.22135,2236.1,5.8904,0,1.000000e-04
11600,gan,11.14972,3.34552,0.24121,0.52993,4.91032,1.34137,0.35707,0.04710,0.22414,2240.5,5.8656,0,1.000000e-04
11625,gan,11.47835,3.24308,0.28378,0.74885,5.05762,1.41619,0.40156,0.05197,0.23341,2244.8,5.8948,0,1.000000e-04
11650,gan,11.64564,3.51833,0.26686,0.59681,5.12540,1.42564,0.36002,0.04982,0.20313,2249.1,5.9117,0,1.000000e-04
11675,gan,11.26693,3.56703,0.24180,0.70291,4.78602,1.32261,0.36175,0.04981,0.23053,2253.3,5.9191,0,1.000000e-04
11700,gan,10.79558,3.02059,0.23666,0.52519,5.20548,1.39725,0.26346,0.04225,0.22598,2257.6,5.9295,0,1.000000e-04
11725,gan,10.74946,3.18319,0.23780,0.44880,4.89681,1.38857,0.29266,0.04159,0.21670,2261.9,5.9502,0,1.000000e-04
11750,gan,10.82318,2.91667,0.31581,0.44118,4.96014,1.47159,0.33975,0.04007,0.25134,2266.2,5.9062,0,1.000000e-04
11775,gan,10.66225,3.12251,0.27900,0.47581,5.02690,1.41078,0.24652,0.04049,0.22384,2270.6,5.9015,0,1.000000e-04
11800,gan,11.43800,3.25869,0.26717,0.54172,5.15076,1.46023,0.36003,0.04731,0.22069,2274.9,5.8680,0,1.000000e-04
11825,gan,10.45749,2.90525,0.28938,0.45621,4.82406,1.45435,0.28946,0.04144,0.21918,2279.2,5.8935,0,1.000000e-04
11850,gan,10.57868,2.97781,0.25489,0.59811,5.07451,1.45673,0.23507,0.04405,0.25220,2283.6,5.8445,0,1.000000e-04
11875,gan,10.45904,3.02385,0.24959,0.57886,4.92843,1.35048,0.25890,0.03784,0.22817,2287.9,5.8772,0,1.000000e-04
11900,gan,10.67869,2.96730,0.27393,0.57220,4.92150,1.39621,0.31729,0.03991,0.22960,2292.3,5.8446,0,1.000000e-04
11925,gan,11.18783,3.29396,0.26906,0.61395,4.96773,1.43711,0.33864,0.04618,0.23103,2296.5,5.9137,0,1.000000e-04
11950,gan,11.02755,3.37999,0.31237,0.41202,4.90378,1.43162,0.29962,0.04122,0.21239,2300.9,5.8638,0,1.000000e-04
11975,gan,11.38273,3.13758,0.27565,0.55842,5.08936,1.48193,0.38461,0.05202,0.20954,2305.1,5.9252,0,1.000000e-04
12000,gan,10.94006,3.10651,0.27663,0.47363,5.09941,1.48951,0.28294,0.03787,0.24171,2309.5,5.8922,0,1.000000e-04
12025,gan,10.87368,3.11942,0.26276,0.59517,5.06838,1.46970,0.27258,0.04006,0.22607,2326.8,5.8792,0,1.000000e-04
12050,gan,10.53371,2.94093,0.27464,0.47881,4.73762,1.37424,0.34059,0.04321,0.22613,2331.1,5.9213,0,1.000000e-04
12075,gan,10.26168,2.67822,0.29700,0.63115,4.98847,1.45441,0.25258,0.03744,0.22843,2335.3,5.9443,0,1.000000e-04
12100,gan,11.12922,3.29425,0.27549,0.56458,5.13128,1.38337,0.29837,0.04285,0.22174,2339.6,5.9270,0,1.000000e-04
12125,gan,11.35421,3.23410,0.29079,0.58011,5.01338,1.45306,0.37909,0.05024,0.22107,2343.9,5.9143,0,1.000000e-04
12150,gan,10.33687,2.85012,0.31161,0.51843,4.92532,1.43935,0.24997,0.03917,0.22224,2348.3,5.8671,0,1.000000e-04
12175,gan,10.73166,2.93899,0.28356,0.51845,4.86034,1.44298,0.34175,0.04214,0.23366,2352.7,5.8304,0,1.000000e-04
12200,gan,10.32329,3.02102,0.26529,0.33784,4.86469,1.41399,0.22998,0.04333,0.23968,2357.0,5.8542,0,1.000000e-04
12225,gan,11.08788,3.08041,0.26984,0.54307,5.06605,1.38311,0.35756,0.04678,0.22739,2361.4,5.8405,0,1.000000e-04
12250,gan,10.73062,3.20314,0.25000,0.53516,4.97170,1.35667,0.27054,0.03845,0.20784,2365.8,5.8253,0,1.000000e-04
12275,gan,10.42456,2.98288,0.27691,0.41138,4.90674,1.40109,0.25663,0.03852,0.23722,2370.0,5.8922,0,1.000000e-04
12300,gan,11.30999,3.08832,0.29015,0.60685,5.04865,1.43136,0.39957,0.05366,0.21011,2374.2,5.9777,0,1.000000e-04
12325,gan,11.16593,3.28101,0.26648,0.62559,5.12349,1.42656,0.30077,0.04257,0.21855,2378.4,5.9837,0,1.000000e-04
12350,gan,10.59875,2.75646,0.27902,0.58984,4.77588,1.40110,0.38278,0.04730,0.25191,2383.7,5.8762,0,1.000000e-04
12375,gan,10.74018,3.24857,0.29404,0.55501,4.79329,1.38353,0.29718,0.04118,0.21191,2388.0,5.9009,0,1.000000e-04
12400,gan,10.98348,3.26944,0.29008,0.38999,4.98589,1.41177,0.30169,0.04160,0.21104,2392.3,5.9038,0,1.000000e-04
12425,gan,11.05017,3.24231,0.26552,0.61372,5.04093,1.42498,0.30334,0.04067,0.23118,2396.5,5.9564,0,1.000000e-04
12450,gan,10.51452,3.12509,0.29165,0.61678,4.84308,1.41602,0.24987,0.04002,0.22759,2400.9,5.9122,0,1.000000e-04
12475,gan,11.13496,3.28303,0.28073,0.47588,5.06579,1.42807,0.31034,0.04103,0.21477,2405.1,5.9201,0,1.000000e-04
12500,gan,10.83630,3.00489,0.30661,0.49562,5.10910,1.51778,0.27125,0.03930,0.23438,2409.6,5.8545,0,1.000000e-04
12525,gan,10.62029,2.79612,0.25355,0.59289,4.98895,1.42067,0.32227,0.04083,0.20918,2414.0,5.8934,0,1.000000e-04
12550,gan,10.98456,3.17650,0.28793,0.55154,5.09140,1.49415,0.27481,0.03930,0.22105,2418.3,5.9251,0,1.000000e-04
12575,gan,10.54897,2.86830,0.27430,0.47464,4.99847,1.36999,0.29975,0.03833,0.22878,2422.6,5.9374,0,1.000000e-04
12600,gan,10.82934,2.95116,0.26265,0.73641,5.11414,1.43668,0.29697,0.03956,0.22775,2426.8,5.9395,0,1.000000e-04
12625,gan,10.95218,3.01145,0.28660,0.51745,4.94721,1.40506,0.36529,0.04689,0.24908,2431.2,5.8868,0,1.000000e-04
12650,gan,11.28484,3.13643,0.28340,0.43225,5.28385,1.48154,0.31749,0.04148,0.22082,2435.4,5.9235,0,1.000000e-04
12675,gan,11.24317,3.03025,0.28021,0.62512,4.98289,1.49651,0.39867,0.04830,0.24546,2439.8,5.9180,0,1.000000e-04
12700,gan,10.86620,2.83250,0.30237,0.51100,5.00850,1.48489,0.35349,0.04501,0.22816,2444.0,5.9517,0,1.000000e-04
12725,gan,10.64310,3.09616,0.27041,0.70973,4.82865,1.37916,0.30074,0.03814,0.23111,2448.3,5.9492,0,1.000000e-04
12750,gan,10.88537,3.33370,0.29674,0.53101,5.04332,1.48169,0.22547,0.04203,0.24254,2452.6,5.9185,0,1.000000e-04
12775,gan,10.88554,3.15096,0.27008,0.39764,4.78412,1.39144,0.36179,0.04509,0.23591,2456.9,5.9164,0,1.000000e-04
12800,gan,10.83889,2.91957,0.28442,0.52008,4.89084,1.45483,0.36243,0.04349,0.25935,2461.2,5.9218,0,1.000000e-04
12825,gan,10.30631,2.79108,0.26004,0.52240,4.90212,1.41186,0.27156,0.03679,0.23223,2465.5,5.9206,0,1.000000e-04
12850,gan,10.80734,3.05199,0.30218,0.58664,4.96126,1.44386,0.30522,0.04047,0.21649,2469.8,5.9174,0,1.000000e-04
12875,gan,10.36230,2.70495,0.26799,0.70826,4.83320,1.46025,0.30733,0.03695,0.24803,2474.2,5.8821,0,1.000000e-04
12900,gan,10.96336,2.92041,0.28903,0.50910,5.09094,1.43672,0.34706,0.04725,0.22086,2478.5,5.8785,0,1.000000e-04
12925,gan,10.28943,2.71536,0.27729,0.47305,4.87350,1.36312,0.30568,0.03970,0.21038,2482.8,5.8728,0,1.000000e-04
12950,gan,10.81821,3.04148,0.30119,0.46426,4.84235,1.36689,0.36070,0.04815,0.22415,2487.1,5.8778,0,1.000000e-04
12975,gan,11.10404,3.28495,0.26668,0.53169,5.07350,1.37886,0.31058,0.04456,0.19295,2491.5,5.8700,0,1.000000e-04
13000,gan,10.90479,2.93728,0.28622,0.58810,5.10223,1.42595,0.32774,0.04095,0.23816,2496.0,5.8031,0,1.000000e-04
13025,gan,10.68265,2.89532,0.29754,0.56773,4.88419,1.44424,0.33258,0.04208,0.23555,2500.5,5.8315,0,1.000000e-04
13050,gan,11.02061,3.30866,0.32048,0.47178,4.93920,1.47589,0.29455,0.03944,0.23262,2504.8,5.8547,0,1.000000e-04
13075,gan,11.70534,3.25988,0.29662,0.59866,5.15473,1.41965,0.43118,0.05684,0.24149,2509.1,5.8783,0,1.000000e-04
13100,gan,10.79640,3.29461,0.28715,0.51088,4.66356,1.31162,0.35039,0.04527,0.22466,2513.5,5.8833,0,1.000000e-04
13125,gan,10.54673,3.07289,0.28913,0.49947,4.84873,1.35865,0.28690,0.04001,0.21555,2517.8,5.8694,0,1.000000e-04
13150,gan,10.78489,2.90516,0.29768,0.61530,4.81148,1.44000,0.37223,0.04804,0.22680,2522.1,5.9011,0,1.000000e-04
13175,gan,11.08408,3.03410,0.26386,0.43802,5.18865,1.41555,0.33333,0.04229,0.21915,2526.4,5.8863,0,1.000000e-04
13200,gan,10.51148,2.95682,0.29965,0.40380,4.85255,1.39728,0.29897,0.03861,0.23069,2530.8,5.8712,0,1.000000e-04
13225,gan,9.97983,2.73664,0.29863,0.48604,4.78255,1.42204,0.23055,0.03793,0.22382,2534.9,5.9638,0,1.000000e-04
13250,gan,11.09061,3.05822,0.30923,0.70386,5.01636,1.43276,0.35860,0.04755,0.22195,2539.3,5.9245,0,1.000000e-04
13275,gan,10.66068,3.00816,0.27722,0.49627,4.99351,1.42049,0.28093,0.03744,0.22262,2543.7,5.8366,0,1.000000e-04
13300,gan,10.92575,3.17287,0.27386,0.44124,4.91152,1.37585,0.33794,0.04224,0.23132,2548.0,5.8551,0,1.000000e-04
13325,gan,11.25829,3.39159,0.30187,0.52564,5.07487,1.41780,0.31220,0.04246,0.21616,2552.4,5.8387,0,1.000000e-04
13350,gan,11.28288,3.48705,0.31153,0.56104,4.98771,1.51742,0.29046,0.04162,0.20511,2556.7,5.8302,0,1.000000e-04
13375,gan,11.22240,3.42086,0.30236,0.56946,4.90645,1.42070,0.33622,0.04233,0.25597,2561.2,5.7583,0,1.000000e-04
13400,gan,10.84346,3.05672,0.31689,0.47089,4.99057,1.45629,0.30469,0.04234,0.20533,2565.6,5.7576,0,1.000000e-04
13425,gan,11.40552,3.35146,0.29353,0.35825,5.12754,1.48116,0.33426,0.04313,0.22142,2570.0,5.7867,0,1.000000e-04
13450,gan,10.39221,2.86505,0.29553,0.55694,4.88925,1.42348,0.27245,0.03937,0.22650,2574.3,5.8429,0,1.000000e-04
13475,gan,11.08935,3.04196,0.31747,0.44851,4.86642,1.45209,0.39947,0.05439,0.21335,2578.6,5.8450,0,1.000000e-04
13500,gan,10.66243,2.91302,0.31028,0.59201,4.78823,1.43809,0.34754,0.04271,0.23280,2582.9,5.8672,0,1.000000e-04
13525,gan,10.41530,2.96167,0.28350,0.51799,4.99078,1.40911,0.23450,0.03560,0.24079,2587.4,5.8750,0,1.000000e-04
13550,gan,10.87703,2.89122,0.28433,0.47670,4.96052,1.40549,0.37380,0.04848,0.22903,2591.7,5.8766,0,1.000000e-04
13575,gan,10.81405,3.05853,0.27425,0.42681,5.03264,1.43139,0.29593,0.03767,0.22633,2596.3,5.7860,0,1.000000e-04
13600,gan,10.89213,3.15469,0.28206,0.57517,4.95397,1.44997,0.30220,0.03895,0.23445,2600.5,5.8567,0,1.000000e-04
13625,gan,10.42952,2.97213,0.29266,0.37518,4.83354,1.42682,0.27343,0.03655,0.22352,2604.8,5.8911,0,1.000000e-04
13650,gan,10.48938,2.95206,0.28033,0.56961,4.92021,1.43387,0.26455,0.04004,0.22174,2609.1,5.8902,0,1.000000e-04
13675,gan,10.49300,2.76818,0.29189,0.49423,4.96430,1.42435,0.30482,0.03829,0.22577,2613.4,5.8906,0,1.000000e-04
13700,gan,10.77588,2.90724,0.31058,0.53108,5.00919,1.46070,0.31910,0.03818,0.21746,2617.9,5.8357,0,1.000000e-04
13725,gan,10.88281,3.10345,0.28596,0.60752,4.76158,1.37481,0.37619,0.04887,0.22949,2622.1,5.8838,0,1.000000e-04
13750,gan,11.10896,3.41083,0.31663,0.84265,4.98521,1.43715,0.27972,0.04097,0.19964,2626.4,5.8847,0,1.000000e-04
13775,gan,10.86885,3.34316,0.28049,0.51991,5.05034,1.43388,0.22961,0.04298,0.23169,2630.6,5.9482,0,1.000000e-04
13800,gan,10.59589,2.99391,0.25979,0.75314,5.04838,1.43993,0.24347,0.03852,0.23916,2635.0,5.9382,0,1.000000e-04
13825,gan,9.87031,2.43241,0.29003,0.57910,4.80845,1.39695,0.27785,0.03417,0.23954,2639.2,5.9275,0,1.000000e-04
13850,gan,10.00445,2.53095,0.32877,0.41559,4.84047,1.44119,0.27066,0.03476,0.22315,2643.5,5.9645,0,1.000000e-04
13875,gan,10.07490,2.68061,0.27366,0.55520,4.86909,1.39413,0.25285,0.03680,0.24383,2647.8,5.9305,0,1.000000e-04
13900,gan,10.49599,2.92331,0.29827,0.64992,4.91634,1.43135,0.27339,0.03661,0.23324,2652.2,5.8876,0,1.000000e-04
13925,gan,10.46500,2.93552,0.32644,0.38597,4.78103,1.42824,0.30322,0.03609,0.23359,2656.5,5.8712,0,1.000000e-04
13950,gan,10.67663,3.04532,0.31131,0.51699,4.97260,1.46890,0.26683,0.03964,0.21496,2660.9,5.8604,0,1.000000e-04
13975,gan,10.60658,2.91995,0.32474,0.60241,4.91369,1.39732,0.31016,0.04229,0.21476,2665.2,5.8884,0,1.000000e-04
14000,gan,10.36780,2.79779,0.30884,0.57147,4.79528,1.42344,0.30603,0.03912,0.20761,2669.5,5.9090,0,1.000000e-04
14025,gan,10.24171,2.75250,0.30929,0.57740,4.91434,1.35895,0.27214,0.03868,0.24680,2686.6,5.9584,0,1.000000e-04
14050,gan,10.75572,2.95826,0.26863,0.38576,5.00614,1.41836,0.31704,0.03936,0.22635,2690.9,5.9689,0,1.000000e-04
14075,gan,10.78685,3.16712,0.33628,0.51587,5.03828,1.47335,0.24596,0.03903,0.23754,2695.4,5.8893,0,1.000000e-04
14100,gan,10.97589,2.96984,0.31621,0.39401,5.06042,1.49684,0.33391,0.04212,0.23633,2699.9,5.8550,0,1.000000e-04
14125,gan,9.75952,2.44866,0.26396,0.46747,4.84743,1.37458,0.24505,0.03550,0.25485,2704.1,5.9162,0,1.000000e-04
14150,gan,10.70468,2.96603,0.37479,0.44921,4.87240,1.45921,0.32096,0.04081,0.21331,2708.3,5.9562,0,1.000000e-04
14175,gan,10.52341,2.97322,0.34042,0.60911,4.86245,1.47464,0.27053,0.03602,0.23698,2712.6,5.9308,0,1.000000e-04
14200,gan,9.77359,2.44263,0.29641,0.49253,4.63672,1.32966,0.31237,0.03620,0.22540,2716.9,5.9473,0,1.000000e-04
14225,gan,11.33087,3.08230,0.31320,0.64378,5.04917,1.43205,0.40458,0.05335,0.24894,2721.1,5.9638,0,1.000000e-04
14250,gan,11.31333,3.26970,0.31985,0.60188,5.09343,1.47789,0.33475,0.04115,0.23830,2725.4,5.9571,0,1.000000e-04
14275,gan,10.50760,2.77758,0.30274,0.53603,4.97310,1.48503,0.28814,0.03548,0.24068,2729.8,5.8914,0,1.000000e-04
14300,gan,11.24279,3.05288,0.30649,0.51570,5.11560,1.46887,0.36924,0.04624,0.23155,2734.1,5.9062,0,1.000000e-04
14325,gan,11.18864,3.27798,0.30791,0.55798,5.20375,1.46471,0.27908,0.03928,0.22292,2738.4,5.9387,0,1.000000e-04
14350,gan,11.00934,3.09708,0.35025,0.50074,5.11020,1.53062,0.28725,0.03735,0.23389,2742.6,5.9346,0,1.000000e-04
14375,gan,10.30283,2.94177,0.29682,0.61660,4.80592,1.37189,0.26387,0.03644,0.22664,2747.0,5.8784,0,1.000000e-04
14400,gan,10.90701,2.92673,0.33860,0.74412,4.97698,1.46682,0.34577,0.04511,0.21470,2751.3,5.9258,0,1.000000e-04
14425,gan,10.32998,2.82854,0.33530,0.42529,4.89681,1.43588,0.26420,0.03590,0.22180,2755.7,5.8863,0,1.000000e-04
14450,gan,10.34350,2.70367,0.34813,0.39563,4.87861,1.53261,0.27904,0.03808,0.21941,2759.9,5.9045,0,1.000000e-04
14475,gan,10.71918,3.00683,0.31269,0.71710,5.01244,1.40599,0.28856,0.03668,0.21299,2764.3,5.8942,0,1.000000e-04
14500,gan,10.47900,2.68519,0.34108,0.54594,4.80628,1.48106,0.34372,0.04288,0.24794,2768.7,5.9013,0,1.000000e-04
14525,gan,11.20758,3.13143,0.33771,0.54086,4.89266,1.46978,0.39437,0.04840,0.25295,2773.1,5.9296,0,1.000000e-04
14550,gan,10.95578,3.02927,0.31609,0.53515,5.03263,1.43840,0.33176,0.04329,0.22949,2777.4,5.9134,0,1.000000e-04
14575,gan,10.69996,2.60217,0.31147,0.51307,4.84033,1.38811,0.43390,0.05130,0.26121,2781.7,5.9167,0,1.000000e-04
14600,gan,10.51031,2.82195,0.29169,0.47180,4.85393,1.39388,0.33084,0.04084,0.23095,2786.0,5.9015,0,1.000000e-04
14625,gan,10.75038,2.99048,0.37222,0.65010,5.07589,1.49440,0.26313,0.03484,0.23620,2790.3,5.9410,0,1.000000e-04
14650,gan,9.94793,2.54690,0.31672,0.66987,4.70395,1.40055,0.29081,0.03465,0.23649,2794.5,5.9579,0,1.000000e-04
14675,gan,10.40408,2.72147,0.31339,0.71065,4.75767,1.38310,0.34882,0.04415,0.21917,2798.9,5.9146,0,1.000000e-04
14700,gan,10.36884,2.68449,0.32187,0.60590,4.95333,1.43372,0.29220,0.03570,0.23145,2803.1,5.9240,0,1.000000e-04
14725,gan,10.83717,2.93934,0.30234,0.66238,5.11636,1.42234,0.30602,0.03859,0.22097,2807.4,5.9320,0,1.000000e-04
14750,gan,10.84272,3.07499,0.35299,0.65407,5.00427,1.45638,0.29275,0.03537,0.21154,2811.7,5.9236,0,1.000000e-04
14775,gan,10.31383,2.87399,0.34771,0.49353,4.76674,1.39935,0.28786,0.03821,0.22772,2816.0,5.9279,0,1.000000e-04
14800,gan,10.33638,2.81200,0.31234,0.53748,4.88707,1.45473,0.26588,0.03405,0.23065,2821.1,5.8284,0,1.000000e-04
14825,gan,10.52415,2.74105,0.36186,0.66772,4.96238,1.50086,0.29538,0.03536,0.23193,2825.4,5.8107,0,1.000000e-04
14850,gan,10.10495,2.76437,0.31270,0.54338,4.80161,1.45030,0.24098,0.03914,0.23445,2829.7,5.8819,0,1.000000e-04
14875,gan,10.13266,2.73803,0.29872,0.44210,4.75530,1.40657,0.28046,0.03686,0.22579,2834.0,5.8940,0,1.000000e-04
14900,gan,10.99818,2.92507,0.32259,0.54899,4.98793,1.45475,0.37382,0.04801,0.22007,2838.3,5.9276,0,1.000000e-04
14925,gan,10.37578,2.60994,0.34165,0.41577,4.98644,1.53684,0.28274,0.03587,0.21621,2842.5,5.9362,0,1.000000e-04
14950,gan,10.73025,2.76203,0.32037,0.51295,4.95921,1.39139,0.37162,0.04778,0.22520,2846.9,5.8951,0,1.000000e-04
14975,gan,10.73525,3.03792,0.36737,0.67693,4.96740,1.44078,0.28746,0.03490,0.23662,2851.4,5.8390,0,1.000000e-04
15000,gan,10.42621,2.76245,0.33874,0.42131,4.87943,1.41280,0.31380,0.04031,0.21790,2855.6,5.9116,0,1.000000e-04
15025,gan,10.28837,2.83583,0.33747,0.51630,4.88874,1.35927,0.27137,0.03367,0.22497,2860.2,5.9243,0,1.000000e-04
15050,gan,10.42225,2.95325,0.31745,0.61383,4.69824,1.36871,0.31729,0.03975,0.24303,2864.5,5.9090,0,1.000000e-04
15075,gan,10.47035,2.78477,0.31590,0.52366,4.81434,1.36762,0.34367,0.04496,0.22243,2868.8,5.9087,0,1.000000e-04
15100,gan,10.72842,2.84296,0.33670,0.46564,5.08940,1.49713,0.29553,0.03659,0.21801,2873.2,5.8787,0,1.000000e-04
15125,gan,10.23588,2.74085,0.35521,0.57079,4.89325,1.48339,0.24795,0.03398,0.22403,2877.5,5.8560,0,1.000000e-04
15150,gan,10.04540,2.66452,0.34644,0.48911,4.75191,1.37881,0.28276,0.03557,0.21699,2881.9,5.8397,0,1.000000e-04
15175,gan,11.13554,3.23497,0.31117,0.51519,5.03891,1.46470,0.31775,0.04332,0.21984,2886.3,5.8344,0,1.000000e-04
15200,gan,10.24760,2.49219,0.28383,0.48847,4.89511,1.36158,0.34461,0.04304,0.23114,2890.6,5.8803,0,1.000000e-04
15225,gan,10.74076,3.08767,0.33455,0.68203,4.79856,1.39230,0.33011,0.04016,0.22739,2894.8,5.9039,0,1.000000e-04
15250,gan,9.49577,2.38649,0.32502,0.49428,4.53098,1.35099,0.27808,0.03306,0.23551,2899.1,5.8973,0,1.000000e-04
15275,gan,10.15149,2.69041,0.32376,0.82110,4.89104,1.40452,0.25383,0.03570,0.22397,2903.4,5.9196,0,1.000000e-04
15300,gan,9.85473,2.52190,0.34096,0.53546,4.85989,1.39148,0.24005,0.03363,0.24739,2907.8,5.8901,0,1.000000e-04
15325,gan,10.64058,2.75378,0.34580,0.45434,4.89550,1.41699,0.36201,0.04625,0.22442,2912.0,5.9273,0,1.000000e-04
15350,gan,9.76782,2.70857,0.33655,0.60887,4.65072,1.37473,0.22554,0.03709,0.23114,2916.3,5.9516,0,1.000000e-04
15375,gan,10.22626,2.75200,0.32651,0.66643,4.90473,1.43643,0.24890,0.03823,0.22680,2920.6,5.9203,0,1.000000e-04
15400,gan,9.83021,2.73778,0.29769,0.43636,4.60276,1.32732,0.26414,0.03240,0.23179,2924.9,5.9093,0,1.000000e-04
15425,gan,10.67997,2.83048,0.31649,0.55131,4.71949,1.40806,0.39569,0.05242,0.22027,2929.2,5.8877,0,1.000000e-04
15450,gan,10.62744,2.92276,0.37055,0.78869,4.83122,1.39369,0.33063,0.04132,0.22197,2933.5,5.9058,0,1.000000e-04
15475,gan,10.75802,2.83507,0.32935,0.81541,4.74716,1.40444,0.40082,0.05360,0.21458,2937.9,5.8706,0,1.000000e-04
15500,gan,10.70962,2.82093,0.32570,0.60333,4.92377,1.51198,0.32933,0.04270,0.20600,2942.2,5.8895,0,1.000000e-04
15525,gan,10.51271,2.56487,0.30125,0.52818,4.99207,1.42753,0.35079,0.04214,0.23703,2946.7,5.8552,0,1.000000e-04
15550,gan,9.81461,2.58040,0.28718,0.50795,4.60588,1.26134,0.31267,0.03681,0.22614,2951.0,5.8482,0,1.000000e-04
15575,gan,10.00729,2.63028,0.32645,0.52621,4.77508,1.35911,0.28117,0.03288,0.22968,2955.3,5.8918,0,1.000000e-04
15600,gan,10.16408,2.86936,0.33247,0.62782,4.66068,1.35237,0.28780,0.03446,0.24316,2959.5,5.9502,0,1.000000e-04
15625,gan,10.61226,2.93231,0.31637,0.45870,4.84130,1.38007,0.33477,0.04198,0.22590,2963.8,5.9612,0,1.000000e-04
15650,gan,10.09136,2.61148,0.32218,0.51290,4.62269,1.38440,0.33795,0.03749,0.24477,2968.1,5.9466,0,1.000000e-04
15675,gan,10.33697,2.78443,0.35866,0.60397,4.78617,1.38882,0.31151,0.03523,0.24820,2972.4,5.9365,0,1.000000e-04
15700,gan,10.58188,3.02337,0.37339,0.57117,4.92801,1.51932,0.24437,0.03925,0.24020,2976.7,5.8958,0,1.000000e-04
15725,gan,10.35707,2.68493,0.33260,0.46568,4.77082,1.36868,0.35188,0.04528,0.22099,2981.0,5.9144,0,1.000000e-04
15750,gan,9.71798,2.44885,0.32883,0.46419,4.66435,1.40934,0.27129,0.03098,0.23729,2985.2,5.9616,0,1.000000e-04
15775,gan,10.43790,2.69248,0.35429,0.73254,4.70629,1.39634,0.37208,0.04577,0.24670,2989.5,5.9261,0,1.000000e-04
15800,gan,10.18472,2.59791,0.31410,0.50481,4.78102,1.33732,0.33595,0.04276,0.21672,2993.8,5.9079,0,1.000000e-04
15825,gan,9.85039,2.62885,0.33174,0.48858,4.69658,1.34972,0.26520,0.03241,0.23862,2998.2,5.8813,0,1.000000e-04
15850,gan,10.34595,2.76927,0.34545,0.64502,4.81867,1.38040,0.31018,0.03784,0.23299,3002.5,5.8852,0,1.000000e-04
15875,gan,9.98131,2.53546,0.30736,0.57369,4.70030,1.32085,0.32395,0.04079,0.22674,3006.8,5.9190,0,1.000000e-04
15900,gan,11.22135,3.20351,0.39259,0.55025,5.00209,1.50319,0.34375,0.04327,0.23068,3011.0,5.9764,0,1.000000e-04
15925,gan,9.78278,2.44305,0.30876,0.51949,4.69002,1.32967,0.30064,0.03464,0.23403,3015.2,5.9928,0,1.000000e-04
15950,gan,10.45415,2.68764,0.36244,0.42475,5.08573,1.46992,0.27373,0.03720,0.22715,3019.5,5.9617,0,1.000000e-04
15975,gan,10.56838,2.90060,0.35099,0.72164,5.04105,1.44579,0.25911,0.03726,0.24622,3023.8,5.9348,0,1.000000e-04
16000,gan,10.57403,2.83345,0.35511,0.63653,5.04505,1.47109,0.27266,0.03462,0.22624,3028.2,5.9068,0,1.000000e-04
16025,gan,10.57408,2.84368,0.35284,0.48590,5.01545,1.44106,0.28857,0.03575,0.23080,3045.6,5.9756,0,1.000000e-04
16050,gan,10.34396,2.61271,0.35938,0.53102,5.02665,1.53997,0.26067,0.03290,0.22358,3050.7,5.9020,0,1.000000e-04
16075,gan,10.28199,2.73040,0.36992,0.61162,4.75065,1.46270,0.30186,0.03265,0.23901,3055.0,5.9126,0,1.000000e-04
16100,gan,10.82425,2.77849,0.38028,0.71526,4.86989,1.45894,0.38989,0.04782,0.23824,3059.3,5.8663,0,1.000000e-04
16125,gan,10.53170,2.60196,0.36709,0.55470,4.90083,1.48287,0.35270,0.04307,0.22660,3063.6,5.8817,0,1.000000e-04
16150,gan,9.81714,2.57175,0.33129,0.47667,4.79332,1.36973,0.24147,0.03567,0.22444,3068.2,5.8137,0,1.000000e-04
16175,gan,10.07973,2.65890,0.36508,0.51609,4.68793,1.48934,0.28033,0.03412,0.23279,3072.5,5.8776,0,1.000000e-04
16200,gan,10.41714,2.69465,0.34373,0.38512,4.86685,1.36226,0.34474,0.04154,0.23999,3076.8,5.8849,0,1.000000e-04
16225,gan,9.40261,2.26154,0.32923,0.62422,4.62954,1.35062,0.25897,0.02970,0.24055,3081.2,5.8579,0,1.000000e-04
16250,gan,10.39069,2.73417,0.34990,0.65283,4.79164,1.45128,0.31935,0.03593,0.24392,3085.6,5.8631,0,1.000000e-04
16275,gan,10.19800,2.60448,0.34409,0.46794,4.79051,1.42617,0.31439,0.03809,0.22610,3089.9,5.8842,0,1.000000e-04
16300,gan,10.44890,2.75889,0.35396,0.59118,4.79427,1.38775,0.34306,0.04125,0.22888,3094.3,5.8654,0,1.000000e-04
16325,gan,10.56040,3.03969,0.36828,0.49616,4.95851,1.45676,0.24590,0.03539,0.24769,3098.6,5.8819,0,1.000000e-04
16350,gan,10.21815,2.48662,0.36289,0.64645,4.85624,1.41841,0.32892,0.04025,0.22217,3103.0,5.8760,0,1.000000e-04
16375,gan,10.39067,2.68886,0.37273,0.51770,4.82537,1.41650,0.33262,0.04041,0.22053,3107.2,5.9060,0,1.000000e-04
16400,gan,10.09350,2.65832,0.34321,0.46481,4.61175,1.39719,0.32691,0.03779,0.24295,3111.5,5.9387,0,1.000000e-04
16425,gan,10.18797,2.82786,0.37727,0.40986,4.89239,1.43275,0.22954,0.03810,0.24894,3115.8,5.9289,0,1.000000e-04
16450,gan,10.60828,2.66154,0.38021,0.42647,4.98090,1.48990,0.33890,0.03966,0.24004,3120.0,5.9265,0,1.000000e-04
16475,gan,9.33523,2.33000,0.35665,0.51826,4.59037,1.32398,0.24158,0.03707,0.25233,3124.4,5.8920,0,1.000000e-04
16500,gan,9.45129,2.33483,0.34695,0.57716,4.69001,1.36672,0.23292,0.03563,0.22785,3128.7,5.9080,0,1.000000e-04
16525,gan,9.58076,2.47452,0.31883,0.46060,4.62121,1.29560,0.26985,0.03208,0.23878,3133.2,5.8598,0,1.000000e-04
16550,gan,9.75668,2.32883,0.34835,0.62081,4.92595,1.36958,0.25138,0.02989,0.22689,3137.5,5.8878,0,1.000000e-04
16575,gan,9.79138,2.39707,0.34799,0.53698,4.51313,1.39087,0.34046,0.03997,0.22788,3141.8,5.8723,0,1.000000e-04
16600,gan,9.76898,2.41256,0.33635,0.49291,4.65894,1.35423,0.30651,0.03430,0.24378,3146.2,5.8551,0,1.000000e-04
16625,gan,10.69813,2.86700,0.39063,0.56916,4.74622,1.44184,0.37449,0.04914,0.22205,3150.5,5.8750,0,1.000000e-04
16650,gan,9.82105,2.44938,0.35773,0.58348,4.69281,1.34307,0.30122,0.03681,0.22458,3154.9,5.8597,0,1.000000e-04
16675,gan,10.67285,2.60095,0.36158,0.52027,5.05681,1.44103,0.36078,0.04278,0.23172,3159.3,5.8385,0,1.000000e-04
16700,gan,9.95625,2.52832,0.32370,0.60735,4.72888,1.31682,0.31266,0.03850,0.22137,3163.6,5.8894,0,1.000000e-04
16725,gan,10.16500,2.61616,0.36976,0.41886,4.96387,1.39227,0.27043,0.03211,0.22977,3167.9,5.8811,0,1.000000e-04
16750,gan,10.02419,2.66837,0.33822,0.73866,4.82740,1.40188,0.24684,0.03149,0.23502,3172.2,5.9027,0,1.000000e-04
16775,gan,10.11960,2.53839,0.36594,0.61452,4.91123,1.40757,0.28278,0.03327,0.22496,3176.5,5.9047,0,1.000000e-04
16800,gan,10.32692,2.58967,0.37357,0.59307,5.02797,1.45216,0.28142,0.03478,0.21179,3180.7,5.9664,0,1.000000e-04
16825,gan,10.28136,2.54674,0.36007,0.62609,4.97420,1.43491,0.29841,0.03326,0.23146,3185.0,5.9588,0,1.000000e-04
16850,gan,10.43762,2.66347,0.36613,0.40020,4.82358,1.44247,0.34804,0.03932,0.24952,3189.3,5.9383,0,1.000000e-04
16875,gan,9.96311,2.44797,0.35936,0.57237,4.73908,1.32843,0.32879,0.03929,0.23069,3193.6,5.9412,0,1.000000e-04
16900,gan,10.66631,2.98743,0.38367,0.66958,4.85675,1.41457,0.31605,0.03802,0.24285,3197.9,5.9100,0,1.000000e-04
16925,gan,9.99465,2.63580,0.40761,0.43549,4.65046,1.43383,0.28894,0.03450,0.22914,3202.3,5.8513,0,1.000000e-04
16950,gan,10.65231,2.85638,0.40632,0.56164,5.14941,1.51603,0.24942,0.03602,0.23562,3206.7,5.8383,0,1.000000e-04
16975,gan,10.31479,2.54117,0.37212,0.60148,4.98376,1.51284,0.28567,0.03697,0.23214,3210.9,5.8758,0,1.000000e-04
17000,gan,10.10671,2.50140,0.36507,0.47604,4.84384,1.38450,0.31388,0.03733,0.21593,3215.2,5.9081,0,1.000000e-04
17025,gan,9.96263,2.43006,0.31994,0.46494,4.73459,1.42829,0.31369,0.03645,0.23624,3219.7,5.8566,0,1.000000e-04
17050,gan,9.93547,2.40086,0.31807,0.57398,4.59923,1.36826,0.35845,0.04413,0.23375,3224.0,5.8789,0,1.000000e-04
17075,gan,9.44730,2.44261,0.30986,0.55801,4.60219,1.31733,0.24022,0.03749,0.24914,3228.3,5.8913,0,1.000000e-04
17100,gan,9.41019,2.37963,0.34167,0.61430,4.53060,1.32699,0.26117,0.03270,0.22777,3232.7,5.8910,0,1.000000e-04
17125,gan,10.20398,2.72381,0.38761,0.49111,4.79546,1.48759,0.26818,0.03652,0.22124,3237.0,5.8963,0,1.000000e-04
17150,gan,8.99080,2.18071,0.32492,0.36900,4.46496,1.30552,0.23364,0.03566,0.25092,3241.3,5.8905,0,1.000000e-04
17175,gan,9.24405,2.17561,0.31908,0.64593,4.40378,1.27328,0.31482,0.03562,0.23394,3245.5,5.9315,0,1.000000e-04
17200,gan,10.52034,2.93012,0.42647,0.72132,4.72960,1.45139,0.31307,0.04216,0.20664,3249.8,5.9261,0,1.000000e-04
17225,gan,9.19422,2.20338,0.31470,0.51706,4.67661,1.35526,0.20991,0.03617,0.23992,3254.0,5.9379,0,1.000000e-04
17250,gan,10.33200,2.50733,0.36114,0.60533,4.76000,1.45144,0.36748,0.04666,0.23095,3259.7,5.8247,0,1.000000e-04
17275,gan,10.50777,2.74066,0.38806,0.42042,4.85399,1.45070,0.33537,0.04010,0.23664,3264.7,5.8069,0,1.000000e-04
17300,gan,10.15780,2.53569,0.35716,0.68710,4.78367,1.40272,0.32339,0.03772,0.23117,3269.0,5.8506,0,1.000000e-04
17325,gan,10.06103,2.56279,0.33955,0.54164,4.69370,1.37187,0.32647,0.03866,0.24322,3273.3,5.9239,0,1.000000e-04
17350,gan,9.67900,2.39295,0.32237,0.69165,4.59166,1.34276,0.30380,0.03502,0.22093,3277.7,5.8649,0,1.000000e-04
17375,gan,9.73895,2.50549,0.34952,0.46108,4.70220,1.36604,0.26264,0.03360,0.23509,3281.8,5.9495,0,1.000000e-04
17400,gan,10.45270,2.61333,0.35003,0.59518,4.94014,1.49114,0.31867,0.03889,0.23230,3286.1,5.9509,0,1.000000e-04
17425,gan,9.65132,2.30624,0.32487,0.48272,4.71403,1.32274,0.29903,0.03143,0.23954,3290.5,5.8889,0,1.000000e-04
17450,gan,9.93023,2.60611,0.37149,0.62126,4.80126,1.38247,0.25128,0.03597,0.23044,3294.9,5.8465,0,1.000000e-04
17475,gan,9.64657,2.24182,0.33699,0.40969,4.71802,1.37682,0.30070,0.03243,0.23802,3299.2,5.8785,0,1.000000e-04
17500,gan,9.94920,2.53066,0.37694,0.62604,4.48303,1.36346,0.35710,0.04337,0.23993,3303.4,5.9246,0,1.000000e-04
17525,gan,10.30196,2.82654,0.36473,0.41585,4.64118,1.39574,0.33011,0.04000,0.21716,3308.0,5.8435,0,1.000000e-04
17550,gan,9.57826,2.45184,0.34514,0.39159,4.61635,1.38689,0.25440,0.03191,0.24188,3312.3,5.8826,0,1.000000e-04
17575,gan,9.83972,2.41674,0.30729,0.53201,4.60202,1.31247,0.34614,0.04000,0.23157,3316.6,5.8879,0,1.000000e-04
17600,gan,8.93485,2.17780,0.31626,0.63940,4.39879,1.21504,0.25402,0.03159,0.23473,3320.9,5.8994,0,1.000000e-04
17625,gan,9.31746,2.28727,0.29699,0.47794,4.58733,1.27708,0.26405,0.03210,0.24085,3325.1,5.9458,0,1.000000e-04
17650,gan,9.44615,2.34106,0.33564,0.51081,4.65813,1.36311,0.24108,0.03487,0.22893,3329.5,5.9204,0,1.000000e-04
17675,gan,9.84885,2.42377,0.34583,0.44614,4.91263,1.34109,0.26510,0.03175,0.22536,3333.7,5.9952,0,1.000000e-04
17700,gan,10.35215,2.80973,0.35727,0.60755,4.83932,1.45592,0.27859,0.03636,0.22042,3337.9,5.9978,0,1.000000e-04
17725,gan,9.70229,2.61462,0.33619,0.57350,4.47329,1.25128,0.30890,0.03651,0.24121,3342.2,5.9745,0,1.000000e-04
17750,gan,9.64843,2.40217,0.33045,0.44132,4.75927,1.29761,0.26921,0.03537,0.22742,3346.5,5.9285,0,1.000000e-04
17775,gan,9.58768,2.27271,0.32635,0.52654,4.79686,1.37541,0.25612,0.03293,0.23032,3350.8,5.9181,0,1.000000e-04
17800,gan,10.14639,2.63677,0.38008,0.45812,4.74356,1.41853,0.30701,0.03568,0.23254,3355.1,5.9463,0,1.000000e-04
17825,gan,9.61419,2.35848,0.33642,0.53172,4.69639,1.32121,0.27968,0.03259,0.23995,3359.4,5.9101,0,1.000000e-04
17850,gan,10.42624,2.87897,0.41642,0.53024,4.99132,1.49926,0.23153,0.03590,0.22406,3363.8,5.8913,0,1.000000e-04
17875,gan,10.60785,2.70880,0.37771,0.57041,4.96895,1.44523,0.33700,0.04206,0.23579,3367.9,5.9606,0,1.000000e-04
17900,gan,9.51523,2.43852,0.34768,0.47415,4.47135,1.32215,0.29232,0.03174,0.23088,3372.1,6.0140,0,1.000000e-04
17925,gan,9.83466,2.33108,0.33957,0.40530,4.74508,1.32359,0.33051,0.03841,0.25267,3376.3,6.0136,0,1.000000e-04
17950,gan,9.55370,2.47720,0.35576,0.58949,4.43109,1.32608,0.29689,0.03723,0.22450,3380.7,5.9467,0,1.000000e-04
17975,gan,10.19222,2.47728,0.39440,0.56911,5.03388,1.48226,0.26753,0.03234,0.22198,3384.9,5.9570,0,1.000000e-04
18000,gan,9.50771,2.36369,0.30825,0.50437,4.63174,1.29811,0.27501,0.03287,0.23428,3389.1,5.9873,0,1.000000e-04
18025,gan,9.88554,2.54063,0.33152,0.53603,4.54000,1.22761,0.36198,0.04265,0.23684,3406.4,5.9600,0,1.000000e-04
18050,gan,10.04957,2.47418,0.31236,0.54571,4.73788,1.38011,0.33386,0.03617,0.24047,3410.7,5.9570,0,1.000000e-04
18075,gan,9.18050,2.22712,0.31991,0.50172,4.39919,1.27941,0.29044,0.03087,0.24263,3415.0,5.9379,0,1.000000e-04
18100,gan,9.38781,2.24826,0.26553,0.44517,4.26488,1.18427,0.39393,0.04362,0.25072,3419.2,5.9734,0,1.000000e-04
18125,gan,9.84015,2.35080,0.33285,0.57784,4.68679,1.34979,0.33065,0.03910,0.23788,3423.6,5.9101,0,1.000000e-04
18150,gan,9.60397,2.47063,0.38223,0.51171,4.67833,1.39840,0.23291,0.03557,0.24733,3427.9,5.9051,0,1.000000e-04
18175,gan,10.01538,2.42242,0.34378,0.44426,4.72429,1.38316,0.34065,0.04411,0.21367,3432.2,5.9013,0,1.000000e-04
18200,gan,10.09444,2.61263,0.37242,0.59799,4.77439,1.41935,0.28909,0.03467,0.22474,3436.5,5.8961,0,1.000000e-04
18225,gan,11.12952,3.09789,0.43777,0.78165,5.08279,1.57011,0.30403,0.04069,0.20977,3440.8,5.9129,0,1.000000e-04
18250,gan,9.19577,2.28391,0.33152,0.50882,4.48407,1.27284,0.25971,0.03207,0.22154,3445.1,5.9293,0,1.000000e-04
18275,gan,9.57020,2.41811,0.33568,0.54093,4.54750,1.34230,0.28541,0.03299,0.23076,3449.5,5.8668,0,1.000000e-04
18300,gan,10.08520,2.46223,0.36344,0.41408,4.87587,1.44624,0.29698,0.03520,0.23567,3453.7,5.9464,0,1.000000e-04
18325,gan,9.41288,2.38861,0.33028,0.54184,4.52652,1.30351,0.26888,0.03149,0.23657,3458.1,5.8819,0,1.000000e-04
18350,gan,10.17927,2.60333,0.37815,0.52454,4.89742,1.41250,0.28521,0.03490,0.23051,3462.3,5.9452,0,1.000000e-04
18375,gan,9.69351,2.46513,0.35511,0.61898,4.73892,1.34298,0.25409,0.03273,0.23678,3466.5,6.0208,0,1.000000e-04
18400,gan,10.38128,2.48845,0.34838,0.52250,4.94353,1.37682,0.35978,0.04628,0.23426,3470.8,5.9645,0,1.000000e-04
18425,gan,9.96825,2.36751,0.32751,0.72926,4.82094,1.39218,0.31147,0.03607,0.22407,3475.0,5.9711,0,1.000000e-04
18450,gan,9.47691,2.25025,0.33269,0.43377,4.80086,1.28647,0.25770,0.03188,0.24489,3479.4,5.9290,0,1.000000e-04
18475,gan,9.15724,2.22007,0.31406,0.66826,4.50224,1.24685,0.26374,0.03490,0.24145,3483.6,5.9393,0,1.000000e-04
18500,gan,10.12480,2.57137,0.35982,0.56554,4.78525,1.38866,0.31233,0.03766,0.23484,3488.2,5.8667,0,1.000000e-04
18525,gan,9.05789,2.21110,0.34235,0.58147,4.49786,1.25841,0.23990,0.03853,0.24080,3492.8,5.9515,0,1.000000e-04
18550,gan,9.25612,2.14129,0.32670,0.45267,4.65517,1.32657,0.25480,0.03595,0.24419,3497.0,5.9636,0,1.000000e-04
18575,gan,9.83757,2.50736,0.37434,0.50466,4.77671,1.35678,0.26922,0.03192,0.22323,3501.3,5.9645,0,1.000000e-04
18600,gan,10.22648,2.76250,0.40595,0.60225,4.84970,1.52747,0.23722,0.03711,0.23039,3505.5,5.9602,0,1.000000e-04
18625,gan,10.46241,2.64626,0.38249,0.46760,4.75348,1.42645,0.37602,0.04716,0.22886,3509.9,5.9107,0,1.000000e-04
18650,gan,9.44943,2.15539,0.31769,0.70829,4.73155,1.36781,0.26517,0.03140,0.23379,3514.2,5.9293,0,1.000000e-04
18675,gan,9.25582,2.21557,0.33385,0.54312,4.55644,1.26949,0.27375,0.03161,0.23312,3518.5,5.9121,0,1.000000e-04
18700,gan,9.58728,2.32588,0.30788,0.43895,4.87364,1.29105,0.24739,0.03246,0.23642,3522.7,5.9328,0,1.000000e-04
18725,gan,9.26525,1.99650,0.32310,0.51221,4.72661,1.32884,0.27555,0.02757,0.24183,3527.1,5.9402,0,1.000000e-04
18750,gan,9.25980,2.22655,0.33837,0.51401,4.40556,1.25061,0.31457,0.03354,0.23667,3531.4,5.9176,0,1.000000e-04
18775,gan,9.26649,2.03300,0.29636,0.42252,4.50064,1.24795,0.34386,0.03759,0.24723,3535.6,5.9450,0,1.000000e-04
18800,gan,9.91596,2.59026,0.34371,0.43115,4.69521,1.34841,0.29212,0.03613,0.23628,3540.0,5.8980,0,1.000000e-04
18825,gan,9.79051,2.47994,0.34279,0.39830,4.79347,1.34378,0.26698,0.03128,0.22722,3544.3,5.9113,0,1.000000e-04
18850,gan,9.92698,2.73286,0.39581,0.50067,4.74355,1.45498,0.21667,0.03928,0.22800,3548.5,5.9349,0,1.000000e-04
18875,gan,9.63288,2.44352,0.36734,0.52610,4.51591,1.30642,0.31065,0.03510,0.24509,3552.8,5.9473,0,1.000000e-04
18900,gan,9.66340,2.35455,0.34874,0.46717,4.61430,1.34045,0.30934,0.03517,0.22921,3557.1,5.9558,0,1.000000e-04
18925,gan,9.02825,2.19228,0.31489,0.47686,4.42665,1.24039,0.26498,0.02983,0.23168,3561.4,5.9401,0,1.000000e-04
18950,gan,9.46707,2.39923,0.32311,0.40866,4.55266,1.25608,0.28829,0.03277,0.24006,3565.7,5.9020,0,1.000000e-04
18975,gan,9.11641,2.08349,0.30918,0.56007,4.52286,1.17802,0.30257,0.03484,0.23515,3570.0,5.9171,0,1.000000e-04
19000,gan,9.75908,2.47510,0.33973,0.42296,4.80728,1.39330,0.24358,0.03283,0.23600,3574.1,6.0003,0,1.000000e-04
19025,gan,9.67164,2.23587,0.32105,0.59270,4.71104,1.37007,0.30725,0.03430,0.22133,3578.5,5.9820,0,1.000000e-04
19050,gan,10.27723,2.94522,0.40337,0.49398,4.79874,1.40196,0.25174,0.03464,0.22285,3582.8,5.9565,0,1.000000e-04
19075,gan,9.38263,2.15728,0.32404,0.45210,4.63253,1.33246,0.28789,0.03119,0.24436,3587.2,5.9094,0,1.000000e-04
19100,gan,10.42877,2.65347,0.36310,0.43820,4.85850,1.38195,0.35313,0.04218,0.23761,3591.5,5.8963,0,1.000000e-04
19125,gan,10.35450,2.71326,0.40543,0.52759,4.95990,1.48363,0.26804,0.03224,0.22611,3595.7,5.9735,0,1.000000e-04
19150,gan,9.31426,2.18962,0.33087,0.50258,4.58474,1.32442,0.27501,0.03208,0.22160,3599.9,5.9961,0,1.000000e-04
19175,gan,9.15860,2.15772,0.34856,0.51641,4.65434,1.22461,0.25056,0.03320,0.23159,3604.2,5.9905,0,1.000000e-04
19200,gan,8.78481,2.11254,0.27989,0.55710,4.24828,1.17630,0.28328,0.03088,0.23576,3608.5,5.9735,0,1.000000e-04
19225,gan,9.73044,2.30179,0.40015,0.53336,4.49332,1.37139,0.35715,0.04200,0.23422,3612.7,5.9718,0,1.000000e-04
19250,gan,9.64367,2.31411,0.35851,0.40599,4.68651,1.36599,0.29158,0.03431,0.22921,3617.0,5.9889,0,1.000000e-04
19275,gan,9.56346,2.52237,0.34539,0.52820,4.42547,1.30674,0.29712,0.03305,0.23528,3621.2,5.9697,0,1.000000e-04
19300,gan,9.80314,2.51222,0.34766,0.42633,4.81890,1.35163,0.25358,0.02865,0.24433,3625.4,6.0122,0,1.000000e-04
19325,gan,9.38924,2.18771,0.33213,0.52033,4.55652,1.28608,0.30937,0.03620,0.22834,3629.8,5.9615,0,1.000000e-04
19350,gan,9.69936,2.45652,0.39539,0.55091,4.59902,1.38984,0.28127,0.03427,0.22501,3634.0,5.9695,0,1.000000e-04
19375,gan,10.50582,2.81535,0.38885,0.63700,5.00391,1.50406,0.26134,0.03457,0.22739,3638.3,5.9453,0,1.000000e-04
19400,gan,8.96479,2.11499,0.33450,0.39819,4.38288,1.22606,0.28479,0.02845,0.24912,3642.5,5.9938,0,1.000000e-04
19425,gan,9.77178,2.40312,0.36104,0.65368,4.67694,1.37100,0.29521,0.03843,0.23778,3646.9,5.9341,0,1.000000e-04
19450,gan,9.48390,2.47050,0.34634,0.46975,4.66225,1.34485,0.22257,0.03440,0.23864,3651.1,5.9660,0,1.000000e-04
19475,gan,9.57515,2.30815,0.33847,0.50038,4.64279,1.32631,0.29556,0.03179,0.23754,3655.3,6.0063,0,1.000000e-04
19500,gan,8.58388,2.05245,0.28922,0.35783,4.27720,1.17446,0.24615,0.03048,0.25178,3659.5,6.0076,0,1.000000e-04
19525,gan,9.70103,2.60302,0.36104,0.70958,4.60928,1.31449,0.25951,0.02915,0.23678,3664.0,5.9560,0,1.000000e-04
19550,gan,9.23225,2.27117,0.35106,0.63745,4.48569,1.26481,0.27013,0.03123,0.23255,3668.2,5.9731,0,1.000000e-04
19575,gan,9.40009,2.25510,0.32439,0.59705,4.62540,1.28737,0.27768,0.02935,0.22808,3672.4,5.9966,0,1.000000e-04
19600,gan,9.19956,2.08100,0.31071,0.36530,4.56315,1.30603,0.28777,0.03071,0.24477,3676.7,5.9626,0,1.000000e-04
19625,gan,9.72441,2.45475,0.34720,0.47352,4.70996,1.37582,0.26701,0.03378,0.23152,3681.0,5.9428,0,1.000000e-04
19650,gan,9.64942,2.42146,0.35344,0.57984,4.68743,1.35074,0.26608,0.03213,0.22619,3685.4,5.9067,0,1.000000e-04
19675,gan,10.09023,2.62493,0.39092,0.54790,4.73926,1.29221,0.32561,0.03752,0.23900,3689.7,5.9004,0,1.000000e-04
19700,gan,9.77441,2.46837,0.37646,0.50811,4.62514,1.33215,0.30643,0.03456,0.24111,3693.9,5.9534,0,1.000000e-04
19725,gan,10.17377,2.44307,0.36084,0.64194,4.81073,1.41520,0.34055,0.04229,0.22228,3698.2,5.9603,0,1.000000e-04
19750,gan,9.57822,2.37126,0.36159,0.42318,4.75641,1.38422,0.23854,0.03369,0.24564,3703.2,5.9042,0,1.000000e-04
19775,gan,9.35750,2.34373,0.36146,0.54144,4.50343,1.27373,0.27899,0.03037,0.23695,3707.4,5.9483,0,1.000000e-04
19800,gan,9.36415,2.25403,0.32692,0.60352,4.52267,1.33724,0.28167,0.03046,0.24345,3711.8,5.8937,0,1.000000e-04
19825,gan,9.03768,2.02145,0.32305,0.37546,4.38646,1.17555,0.33681,0.03714,0.25537,3716.1,5.9139,0,1.000000e-04
19850,gan,9.12819,2.11027,0.32824,0.43908,4.49235,1.29643,0.28101,0.02838,0.23672,3720.3,5.9474,0,1.000000e-04
19875,gan,9.40305,2.32759,0.35479,0.54040,4.60789,1.33479,0.25265,0.03266,0.22768,3724.6,5.9350,0,1.000000e-04
19900,gan,9.12955,1.90498,0.30809,0.49895,4.42746,1.22841,0.36252,0.03791,0.26182,3728.8,5.9533,0,1.000000e-04
19925,gan,9.42317,2.25788,0.32292,0.45627,4.66111,1.26352,0.28280,0.03154,0.23419,3733.1,5.9404,0,1.000000e-04
19950,gan,9.57925,2.40587,0.32844,0.61247,4.64091,1.28470,0.28028,0.03255,0.23384,3737.3,5.9685,0,1.000000e-04
19975,gan,9.87531,2.41623,0.38249,0.75023,4.79704,1.43408,0.27060,0.03231,0.22258,3741.6,5.9451,0,1.000000e-04
20000,gan,9.10474,2.22435,0.31442,0.46894,4.48269,1.27164,0.25438,0.03024,0.23959,3745.9,5.9528,0,1.000000e-04
20025,gan,9.50799,2.33375,0.31103,0.41146,4.56264,1.29090,0.30411,0.03200,0.23115,3763.5,5.9647,0,1.000000e-04
20050,gan,9.32735,2.17725,0.35518,0.49853,4.46394,1.31180,0.31363,0.03448,0.24759,3767.7,5.9561,0,1.000000e-04
20075,gan,9.46482,2.18169,0.34804,0.37901,4.74244,1.35529,0.27110,0.02829,0.24232,3772.0,5.9390,0,1.000000e-04
20100,gan,8.91931,2.07040,0.31126,0.51308,4.50635,1.27664,0.23843,0.02977,0.24157,3776.3,5.9378,0,1.000000e-04
20125,gan,9.19152,2.29219,0.32828,0.58468,4.44847,1.27143,0.26428,0.03100,0.23810,3780.6,5.9501,0,1.000000e-04
20150,gan,10.01945,2.48537,0.35746,0.55515,4.70323,1.40469,0.32410,0.03851,0.22887,3784.8,6.0137,0,1.000000e-04
20175,gan,8.76548,1.99605,0.33793,0.42977,4.45564,1.23529,0.24267,0.03104,0.23745,3789.0,6.0158,0,1.000000e-04
20200,gan,9.31503,2.25459,0.35163,0.60999,4.60017,1.31633,0.25446,0.02994,0.23382,3793.3,5.9450,0,1.000000e-04
20225,gan,10.07487,2.63128,0.37801,0.48337,4.55625,1.36866,0.34705,0.04434,0.23790,3797.7,5.8973,0,1.000000e-04
20250,gan,9.16025,2.19936,0.31060,0.65028,4.43176,1.23078,0.29248,0.03236,0.23066,3802.0,5.9116,0,1.000000e-04
20275,gan,9.54764,2.30177,0.32820,0.45533,4.67322,1.33331,0.28199,0.03304,0.24514,3806.3,5.9211,0,1.000000e-04
20300,gan,9.31270,2.21820,0.32300,0.47195,4.47749,1.24755,0.31351,0.03591,0.22466,3810.6,5.9211,0,1.000000e-04
20325,gan,9.64155,2.44900,0.36959,0.49223,4.70923,1.45889,0.22622,0.03338,0.23422,3814.8,5.9802,0,1.000000e-04
20350,gan,9.06652,2.15692,0.28998,0.61988,4.37629,1.23593,0.29344,0.03264,0.23204,3819.1,5.9283,0,1.000000e-04
20375,gan,8.90327,2.04420,0.29836,0.57822,4.27678,1.20335,0.31413,0.03477,0.23175,3823.5,5.8816,0,1.000000e-04
20400,gan,9.68464,2.35749,0.37655,0.50317,4.72001,1.36418,0.28061,0.03254,0.23079,3827.8,5.8899,0,1.000000e-04
20425,gan,8.96777,2.13297,0.30133,0.47687,4.61702,1.19350,0.22878,0.03133,0.23570,3832.0,5.9385,0,1.000000e-04
20450,gan,10.21615,2.50505,0.34576,0.47403,4.74367,1.32703,0.37803,0.04631,0.25263,3836.3,5.9332,0,1.000000e-04
20475,gan,8.82995,2.08838,0.28400,0.49251,4.45683,1.24738,0.23146,0.03386,0.24661,3840.6,5.9313,0,1.000000e-04
20500,gan,9.48334,2.36943,0.33955,0.44106,4.60137,1.33782,0.26624,0.03169,0.23686,3844.9,5.9342,0,1.000000e-04
20525,gan,8.96820,2.16440,0.33321,0.52866,4.52390,1.23735,0.23035,0.03495,0.23944,3849.3,5.9370,0,1.000000e-04
20550,gan,9.78427,2.30882,0.34705,0.71812,4.82665,1.37037,0.28452,0.03383,0.20825,3853.6,5.9384,0,1.000000e-04
20575,gan,9.39006,2.39592,0.35453,0.47525,4.61449,1.31562,0.23760,0.03063,0.22606,3857.9,5.9354,0,1.000000e-04
20600,gan,9.20788,2.28391,0.32089,0.46470,4.52400,1.29692,0.24735,0.03511,0.23602,3862.2,5.9243,0,1.000000e-04
20625,gan,9.23323,2.20535,0.34607,0.37246,4.65200,1.30992,0.24035,0.03272,0.24209,3866.4,5.9545,0,1.000000e-04
20650,gan,9.36602,2.12821,0.33671,0.42653,4.65687,1.28000,0.29733,0.03529,0.22305,3870.7,5.9842,0,1.000000e-04
20675,gan,9.64672,2.26411,0.36701,0.47768,4.62311,1.40426,0.30895,0.03497,0.23664,3875.0,5.9604,0,1.000000e-04
20700,gan,9.37731,2.53922,0.33753,0.48755,4.43815,1.28613,0.24912,0.03485,0.25434,3879.3,5.9180,0,1.000000e-04
20725,gan,9.20506,2.10678,0.34408,0.46963,4.73650,1.34234,0.22551,0.03602,0.25231,3883.7,5.8932,0,1.000000e-04
20750,gan,9.31399,2.16037,0.31510,0.43102,4.58458,1.28594,0.29468,0.02975,0.24439,3888.0,5.8984,0,1.000000e-04
20775,gan,9.73958,2.61891,0.36666,0.53892,4.61668,1.31487,0.26709,0.03021,0.23340,3892.2,5.9500,0,1.000000e-04
20800,gan,9.85115,2.57759,0.37190,0.59974,4.71746,1.34402,0.27079,0.03176,0.23161,3896.5,5.9261,0,1.000000e-04
20825,gan,8.99931,2.18387,0.35071,0.40664,4.48024,1.21258,0.25403,0.03075,0.24296,3900.7,6.0138,0,1.000000e-04
20850,gan,9.81212,2.52398,0.34028,0.48283,4.72411,1.29882,0.28731,0.03366,0.22592,3904.9,6.0036,0,1.000000e-04
20875,gan,8.79842,2.04682,0.29459,0.48547,4.25383,1.18858,0.30045,0.02938,0.25100,3909.2,5.9705,0,1.000000e-04
20900,gan,8.34667,1.92576,0.29126,0.68612,4.22991,1.14204,0.22940,0.03362,0.24658,3913.5,5.9302,0,1.000000e-04
20925,gan,10.07870,2.66031,0.42070,0.80640,4.81518,1.50569,0.23549,0.03283,0.23567,3917.7,5.9676,0,1.000000e-04
20950,gan,9.54803,2.37558,0.32645,0.53649,4.45784,1.26744,0.32980,0.04169,0.22782,3922.0,5.9775,0,1.000000e-04
20975,gan,9.51068,2.21406,0.32901,0.45560,4.76513,1.27611,0.28612,0.03245,0.23612,3927.1,5.9072,0,1.000000e-04
21000,gan,8.91659,1.90392,0.28997,0.52650,4.42470,1.20544,0.31675,0.03389,0.23572,3931.3,5.9630,0,1.000000e-04
21025,gan,9.29598,2.31838,0.31667,0.67618,4.42273,1.22052,0.30082,0.03177,0.25102,3935.6,6.0236,0,1.000000e-04
21050,gan,10.03854,2.63842,0.38033,0.51495,4.88590,1.39661,0.24919,0.03132,0.23838,3939.9,5.9924,0,1.000000e-04
21075,gan,9.52028,2.29784,0.32190,0.53426,4.58253,1.28413,0.30845,0.03637,0.23076,3944.1,5.9961,0,1.000000e-04
21100,gan,9.54137,2.31616,0.32632,0.63458,4.58002,1.28786,0.30631,0.03600,0.21819,3948.4,5.9543,0,1.000000e-04
21125,gan,9.35644,2.27765,0.33562,0.57782,4.60342,1.32762,0.25537,0.03491,0.23406,3952.8,5.9308,0,1.000000e-04
21150,gan,10.49265,2.63628,0.38898,0.36089,5.05420,1.44551,0.31131,0.03642,0.22236,3957.0,5.9441,0,1.000000e-04
21175,gan,8.88695,2.00984,0.28736,0.64691,4.37633,1.18506,0.29762,0.03182,0.23181,3961.2,5.9751,0,1.000000e-04
21200,gan,9.34216,2.36446,0.33943,0.42661,4.37565,1.29028,0.30004,0.03503,0.22950,3965.5,5.9486,0,1.000000e-04
21225,gan,9.41368,2.09316,0.32542,0.57327,4.55644,1.23996,0.34820,0.04146,0.21839,3969.8,5.9464,0,1.000000e-04
21250,gan,10.27845,2.57240,0.38134,0.54939,5.01002,1.44395,0.28132,0.03372,0.23402,3974.1,5.9266,0,1.000000e-04
21275,gan,9.55480,2.44074,0.37483,0.56758,4.60030,1.35268,0.25836,0.03340,0.21280,3978.4,5.9233,0,1.000000e-04
21300,gan,9.29258,2.13289,0.33257,0.51157,4.59696,1.35269,0.27312,0.03315,0.22026,3982.7,5.9367,0,1.000000e-04
21325,gan,9.01970,2.19226,0.30314,0.62565,4.18924,1.18764,0.33008,0.03735,0.24898,3986.9,5.9647,0,1.000000e-04
21350,gan,9.44954,2.28584,0.33651,0.49996,4.73476,1.30896,0.25106,0.03209,0.21904,3991.3,5.9342,0,1.000000e-04
21375,gan,9.00706,1.99685,0.31140,0.56525,4.60035,1.26902,0.25595,0.02938,0.24175,3995.6,5.9150,0,1.000000e-04
21400,gan,9.58783,2.42670,0.35291,0.46233,4.55354,1.34343,0.28810,0.03024,0.24787,3999.9,5.9136,0,1.000000e-04
21425,gan,9.15242,2.21102,0.34474,0.60170,4.38280,1.27114,0.29068,0.03010,0.24136,4004.2,5.9144,0,1.000000e-04
21450,gan,8.80013,2.01457,0.30619,0.36491,4.36604,1.27442,0.26222,0.02912,0.23283,4008.5,5.9130,0,1.000000e-04
21475,gan,9.59777,2.48611,0.38586,0.37982,4.64149,1.31846,0.26122,0.03028,0.23847,4012.9,5.8623,0,1.000000e-04
21500,gan,9.38833,2.37396,0.30742,0.51488,4.57407,1.27863,0.26162,0.03296,0.22092,4017.1,5.9140,0,1.000000e-04
21525,gan,9.92904,2.34039,0.34927,0.59690,4.83857,1.35188,0.31695,0.03578,0.23246,4021.6,5.8980,0,1.000000e-04
21550,gan,9.77992,2.55409,0.37707,0.67245,4.63919,1.32205,0.28147,0.03376,0.22313,4025.9,5.9174,0,1.000000e-04
21575,gan,9.45302,2.33299,0.36366,0.49721,4.61050,1.34846,0.26144,0.02921,0.23523,4030.1,5.9490,0,1.000000e-04
21600,gan,10.05956,2.24067,0.36387,0.67658,4.86539,1.48807,0.33136,0.03592,0.25210,4034.4,5.9533,0,1.000000e-04
21625,gan,8.89667,1.99134,0.26659,0.32002,4.38160,1.20006,0.30781,0.03378,0.23430,4038.6,5.9686,0,1.000000e-04
21650,gan,9.31529,2.14441,0.33427,0.48911,4.77650,1.22297,0.26525,0.02809,0.24195,4042.9,5.9369,0,1.000000e-04
21675,gan,9.48352,2.52965,0.35998,0.51081,4.50330,1.24469,0.27164,0.03223,0.23682,4047.2,5.9380,0,1.000000e-04
21700,gan,8.97666,2.13157,0.31252,0.63917,4.42692,1.20422,0.27208,0.03045,0.23897,4051.4,5.9639,0,1.000000e-04
21725,gan,9.23527,2.13625,0.34135,0.55668,4.68188,1.31692,0.24474,0.03146,0.24193,4055.7,5.9216,0,1.000000e-04
21750,gan,9.47133,2.16317,0.32031,0.50265,4.63616,1.28304,0.31790,0.03505,0.22683,4060.0,5.9426,0,1.000000e-04
21775,gan,9.27087,2.32228,0.33342,0.61875,4.44881,1.23986,0.28312,0.03223,0.23261,4064.3,5.9416,0,1.000000e-04
21800,gan,9.37087,2.33997,0.32919,0.40721,4.51291,1.30784,0.27608,0.03217,0.22705,4068.6,5.9278,0,1.000000e-04
21825,gan,9.21751,2.10224,0.29408,0.56873,4.46268,1.24089,0.32257,0.03513,0.23325,4072.8,5.9410,0,1.000000e-04
21850,gan,9.00570,1.91366,0.29999,0.62100,4.74967,1.20916,0.25312,0.02863,0.24124,4077.1,5.9281,0,1.000000e-04
21875,gan,9.26934,2.31340,0.35828,0.81946,4.49362,1.30201,0.25274,0.03156,0.22840,4081.4,5.9430,0,1.000000e-04
21900,gan,9.14343,2.12221,0.30141,0.49069,4.40716,1.22761,0.31876,0.03219,0.24342,4085.6,5.9559,0,1.000000e-04
21925,gan,9.56488,2.30374,0.34822,0.63549,4.70292,1.35130,0.26841,0.03490,0.20910,4089.9,5.9662,0,1.000000e-04
21950,gan,9.81485,2.49053,0.35124,0.70716,4.63488,1.30268,0.31051,0.03887,0.22488,4094.2,5.9009,0,1.000000e-04
21975,gan,9.42578,2.33429,0.32350,0.49343,4.63491,1.29676,0.26128,0.03299,0.22639,4098.5,5.9140,0,1.000000e-04
22000,gan,9.70103,2.20553,0.32646,0.49993,4.60240,1.33322,0.35896,0.04139,0.23747,4102.8,5.9216,0,1.000000e-04
22025,gan,9.10308,2.33572,0.34644,0.63897,4.40336,1.28846,0.23607,0.03272,0.24922,4120.1,5.9141,0,1.000000e-04
22050,gan,9.15331,2.19098,0.33054,0.58543,4.45760,1.29390,0.27198,0.03130,0.22901,4124.4,5.9304,0,1.000000e-04
22075,gan,8.84115,2.04961,0.31526,0.46762,4.54748,1.28489,0.21135,0.03546,0.23827,4128.7,5.9091,0,1.000000e-04
22100,gan,9.22147,2.23388,0.32681,0.60349,4.35537,1.21154,0.32344,0.03389,0.23029,4133.2,5.8596,0,1.000000e-04
22125,gan,9.37567,2.39861,0.33795,0.46060,4.51550,1.31999,0.25736,0.03226,0.21867,4137.6,5.8543,0,1.000000e-04
22150,gan,8.90018,2.11639,0.32096,0.57857,4.46562,1.22509,0.24347,0.02923,0.24157,4141.8,5.9330,0,1.000000e-04
22175,gan,9.20444,2.17927,0.35126,0.48604,4.57462,1.30221,0.25849,0.03065,0.23526,4146.1,5.9296,0,1.000000e-04
22200,gan,9.71564,2.45996,0.37056,0.50392,4.71823,1.36168,0.26316,0.03569,0.22506,4150.5,5.8722,0,1.000000e-04
22225,gan,9.25694,2.24380,0.35500,0.42766,4.42834,1.24964,0.30558,0.03458,0.22716,4154.8,5.9099,0,1.000000e-04
22250,gan,8.88777,2.01128,0.29748,0.51981,4.49414,1.25626,0.25446,0.02651,0.23308,4159.1,5.8860,0,1.000000e-04
22275,gan,8.51529,1.90519,0.28771,0.43156,4.28711,1.16177,0.26531,0.02803,0.23485,4163.3,5.9610,0,1.000000e-04
22300,gan,9.35358,2.04378,0.33812,0.41704,4.75488,1.34974,0.27499,0.02969,0.22812,4167.7,5.9129,0,1.000000e-04
22325,gan,9.52664,2.38532,0.34829,0.51768,4.62899,1.31090,0.27098,0.03091,0.22400,4171.9,5.9882,0,1.000000e-04
22350,gan,9.40997,2.37980,0.32777,0.59119,4.41504,1.28123,0.30186,0.03456,0.22858,4176.1,5.9811,0,1.000000e-04
22375,gan,9.10175,2.11166,0.35297,0.52727,4.48295,1.27408,0.27909,0.02866,0.24290,4180.4,5.9933,0,1.000000e-04
22400,gan,9.07333,2.22428,0.33060,0.61327,4.51998,1.27665,0.23177,0.03095,0.24111,4184.6,5.9886,0,1.000000e-04
22425,gan,9.95391,2.45286,0.38458,0.63173,4.76170,1.34376,0.31462,0.03551,0.23351,4188.9,5.9950,0,1.000000e-04
22450,gan,9.53721,2.31166,0.35743,0.74728,4.75391,1.27501,0.26365,0.03158,0.23281,4193.1,5.9891,0,1.000000e-04
22475,gan,9.70035,2.26573,0.33245,0.45972,4.69990,1.40605,0.30401,0.03340,0.23730,4197.5,5.9172,0,1.000000e-04
22500,gan,9.14640,2.16170,0.29800,0.67909,4.50343,1.24796,0.27628,0.03049,0.24230,4201.7,5.9390,0,1.000000e-04
22525,gan,9.48277,2.31931,0.35591,0.58416,4.77644,1.33241,0.23207,0.03234,0.24212,4206.2,5.9417,0,1.000000e-04
22550,gan,9.64465,2.29695,0.34233,0.45518,4.64862,1.34128,0.31057,0.03579,0.23821,4210.5,5.8774,0,1.000000e-04
22575,gan,9.56079,2.38362,0.35258,0.47232,4.49128,1.32870,0.30977,0.03561,0.23981,4214.7,5.9538,0,1.000000e-04
22600,gan,9.31769,2.05993,0.33503,0.54553,4.36149,1.14311,0.40415,0.04850,0.23997,4219.0,5.9430,0,1.000000e-04
22625,gan,9.78258,2.44267,0.38357,0.51455,4.77164,1.32657,0.28001,0.03186,0.23094,4223.3,5.9425,0,1.000000e-04
22650,gan,8.89444,2.19176,0.29878,0.50927,4.33988,1.32520,0.23076,0.03373,0.24503,4227.6,5.9420,0,1.000000e-04
22675,gan,9.64758,2.40535,0.36383,0.55272,4.57403,1.34762,0.29801,0.03690,0.24239,4231.8,5.9527,0,1.000000e-04
22700,gan,9.97339,2.63917,0.39318,0.49046,4.64355,1.43867,0.28332,0.03036,0.23911,4236.2,5.9069,0,1.000000e-04
22725,gan,9.25622,2.35471,0.31971,0.49336,4.31754,1.17395,0.32232,0.03943,0.24214,4240.6,5.8398,0,1.000000e-04
22750,gan,9.42474,2.25279,0.35644,0.67489,4.60566,1.24383,0.29661,0.03290,0.22476,4244.9,5.8574,0,1.000000e-04
22775,gan,9.35240,2.27884,0.34639,0.53478,4.54735,1.24428,0.29051,0.03176,0.23288,4249.2,5.9003,0,1.000000e-04
22800,gan,9.47166,2.48704,0.37492,0.60068,4.59307,1.34895,0.22830,0.03183,0.23127,4253.5,5.9269,0,1.000000e-04
22825,gan,9.58196,2.43053,0.34363,0.49401,4.44833,1.21314,0.34172,0.03932,0.23223,4257.8,5.9191,0,1.000000e-04
22850,gan,9.39342,2.24518,0.28569,0.63588,4.51245,1.17406,0.33291,0.03791,0.23395,4262.0,5.9307,0,1.000000e-04
22875,gan,8.97892,2.14462,0.29964,0.53055,4.30284,1.23018,0.29628,0.03314,0.21127,4266.3,5.9630,0,1.000000e-04
22900,gan,9.21341,2.15438,0.32033,0.55291,4.54635,1.31357,0.27095,0.02798,0.23691,4270.8,5.8433,0,1.000000e-04
22925,gan,9.14945,2.16671,0.33193,0.68620,4.57392,1.27352,0.25082,0.03022,0.24051,4275.2,5.8361,0,1.000000e-04
22950,gan,9.05841,2.18751,0.32683,0.59920,4.48326,1.30238,0.23930,0.03544,0.25191,4279.4,5.9001,0,1.000000e-04
22975,gan,10.22087,2.36357,0.39869,0.39199,4.80845,1.42889,0.37472,0.04202,0.25799,4283.7,5.9479,0,1.000000e-04
23000,gan,9.20901,2.17681,0.32916,0.52383,4.39957,1.24766,0.31632,0.03438,0.24088,4287.9,5.9590,0,1.000000e-04
23025,gan,9.72566,2.47430,0.34281,0.51347,4.66071,1.30849,0.29147,0.03064,0.23544,4292.3,5.9806,0,1.000000e-04
23050,gan,9.36520,2.23437,0.33875,0.49445,4.58252,1.30500,0.28265,0.02938,0.22893,4296.5,5.9906,0,1.000000e-04
23075,gan,9.01752,2.18057,0.31691,0.44363,4.43543,1.14840,0.28656,0.03082,0.23818,4300.8,5.9597,0,1.000000e-04
23100,gan,8.98846,2.13006,0.29217,0.44080,4.26027,1.14250,0.33580,0.03912,0.22365,4305.1,5.9343,0,1.000000e-04
23125,gan,8.94765,2.10382,0.31836,0.61338,4.34432,1.16450,0.30162,0.03535,0.24397,4309.5,5.9122,0,1.000000e-04
23150,gan,8.95189,2.18142,0.33920,0.56512,4.41289,1.19762,0.26017,0.02884,0.24193,4313.7,5.9460,0,1.000000e-04
23175,gan,8.85109,2.00785,0.29607,0.49687,4.24455,1.22000,0.31608,0.03510,0.22909,4318.0,5.9300,0,1.000000e-04
23200,gan,9.49847,2.19405,0.30640,0.54807,4.63228,1.26706,0.32134,0.03429,0.23519,4322.3,5.8960,0,1.000000e-04
23225,gan,9.31425,2.40051,0.35034,0.71619,4.58510,1.25472,0.23405,0.03105,0.23011,4326.5,5.9696,0,1.000000e-04
23250,gan,9.97774,2.62779,0.35440,0.63866,4.70932,1.35859,0.28723,0.03382,0.21573,4330.8,5.9611,0,1.000000e-04
23275,gan,9.25793,2.25445,0.32217,0.69283,4.54520,1.23792,0.27210,0.03046,0.22735,4335.0,5.9828,0,1.000000e-04
23300,gan,9.43776,2.30883,0.32073,0.35152,4.58746,1.27983,0.29065,0.03180,0.22403,4339.3,5.9571,0,1.000000e-04
23325,gan,8.94406,2.01710,0.30856,0.48698,4.45043,1.15011,0.30323,0.03396,0.23471,4343.5,5.9642,0,1.000000e-04
23350,gan,9.23350,2.16597,0.32710,0.43205,4.51727,1.22675,0.30320,0.03479,0.22860,4347.8,5.9733,0,1.000000e-04
23375,gan,9.58014,2.08034,0.29208,0.40918,4.53942,1.22622,0.40452,0.04593,0.27618,4352.1,5.9391,0,1.000000e-04
23400,gan,8.77411,2.00385,0.29662,0.54849,4.40270,1.23536,0.25502,0.02761,0.23304,4356.4,5.9289,0,1.000000e-04
23425,gan,9.61414,2.45649,0.37173,0.44625,4.61928,1.39013,0.25887,0.03096,0.22772,4360.7,5.9076,0,1.000000e-04
23450,gan,9.86524,2.51026,0.32936,0.70909,4.62307,1.28354,0.32712,0.03604,0.25567,4365.7,5.8901,0,1.000000e-04
23475,gan,9.50996,2.15530,0.34486,0.56478,4.76728,1.42234,0.26072,0.03118,0.22150,4370.2,5.8380,0,1.000000e-04
23500,gan,9.17487,2.20899,0.31141,0.61300,4.54309,1.21794,0.27096,0.02857,0.23682,4374.5,5.8356,0,1.000000e-04
23525,gan,9.76695,2.56705,0.36121,0.59108,4.56238,1.32935,0.29510,0.03255,0.22257,4378.9,5.8874,0,1.000000e-04
23550,gan,9.50553,2.50122,0.37280,0.60956,4.57213,1.36859,0.23285,0.03396,0.23323,4383.1,5.9481,0,1.000000e-04
23575,gan,10.19621,2.43400,0.35454,0.61416,4.71919,1.36285,0.38488,0.04380,0.24617,4387.5,5.9284,0,1.000000e-04
23600,gan,8.16658,2.02195,0.26594,0.46787,3.92938,1.04049,0.26872,0.02649,0.23540,4391.8,5.9258,0,1.000000e-04
23625,gan,8.46780,1.97670,0.29632,0.38657,4.31588,1.18515,0.22188,0.03425,0.24827,4396.1,5.9183,0,1.000000e-04
23650,gan,9.24808,1.99052,0.29929,0.56904,4.64738,1.33010,0.29112,0.02877,0.22894,4400.4,5.8910,0,1.000000e-04
23675,gan,9.02089,1.99263,0.32443,0.63179,4.50627,1.31046,0.27225,0.02691,0.23206,4404.7,5.9203,0,1.000000e-04
23700,gan,9.09298,2.24293,0.31503,0.40264,4.56384,1.27580,0.22667,0.03197,0.23406,4408.9,5.9335,0,1.000000e-04
23725,gan,9.02825,2.09771,0.31533,0.53761,4.38339,1.19316,0.30855,0.03449,0.23642,4413.2,5.9451,0,1.000000e-04
23750,gan,8.92176,1.88670,0.30278,0.47365,4.50345,1.22795,0.29880,0.03082,0.23502,4417.5,5.9135,0,1.000000e-04
23775,gan,9.74161,2.17688,0.33547,0.49908,4.66467,1.35594,0.35455,0.04246,0.22064,4421.7,5.9550,0,1.000000e-04
23800,gan,9.88110,2.54104,0.38894,0.50485,4.66087,1.38154,0.29409,0.03188,0.22976,4426.1,5.9212,0,1.000000e-04
23825,gan,9.72835,2.26231,0.34807,0.61761,4.70761,1.26802,0.33946,0.03600,0.24996,4430.4,5.8835,0,1.000000e-04
23850,gan,9.72243,2.27830,0.35247,0.52836,4.80656,1.31290,0.30098,0.03267,0.22899,4434.7,5.9082,0,1.000000e-04
23875,gan,9.74751,2.45042,0.35338,0.48664,4.59349,1.32892,0.31466,0.03203,0.23820,4439.0,5.9123,0,1.000000e-04
23900,gan,9.33575,2.05340,0.31888,0.50359,4.65594,1.25858,0.31317,0.03292,0.24213,4443.2,5.9347,0,1.000000e-04
23925,gan,8.35725,1.77334,0.27701,0.55329,4.27187,1.11243,0.27263,0.02607,0.24221,4447.7,5.8731,0,1.000000e-04
23950,gan,9.36608,2.20151,0.35957,0.54911,4.53548,1.25954,0.31083,0.03536,0.21757,4452.0,5.8704,0,1.000000e-04
23975,gan,9.68966,2.42337,0.36650,0.42970,4.72157,1.34391,0.27215,0.03259,0.22127,4456.4,5.8632,0,1.000000e-04
24000,gan,8.91028,2.09874,0.31793,0.53268,4.39678,1.29169,0.25248,0.02810,0.23501,4460.6,5.9264,0,1.000000e-04
24025,gan,9.53079,2.30590,0.34021,0.63166,4.67001,1.34121,0.27216,0.02783,0.23515,4478.0,5.8953,0,1.000000e-04
24050,gan,10.04610,2.41750,0.37410,0.53054,4.87830,1.36339,0.31492,0.03676,0.21719,4482.2,5.9596,0,1.000000e-04
24075,gan,8.62942,1.93195,0.33299,0.46800,4.41368,1.16655,0.25271,0.02630,0.23003,4486.5,5.9363,0,1.000000e-04
24100,gan,9.49750,2.19706,0.32806,0.73839,4.68853,1.29351,0.29501,0.03173,0.23016,4490.8,5.8965,0,1.000000e-04
24125,gan,8.58140,1.94149,0.27625,0.50916,4.27809,1.08933,0.29111,0.02949,0.24327,4495.1,5.9042,0,1.000000e-04
24150,gan,9.53568,2.13705,0.32199,0.48237,4.73243,1.25812,0.32332,0.03436,0.23335,4499.4,5.9374,0,1.000000e-04
24175,gan,9.22884,1.94023,0.29350,0.49820,4.52683,1.17945,0.36550,0.04114,0.24795,4503.7,5.9215,0,1.000000e-04
24200,gan,9.39250,2.02769,0.32196,0.53183,4.49571,1.32686,0.35417,0.04019,0.23364,4508.0,5.9293,0,1.000000e-04
24225,gan,10.39891,2.65376,0.36462,0.44385,4.91330,1.43905,0.31835,0.03856,0.22438,4512.3,5.9317,0,1.000000e-04
24250,gan,8.89862,2.07104,0.27648,0.48480,4.29072,1.07504,0.33685,0.03828,0.23485,4516.6,5.9283,0,1.000000e-04
24275,gan,8.84054,1.95790,0.27783,0.58822,4.45743,1.14235,0.29140,0.03064,0.23370,4521.0,5.8696,0,1.000000e-04
24300,gan,8.95301,1.91349,0.31904,0.35701,4.47449,1.20197,0.31547,0.03355,0.23400,4525.2,5.8960,0,1.000000e-04
24325,gan,8.63772,2.13883,0.30005,0.41383,4.15731,1.14710,0.27389,0.02751,0.22998,4529.6,5.8717,0,1.000000e-04
24350,gan,9.61870,2.48409,0.33292,0.59115,4.61046,1.34426,0.26475,0.02846,0.23625,4534.1,5.8705,0,1.000000e-04
24375,gan,9.54583,2.43925,0.33085,0.53850,4.56298,1.26891,0.28949,0.02978,0.23664,4538.3,5.9330,0,1.000000e-04
24400,gan,9.83196,2.45220,0.32802,0.54038,4.65013,1.27830,0.33160,0.03809,0.22210,4542.7,5.9142,0,1.000000e-04
24425,gan,9.71228,2.30312,0.32689,0.58162,4.74515,1.30281,0.30921,0.03349,0.23038,4547.0,5.9316,0,1.000000e-04
24450,gan,9.16775,2.06883,0.34597,0.51243,4.43626,1.30713,0.30862,0.03523,0.23101,4551.3,5.9196,0,1.000000e-04
24475,gan,8.32446,1.87911,0.27095,0.40793,4.21317,1.12884,0.25190,0.02786,0.24046,4555.5,5.9464,0,1.000000e-04
24500,gan,9.01712,2.17125,0.34395,0.42813,4.36707,1.24400,0.28224,0.02863,0.23778,4559.8,5.9324,0,1.000000e-04
24525,gan,9.00118,2.03489,0.29663,0.54823,4.48004,1.28332,0.27289,0.02688,0.24041,4564.3,5.8926,0,1.000000e-04
24550,gan,8.92496,2.11039,0.30559,0.75495,4.48181,1.20747,0.24754,0.02908,0.23770,4568.5,5.9456,0,1.000000e-04
24575,gan,8.58928,2.02613,0.31170,0.46719,4.24995,1.22118,0.24638,0.02862,0.23762,4573.1,5.8600,0,1.000000e-04
24600,gan,8.57437,1.96488,0.28937,0.42128,4.20904,1.21273,0.27209,0.02829,0.23198,4577.5,5.8456,0,1.000000e-04
24625,gan,8.69270,1.93068,0.27787,0.38912,4.30249,1.15228,0.30178,0.03343,0.22667,4581.9,5.8232,0,1.000000e-04
24650,gan,8.60770,2.00845,0.29934,0.53301,4.25488,1.16567,0.26708,0.02716,0.22318,4586.2,5.8633,0,1.000000e-04
24675,gan,9.66454,2.24954,0.36716,0.45001,4.84263,1.34628,0.27873,0.02944,0.22601,4591.8,5.8327,0,1.000000e-04
24700,gan,8.98228,1.92444,0.27829,0.51692,4.46641,1.18329,0.32348,0.03470,0.23933,4596.3,5.8007,0,1.000000e-04
24725,gan,8.60360,1.80866,0.28999,0.57606,4.45038,1.19908,0.25806,0.02664,0.25287,4600.6,5.8492,0,1.000000e-04
24750,gan,8.92304,2.07379,0.29846,0.38890,4.41154,1.18782,0.28796,0.02933,0.22528,4604.8,5.9097,0,1.000000e-04
24775,gan,8.76255,1.86020,0.28629,0.52083,4.52669,1.13355,0.28342,0.02773,0.23955,4609.1,5.9303,0,1.000000e-04
24800,gan,9.39933,2.14519,0.34874,0.76969,4.50110,1.26644,0.33423,0.03785,0.23103,4613.4,5.9261,0,1.000000e-04
24825,gan,9.32694,2.25178,0.34797,0.51892,4.58881,1.28933,0.27018,0.02959,0.22422,4617.8,5.8712,0,1.000000e-04
24850,gan,8.85909,2.08366,0.32303,0.52011,4.43077,1.23717,0.24872,0.02829,0.23650,4622.1,5.8805,0,1.000000e-04
24875,gan,9.02144,2.11540,0.30465,0.69909,4.53898,1.21495,0.25535,0.03032,0.22642,4626.3,5.9416,0,1.000000e-04
24900,gan,9.33769,2.17519,0.35443,0.59598,4.58988,1.26773,0.29459,0.03149,0.22737,4630.6,5.9293,0,1.000000e-04
24925,gan,8.77949,2.17535,0.30288,0.51408,4.31771,1.15840,0.25436,0.02890,0.23256,4634.9,5.9225,0,1.000000e-04
24950,gan,9.15942,2.18632,0.32628,0.48766,4.42313,1.20307,0.30791,0.03387,0.23486,4639.1,5.9801,0,1.000000e-04
24975,gan,10.30623,2.61669,0.42421,0.64948,4.78701,1.43210,0.33142,0.03737,0.23381,4643.4,5.9361,0,1.000000e-04
25000,gan,9.01344,2.19897,0.32124,0.67692,4.52661,1.22733,0.23256,0.03050,0.23694,4647.7,5.9501,0,1.000000e-04
25025,gan,9.48403,2.19343,0.32851,0.47360,4.61755,1.23620,0.33005,0.03645,0.24082,4652.3,5.9597,0,1.000000e-04
25050,gan,9.48015,2.23472,0.30316,0.58231,4.46972,1.22825,0.35526,0.03787,0.24741,4656.5,5.9607,0,1.000000e-04
25075,gan,9.13887,2.28035,0.35160,0.62107,4.53549,1.24568,0.23715,0.03151,0.22864,4660.8,5.9361,0,1.000000e-04
25100,gan,9.13808,2.03718,0.30114,0.42898,4.54034,1.28060,0.29442,0.02928,0.23442,4665.1,5.9465,0,1.000000e-04
25125,gan,9.41615,2.29148,0.32593,0.52475,4.45833,1.28537,0.31572,0.03304,0.24074,4669.3,5.9737,0,1.000000e-04
25150,gan,9.22439,2.15946,0.32412,0.50110,4.42151,1.26518,0.31583,0.03241,0.23931,4673.6,5.9573,0,1.000000e-04
25175,gan,9.89077,2.19162,0.36061,0.67804,4.83198,1.35737,0.34158,0.03963,0.23231,4677.9,5.9107,0,1.000000e-04
25200,gan,9.08605,2.17868,0.35146,0.59877,4.46899,1.25646,0.26463,0.02838,0.23057,4682.2,5.9106,0,1.000000e-04
25225,gan,9.02817,2.02248,0.31218,0.46149,4.52199,1.27414,0.27545,0.03040,0.23299,4686.5,5.9086,0,1.000000e-04
25250,gan,9.41575,2.23600,0.33336,0.52297,4.59805,1.30060,0.29136,0.03003,0.23622,4690.8,5.9365,0,1.000000e-04
25275,gan,8.62447,1.85889,0.29105,0.54498,4.37037,1.20302,0.27081,0.02534,0.23720,4695.1,5.9307,0,1.000000e-04
25300,gan,8.98537,1.98674,0.30639,0.58705,4.52251,1.24647,0.27777,0.02923,0.22214,4699.3,5.9731,0,1.000000e-04
25325,gan,8.53692,1.83908,0.28859,0.63573,4.25662,1.15619,0.29114,0.02806,0.24019,4703.5,5.9635,0,1.000000e-04
25350,gan,9.55456,2.17897,0.36023,0.58409,4.63933,1.38974,0.30477,0.03300,0.23105,4707.8,5.9671,0,1.000000e-04
25375,gan,9.01254,2.04413,0.29451,0.44678,4.28994,1.20294,0.34115,0.03684,0.24259,4712.0,5.9638,0,1.000000e-04
25400,gan,8.87336,1.97375,0.30699,0.45084,4.50808,1.22915,0.26472,0.02770,0.22189,4716.2,5.9797,0,1.000000e-04
25425,gan,9.07902,2.25634,0.33586,0.62006,4.39600,1.19190,0.27729,0.03004,0.22063,4720.6,5.9018,0,1.000000e-04
25450,gan,9.64901,2.36913,0.34242,0.57197,4.75338,1.22514,0.29463,0.03141,0.22669,4725.1,5.8981,0,1.000000e-04
25475,gan,9.32282,2.00884,0.32904,0.53925,4.58366,1.24979,0.33910,0.03730,0.23564,4729.4,5.8980,0,1.000000e-04
25500,gan,9.85671,2.13877,0.34293,0.48487,4.89344,1.39764,0.32711,0.03563,0.23645,4733.6,5.9360,0,1.000000e-04
25525,gan,8.93764,2.00138,0.29294,0.59343,4.40752,1.23884,0.29345,0.02748,0.24019,4738.0,5.9358,0,1.000000e-04
25550,gan,8.88033,1.95185,0.28342,0.38751,4.40462,1.17625,0.31284,0.02916,0.25132,4742.5,5.8753,0,1.000000e-04
25575,gan,8.85492,2.11111,0.32530,0.73623,4.39042,1.19340,0.25627,0.02878,0.24655,4746.8,5.8567,0,1.000000e-04
25600,gan,8.91800,2.19461,0.32479,0.73306,4.27111,1.24130,0.26964,0.02664,0.22781,4751.1,5.8891,0,1.000000e-04
25625,gan,9.03670,2.17489,0.31726,0.48810,4.35268,1.18262,0.30332,0.03272,0.23413,4755.4,5.8937,0,1.000000e-04
25650,gan,9.08141,2.02342,0.28949,0.38795,4.55379,1.25288,0.28946,0.02575,0.24733,4759.7,5.9082,0,1.000000e-04
25675,gan,8.69204,1.92903,0.30989,0.36568,4.50108,1.19908,0.24145,0.02947,0.24664,4764.0,5.8850,0,1.000000e-04
25700,gan,8.98229,2.18584,0.32919,0.45498,4.48149,1.20709,0.25051,0.02742,0.23698,4768.3,5.8961,0,1.000000e-04
25725,gan,9.74681,2.41914,0.37567,0.49981,4.76151,1.41204,0.25895,0.03078,0.23246,4772.7,5.8377,0,1.000000e-04
25750,gan,9.31141,2.32890,0.33379,0.61302,4.47071,1.24863,0.28433,0.03117,0.23460,4777.1,5.8096,0,1.000000e-04
25775,gan,9.32044,2.23075,0.31905,0.51564,4.58502,1.25880,0.28332,0.02910,0.23536,4781.4,5.8450,0,1.000000e-04
25800,gan,9.23378,2.21448,0.30971,0.49023,4.33548,1.17240,0.34790,0.03984,0.23053,4785.8,5.8441,0,1.000000e-04
25825,gan,9.15909,2.12747,0.32502,0.46095,4.55354,1.25842,0.27879,0.02591,0.23339,4790.0,5.8815,0,1.000000e-04
25850,gan,9.43863,2.31736,0.34306,0.67962,4.59864,1.25303,0.28392,0.03164,0.22389,4794.4,5.8748,0,1.000000e-04
25875,gan,9.33553,2.23249,0.32621,0.46479,4.60048,1.33961,0.26410,0.02745,0.22271,4798.7,5.8966,0,1.000000e-04
25900,gan,9.09910,2.17661,0.29023,0.58908,4.54008,1.31461,0.23719,0.03108,0.24374,4803.1,5.8957,0,1.000000e-04
25925,gan,9.30079,2.14263,0.31314,0.51896,4.52618,1.23708,0.32003,0.03157,0.25085,4807.4,5.8764,0,1.000000e-04
25950,gan,9.19209,2.13742,0.33475,0.73697,4.55651,1.28447,0.26923,0.02960,0.23078,4811.7,5.9032,0,1.000000e-04
25975,gan,8.72295,1.96767,0.34184,0.50996,4.33691,1.21109,0.27367,0.02744,0.22782,4816.2,5.8230,0,1.000000e-04
26000,gan,9.09202,2.11054,0.30478,0.50895,4.34383,1.20255,0.32959,0.03535,0.24109,4820.4,5.8855,0,1.000000e-04
26025,gan,8.32808,1.91375,0.28164,0.45819,4.15610,1.08949,0.26720,0.02598,0.24402,4837.7,5.8634,0,1.000000e-04
26050,gan,8.83254,2.14441,0.33277,0.44286,4.26835,1.22063,0.27287,0.03010,0.23534,4842.0,5.8940,0,1.000000e-04
26075,gan,9.04070,2.14813,0.32053,0.56063,4.55555,1.24373,0.24452,0.02711,0.23892,4846.3,5.9032,0,1.000000e-04
26100,gan,9.23889,2.16417,0.33607,0.42872,4.31614,1.24768,0.34938,0.03689,0.23701,4850.6,5.8754,0,1.000000e-04
26125,gan,8.51077,1.79455,0.24896,0.49325,4.25566,1.10908,0.31128,0.03211,0.23332,4854.9,5.8938,0,1.000000e-04
26150,gan,9.68480,2.45936,0.34340,0.55308,4.65073,1.29945,0.28885,0.03021,0.23661,4859.2,5.9086,0,1.000000e-04
26175,gan,9.02086,2.14172,0.32144,0.62766,4.40532,1.21009,0.28513,0.02831,0.23192,4863.5,5.9335,0,1.000000e-04
26200,gan,9.25358,2.18382,0.33886,0.58968,4.50581,1.24702,0.29850,0.03007,0.23219,4867.8,5.9334,0,1.000000e-04
26225,gan,8.37189,1.87768,0.31374,0.54978,4.19351,1.09219,0.27286,0.03073,0.22796,4872.0,5.9476,0,1.000000e-04
26250,gan,8.75217,2.14066,0.30324,0.54839,4.38932,1.20735,0.22438,0.03215,0.25179,4876.3,5.9445,0,1.000000e-04
26275,gan,8.53128,2.01172,0.27795,0.55483,4.23365,1.14777,0.25695,0.02708,0.23043,4880.7,5.8794,0,1.000000e-04
26300,gan,8.89720,2.03207,0.29557,0.46481,4.39520,1.15512,0.30233,0.02945,0.23446,4885.1,5.8479,0,1.000000e-04
26325,gan,9.45014,2.23485,0.35731,0.51868,4.49013,1.29245,0.32728,0.03599,0.22740,4889.5,5.8315,0,1.000000e-04
26350,gan,8.32985,1.87772,0.29798,0.39422,4.21296,1.11301,0.25726,0.02789,0.23319,4893.8,5.8791,0,1.000000e-04
26375,gan,9.43725,2.07848,0.34047,0.45880,4.73033,1.24044,0.31726,0.03901,0.22304,4898.1,5.8728,0,1.000000e-04
26400,gan,9.80298,2.36478,0.36352,0.53890,4.76233,1.41219,0.28573,0.03053,0.22606,4902.5,5.8295,0,1.000000e-04
26425,gan,9.22808,2.14142,0.34853,0.79333,4.55227,1.28931,0.27524,0.02992,0.21254,4908.5,5.8198,0,1.000000e-04
26450,gan,9.61506,2.50167,0.42540,0.63226,4.66838,1.35701,0.23769,0.03147,0.24028,4912.9,5.8186,0,1.000000e-04
26475,gan,9.20211,2.25749,0.31854,0.49561,4.58440,1.29534,0.23766,0.03283,0.24639,4917.1,5.8976,0,1.000000e-04
26500,gan,8.97712,2.23518,0.31757,0.62288,4.37585,1.26412,0.24487,0.02844,0.22945,4921.5,5.8868,0,1.000000e-04
26525,gan,10.09055,2.64490,0.40732,0.62978,4.87603,1.39415,0.26094,0.02802,0.22911,4925.9,5.8893,0,1.000000e-04
26550,gan,8.75653,1.78353,0.28456,0.52037,4.46708,1.18542,0.30247,0.03015,0.23232,4930.2,5.9362,0,1.000000e-04
26575,gan,8.61757,1.88787,0.30755,0.67601,4.42818,1.16776,0.25256,0.02517,0.24382,4934.4,5.9467,0,1.000000e-04
26600,gan,9.09765,2.19746,0.34019,0.59464,4.42838,1.18667,0.28996,0.03183,0.23144,4938.7,5.9435,0,1.000000e-04
26625,gan,8.86030,1.93837,0.29671,0.59553,4.39803,1.16150,0.30989,0.03364,0.23961,4943.0,5.9151,0,1.000000e-04
26650,gan,9.09117,2.02774,0.28831,0.72712,4.41635,1.16472,0.33620,0.03601,0.23345,4947.3,5.9160,0,1.000000e-04
26675,gan,9.16829,2.17657,0.31231,0.55689,4.41333,1.15950,0.32397,0.03607,0.23082,4951.7,5.8728,0,1.000000e-04
26700,gan,8.00596,1.99943,0.26890,0.44791,3.98831,0.98049,0.23379,0.03087,0.24396,4956.0,5.8945,0,1.000000e-04
26725,gan,9.32319,2.34839,0.36977,0.54256,4.56042,1.35573,0.23354,0.03323,0.22551,4960.3,5.9084,0,1.000000e-04
26750,gan,8.47346,2.01076,0.30669,0.45394,4.25620,1.16169,0.23433,0.03143,0.24390,4964.6,5.8886,0,1.000000e-04
26775,gan,9.07432,2.06273,0.33582,0.64638,4.51310,1.20383,0.29137,0.03096,0.22694,4968.9,5.8797,0,1.000000e-04
26800,gan,9.14687,2.21271,0.32290,0.59188,4.35413,1.23757,0.30433,0.03368,0.23740,4973.2,5.8863,0,1.000000e-04
26825,gan,9.31121,1.97648,0.32337,0.48770,4.70452,1.26349,0.31342,0.03193,0.23644,4977.6,5.8707,0,1.000000e-04
26850,gan,9.25466,2.08648,0.32515,0.57016,4.70988,1.28984,0.26305,0.02672,0.23111,4981.9,5.8647,0,1.000000e-04
26875,gan,8.68427,1.86519,0.28914,0.33803,4.20642,1.08813,0.35547,0.03993,0.25494,4986.2,5.8840,0,1.000000e-04
26900,gan,10.10179,2.51370,0.39306,0.63220,4.80650,1.36545,0.31967,0.03493,0.23606,4990.5,5.9050,0,1.000000e-04
26925,gan,8.77701,1.96258,0.30160,0.57005,4.44692,1.16821,0.27090,0.02854,0.22719,4994.9,5.8493,0,1.000000e-04
26950,gan,9.06898,2.09594,0.32784,0.39315,4.54003,1.31400,0.25460,0.02852,0.24014,4999.2,5.8540,0,1.000000e-04
26975,gan,8.20914,1.61678,0.28123,0.49081,4.25255,1.14368,0.27364,0.02435,0.24188,5003.5,5.8844,0,1.000000e-04
27000,gan,9.36742,2.25408,0.35173,0.50583,4.34341,1.27336,0.34329,0.03766,0.23649,5007.8,5.8954,0,1.000000e-04
27025,gan,8.56629,2.08344,0.30710,0.50505,4.20380,1.14825,0.25550,0.02759,0.24059,5012.3,5.8866,0,1.000000e-04
27050,gan,9.13169,2.00820,0.31852,0.57918,4.50997,1.33697,0.29007,0.02651,0.23967,5016.5,5.9168,0,1.000000e-04
27075,gan,8.98966,2.21810,0.33948,0.44349,4.49304,1.24320,0.23167,0.03035,0.23657,5020.8,5.9470,0,1.000000e-04
27100,gan,8.54916,1.86389,0.29073,0.60982,4.12522,1.14913,0.32133,0.03554,0.23778,5025.1,5.9404,0,1.000000e-04
27125,gan,8.89532,1.91366,0.32471,0.42860,4.39129,1.22588,0.31471,0.03033,0.23979,5029.4,5.9212,0,1.000000e-04
27150,gan,8.78044,2.07735,0.30017,0.58960,4.23052,1.17145,0.29538,0.03062,0.23012,5033.8,5.8711,0,1.000000e-04
27175,gan,9.10494,2.09591,0.33616,0.54981,4.66101,1.27175,0.23957,0.02936,0.24095,5038.1,5.8837,0,1.000000e-04
27200,gan,8.83961,2.06458,0.33345,0.60338,4.47643,1.19388,0.24430,0.03384,0.23734,5042.4,5.9269,0,1.000000e-04
27225,gan,8.81583,1.99549,0.29892,0.41676,4.43271,1.19334,0.27407,0.02644,0.23494,5046.6,5.9402,0,1.000000e-04
27250,gan,8.98778,2.00518,0.27938,0.51821,4.61643,1.24502,0.25345,0.02760,0.24577,5051.0,5.9102,0,1.000000e-04
27275,gan,8.31588,1.73041,0.27223,0.41375,4.33197,1.07283,0.27157,0.02581,0.23348,5055.2,5.9445,0,1.000000e-04
27300,gan,9.09992,1.97347,0.31206,0.45025,4.47858,1.20248,0.33352,0.03509,0.24309,5059.4,5.9653,0,1.000000e-04
27325,gan,8.89826,2.04408,0.31089,0.40299,4.35161,1.13524,0.31550,0.03393,0.22200,5063.6,5.9818,0,1.000000e-04
27350,gan,8.70400,1.84495,0.27832,0.54938,4.34421,1.14851,0.31286,0.03212,0.23463,5067.9,5.9930,0,1.000000e-04
27375,gan,9.07444,2.17547,0.31618,0.51872,4.33734,1.20894,0.30920,0.03238,0.23384,5072.1,6.0039,0,1.000000e-04
27400,gan,9.14670,2.11110,0.34698,0.43683,4.46792,1.26011,0.29930,0.03201,0.22511,5076.3,6.0190,0,1.000000e-04
27425,gan,9.47076,2.17040,0.33616,0.51737,4.60540,1.25661,0.32888,0.03750,0.24097,5080.7,5.9580,0,1.000000e-04
27450,gan,8.81771,1.98602,0.31694,0.54427,4.45498,1.17607,0.27202,0.02645,0.23799,5085.0,5.9347,0,1.000000e-04
27475,gan,9.11556,2.12970,0.33014,0.49613,4.46150,1.22928,0.29542,0.03078,0.24093,5089.2,5.9504,0,1.000000e-04
27500,gan,9.03443,2.12263,0.29141,0.43589,4.35633,1.19800,0.31315,0.03217,0.24340,5093.6,5.9146,0,1.000000e-04
27525,gan,9.40707,2.34931,0.34740,0.39479,4.58908,1.36844,0.24908,0.02968,0.23421,5098.0,5.9500,0,1.000000e-04
27550,gan,10.40443,2.55878,0.39525,0.49181,4.96568,1.45032,0.32555,0.03875,0.22811,5102.2,5.9534,0,1.000000e-04
27575,gan,8.45358,1.93196,0.28716,0.43511,4.27821,1.13192,0.25342,0.02560,0.23779,5106.5,5.9528,0,1.000000e-04
27600,gan,8.69315,1.88558,0.29861,0.57476,4.19221,1.12227,0.34251,0.03573,0.24207,5110.8,5.9458,0,1.000000e-04
27625,gan,8.30318,1.76949,0.24001,0.49210,4.07975,1.05585,0.32306,0.03265,0.23590,5115.0,5.9328,0,1.000000e-04
27650,gan,9.55844,2.38290,0.34686,0.46251,4.78001,1.31472,0.24289,0.02832,0.24039,5119.3,5.9555,0,1.000000e-04
27675,gan,9.71827,2.17465,0.31519,0.61263,4.70161,1.33792,0.34226,0.04225,0.23529,5123.6,5.9178,0,1.000000e-04
27700,gan,8.84437,2.03580,0.28031,0.57896,4.27133,1.14765,0.31792,0.03199,0.23193,5127.8,5.9905,0,1.000000e-04
27725,gan,9.23399,2.18247,0.31021,0.46719,4.54517,1.23576,0.29060,0.03046,0.23425,5132.1,5.9602,0,1.000000e-04
27750,gan,8.60287,1.89208,0.31749,0.47565,4.33541,1.20379,0.26685,0.02488,0.24752,5136.4,5.9391,0,1.000000e-04
27775,gan,9.05694,2.51705,0.32070,0.57350,4.30531,1.13338,0.24540,0.03017,0.23712,5140.7,5.9405,0,1.000000e-04
27800,gan,9.15343,2.12643,0.34035,0.53926,4.58526,1.28377,0.26107,0.02575,0.23556,5144.9,5.9725,0,1.000000e-04
27825,gan,8.97552,2.32256,0.31021,0.67954,4.26181,1.24866,0.25415,0.02693,0.24112,5149.2,5.9431,0,1.000000e-04
27850,gan,8.76236,2.01758,0.31290,0.59543,4.41385,1.18670,0.25677,0.02631,0.24854,5153.4,5.9836,0,1.000000e-04
27875,gan,8.36033,1.86649,0.29850,0.69975,4.26946,1.12329,0.24354,0.02711,0.24493,5157.6,5.9748,0,1.000000e-04
27900,gan,8.91163,2.05643,0.30750,0.45541,4.45073,1.18374,0.27942,0.02678,0.23975,5161.8,6.0050,0,1.000000e-04
27925,gan,8.40767,1.89685,0.28319,0.41646,4.11299,1.10004,0.29941,0.03020,0.23038,5166.0,6.0312,0,1.000000e-04
27950,gan,8.83792,2.05854,0.33095,0.56475,4.44295,1.26509,0.23828,0.02862,0.22790,5170.4,5.9711,0,1.000000e-04
27975,gan,9.40819,2.39697,0.38701,0.41303,4.50438,1.36428,0.25862,0.02807,0.24435,5174.6,5.9921,0,1.000000e-04
28000,gan,9.21908,2.01558,0.31414,0.50160,4.55720,1.26021,0.31766,0.03387,0.23079,5178.8,5.9761,0,1.000000e-04
28025,gan,8.54006,1.85069,0.28906,0.50980,4.27144,1.09150,0.30384,0.03118,0.22753,5196.1,5.9781,0,1.000000e-04
28050,gan,9.26833,2.22074,0.31083,0.41361,4.38298,1.21189,0.33611,0.03585,0.25877,5200.4,5.9347,0,1.000000e-04
28075,gan,8.44084,1.80926,0.27009,0.46674,4.01452,1.07584,0.35758,0.03721,0.25158,5204.8,5.9017,0,1.000000e-04
28100,gan,9.64830,2.49023,0.37780,0.44097,4.54061,1.38378,0.28075,0.02881,0.24722,5209.1,5.8738,0,1.000000e-04
28125,gan,8.68375,1.77397,0.26784,0.41450,4.36667,1.12992,0.32797,0.03306,0.24310,5213.5,5.8649,0,1.000000e-04
28150,gan,8.59429,2.01588,0.28492,0.55734,4.11789,1.10686,0.31007,0.02916,0.23882,5217.9,5.8530,0,1.000000e-04
28175,gan,9.44344,2.04997,0.34694,0.56065,4.58815,1.32009,0.34002,0.03440,0.22812,5222.1,5.9153,0,1.000000e-04
28200,gan,9.18885,2.00395,0.35042,0.54885,4.63007,1.20153,0.30810,0.03096,0.23434,5226.4,5.9345,0,1.000000e-04
28225,gan,8.79871,2.01602,0.29601,0.71423,4.25727,1.23295,0.29014,0.03089,0.23350,5230.6,5.9596,0,1.000000e-04
28250,gan,9.07023,1.97217,0.31155,0.59008,4.67433,1.27002,0.25905,0.02733,0.23777,5235.0,5.9127,0,1.000000e-04
28275,gan,8.70619,1.98146,0.30142,0.38485,4.09418,1.12399,0.35032,0.03667,0.24558,5239.3,5.9103,0,1.000000e-04
28300,gan,9.45972,2.01228,0.33308,0.56248,4.66429,1.29778,0.33961,0.03735,0.23864,5243.5,5.9252,0,1.000000e-04
28325,gan,8.37947,1.77757,0.26787,0.44916,4.20096,1.09495,0.30161,0.02783,0.24225,5247.8,5.9039,0,1.000000e-04
28350,gan,8.80842,1.96791,0.29961,0.44438,4.42113,1.18380,0.28302,0.02911,0.23579,5252.1,5.9487,0,1.000000e-04
28375,gan,9.12801,2.10401,0.30957,0.52113,4.45200,1.18901,0.31663,0.03338,0.23202,5256.5,5.9119,0,1.000000e-04
28400,gan,8.52021,1.97640,0.31665,0.42244,4.20351,1.13514,0.27645,0.02546,0.23228,5260.9,5.9059,0,1.000000e-04
28425,gan,8.39882,1.86282,0.28102,0.62053,4.12546,1.09229,0.29936,0.03067,0.22629,5265.1,5.9561,0,1.000000e-04
28450,gan,8.93254,2.13545,0.34613,0.57424,4.39602,1.16480,0.27920,0.02743,0.23650,5269.4,5.9239,0,1.000000e-04
28475,gan,8.59587,1.86531,0.27877,0.58208,4.24001,1.17704,0.29980,0.02821,0.24434,5273.7,5.9409,0,1.000000e-04
28500,gan,8.96959,2.01468,0.31934,0.48854,4.24711,1.16576,0.35582,0.03796,0.24570,5278.0,5.9168,0,1.000000e-04
28525,gan,8.99708,2.09383,0.30646,0.60200,4.58741,1.22978,0.24148,0.02931,0.24929,5282.5,5.9023,0,1.000000e-04
28550,gan,8.96957,1.84271,0.31655,0.57934,4.57747,1.27543,0.28910,0.02797,0.22476,5286.7,5.9481,0,1.000000e-04
28575,gan,8.55319,2.05926,0.27875,0.71211,4.24214,1.06392,0.26608,0.02448,0.24637,5290.9,5.9515,0,1.000000e-04
28600,gan,8.57505,1.90691,0.28871,0.67106,4.25461,1.12749,0.29041,0.02842,0.24693,5295.1,6.0077,0,1.000000e-04
28625,gan,8.95111,2.22472,0.31610,0.54041,4.37853,1.20779,0.25698,0.02649,0.23198,5299.4,5.9707,0,1.000000e-04
28650,gan,9.69105,2.45059,0.38649,0.57330,4.69735,1.38206,0.25851,0.03101,0.21862,5303.7,5.9300,0,1.000000e-04
28675,gan,9.14996,2.05737,0.32802,0.58422,4.54999,1.24818,0.29319,0.03042,0.22949,5308.1,5.8698,0,1.000000e-04
28700,gan,8.63850,1.93895,0.28789,0.54036,4.35433,1.18793,0.26196,0.02663,0.22715,5312.4,5.8957,0,1.000000e-04
28725,gan,8.77166,2.04346,0.33100,0.47498,4.31800,1.14025,0.29080,0.02616,0.23054,5316.8,5.8727,0,1.000000e-04
28750,gan,9.30702,2.21910,0.33421,0.67181,4.51036,1.19457,0.31286,0.03095,0.24369,5321.0,5.9002,0,1.000000e-04
28775,gan,9.74979,2.29178,0.35131,0.55574,4.90843,1.35524,0.26904,0.02746,0.23439,5325.3,5.9490,0,1.000000e-04
28800,gan,8.78578,1.93220,0.32534,0.52125,4.58079,1.19458,0.24152,0.02747,0.23898,5329.5,5.9586,0,1.000000e-04
28825,gan,9.68611,2.26449,0.36921,0.63676,4.86031,1.42014,0.25245,0.03079,0.22819,5334.0,5.8988,0,1.000000e-04
28850,gan,9.11837,1.92604,0.33066,0.49029,4.72121,1.27577,0.27173,0.02632,0.23269,5338.3,5.8854,0,1.000000e-04
28875,gan,9.31487,2.18312,0.33677,0.59891,4.64912,1.30902,0.26352,0.02597,0.24088,5342.6,5.9101,0,1.000000e-04
28900,gan,9.15081,2.11611,0.34181,0.72705,4.55827,1.26960,0.26781,0.02869,0.21963,5346.9,5.9099,0,1.000000e-04
28925,gan,8.89501,2.12450,0.35863,0.50094,4.49043,1.31660,0.21133,0.03218,0.25051,5351.2,5.9188,0,1.000000e-04
28950,gan,9.43421,1.99426,0.35998,0.61044,4.80005,1.34240,0.29329,0.02730,0.23165,5355.7,5.8789,0,1.000000e-04
28975,gan,8.98056,1.91403,0.31431,0.42590,4.62494,1.29030,0.26271,0.02643,0.24271,5359.9,5.9361,0,1.000000e-04
29000,gan,8.80519,1.92130,0.30770,0.52072,4.53041,1.22058,0.25643,0.02431,0.23831,5364.2,5.9324,0,1.000000e-04
29025,gan,9.69749,2.42121,0.36629,0.42427,4.80621,1.39639,0.24129,0.02948,0.22720,5368.7,5.8969,0,1.000000e-04
29050,gan,9.04626,1.95687,0.30441,0.53713,4.34245,1.30037,0.33182,0.03514,0.24747,5373.0,5.9233,0,1.000000e-04
29075,gan,8.58214,2.05139,0.29530,0.68303,4.34137,1.10746,0.23934,0.02673,0.23333,5377.3,5.8856,0,1.000000e-04
29100,gan,9.42000,2.26482,0.33104,0.46681,4.50963,1.29762,0.30881,0.03292,0.23878,5381.6,5.9013,0,1.000000e-04
29125,gan,9.52324,2.21765,0.37067,0.45728,4.75960,1.33270,0.27575,0.02751,0.22507,5386.0,5.8530,0,1.000000e-04
29150,gan,8.69697,1.90677,0.30317,0.43523,4.32510,1.11172,0.31190,0.03195,0.24092,5390.3,5.8701,0,1.000000e-04
29175,gan,8.83032,1.92746,0.29042,0.63735,4.43505,1.12961,0.30391,0.02978,0.24286,5394.6,5.9034,0,1.000000e-04
29200,gan,9.63513,2.26580,0.33698,0.50292,4.62789,1.33216,0.32330,0.03212,0.24954,5398.9,5.8918,0,1.000000e-04
29225,gan,8.27489,1.88248,0.25121,0.55122,4.13602,1.07348,0.26888,0.02714,0.23499,5403.2,5.8949,0,1.000000e-04
29250,gan,9.32085,2.09611,0.33315,0.57964,4.65290,1.33000,0.28082,0.02728,0.24126,5407.5,5.8898,0,1.000000e-04
29275,gan,8.63700,1.91169,0.31187,0.62418,4.24906,1.23100,0.28120,0.02685,0.23253,5411.8,5.9099,0,1.000000e-04
29300,gan,8.43197,1.83928,0.30852,0.54204,4.35735,1.19924,0.22965,0.03244,0.22873,5416.2,5.8722,0,1.000000e-04
29325,gan,9.29064,2.27242,0.35987,0.51261,4.62088,1.31402,0.24216,0.02745,0.23943,5420.5,5.8499,0,1.000000e-04
29350,gan,9.22688,2.00201,0.31574,0.55998,4.70498,1.28045,0.28063,0.02934,0.22770,5424.9,5.8451,0,1.000000e-04
29375,gan,9.39279,2.27878,0.40342,0.57592,4.57700,1.31279,0.27391,0.03065,0.21713,5429.1,5.9060,0,1.000000e-04
29400,gan,9.32740,2.32338,0.34750,0.48130,4.46988,1.25907,0.29092,0.02851,0.24639,5433.5,5.8866,0,1.000000e-04
29425,gan,8.54644,1.97175,0.30710,0.66983,4.34564,1.16259,0.23517,0.02809,0.24216,5437.8,5.8781,0,1.000000e-04
29450,gan,9.27920,2.12661,0.34680,0.51482,4.69612,1.28699,0.26405,0.02712,0.24331,5442.2,5.8736,0,1.000000e-04
29475,gan,8.44580,1.74434,0.25587,0.44100,4.29174,1.10681,0.30130,0.02803,0.25039,5446.5,5.8662,0,1.000000e-04
29500,gan,8.91922,1.91023,0.29303,0.68082,4.44560,1.20793,0.30698,0.03015,0.24332,5450.9,5.8448,0,1.000000e-04
29525,gan,8.72192,2.11108,0.30300,0.45732,4.04057,1.11025,0.33731,0.03473,0.24284,5455.2,5.9125,0,1.000000e-04
29550,gan,8.33224,1.89988,0.28692,0.60983,4.20073,1.07934,0.25942,0.02493,0.22703,5459.6,5.8880,0,1.000000e-04
29575,gan,9.29303,2.19514,0.31890,0.40909,4.55483,1.24314,0.29987,0.02765,0.25063,5463.8,5.9481,0,1.000000e-04
29600,gan,8.31087,1.86192,0.27623,0.60357,4.28512,1.08097,0.24137,0.02942,0.23666,5468.8,5.8824,0,1.000000e-04
29625,gan,9.09113,2.02244,0.35271,0.51064,4.35908,1.31552,0.31881,0.03254,0.24652,5473.0,5.9485,0,1.000000e-04
29650,gan,8.00587,1.67580,0.27540,0.35692,4.19780,1.04127,0.25040,0.02617,0.23258,5477.3,5.9309,0,1.000000e-04
29675,gan,9.25450,2.09502,0.34318,0.52581,4.74195,1.36197,0.23547,0.02679,0.23534,5481.6,5.9121,0,1.000000e-04
29700,gan,8.99572,2.08978,0.32256,0.69605,4.41640,1.21067,0.28720,0.02821,0.23331,5485.9,5.8993,0,1.000000e-04
29725,gan,8.83649,1.97441,0.29754,0.68730,4.24297,1.15491,0.33239,0.03616,0.22347,5490.2,5.9322,0,1.000000e-04
29750,gan,8.54681,2.10370,0.30593,0.48426,4.15634,1.11548,0.26584,0.02893,0.23287,5494.4,5.9599,0,1.000000e-04
29775,gan,8.65936,1.93455,0.31475,0.52479,4.39777,1.26221,0.23827,0.02779,0.23616,5498.7,5.9498,0,1.000000e-04
29800,gan,8.67617,1.84593,0.30110,0.54054,4.41973,1.16367,0.28403,0.02656,0.24124,5503.0,5.9539,0,1.000000e-04
29825,gan,8.75409,2.14630,0.32676,0.38550,4.27081,1.19561,0.26094,0.02638,0.22962,5507.4,5.8958,0,1.000000e-04
29850,gan,8.74550,2.07711,0.34995,0.67030,4.12812,1.17650,0.30774,0.03079,0.22944,5511.7,5.9082,0,1.000000e-04
29875,gan,8.88928,2.04516,0.30338,0.52649,4.35116,1.18891,0.29799,0.02908,0.23677,5515.9,5.9160,0,1.000000e-04
29900,gan,8.41027,2.00433,0.29777,0.42658,4.18285,1.08899,0.25878,0.02652,0.23545,5520.3,5.9033,0,1.000000e-04
29925,gan,8.51763,1.80286,0.27573,0.45822,4.24824,1.11344,0.31229,0.03055,0.24536,5524.5,5.9249,0,1.000000e-04
29950,gan,8.12080,1.81286,0.29210,0.57491,4.09700,1.13885,0.23862,0.03091,0.23786,5529.0,5.8651,0,1.000000e-04
29975,gan,8.74197,1.91012,0.32369,0.52740,4.54916,1.15052,0.25572,0.02417,0.23752,5533.3,5.8990,0,1.000000e-04
30000,gan,8.07559,1.68032,0.24671,0.40564,4.10824,1.03540,0.29032,0.02513,0.23757,5537.7,5.8447,0,1.000000e-04
30025,gan,8.88205,2.16820,0.33805,0.43425,4.47884,1.19890,0.23188,0.03134,0.24743,5555.5,5.9016,0,1.000000e-04
30050,gan,9.11614,2.14728,0.31007,0.40571,4.56047,1.24369,0.26662,0.02666,0.22443,5559.9,5.8623,0,1.000000e-04
30075,gan,8.55464,1.79042,0.25715,0.55563,4.25471,1.10916,0.32182,0.03179,0.25038,5564.2,5.8869,0,1.000000e-04
30100,gan,9.04709,1.93846,0.32679,0.50150,4.47946,1.19166,0.32978,0.03554,0.23495,5568.6,5.8699,0,1.000000e-04
30125,gan,9.34241,2.24923,0.31254,0.58333,4.58363,1.33184,0.26524,0.02718,0.24642,5572.8,5.9242,0,1.000000e-04
30150,gan,9.83655,2.31210,0.35018,0.68715,4.85350,1.34966,0.29698,0.02965,0.23248,5577.2,5.8817,0,1.000000e-04
30175,gan,8.30128,2.01152,0.29888,0.50965,4.13723,1.09404,0.23778,0.02650,0.24335,5581.4,5.9093,0,1.000000e-04
30200,gan,9.24330,2.25044,0.36300,0.49800,4.59158,1.28893,0.24956,0.02798,0.22424,5585.7,5.8945,0,1.000000e-04
30225,gan,8.87509,2.05802,0.31423,0.48388,4.51609,1.19661,0.24946,0.02671,0.23436,5590.1,5.8557,0,1.000000e-04
30250,gan,8.55433,1.73970,0.28976,0.53323,4.47387,1.17288,0.26463,0.02707,0.23489,5594.4,5.8880,0,1.000000e-04
30275,gan,8.66675,1.92620,0.30561,0.45571,4.45350,1.21148,0.24275,0.02842,0.23042,5598.7,5.9242,0,1.000000e-04
30300,gan,8.59218,1.81161,0.30832,0.39526,4.43728,1.18335,0.26628,0.02445,0.24503,5603.0,5.8860,0,1.000000e-04
30325,gan,8.09364,1.86398,0.29179,0.42890,4.04557,1.04187,0.26140,0.02454,0.24037,5607.2,5.9507,0,1.000000e-04
30350,gan,8.24160,1.88658,0.31005,0.40557,4.17344,1.03433,0.26265,0.02511,0.23912,5611.6,5.9070,0,1.000000e-04
30375,gan,8.80100,2.14174,0.30347,0.50228,4.14565,1.23849,0.29169,0.02779,0.24954,5615.8,5.9583,0,1.000000e-04
30400,gan,8.05070,1.85283,0.27776,0.48965,3.99881,1.07294,0.25595,0.02557,0.23952,5620.4,5.8710,0,1.000000e-04
30425,gan,7.97578,1.68438,0.28260,0.50487,4.06653,1.08996,0.25799,0.02420,0.24065,5624.5,5.9649,0,1.000000e-04
30450,gan,9.11221,2.16541,0.31599,0.69345,4.59953,1.23648,0.24506,0.02963,0.23395,5628.9,5.9205,0,1.000000e-04
30475,gan,9.08084,1.96105,0.31020,0.57852,4.58465,1.23021,0.29681,0.02883,0.23803,5633.1,5.9368,0,1.000000e-04
30500,gan,9.96757,2.41671,0.36458,0.47905,4.97151,1.46529,0.25080,0.02648,0.24338,5637.3,5.9730,0,1.000000e-04
30525,gan,8.54062,1.85487,0.29548,0.47750,4.24258,1.14460,0.29803,0.02914,0.23136,5641.8,5.9665,0,1.000000e-04
30550,gan,9.44838,2.23500,0.34760,0.55424,4.53192,1.25819,0.32499,0.03312,0.24382,5646.0,5.9562,0,1.000000e-04
30575,gan,8.50465,1.76240,0.29180,0.62672,4.24690,1.12862,0.31087,0.03139,0.24748,5650.4,5.9161,0,1.000000e-04
30600,gan,8.64012,2.03882,0.31300,0.46982,4.38857,1.11787,0.24705,0.02837,0.23863,5654.6,5.9444,0,1.000000e-04
30625,gan,8.71712,2.03055,0.30332,0.65463,4.32951,1.23215,0.25068,0.02639,0.23739,5658.9,5.9432,0,1.000000e-04
30650,gan,9.12618,1.87231,0.34009,0.43613,4.66803,1.33112,0.28715,0.02851,0.23816,5663.2,5.9215,0,1.000000e-04
30675,gan,9.25862,2.15552,0.32679,0.48034,4.71222,1.39038,0.22267,0.02912,0.23346,5667.5,5.9372,0,1.000000e-04
30700,gan,8.59262,1.88081,0.28025,0.48929,4.30957,1.06120,0.30821,0.03125,0.22980,5671.8,5.9058,0,1.000000e-04
30725,gan,8.69844,2.08140,0.29614,0.46031,4.27776,1.19038,0.26150,0.02727,0.24160,5676.3,5.8438,0,1.000000e-04
30750,gan,8.97412,1.99626,0.32558,0.48210,4.47194,1.26221,0.28346,0.02910,0.22474,5680.5,5.8977,0,1.000000e-04
30775,gan,8.45965,1.78627,0.28783,0.81895,4.35022,1.16622,0.25511,0.02580,0.23233,5684.7,5.9459,0,1.000000e-04
30800,gan,8.82857,2.07443,0.36482,0.55698,4.44706,1.20576,0.24582,0.02587,0.23836,5689.0,5.9819,0,1.000000e-04
30825,gan,8.77465,2.14845,0.30026,0.61925,4.31665,1.13335,0.26405,0.02805,0.24225,5693.4,5.8795,0,1.000000e-04
30850,gan,8.55390,1.82106,0.30496,0.52985,4.33564,1.18155,0.27593,0.02843,0.22657,5697.6,5.9095,0,1.000000e-04
30875,gan,8.99697,2.00977,0.29506,0.48014,4.44831,1.23010,0.30023,0.03035,0.22024,5701.9,5.9248,0,1.000000e-04
30900,gan,8.95401,2.04379,0.32262,0.59258,4.45593,1.27608,0.26506,0.02647,0.24416,5706.2,5.9058,0,1.000000e-04
30925,gan,7.94021,1.66693,0.26595,0.40082,4.12192,1.00390,0.26437,0.02328,0.24405,5710.6,5.9073,0,1.000000e-04
30950,gan,8.26927,1.77952,0.27240,0.35980,4.30804,1.06541,0.25703,0.02496,0.24783,5714.9,5.8597,0,1.000000e-04
30975,gan,8.65622,1.94412,0.30478,0.42837,4.27102,1.16856,0.29264,0.02867,0.22476,5719.2,5.9100,0,1.000000e-04
31000,gan,9.51792,2.27244,0.37527,0.70043,4.77730,1.31717,0.25343,0.02971,0.23123,5723.5,5.8932,0,1.000000e-04
31025,gan,8.41643,1.88696,0.30369,0.36249,4.25608,1.18201,0.24967,0.02608,0.23595,5728.0,5.8805,0,1.000000e-04
31050,gan,8.49165,1.71455,0.25482,0.66206,4.33588,1.13836,0.29608,0.02685,0.23613,5732.3,5.9181,0,1.000000e-04
31075,gan,9.18401,2.23994,0.36453,0.47529,4.61599,1.28897,0.23174,0.02818,0.23393,5736.7,5.8655,0,1.000000e-04
31100,gan,8.73057,1.94501,0.31216,0.56017,4.45706,1.21935,0.24851,0.02786,0.22530,5741.0,5.8776,0,1.000000e-04
31125,gan,9.41485,2.10065,0.34465,0.43799,4.79321,1.29534,0.27904,0.03122,0.21824,5745.4,5.8593,0,1.000000e-04
31150,gan,8.32693,1.76751,0.30326,0.49983,4.24155,1.07543,0.28427,0.02508,0.24143,5749.7,5.8872,0,1.000000e-04
31175,gan,9.06614,2.08605,0.32860,0.70025,4.59880,1.28991,0.23986,0.02904,0.23620,5754.0,5.8958,0,1.000000e-04
31200,gan,8.81562,1.96565,0.31845,0.57491,4.53907,1.24332,0.23732,0.02896,0.22748,5758.3,5.9055,0,1.000000e-04
31225,gan,9.29959,2.20562,0.34634,0.51011,4.35331,1.27993,0.33491,0.03546,0.24385,5762.6,5.9079,0,1.000000e-04
31250,gan,8.86628,1.89681,0.32211,0.47075,4.46883,1.27350,0.28052,0.02576,0.23259,5766.9,5.9507,0,1.000000e-04
31275,gan,8.67721,1.99215,0.31216,0.54193,4.24936,1.14418,0.29491,0.02645,0.25847,5771.1,5.9553,0,1.000000e-04
31300,gan,8.13169,1.78327,0.29339,0.50491,4.16167,1.06033,0.25495,0.02680,0.24387,5775.4,5.9619,0,1.000000e-04
31325,gan,8.81337,1.94599,0.33188,0.45640,4.50345,1.16251,0.27487,0.02312,0.24042,5779.7,5.9464,0,1.000000e-04
31350,gan,8.10443,1.82404,0.27008,0.43884,4.03433,1.12883,0.25505,0.02614,0.23308,5783.9,5.9389,0,1.000000e-04
31375,gan,9.74206,2.28314,0.37608,0.51953,4.90958,1.33836,0.27387,0.02596,0.24134,5788.2,5.9438,0,1.000000e-04
31400,gan,8.49808,1.91849,0.29375,0.63017,4.12030,1.08389,0.31326,0.02999,0.24720,5792.5,5.9059,0,1.000000e-04
31425,gan,8.85241,2.06497,0.32164,0.53335,4.42680,1.28109,0.24153,0.02794,0.23141,5796.7,5.9585,0,1.000000e-04
31450,gan,9.01669,2.05321,0.34041,0.39252,4.54466,1.24769,0.26746,0.02798,0.23385,5801.0,5.9776,0,1.000000e-04
31475,gan,8.42225,1.92007,0.31366,0.50734,4.26109,1.18991,0.23509,0.02870,0.24742,5805.3,5.9577,0,1.000000e-04
31500,gan,8.26070,1.96157,0.31573,0.57958,4.05235,1.09803,0.25919,0.02245,0.24002,5809.5,5.9824,0,1.000000e-04
31525,gan,8.64093,1.84000,0.28280,0.40761,4.31515,1.13053,0.31404,0.03006,0.23485,5814.1,5.8897,0,1.000000e-04
31550,gan,8.76183,2.01666,0.30214,0.59607,4.27789,1.08481,0.31499,0.03270,0.22854,5818.4,5.9138,0,1.000000e-04
31575,gan,8.81269,2.00197,0.30283,0.45132,4.34030,1.13669,0.30725,0.02933,0.24541,5822.6,5.9292,0,1.000000e-04
31600,gan,8.67904,1.85966,0.29571,0.44012,4.36522,1.19529,0.28930,0.02808,0.24071,5826.9,5.9711,0,1.000000e-04
31625,gan,9.25253,2.02272,0.32407,0.44908,4.61590,1.30668,0.30017,0.02926,0.23569,5831.2,5.9323,0,1.000000e-04
31650,gan,8.47171,1.84503,0.25686,0.50770,4.20773,1.05729,0.31383,0.02987,0.24542,5835.4,5.9561,0,1.000000e-04
31675,gan,9.23180,2.10068,0.35112,0.42427,4.67909,1.37628,0.24237,0.02873,0.23473,5839.7,5.9641,0,1.000000e-04
31700,gan,8.42461,1.86997,0.25280,0.51042,4.20902,1.03466,0.30122,0.02976,0.24116,5844.0,5.9297,0,1.000000e-04
31725,gan,8.47154,1.98968,0.29639,0.41388,4.15060,1.16626,0.26588,0.03047,0.25221,5848.3,5.9042,0,1.000000e-04
31750,gan,9.38322,2.13519,0.32974,0.51490,4.68000,1.29790,0.28878,0.03054,0.23504,5852.6,5.9102,0,1.000000e-04
31775,gan,8.54849,1.94584,0.27754,0.35217,4.18276,1.14916,0.29564,0.02519,0.24873,5856.9,5.9240,0,1.000000e-04
31800,gan,8.88085,1.95739,0.30248,0.47922,4.43408,1.21430,0.29246,0.02707,0.24544,5861.2,5.9173,0,1.000000e-04
31825,gan,8.78207,1.97708,0.30094,0.60128,4.45078,1.16646,0.26796,0.02568,0.23621,5865.5,5.9219,0,1.000000e-04
31850,gan,8.23323,1.74390,0.26008,0.56146,4.12142,1.00767,0.31203,0.02998,0.24736,5869.8,5.9247,0,1.000000e-04
31875,gan,8.68461,1.96883,0.29177,0.46173,4.32152,1.13403,0.28904,0.02872,0.23556,5874.0,5.9691,0,1.000000e-04
31900,gan,8.50942,1.76084,0.28729,0.51304,4.21504,1.10290,0.32952,0.03252,0.24632,5878.3,5.9394,0,1.000000e-04
31925,gan,9.32623,2.44185,0.34959,0.43471,4.53773,1.28631,0.23899,0.02596,0.23667,5882.6,5.9327,0,1.000000e-04
31950,gan,8.68152,1.97844,0.34740,0.65541,4.39625,1.20041,0.24510,0.02575,0.23349,5886.9,5.9293,0,1.000000e-04
31975,gan,9.18626,2.12764,0.33754,0.60183,4.60712,1.27322,0.26450,0.02635,0.23746,5891.1,5.9446,0,1.000000e-04
32000,gan,8.45880,1.94902,0.28190,0.60373,4.06140,1.06466,0.31597,0.03129,0.23324,5895.4,5.9200,0,1.000000e-04
32025,gan,7.80843,1.78170,0.24448,0.44207,3.91717,1.01175,0.25127,0.02405,0.24290,5912.4,5.9996,0,1.000000e-04
32050,gan,8.87648,1.94662,0.32057,0.43898,4.45628,1.28596,0.27185,0.02428,0.24022,5916.7,5.9461,0,1.000000e-04
32075,gan,8.25373,1.68726,0.26835,0.48999,4.20633,1.04310,0.30326,0.02815,0.23359,5922.2,5.8942,0,1.000000e-04
32100,gan,8.28137,1.77029,0.29001,0.57019,4.19121,1.05811,0.28679,0.02856,0.22619,5926.5,5.8988,0,1.000000e-04
32125,gan,8.45992,1.85804,0.27303,0.67544,4.36693,1.06979,0.26104,0.02617,0.22907,5930.8,5.9140,0,1.000000e-04
32150,gan,9.57694,2.20249,0.34774,0.41724,4.59728,1.36878,0.32468,0.03318,0.24438,5935.1,5.8791,0,1.000000e-04
32175,gan,9.38358,2.10832,0.31046,0.49358,4.55729,1.29678,0.32618,0.03607,0.24071,5939.4,5.8942,0,1.000000e-04
32200,gan,9.19817,2.06429,0.35459,0.61017,4.65349,1.24415,0.27895,0.02398,0.22975,5943.8,5.8706,0,1.000000e-04
32225,gan,8.45193,1.92243,0.28352,0.46597,4.24668,1.15909,0.25608,0.02446,0.23505,5948.1,5.8743,0,1.000000e-04
32250,gan,8.79312,1.90190,0.30357,0.74472,4.38457,1.20939,0.29037,0.03094,0.22269,5952.5,5.8516,0,1.000000e-04
32275,gan,8.84433,1.87078,0.30137,0.72095,4.29333,1.17158,0.34202,0.03832,0.24729,5956.8,5.8676,0,1.000000e-04
32300,gan,8.45490,1.75320,0.27918,0.58880,4.34545,1.09830,0.28603,0.02703,0.23123,5961.1,5.8919,0,1.000000e-04
32325,gan,8.48572,1.68154,0.28331,0.52162,4.32072,1.11347,0.31501,0.02947,0.24579,5965.6,5.8269,0,1.000000e-04
32350,gan,8.09924,1.67423,0.25525,0.50788,4.08437,1.07229,0.29137,0.02655,0.23644,5969.8,5.9157,0,1.000000e-04
32375,gan,8.95285,1.97693,0.36859,0.51664,4.58149,1.26772,0.25347,0.02431,0.22855,5974.2,5.8531,0,1.000000e-04
32400,gan,8.24488,1.77305,0.29325,0.57149,4.25503,1.07122,0.25894,0.02334,0.24948,5978.4,5.9264,0,1.000000e-04
32425,gan,9.21751,2.20055,0.38445,0.40714,4.59271,1.31010,0.25265,0.02438,0.23640,5982.6,5.9795,0,1.000000e-04
32450,gan,9.15165,2.09960,0.30937,0.55369,4.38346,1.26248,0.32138,0.03427,0.22483,5986.9,5.9876,0,1.000000e-04
32475,gan,9.49135,2.13266,0.34946,0.50687,4.71945,1.34244,0.29546,0.02934,0.22174,5991.2,5.9595,0,1.000000e-04
32500,gan,8.18387,1.67511,0.27102,0.53793,4.07891,1.03791,0.31996,0.03120,0.24624,5995.4,5.9706,0,1.000000e-04
32525,gan,9.34603,2.10607,0.35632,0.60543,4.72329,1.38200,0.25334,0.02511,0.23508,5999.9,5.9281,0,1.000000e-04
32550,gan,9.11380,1.96787,0.32814,0.60370,4.57299,1.32531,0.28172,0.02755,0.24203,6004.1,5.9351,0,1.000000e-04
32575,gan,9.17516,2.30052,0.35268,0.53429,4.50075,1.29207,0.24128,0.02802,0.22296,6008.5,5.9138,0,1.000000e-04
32600,gan,8.86970,2.10418,0.32189,0.65274,4.39835,1.22545,0.25458,0.02595,0.23577,6012.8,5.8886,0,1.000000e-04
32625,gan,7.94055,1.61271,0.24164,0.59050,3.96967,0.99929,0.31128,0.03054,0.23901,6017.1,5.8947,0,1.000000e-04
32650,gan,8.33288,1.78221,0.29718,0.37942,4.27875,1.12375,0.26385,0.02512,0.23987,6021.3,5.9351,0,1.000000e-04
32675,gan,9.24234,2.13833,0.32832,0.42474,4.55242,1.24706,0.30043,0.02749,0.23946,6025.8,5.8660,0,1.000000e-04
32700,gan,8.92200,2.03214,0.31386,0.53560,4.36434,1.16761,0.30993,0.03324,0.22168,6030.0,5.9223,0,1.000000e-04
32725,gan,9.47152,2.11565,0.36477,0.50539,4.82329,1.31713,0.27616,0.02377,0.23243,6034.2,5.9661,0,1.000000e-04
32750,gan,9.48832,2.22031,0.32579,0.45315,4.55697,1.34186,0.31436,0.03385,0.23676,6038.5,5.9666,0,1.000000e-04
32775,gan,8.43659,1.81253,0.29201,0.40433,4.28360,1.12542,0.28017,0.02472,0.24597,6042.7,5.9515,0,1.000000e-04
32800,gan,8.84421,2.05576,0.34073,0.47915,4.48188,1.26148,0.23401,0.02705,0.23270,6047.0,5.9601,0,1.000000e-04
32825,gan,9.04454,2.14049,0.32236,0.51621,4.42327,1.22088,0.28713,0.02752,0.23073,6051.3,5.9383,0,1.000000e-04
32850,gan,9.31673,2.19496,0.33165,0.60360,4.61036,1.27411,0.27944,0.02604,0.23296,6055.6,5.8907,0,1.000000e-04
32875,gan,8.76328,1.98802,0.30633,0.61581,4.34927,1.18690,0.28027,0.02578,0.23153,6059.9,5.9381,0,1.000000e-04
32900,gan,8.23641,1.87432,0.26857,0.49794,4.12142,1.04167,0.27473,0.02342,0.24962,6064.1,5.9743,0,1.000000e-04
32925,gan,8.72605,1.71474,0.26196,0.40720,4.43128,1.16385,0.32902,0.03319,0.24383,6068.3,6.0133,0,1.000000e-04
32950,gan,9.40202,2.12525,0.36315,0.37063,4.67935,1.35181,0.28570,0.02945,0.22817,6072.6,5.9545,0,1.000000e-04
32975,gan,8.81350,1.98762,0.31848,0.45754,4.32999,1.20127,0.29686,0.02957,0.22499,6076.8,5.9946,0,1.000000e-04
33000,gan,9.82696,2.07574,0.34204,0.67518,4.95166,1.39278,0.31756,0.03481,0.22006,6081.1,5.9721,0,1.000000e-04
33025,gan,9.07513,2.06253,0.30015,0.73836,4.48112,1.20075,0.29941,0.02922,0.23759,6085.5,5.9781,0,1.000000e-04
33050,gan,9.39584,2.17270,0.34590,0.45966,4.58946,1.32131,0.30030,0.03062,0.23149,6089.9,5.9305,0,1.000000e-04
33075,gan,8.44229,1.97741,0.29022,0.52112,4.24742,1.11071,0.24975,0.02660,0.23676,6094.3,5.8730,0,1.000000e-04
33100,gan,9.28843,2.07715,0.31673,0.48561,4.65352,1.22420,0.30530,0.03212,0.23414,6098.6,5.9172,0,1.000000e-04
33125,gan,9.52420,2.09604,0.33038,0.40661,4.67920,1.32921,0.32820,0.03327,0.24848,6102.8,5.9451,0,1.000000e-04
33150,gan,8.94876,2.05347,0.34712,0.49763,4.38664,1.27782,0.28033,0.02503,0.23055,6107.1,5.9792,0,1.000000e-04
33175,gan,8.17664,1.83241,0.27711,0.42318,4.08055,1.06456,0.27663,0.02258,0.24034,6111.4,5.9145,0,1.000000e-04
33200,gan,8.62324,2.04639,0.30180,0.57100,4.29528,1.13370,0.25923,0.02366,0.23796,6115.8,5.8797,0,1.000000e-04
33225,gan,9.08370,2.07791,0.34221,0.58203,4.63246,1.19592,0.26516,0.02435,0.22711,6120.1,5.8669,0,1.000000e-04
33250,gan,9.15950,1.99214,0.32752,0.35278,4.52564,1.21090,0.33190,0.03519,0.24543,6124.4,5.8756,0,1.000000e-04
33275,gan,7.99624,1.76614,0.28614,0.62625,4.01210,1.05964,0.26105,0.02291,0.24304,6128.8,5.8332,0,1.000000e-04
33300,gan,9.55039,2.34498,0.35883,0.64091,4.56616,1.29653,0.30289,0.03117,0.24225,6134.1,5.7351,0,1.000000e-04
33325,gan,8.94842,2.00602,0.27679,0.48185,4.55684,1.19544,0.27264,0.02368,0.24305,6138.5,5.7628,0,1.000000e-04
33350,gan,8.63407,1.97558,0.27171,0.40600,4.34115,1.13800,0.27183,0.02426,0.23400,6142.8,5.8137,0,1.000000e-04
33375,gan,8.61271,1.91450,0.29605,0.56928,4.41851,1.14517,0.25554,0.02583,0.23974,6147.2,5.8010,0,1.000000e-04
33400,gan,8.47941,1.84211,0.30321,0.47015,4.46834,1.13856,0.23155,0.02687,0.23438,6151.5,5.8528,0,1.000000e-04
33425,gan,8.75560,2.04332,0.32658,0.61561,4.31065,1.16444,0.27883,0.02766,0.23043,6155.8,5.8819,0,1.000000e-04
33450,gan,8.77899,2.02321,0.30762,0.42070,4.45720,1.24931,0.23736,0.02699,0.24256,6160.0,5.9300,0,1.000000e-04
33475,gan,9.55224,2.14448,0.31022,0.58424,4.62536,1.26718,0.34674,0.03882,0.23056,6164.2,5.9775,0,1.000000e-04
33500,gan,8.55757,1.94412,0.28656,0.71086,4.15910,1.11277,0.30346,0.02799,0.24285,6168.5,5.9462,0,1.000000e-04
33525,gan,9.03091,2.18787,0.31878,0.54791,4.58554,1.21815,0.23108,0.02838,0.22481,6172.9,5.9711,0,1.000000e-04
33550,gan,9.13363,2.25084,0.32417,0.39265,4.44587,1.21401,0.28105,0.02701,0.23041,6177.2,5.9615,0,1.000000e-04
33575,gan,9.15869,2.17520,0.34226,0.41194,4.45170,1.19183,0.30777,0.03345,0.22067,6181.4,5.9978,0,1.000000e-04
33600,gan,8.85081,1.96380,0.31849,0.40545,4.31734,1.19606,0.31802,0.02913,0.24203,6185.7,5.9201,0,1.000000e-04
33625,gan,8.65150,1.79421,0.29047,0.48499,4.40844,1.20035,0.28646,0.02513,0.23707,6190.0,5.9364,0,1.000000e-04
33650,gan,8.85081,1.82678,0.33189,0.61770,4.58613,1.25439,0.26603,0.02445,0.23942,6194.3,5.9284,0,1.000000e-04
33675,gan,9.04164,1.99360,0.34224,0.48831,4.51899,1.24098,0.29420,0.02822,0.23632,6198.5,5.9760,0,1.000000e-04
33700,gan,8.19330,1.86254,0.27699,0.60169,4.17694,1.05088,0.24745,0.02527,0.24112,6202.8,5.9773,0,1.000000e-04
33725,gan,8.68262,1.92431,0.30528,0.41575,4.26170,1.12540,0.31702,0.03102,0.23096,6207.1,5.9428,0,1.000000e-04
33750,gan,8.65902,2.11079,0.31304,0.52944,4.34712,1.12529,0.24076,0.02852,0.22642,6211.4,5.9442,0,1.000000e-04
33775,gan,9.16434,2.08987,0.33522,0.66655,4.58742,1.30951,0.26302,0.02531,0.24173,6215.6,5.9512,0,1.000000e-04
33800,gan,8.55779,1.93927,0.31638,0.44339,4.35052,1.17814,0.24737,0.02441,0.23075,6219.9,5.9677,0,1.000000e-04
33825,gan,8.83793,2.01923,0.32206,0.41222,4.34722,1.24018,0.28335,0.02448,0.23278,6224.2,5.9532,0,1.000000e-04
33850,gan,8.74559,1.78586,0.29288,0.55520,4.34659,1.19235,0.32568,0.03328,0.24228,6228.5,5.9313,0,1.000000e-04
33875,gan,8.93588,1.98026,0.31686,0.38127,4.62373,1.18084,0.26400,0.02525,0.23535,6232.7,5.9824,0,1.000000e-04
33900,gan,8.80529,1.92777,0.34399,0.45319,4.46085,1.26196,0.26249,0.02503,0.23511,6237.0,5.9436,0,1.000000e-04
33925,gan,9.12945,2.27307,0.35163,0.39336,4.34018,1.21652,0.29917,0.02850,0.23118,6241.2,5.9370,0,1.000000e-04
33950,gan,7.89897,1.69501,0.24966,0.51853,3.83286,0.94808,0.32842,0.03251,0.24371,6245.5,5.9667,0,1.000000e-04
33975,gan,8.40223,1.81750,0.29020,0.43550,4.28871,1.11395,0.27119,0.02473,0.24096,6249.7,5.9730,0,1.000000e-04
34000,gan,8.95573,1.96528,0.37281,0.51676,4.52963,1.26125,0.27103,0.02648,0.23483,6254.0,5.9776,0,1.000000e-04
34025,gan,8.86165,2.24008,0.34280,0.87279,4.28566,1.21281,0.24382,0.02627,0.23696,6271.1,5.9878,0,1.000000e-04
34050,gan,8.80009,1.81289,0.31520,0.57066,4.64117,1.19026,0.26072,0.02430,0.23067,6275.4,5.9732,0,1.000000e-04
34075,gan,8.34527,1.75861,0.27714,0.53353,4.34754,1.20392,0.23170,0.02733,0.23647,6279.7,5.9690,0,1.000000e-04
34100,gan,8.74473,2.03510,0.29717,0.55944,4.38152,1.22564,0.24692,0.02911,0.23256,6283.9,5.9828,0,1.000000e-04
34125,gan,8.41240,1.95056,0.30826,0.44124,4.27237,1.11496,0.24311,0.02711,0.24142,6288.0,6.0682,0,1.000000e-04
34150,gan,8.50663,1.96221,0.29786,0.56696,4.04402,1.05613,0.33090,0.03417,0.24988,6292.4,5.9595,0,1.000000e-04
34175,gan,9.03049,2.12060,0.34621,0.44733,4.44156,1.23039,0.28200,0.03059,0.22729,6296.6,5.9763,0,1.000000e-04
34200,gan,7.99568,1.63612,0.23859,0.47023,4.22591,1.04689,0.24854,0.02172,0.24383,6300.9,5.9375,0,1.000000e-04
34225,gan,8.58141,1.93749,0.31543,0.56370,4.31845,1.22063,0.24740,0.02734,0.24034,6305.2,5.9493,0,1.000000e-04
34250,gan,8.25503,1.99013,0.26456,0.47976,4.15076,1.01803,0.24895,0.02590,0.23696,6309.5,5.9290,0,1.000000e-04
34275,gan,8.83514,1.80097,0.28383,0.57603,4.42112,1.15093,0.33548,0.03423,0.24167,6313.9,5.8720,0,1.000000e-04
34300,gan,8.56161,1.73299,0.28216,0.52034,4.20920,1.12893,0.34318,0.03751,0.23286,6318.2,5.8934,0,1.000000e-04
34325,gan,8.83365,1.86000,0.28851,0.51614,4.36772,1.13517,0.33878,0.03519,0.23970,6322.6,5.8555,0,1.000000e-04
34350,gan,8.66653,1.92127,0.30675,0.41511,4.13526,1.17189,0.33282,0.03466,0.24378,6326.9,5.8652,0,1.000000e-04
34375,gan,8.71309,1.89631,0.30119,0.51886,4.43505,1.13629,0.28435,0.02605,0.23654,6331.3,5.8759,0,1.000000e-04
34400,gan,9.32695,2.05443,0.33478,0.41843,4.67289,1.26570,0.30697,0.03072,0.24197,6335.5,5.9302,0,1.000000e-04
34425,gan,8.83496,2.00947,0.31089,0.51842,4.51386,1.19599,0.25185,0.02529,0.23617,6339.8,5.9114,0,1.000000e-04
34450,gan,8.08101,1.82495,0.28373,0.43901,4.06791,1.11567,0.24377,0.02512,0.23888,6344.0,5.9518,0,1.000000e-04
34475,gan,8.71984,1.83906,0.29968,0.60007,4.49746,1.17658,0.27314,0.02421,0.23547,6348.4,5.8852,0,1.000000e-04
34500,gan,8.28509,1.69168,0.30985,0.56407,4.31374,1.20544,0.24040,0.02524,0.23803,6352.6,5.9591,0,1.000000e-04
34525,gan,8.47704,1.81366,0.29460,0.46080,4.48445,1.09534,0.24595,0.02425,0.23277,6357.1,5.9273,0,1.000000e-04
34550,gan,8.34101,1.95634,0.28192,0.48681,4.21468,1.06011,0.25202,0.02491,0.23841,6361.4,5.9243,0,1.000000e-04
34575,gan,8.65851,1.97711,0.32275,0.40536,4.38327,1.16697,0.25832,0.02506,0.24340,6365.7,5.9081,0,1.000000e-04
34600,gan,8.65491,1.92247,0.32036,0.52587,4.39472,1.19192,0.25904,0.02503,0.23343,6370.0,5.9013,0,1.000000e-04
34625,gan,8.86717,2.09000,0.31473,0.55622,4.47865,1.23648,0.23690,0.02733,0.23580,6374.4,5.8811,0,1.000000e-04
34650,gan,8.24240,1.84208,0.25743,0.51484,4.04596,1.04353,0.30088,0.03011,0.23893,6378.8,5.8338,0,1.000000e-04
34675,gan,8.66583,1.80261,0.29865,0.45185,4.36210,1.06132,0.33272,0.03388,0.24806,6383.1,5.8763,0,1.000000e-04
34700,gan,8.68841,2.10899,0.31203,0.45195,4.30535,1.13051,0.26063,0.02463,0.25028,6387.4,5.9064,0,1.000000e-04
34725,gan,9.28015,2.06392,0.34615,0.58981,4.51354,1.25797,0.32957,0.03286,0.23521,6391.6,5.9219,0,1.000000e-04
34750,gan,8.64989,2.07552,0.31559,0.51122,4.28505,1.19144,0.24717,0.02653,0.23723,6395.9,5.8994,0,1.000000e-04
34775,gan,7.80830,1.63392,0.26433,0.51662,3.90786,1.00122,0.29032,0.02592,0.23516,6400.2,5.9539,0,1.000000e-04
34800,gan,8.08267,1.94626,0.28408,0.38029,4.07359,1.03065,0.23467,0.02706,0.24587,6404.3,6.0164,0,1.000000e-04
34825,gan,8.51573,2.02841,0.31254,0.52751,4.25635,1.13885,0.24556,0.02588,0.23924,6408.8,5.9093,0,1.000000e-04
34850,gan,8.19077,1.71903,0.25794,0.47954,4.21022,1.12794,0.25865,0.02523,0.23542,6413.1,5.9254,0,1.000000e-04
34875,gan,8.67126,2.08334,0.31970,0.53412,4.17541,1.18491,0.27796,0.03038,0.22332,6417.3,5.9512,0,1.000000e-04
34900,gan,8.46886,1.87754,0.27360,0.45836,4.26612,1.11583,0.27778,0.02504,0.24324,6421.6,5.9546,0,1.000000e-04
34925,gan,8.89426,1.74866,0.27800,0.46802,4.46059,1.15821,0.35337,0.03870,0.22625,6426.0,5.8780,0,1.000000e-04
34950,gan,8.86911,2.04412,0.34531,0.51458,4.42151,1.28020,0.25215,0.02870,0.22280,6430.3,5.8599,0,1.000000e-04
34975,gan,8.42098,1.77310,0.28208,0.51333,4.16859,1.10903,0.31497,0.03082,0.24201,6434.7,5.8523,0,1.000000e-04
35000,gan,9.07671,1.98137,0.32553,0.60554,4.67028,1.30125,0.25124,0.02574,0.23440,6439.1,5.8308,0,1.000000e-04
35025,gan,8.04436,1.70323,0.25540,0.46076,4.07997,1.01495,0.28721,0.02577,0.24829,6443.7,5.8626,0,1.000000e-04
35050,gan,8.51867,1.84923,0.26978,0.55698,4.20663,1.11423,0.30932,0.02860,0.23103,6448.0,5.9024,0,1.000000e-04
35075,gan,8.45424,1.76933,0.28253,0.73106,4.31466,1.16225,0.26922,0.02976,0.23769,6452.2,5.9467,0,1.000000e-04
35100,gan,8.92749,2.08702,0.31895,0.59261,4.62491,1.16981,0.23129,0.02942,0.23020,6456.5,5.9254,0,1.000000e-04
35125,gan,8.78621,1.96532,0.31718,0.42345,4.52846,1.14764,0.26171,0.02387,0.23960,6460.8,5.9240,0,1.000000e-04
35150,gan,8.34914,1.67155,0.29001,0.50904,4.20185,1.08997,0.31927,0.02879,0.23968,6465.1,5.9026,0,1.000000e-04
35175,gan,7.62522,1.56244,0.22184,0.45641,3.89366,0.92125,0.28872,0.02516,0.23529,6469.4,5.9022,0,1.000000e-04
35200,gan,9.47118,2.20245,0.31591,0.45856,4.55188,1.27384,0.33274,0.03461,0.22265,6473.7,5.8933,0,1.000000e-04
35225,gan,8.25361,1.79857,0.26435,0.40606,4.12651,1.07952,0.28891,0.02632,0.23594,6478.1,5.8841,0,1.000000e-04
35250,gan,9.49627,2.33929,0.34845,0.50333,4.71762,1.28221,0.26118,0.02724,0.23829,6482.4,5.8535,0,1.000000e-04
35275,gan,8.99380,2.15136,0.33443,0.67261,4.40123,1.19947,0.27840,0.02744,0.23268,6486.8,5.8537,0,1.000000e-04
35300,gan,8.71615,2.10850,0.30957,0.55728,4.25922,1.19949,0.25921,0.02541,0.24122,6491.1,5.8541,0,1.000000e-04
35325,gan,8.06621,1.66408,0.27100,0.66133,4.11070,1.01232,0.29009,0.02554,0.24863,6495.5,5.8406,0,1.000000e-04
35350,gan,9.14645,2.05647,0.35214,0.45881,4.70227,1.26669,0.25366,0.02527,0.22951,6499.8,5.8400,0,1.000000e-04
35375,gan,8.38836,1.89010,0.31064,0.59584,4.23877,1.15257,0.24770,0.02548,0.24172,6504.1,5.8828,0,1.000000e-04
35400,gan,8.55590,1.76212,0.28760,0.39785,4.32513,1.12052,0.31236,0.03014,0.23490,6508.4,5.8915,0,1.000000e-04
35425,gan,8.23132,1.83069,0.29552,0.44930,4.07297,1.09416,0.28311,0.02658,0.24291,6512.7,5.9094,0,1.000000e-04
35450,gan,7.50790,1.57119,0.22994,0.52043,3.89090,0.91740,0.25748,0.02344,0.25163,6517.0,5.9281,0,1.000000e-04
35475,gan,8.69189,1.98955,0.30126,0.51033,4.32481,1.22828,0.26123,0.02316,0.24870,6521.2,5.9577,0,1.000000e-04
35500,gan,8.93535,2.06309,0.32426,0.50729,4.49478,1.15143,0.27910,0.02650,0.24368,6525.5,5.9220,0,1.000000e-04
35525,gan,9.19712,2.14249,0.32134,0.76611,4.56377,1.25958,0.27393,0.02680,0.23190,6530.1,5.8924,0,1.000000e-04
35550,gan,9.06013,2.07151,0.32615,0.45816,4.35623,1.15705,0.34003,0.03678,0.24349,6534.4,5.8756,0,1.000000e-04
35575,gan,9.19442,2.00152,0.32534,0.64154,4.63213,1.32893,0.27723,0.02622,0.22965,6538.8,5.8427,0,1.000000e-04
35600,gan,8.03030,1.88423,0.26334,0.59070,3.98318,1.01616,0.25963,0.02281,0.24348,6543.1,5.8891,0,1.000000e-04
35625,gan,8.98215,1.94529,0.30203,0.54859,4.38380,1.19136,0.33555,0.03445,0.24447,6547.5,5.8533,0,1.000000e-04
35650,gan,8.88549,2.02969,0.30361,0.48321,4.35540,1.22121,0.29235,0.03112,0.23090,6551.7,5.9157,0,1.000000e-04
35675,gan,8.73818,2.00872,0.34010,0.49270,4.38338,1.17317,0.26600,0.02563,0.23471,6556.0,5.8970,0,1.000000e-04
35700,gan,9.59752,2.29361,0.36527,0.53664,4.71704,1.39343,0.26912,0.02678,0.23739,6560.4,5.8771,0,1.000000e-04
35725,gan,8.19704,1.70047,0.26281,0.46227,4.22901,1.09099,0.27022,0.02318,0.23915,6564.7,5.8466,0,1.000000e-04
35750,gan,8.61683,1.76768,0.29981,0.33924,4.33305,1.15686,0.31585,0.03193,0.24476,6569.1,5.8555,0,1.000000e-04
35775,gan,8.69142,1.95765,0.31652,0.59285,4.30050,1.12631,0.29636,0.03058,0.23842,6573.5,5.8450,0,1.000000e-04
35800,gan,8.69948,1.89807,0.31309,0.53779,4.48328,1.17758,0.25724,0.02650,0.24228,6577.8,5.8866,0,1.000000e-04
35825,gan,8.95664,1.96523,0.33556,0.57834,4.63395,1.25110,0.24734,0.02561,0.22586,6582.0,5.9434,0,1.000000e-04
35850,gan,8.30797,1.59152,0.27443,0.49667,4.35718,1.05515,0.30025,0.02600,0.23478,6586.3,5.9466,0,1.000000e-04
35875,gan,8.76879,1.93221,0.31703,0.45410,4.43443,1.24321,0.26363,0.02730,0.23603,6590.6,5.9053,0,1.000000e-04
35900,gan,8.32401,1.80000,0.30688,0.45014,4.26896,1.10274,0.26224,0.02766,0.22156,6594.9,5.9473,0,1.000000e-04
35925,gan,8.55864,1.83415,0.28290,0.53073,4.21067,1.00664,0.34756,0.03556,0.24488,6599.2,5.8899,0,1.000000e-04
35950,gan,8.63700,1.84043,0.31683,0.52765,4.45736,1.19662,0.25832,0.02488,0.22534,6603.6,5.8529,0,1.000000e-04
35975,gan,9.17851,2.12861,0.35225,0.46522,4.77512,1.27034,0.22350,0.02870,0.24456,6608.0,5.8497,0,1.000000e-04
36000,gan,8.98272,2.16179,0.30605,0.55328,4.46603,1.25383,0.24677,0.02804,0.24779,6612.4,5.8043,0,1.000000e-04
36025,gan,7.94915,1.92526,0.31611,0.57675,3.93265,1.08467,0.22191,0.02966,0.24006,6630.0,5.8832,0,1.000000e-04
36050,gan,9.06395,2.26286,0.34864,0.58233,4.39102,1.17138,0.27957,0.02729,0.23213,6634.4,5.8727,0,1.000000e-04
36075,gan,7.63943,1.55494,0.25503,0.60409,3.95151,0.98832,0.25890,0.02315,0.23811,6638.7,5.8570,0,1.000000e-04
36100,gan,8.55097,1.94887,0.30947,0.43808,4.28910,1.18233,0.25829,0.02275,0.24911,6643.0,5.8678,0,1.000000e-04
36125,gan,8.12366,1.75378,0.27532,0.62652,4.01539,1.06720,0.29240,0.02749,0.23807,6647.3,5.8915,0,1.000000e-04
36150,gan,8.66220,2.02681,0.30578,0.61951,4.43180,1.16587,0.22866,0.03054,0.23555,6651.6,5.9050,0,1.000000e-04
36175,gan,8.22932,1.88778,0.29562,0.44994,4.24557,1.08832,0.22562,0.03063,0.24260,6655.9,5.9309,0,1.000000e-04
36200,gan,9.03889,2.02119,0.29769,0.52457,4.33367,1.16542,0.35016,0.03572,0.25220,6660.2,5.9126,0,1.000000e-04
36225,gan,8.30388,1.89794,0.29405,0.41279,4.20027,1.06340,0.26151,0.02556,0.23504,6664.6,5.8746,0,1.000000e-04
36250,gan,9.05613,2.21952,0.33818,0.59871,4.54752,1.22346,0.23642,0.02629,0.23106,6668.9,5.8523,0,1.000000e-04
36275,gan,8.44056,1.76911,0.31306,0.49890,4.30723,1.15719,0.27508,0.02551,0.23995,6673.2,5.8667,0,1.000000e-04
36300,gan,8.39353,1.79481,0.28451,0.68364,4.18382,1.04545,0.31082,0.02933,0.24680,6677.6,5.8794,0,1.000000e-04
36325,gan,8.99580,1.91280,0.35552,0.56964,4.55945,1.27506,0.28211,0.02754,0.22659,6681.9,5.8847,0,1.000000e-04
36350,gan,8.92746,2.12883,0.33635,0.56223,4.37338,1.25704,0.26324,0.02539,0.23594,6686.1,5.9204,0,1.000000e-04
36375,gan,8.18629,1.67276,0.30323,0.55824,4.37293,1.15139,0.21892,0.02738,0.24117,6690.6,5.8366,0,1.000000e-04
36400,gan,7.88212,1.74317,0.27638,0.51111,4.04825,0.99935,0.24730,0.02339,0.24238,6694.8,5.8898,0,1.000000e-04
36425,gan,9.13781,2.01656,0.34296,0.49353,4.57492,1.26104,0.29292,0.02996,0.22325,6699.1,5.9361,0,1.000000e-04
36450,gan,8.68729,1.91128,0.28871,0.42444,4.43432,1.07576,0.29178,0.02747,0.23259,6703.3,5.9853,0,1.000000e-04
36475,gan,8.74217,1.99641,0.28900,0.53102,4.32830,1.14733,0.29039,0.02658,0.24187,6707.5,5.9945,0,1.000000e-04
36500,gan,8.21852,1.63098,0.27974,0.44533,4.20019,1.07035,0.30396,0.02866,0.23844,6711.7,6.0353,0,1.000000e-04
36525,gan,8.14407,1.69732,0.28396,0.39750,4.16541,1.16766,0.25526,0.02452,0.23607,6716.0,6.0321,0,1.000000e-04
36550,gan,8.48458,1.69954,0.28018,0.60215,4.41832,1.09820,0.28897,0.02442,0.24486,6720.2,6.0278,0,1.000000e-04
36575,gan,9.13004,2.01625,0.35923,0.46770,4.76329,1.23549,0.25186,0.02486,0.23245,6724.5,6.0122,0,1.000000e-04
36600,gan,8.46050,1.86473,0.30665,0.50523,4.37188,1.16947,0.23656,0.02700,0.24059,6728.7,6.0289,0,1.000000e-04
36625,gan,8.87630,1.90688,0.30224,0.39066,4.68487,1.22226,0.24204,0.02483,0.23895,6732.9,6.0107,0,1.000000e-04
36650,gan,9.49961,2.05044,0.35259,0.52622,4.81602,1.29128,0.30609,0.02962,0.24607,6737.2,6.0048,0,1.000000e-04
36675,gan,7.64237,1.61942,0.23721,0.56556,3.84193,0.93049,0.28644,0.02452,0.24195,6741.5,5.9771,0,1.000000e-04
36700,gan,8.17822,1.59523,0.23444,0.43165,4.26443,1.08395,0.28608,0.02368,0.23666,6745.8,5.9135,0,1.000000e-04
36725,gan,8.26767,1.97001,0.27908,0.59425,4.11068,1.06322,0.25304,0.02427,0.24861,6750.1,5.9366,0,1.000000e-04
36750,gan,8.43524,2.09499,0.29046,0.41868,4.04167,1.08735,0.27916,0.02367,0.23962,6754.5,5.8814,0,1.000000e-04
36775,gan,8.68085,1.93872,0.31062,0.61422,4.40466,1.16927,0.26302,0.02362,0.23372,6758.7,5.9169,0,1.000000e-04
36800,gan,7.98214,1.74600,0.25551,0.39382,4.00899,1.04065,0.27434,0.02422,0.25074,6763.1,5.9131,0,1.000000e-04
36825,gan,8.86879,1.92100,0.35530,0.47750,4.55600,1.22210,0.26595,0.02258,0.24278,6767.3,5.9567,0,1.000000e-04
36850,gan,8.43644,1.84651,0.32316,0.57889,4.37424,1.15531,0.23574,0.02723,0.24335,6771.5,5.9481,0,1.000000e-04
36875,gan,8.29731,1.61116,0.25036,0.65840,4.37757,1.06407,0.28225,0.02464,0.25143,6775.9,5.9245,0,1.000000e-04
36900,gan,8.46366,1.89244,0.29956,0.47097,4.37994,1.14401,0.23567,0.02753,0.23997,6780.2,5.9042,0,1.000000e-04
36925,gan,8.84375,1.97090,0.29326,0.57505,4.35910,1.16281,0.30784,0.03275,0.22299,6784.5,5.9125,0,1.000000e-04
36950,gan,8.86893,2.03740,0.32558,0.73255,4.48533,1.21180,0.25075,0.02559,0.23692,6788.9,5.8645,0,1.000000e-04
36975,gan,8.33227,1.71012,0.26215,0.69439,4.19648,1.11948,0.29611,0.02611,0.24214,6793.2,5.8664,0,1.000000e-04
37000,gan,8.13262,1.75531,0.27320,0.40131,4.13173,1.14654,0.25139,0.02605,0.24596,6798.2,5.8301,0,1.000000e-04
37025,gan,9.05679,2.06420,0.36070,0.52620,4.59317,1.29616,0.24704,0.02640,0.22331,6802.5,5.9061,0,1.000000e-04
37050,gan,8.85665,2.03862,0.33879,0.48539,4.55969,1.23997,0.22713,0.02744,0.23830,6806.8,5.9354,0,1.000000e-04
37075,gan,8.08161,1.65419,0.27356,0.51239,4.03972,1.04089,0.31012,0.02775,0.23965,6811.1,5.9535,0,1.000000e-04
37100,gan,8.12825,1.63047,0.25145,0.54940,4.17084,1.02680,0.29835,0.02664,0.23544,6815.4,5.9583,0,1.000000e-04
37125,gan,8.27532,1.79704,0.28608,0.45546,4.10271,1.09042,0.29615,0.02640,0.22971,6819.7,5.9123,0,1.000000e-04
37150,gan,8.66836,1.85008,0.30480,0.46216,4.51527,1.17822,0.25598,0.02419,0.23477,6823.9,5.9567,0,1.000000e-04
37175,gan,8.15903,1.57559,0.21679,0.44471,4.12798,1.09106,0.31722,0.02939,0.24341,6828.2,5.9417,0,1.000000e-04
37200,gan,9.03134,1.96449,0.33408,0.46137,4.56592,1.26613,0.28219,0.02648,0.24039,6832.5,5.9672,0,1.000000e-04
37225,gan,8.47387,1.99290,0.29568,0.37916,4.18686,1.12790,0.26805,0.02654,0.24502,6836.7,5.9646,0,1.000000e-04
37250,gan,8.93314,1.99180,0.30381,0.39102,4.31246,1.20499,0.32993,0.03468,0.23817,6841.0,5.9771,0,1.000000e-04
37275,gan,9.37931,2.35762,0.32638,0.56272,4.52821,1.28970,0.27241,0.02524,0.23080,6845.2,5.9913,0,1.000000e-04
37300,gan,7.61566,1.50931,0.25146,0.54399,3.98157,0.91554,0.27691,0.02203,0.24760,6849.5,5.9328,0,1.000000e-04
37325,gan,8.57328,1.86439,0.30000,0.60376,4.34107,1.13439,0.27996,0.02323,0.24754,6853.8,5.9226,0,1.000000e-04
37350,gan,8.39742,1.85675,0.28275,0.47343,4.23128,1.13986,0.26733,0.02461,0.23961,6858.1,5.9652,0,1.000000e-04
37375,gan,7.93441,1.72603,0.24232,0.49580,3.97007,0.96477,0.29271,0.02888,0.23943,6862.4,5.9200,0,1.000000e-04
37400,gan,8.94112,2.00750,0.32235,0.46771,4.55845,1.21829,0.26403,0.02177,0.24042,6866.7,5.8943,0,1.000000e-04
37425,gan,8.00375,1.74718,0.26462,0.55961,4.11987,1.06695,0.24035,0.02591,0.24338,6871.0,5.9046,0,1.000000e-04
37450,gan,9.02659,2.03278,0.31683,0.49619,4.38964,1.24236,0.31226,0.03149,0.23180,6875.3,5.9187,0,1.000000e-04
37475,gan,9.60789,2.44925,0.36115,0.53352,4.58760,1.33857,0.27888,0.02747,0.21964,6879.6,5.9198,0,1.000000e-04
37500,gan,8.10693,1.73468,0.28552,0.54502,4.25509,1.10180,0.22625,0.02730,0.23790,6883.9,5.9259,0,1.000000e-04
37525,gan,8.25862,1.84375,0.27867,0.59908,4.01403,1.03226,0.31249,0.03086,0.24221,6888.4,5.8753,0,1.000000e-04
37550,gan,8.34161,1.74450,0.29793,0.63600,4.33845,1.09653,0.26146,0.02290,0.23534,6892.7,5.8960,0,1.000000e-04
37575,gan,9.30671,1.95217,0.35298,0.52302,4.91908,1.35710,0.24081,0.02752,0.23967,6896.9,5.9294,0,1.000000e-04
37600,gan,8.04529,1.74076,0.27019,0.57432,4.08733,1.05637,0.26289,0.02483,0.25011,6901.1,5.9929,0,1.000000e-04
37625,gan,8.61358,1.85046,0.27288,0.44319,4.35779,1.19948,0.27711,0.02581,0.22806,6905.3,6.0058,0,1.000000e-04
37650,gan,8.26338,1.83815,0.31273,0.37490,4.17014,1.12716,0.25840,0.02558,0.23579,6909.6,5.9500,0,1.000000e-04
37675,gan,8.25563,1.74846,0.31427,0.53697,4.21251,1.07201,0.27806,0.02529,0.23725,6913.9,5.9265,0,1.000000e-04
37700,gan,8.73458,2.02178,0.32546,0.63114,4.35304,1.20112,0.25909,0.02664,0.22288,6918.3,5.8778,0,1.000000e-04
37725,gan,8.35799,1.79797,0.27417,0.60248,4.26311,1.07646,0.27625,0.02778,0.23015,6922.7,5.8516,0,1.000000e-04
37750,gan,9.06248,1.94023,0.34405,0.61582,4.63895,1.31630,0.26157,0.02475,0.23426,6926.9,5.8943,0,1.000000e-04
37775,gan,8.47216,1.72824,0.27473,0.54597,4.45653,1.14345,0.25861,0.02741,0.22733,6931.2,5.9306,0,1.000000e-04
37800,gan,8.94364,1.92916,0.32530,0.56657,4.52427,1.21579,0.29027,0.02415,0.23775,6935.3,5.9939,0,1.000000e-04
37825,gan,8.38413,1.79885,0.25260,0.65130,4.26563,1.10860,0.27410,0.02427,0.23151,6939.7,5.9149,0,1.000000e-04
37850,gan,9.06102,1.97678,0.35329,0.36316,4.66414,1.30027,0.25565,0.02559,0.22857,6944.1,5.8688,0,1.000000e-04
37875,gan,8.38549,1.89776,0.25458,0.63819,4.18488,1.00768,0.29459,0.02753,0.23735,6948.4,5.8700,0,1.000000e-04
37900,gan,7.75796,1.51667,0.24596,0.47681,4.08727,0.96028,0.27420,0.02467,0.23667,6952.8,5.8546,0,1.000000e-04
37925,gan,7.62842,1.55745,0.24216,0.46012,4.00884,0.96743,0.25062,0.02199,0.24862,6957.1,5.8565,0,1.000000e-04
37950,gan,8.13750,1.81879,0.29339,0.50774,4.03249,1.02905,0.28745,0.02724,0.23016,6961.5,5.8492,0,1.000000e-04
37975,gan,8.46906,1.77618,0.28357,0.39735,4.16950,1.06791,0.33879,0.03224,0.24988,6965.8,5.8468,0,1.000000e-04
38000,gan,8.58785,1.70815,0.27910,0.61801,4.39666,1.11009,0.31365,0.02864,0.24194,6970.2,5.8355,0,1.000000e-04
38025,gan,8.89165,2.05871,0.32503,0.44279,4.52981,1.23820,0.24061,0.02569,0.22739,6987.6,5.8495,0,1.000000e-04
38050,gan,8.58697,1.87521,0.29697,0.51881,4.50887,1.11420,0.24557,0.02485,0.23719,6991.9,5.9061,0,1.000000e-04
38075,gan,8.86831,1.91111,0.30612,0.55993,4.43256,1.20999,0.29973,0.02911,0.24121,6996.1,5.9479,0,1.000000e-04
38100,gan,8.28840,1.76225,0.28851,0.45693,4.30014,1.05773,0.26761,0.02330,0.24198,7000.4,5.9249,0,1.000000e-04
38125,gan,8.80517,2.02087,0.31081,0.48299,4.44858,1.21510,0.25452,0.02316,0.24212,7004.7,5.9432,0,1.000000e-04
38150,gan,8.61180,1.78310,0.29993,0.68463,4.45016,1.16649,0.27233,0.02427,0.24166,7009.0,5.9338,0,1.000000e-04
38175,gan,8.99880,2.32102,0.30499,0.71688,4.40759,1.16722,0.24328,0.02767,0.23701,7013.2,5.9411,0,1.000000e-04
38200,gan,9.29496,2.07940,0.37987,0.48688,4.62338,1.22039,0.31364,0.03057,0.23287,7017.6,5.9191,0,1.000000e-04
38225,gan,8.99852,1.98558,0.32016,0.60669,4.44256,1.19885,0.31160,0.03243,0.24368,7022.8,5.7904,0,1.000000e-04
38250,gan,8.57265,1.92824,0.31057,0.53863,4.32127,1.18707,0.25716,0.02254,0.23597,7027.1,5.8290,0,1.000000e-04
38275,gan,8.81447,1.87046,0.31545,0.58583,4.54517,1.17603,0.27692,0.02498,0.23124,7031.5,5.8498,0,1.000000e-04
38300,gan,8.00493,1.52451,0.26014,0.45539,4.16982,1.05919,0.28919,0.02311,0.24174,7035.8,5.8745,0,1.000000e-04
38325,gan,8.00863,1.83089,0.29105,0.49788,4.10307,1.00625,0.24069,0.02676,0.23483,7040.2,5.8705,0,1.000000e-04
38350,gan,8.49353,1.75719,0.30590,0.56746,4.38183,1.10544,0.28329,0.02856,0.23163,7044.5,5.8847,0,1.000000e-04
38375,gan,7.56528,1.42016,0.23318,0.50939,4.02383,0.97797,0.26204,0.02090,0.23682,7048.7,5.9229,0,1.000000e-04
38400,gan,8.44081,1.69763,0.30802,0.39067,4.30113,1.14011,0.30073,0.02914,0.24432,7053.0,5.8979,0,1.000000e-04
38425,gan,8.35577,1.77067,0.26846,0.44861,4.29880,1.10327,0.27236,0.02190,0.24475,7057.3,5.9538,0,1.000000e-04
38450,gan,8.72896,1.81063,0.33988,0.39959,4.47464,1.20855,0.28390,0.02559,0.22887,7061.5,5.9883,0,1.000000e-04
38475,gan,8.04003,1.82119,0.24971,0.48117,4.12290,1.01020,0.24737,0.02317,0.24803,7065.7,5.9919,0,1.000000e-04
38500,gan,7.85749,1.64327,0.27883,0.45281,4.06474,1.09024,0.24075,0.02308,0.24523,7070.0,5.9496,0,1.000000e-04
38525,gan,8.48901,1.85424,0.29267,0.43912,4.39365,1.11582,0.25702,0.02402,0.23125,7074.6,5.8549,0,1.000000e-04
38550,gan,8.41032,1.81946,0.28517,0.43157,4.27275,1.10878,0.27832,0.02437,0.23613,7078.7,5.9633,0,1.000000e-04
38575,gan,8.77429,1.86394,0.30542,0.54523,4.56725,1.19915,0.25918,0.02218,0.23880,7083.0,5.9648,0,1.000000e-04
38600,gan,8.23780,1.88587,0.28720,0.45459,4.20063,1.08392,0.24187,0.02571,0.24717,7087.4,5.9028,0,1.000000e-04
38625,gan,8.95923,2.01378,0.33364,0.50010,4.54142,1.22326,0.26786,0.02596,0.23342,7091.7,5.8789,0,1.000000e-04
38650,gan,8.43345,1.73037,0.26322,0.43307,4.31686,1.15046,0.28553,0.02402,0.24197,7096.1,5.8524,0,1.000000e-04
38675,gan,8.66602,1.85572,0.28120,0.47816,4.32108,1.15001,0.30855,0.02908,0.23057,7100.5,5.8455,0,1.000000e-04
38700,gan,8.20315,1.67073,0.27218,0.43019,4.29174,1.08116,0.26668,0.02257,0.24368,7104.7,5.8839,0,1.000000e-04
38725,gan,8.56740,1.70858,0.30164,0.65520,4.32498,1.13757,0.31818,0.02788,0.24606,7109.0,5.9061,0,1.000000e-04
38750,gan,8.64327,2.00020,0.29386,0.42148,4.35465,1.12127,0.26766,0.02497,0.23943,7113.3,5.9402,0,1.000000e-04
38775,gan,8.69300,1.76681,0.34520,0.39351,4.48571,1.19745,0.28604,0.02497,0.24547,7117.5,5.9725,0,1.000000e-04
38800,gan,8.26144,1.79544,0.27694,0.54318,4.26834,1.04295,0.26308,0.02037,0.24526,7121.8,5.9243,0,1.000000e-04
38825,gan,8.63065,1.99773,0.28627,0.57592,4.38777,1.13261,0.25064,0.02373,0.24063,7126.2,5.8813,0,1.000000e-04
38850,gan,8.59534,1.86189,0.30927,0.51206,4.35101,1.21621,0.26476,0.02505,0.24956,7130.5,5.9046,0,1.000000e-04
38875,gan,8.39115,1.82352,0.27357,0.48992,4.23486,1.08562,0.28626,0.02576,0.23873,7134.7,5.9272,0,1.000000e-04
38900,gan,8.87663,2.01266,0.33314,0.54940,4.30631,1.19476,0.31066,0.03199,0.23803,7139.0,5.9440,0,1.000000e-04
38925,gan,7.93746,1.80248,0.28564,0.48092,3.99507,1.09809,0.23435,0.02778,0.24992,7143.3,5.9487,0,1.000000e-04
38950,gan,8.52724,1.91423,0.31626,0.54864,4.43868,1.07661,0.24684,0.02389,0.23048,7147.6,5.9303,0,1.000000e-04
38975,gan,8.72738,1.84146,0.29906,0.54073,4.40229,1.18628,0.29630,0.02815,0.23858,7151.8,5.9396,0,1.000000e-04
39000,gan,8.71777,1.93682,0.30972,0.53519,4.48228,1.20504,0.24618,0.02440,0.23175,7156.2,5.8968,0,1.000000e-04
39025,gan,8.37874,1.97515,0.28337,0.37903,3.93833,1.10556,0.31625,0.02845,0.25515,7160.6,5.8995,0,1.000000e-04
39050,gan,9.13293,2.10750,0.34499,0.56774,4.63399,1.29619,0.24445,0.02618,0.23358,7165.0,5.8752,0,1.000000e-04
39075,gan,8.41358,1.69432,0.29167,0.42070,4.41247,1.19999,0.25335,0.02215,0.24620,7169.3,5.9021,0,1.000000e-04
39100,gan,9.35007,2.34879,0.33310,0.56205,4.48024,1.28929,0.27914,0.02569,0.23091,7173.5,5.9761,0,1.000000e-04
39125,gan,8.18175,1.82656,0.30744,0.62670,4.18171,1.10634,0.23740,0.02415,0.24415,7177.7,6.0024,0,1.000000e-04
39150,gan,8.16513,1.71878,0.28941,0.45130,4.11857,1.07536,0.28840,0.02475,0.25361,7181.9,6.0118,0,1.000000e-04
39175,gan,8.28255,1.81493,0.27539,0.44831,4.25704,1.03982,0.26850,0.02440,0.23375,7186.2,5.9740,0,1.000000e-04
39200,gan,8.29458,1.87347,0.28710,0.40553,4.11488,1.11379,0.27522,0.02229,0.23546,7190.5,5.9393,0,1.000000e-04
39225,gan,8.79882,2.13400,0.36470,0.58877,4.31697,1.12664,0.27496,0.02604,0.23418,7194.7,5.9645,0,1.000000e-04
39250,gan,8.69019,1.80194,0.28032,0.43662,4.32759,1.14837,0.32718,0.03187,0.24414,7199.0,5.9443,0,1.000000e-04
39275,gan,8.06513,1.69000,0.23151,0.51438,4.14129,1.01854,0.27955,0.02252,0.24179,7203.2,5.9815,0,1.000000e-04
39300,gan,8.79148,1.92769,0.34098,0.39094,4.47978,1.19836,0.27200,0.02446,0.23491,7207.6,5.9071,0,1.000000e-04
39325,gan,9.83685,2.35703,0.39880,0.49023,4.82016,1.31006,0.30720,0.03191,0.23239,7211.8,5.9464,0,1.000000e-04
39350,gan,8.43287,1.82913,0.26894,0.47574,4.36529,1.01540,0.28038,0.02705,0.24262,7216.1,5.9301,0,1.000000e-04
39375,gan,9.29391,2.39510,0.36620,0.47347,4.57005,1.24750,0.24269,0.02654,0.24384,7220.5,5.9163,0,1.000000e-04
39400,gan,8.09656,1.62566,0.24801,0.48232,4.12599,1.06418,0.29547,0.02580,0.24444,7224.7,5.9628,0,1.000000e-04
39425,gan,8.60258,1.75155,0.31613,0.66245,4.31835,1.15070,0.31336,0.03069,0.23835,7229.0,5.9409,0,1.000000e-04
39450,gan,8.25892,1.74448,0.27049,0.55647,4.15186,1.04207,0.30258,0.02748,0.23818,7233.3,5.9272,0,1.000000e-04
39475,gan,8.58160,2.05275,0.30932,0.54561,4.26124,1.10389,0.26361,0.02379,0.23777,7238.5,5.8475,0,1.000000e-04
39500,gan,9.18769,2.22253,0.34437,0.54165,4.54676,1.29665,0.25166,0.02652,0.22718,7242.7,5.8966,0,1.000000e-04
39525,gan,8.52235,1.87433,0.28589,0.41556,4.32743,1.17661,0.26296,0.02198,0.24254,7247.2,5.9142,0,1.000000e-04
39550,gan,8.27786,1.88572,0.26503,0.66775,4.19735,1.05803,0.25444,0.02572,0.23931,7251.4,5.9613,0,1.000000e-04
39575,gan,9.21050,1.89728,0.30016,0.53659,4.57614,1.18929,0.35736,0.03466,0.25595,7255.6,5.9932,0,1.000000e-04
39600,gan,8.58292,1.87617,0.32676,0.59375,4.42819,1.12838,0.25844,0.02437,0.23378,7259.9,6.0021,0,1.000000e-04
39625,gan,7.87798,1.52403,0.24312,0.51768,4.24514,1.01311,0.24952,0.02154,0.24258,7264.1,6.0043,0,1.000000e-04
39650,gan,8.50725,1.88892,0.32053,0.46651,4.34719,1.18496,0.24563,0.02496,0.24330,7268.4,5.9489,0,1.000000e-04
39675,gan,8.32967,1.80312,0.30084,0.60714,4.31011,1.12441,0.24383,0.02589,0.23938,7272.6,5.9728,0,1.000000e-04
39700,gan,7.95760,1.70509,0.25647,0.47837,4.10294,1.00061,0.26336,0.02204,0.24103,7276.8,5.9936,0,1.000000e-04
39725,gan,7.82529,1.60648,0.23368,0.48752,4.03991,1.00589,0.26911,0.02445,0.23862,7281.0,6.0058,0,1.000000e-04
39750,gan,8.70584,1.86650,0.33183,0.45439,4.43699,1.23755,0.26476,0.02714,0.22315,7285.3,5.9772,0,1.000000e-04
39775,gan,9.50037,2.19966,0.37067,0.48190,4.69230,1.39888,0.27449,0.02631,0.22367,7289.7,5.9510,0,1.000000e-04
39800,gan,8.34083,1.94101,0.29936,0.55976,4.10228,1.12520,0.26537,0.02493,0.23058,7294.1,5.8986,0,1.000000e-04
39825,gan,8.75317,1.80901,0.30543,0.56534,4.66252,1.22626,0.23603,0.02420,0.24241,7298.4,5.9175,0,1.000000e-04
39850,gan,8.39482,1.78552,0.29351,0.33577,4.32887,1.11769,0.26869,0.02504,0.24931,7302.7,5.9261,0,1.000000e-04
39875,gan,8.90064,1.94166,0.33587,0.58027,4.55647,1.26401,0.25589,0.02334,0.23005,7307.0,5.9079,0,1.000000e-04
39900,gan,8.35612,1.87145,0.29710,0.56906,4.20110,1.07044,0.27557,0.02422,0.23594,7311.5,5.8387,0,1.000000e-04
39925,gan,8.52628,1.99196,0.32600,0.64175,4.26777,1.14162,0.25164,0.02160,0.24138,7315.9,5.8481,0,1.000000e-04
39950,gan,8.64374,1.83352,0.29156,0.58457,4.19448,1.11411,0.34467,0.03536,0.24810,7320.1,5.8919,0,1.000000e-04
39975,gan,8.63822,1.88346,0.30986,0.51418,4.38357,1.10043,0.29081,0.02511,0.23649,7324.5,5.8846,0,1.000000e-04
40000,gan,8.07798,1.71956,0.28660,0.61208,4.13710,1.04665,0.26550,0.02279,0.23503,7328.7,5.9570,0,1.000000e-04
40025,gan,7.92957,1.59769,0.27692,0.38452,4.14161,1.06935,0.25868,0.02007,0.24605,7346.3,5.9425,0,1.000000e-04
40050,gan,8.16198,1.77396,0.28528,0.43891,4.26725,1.06690,0.23947,0.02358,0.24696,7350.6,5.9224,0,1.000000e-04
40075,gan,8.08509,1.62607,0.26173,0.53022,4.07940,1.03823,0.30879,0.02702,0.23778,7355.0,5.9063,0,1.000000e-04
40100,gan,7.54245,1.64402,0.23625,0.43094,3.91125,0.92689,0.24294,0.02182,0.24406,7359.3,5.9000,0,1.000000e-04
40125,gan,7.84716,1.53872,0.25369,0.43359,4.08026,1.00928,0.28211,0.02174,0.25096,7363.6,5.8606,0,1.000000e-04
40150,gan,8.99668,1.80552,0.31031,0.61376,4.65325,1.22499,0.29844,0.02675,0.23652,7368.0,5.8560,0,1.000000e-04
40175,gan,8.33862,1.87570,0.26599,0.44494,4.09242,1.09391,0.29502,0.02541,0.23893,7372.3,5.8641,0,1.000000e-04
40200,gan,8.28871,1.57264,0.29068,0.50859,4.27585,1.10431,0.30681,0.02873,0.25052,7376.9,5.7804,0,1.000000e-04
40225,gan,8.62556,2.12565,0.29319,0.74762,4.19450,1.12425,0.26232,0.02781,0.22582,7381.2,5.8242,0,1.000000e-04
40250,gan,8.43206,1.78630,0.27952,0.49469,4.21559,1.10954,0.30403,0.02708,0.24348,7385.5,5.8614,0,1.000000e-04
40275,gan,8.34922,1.83566,0.32017,0.44460,4.27882,1.16084,0.24353,0.02330,0.24170,7389.8,5.8520,0,1.000000e-04
40300,gan,7.87129,1.75472,0.28252,0.50585,3.97229,1.05217,0.24764,0.02272,0.23793,7394.1,5.9227,0,1.000000e-04
40325,gan,8.29048,1.62658,0.28829,0.60762,4.21591,1.17253,0.29029,0.02472,0.23115,7398.4,5.9091,0,1.000000e-04
40350,gan,8.60147,1.72394,0.28763,0.45060,4.33114,1.12629,0.32876,0.03125,0.24220,7402.7,5.9118,0,1.000000e-04
40375,gan,8.74425,1.93478,0.31990,0.47025,4.34970,1.16783,0.29616,0.02829,0.23280,7407.0,5.9330,0,1.000000e-04
40400,gan,8.14978,1.75749,0.25572,0.39403,4.06574,1.05847,0.29439,0.02555,0.23301,7411.2,5.9305,0,1.000000e-04
40425,gan,7.79291,1.56315,0.25637,0.46555,3.96659,0.98488,0.29538,0.02458,0.24485,7415.6,5.9021,0,1.000000e-04
40450,gan,8.13435,1.70001,0.27536,0.44614,4.30028,1.07258,0.24146,0.02349,0.25312,7419.8,5.9519,0,1.000000e-04
40475,gan,8.65037,1.86966,0.29288,0.45953,4.41117,1.29549,0.24304,0.02667,0.25637,7424.0,5.9728,0,1.000000e-04
40500,gan,7.74801,1.69338,0.24818,0.57865,3.97457,0.96661,0.25209,0.02243,0.24669,7428.3,5.9678,0,1.000000e-04
40525,gan,8.43680,1.75738,0.29674,0.47416,4.46983,1.12648,0.24594,0.02224,0.24357,7432.7,5.9486,0,1.000000e-04
40550,gan,8.81436,1.85147,0.33584,0.50727,4.58319,1.26533,0.25154,0.02388,0.23046,7436.8,6.0252,0,1.000000e-04
40575,gan,8.82783,1.77695,0.32893,0.51587,4.62028,1.28775,0.25891,0.02272,0.23730,7441.2,5.9594,0,1.000000e-04
40600,gan,8.75453,2.10243,0.32670,0.44533,4.29306,1.16898,0.27245,0.02304,0.25034,7445.5,5.9324,0,1.000000e-04
40625,gan,8.01820,1.56402,0.24323,0.49816,4.02757,0.99320,0.33192,0.03161,0.24619,7449.8,5.9076,0,1.000000e-04
40650,gan,8.48073,1.81735,0.27402,0.48685,4.28687,1.08558,0.29692,0.02715,0.23943,7454.1,5.9089,0,1.000000e-04
40675,gan,8.60363,1.91459,0.32848,0.54939,4.32016,1.25909,0.24959,0.02366,0.23391,7458.6,5.8313,0,1.000000e-04
40700,gan,9.35622,2.05743,0.34912,0.55396,4.86115,1.32237,0.25030,0.02376,0.23383,7463.1,5.7660,0,1.000000e-04
40725,gan,8.79610,1.91542,0.33071,0.56208,4.58812,1.23432,0.23589,0.02540,0.23948,7467.5,5.7933,0,1.000000e-04
40750,gan,8.75121,1.99522,0.30356,0.41525,4.20582,1.13734,0.32731,0.03172,0.23877,7471.8,5.8362,0,1.000000e-04
40775,gan,8.87741,1.97403,0.33187,0.40326,4.46356,1.22996,0.27791,0.02470,0.24383,7476.2,5.8228,0,1.000000e-04
40800,gan,8.70776,1.87104,0.33713,0.84743,4.40245,1.22812,0.26642,0.02199,0.23934,7480.4,5.9233,0,1.000000e-04
40825,gan,8.44325,1.72208,0.31256,0.53779,4.42943,1.04694,0.28411,0.02331,0.24130,7484.6,5.9756,0,1.000000e-04
40850,gan,8.19821,1.84861,0.24847,0.65025,3.90019,1.01688,0.32763,0.03213,0.24152,7488.9,5.9678,0,1.000000e-04
40875,gan,8.67573,2.00688,0.34704,0.61597,4.32485,1.21274,0.25314,0.02238,0.23926,7493.1,6.0173,0,1.000000e-04
40900,gan,8.63846,1.87040,0.31117,0.49055,4.47646,1.15741,0.25793,0.02231,0.24484,7497.4,5.9519,0,1.000000e-04
40925,gan,7.84682,1.72722,0.27045,0.40160,3.85060,1.03230,0.28621,0.02465,0.24529,7501.7,5.9453,0,1.000000e-04
40950,gan,8.17362,1.89156,0.24857,0.60720,3.90293,1.04604,0.30522,0.02663,0.24552,7505.9,5.9742,0,1.000000e-04
40975,gan,9.32221,2.10638,0.32698,0.50695,4.66979,1.28897,0.28777,0.02261,0.23608,7510.3,5.9440,0,1.000000e-04
41000,gan,8.00232,1.61716,0.25250,0.52108,4.25167,1.05808,0.24405,0.02187,0.23601,7514.5,5.9437,0,1.000000e-04
41025,gan,8.38843,1.77292,0.30077,0.35442,4.36656,1.13223,0.25701,0.02315,0.24897,7519.0,5.9241,0,1.000000e-04
41050,gan,7.56849,1.57069,0.25491,0.44820,3.94032,0.93333,0.25849,0.01986,0.24220,7523.3,5.8943,0,1.000000e-04
41075,gan,8.47329,1.65144,0.28802,0.54513,4.40697,1.15205,0.28893,0.02380,0.24422,7527.5,5.9627,0,1.000000e-04
41100,gan,8.19850,1.82027,0.27554,0.50294,4.26826,1.05190,0.23944,0.02247,0.24492,7531.8,5.9532,0,1.000000e-04
41125,gan,8.75535,2.02427,0.32351,0.40442,4.38915,1.15422,0.27279,0.02375,0.23039,7536.1,5.9285,0,1.000000e-04
41150,gan,8.54895,1.84753,0.29381,0.45718,4.35685,1.15912,0.27161,0.02390,0.23546,7540.3,5.9710,0,1.000000e-04
41175,gan,9.86547,2.20670,0.39440,0.51369,5.03475,1.47641,0.25832,0.02351,0.23338,7544.6,5.9711,0,1.000000e-04
41200,gan,8.37905,1.89001,0.29635,0.49088,4.17498,1.17163,0.26005,0.02351,0.23736,7548.8,5.9595,0,1.000000e-04
41225,gan,8.12029,1.71048,0.27090,0.34240,4.09714,1.03083,0.29898,0.02460,0.23746,7553.1,5.9484,0,1.000000e-04
41250,gan,8.45216,1.96897,0.33334,0.69049,4.14812,1.09480,0.27831,0.02466,0.22718,7557.5,5.9059,0,1.000000e-04
41275,gan,8.66155,1.91797,0.27743,0.30691,4.43719,1.10853,0.27906,0.02318,0.23517,7561.7,5.9374,0,1.000000e-04
41300,gan,8.45269,1.74368,0.27686,0.40402,4.34345,1.10672,0.29198,0.02282,0.24593,7565.9,5.9667,0,1.000000e-04
41325,gan,7.87028,1.67300,0.25269,0.69796,3.99254,1.03089,0.26450,0.02077,0.23826,7570.3,5.9251,0,1.000000e-04
41350,gan,9.03990,2.03022,0.33106,0.63316,4.38319,1.31741,0.29586,0.02922,0.22943,7574.6,5.9012,0,1.000000e-04
41375,gan,8.25584,1.72099,0.27560,0.42289,4.12944,1.03454,0.31796,0.02917,0.24932,7578.9,5.9160,0,1.000000e-04
41400,gan,8.27708,1.89219,0.29144,0.48388,4.07395,1.11896,0.27277,0.02339,0.23184,7583.3,5.8807,0,1.000000e-04
41425,gan,8.33171,1.62627,0.27668,0.61890,4.32927,1.08648,0.29367,0.02546,0.24775,7587.5,5.9357,0,1.000000e-04
41450,gan,8.11039,1.74339,0.29985,0.60656,4.07909,1.09986,0.26906,0.02117,0.23865,7591.8,5.9017,0,1.000000e-04
41475,gan,8.64756,2.03035,0.30847,0.40858,4.40706,1.11724,0.24898,0.02530,0.23621,7596.1,5.9231,0,1.000000e-04
41500,gan,8.92937,1.98703,0.32933,0.53214,4.62727,1.17572,0.25732,0.02393,0.23170,7600.4,5.9453,0,1.000000e-04
41525,gan,8.48020,1.93083,0.29155,0.46660,4.35023,1.11853,0.24487,0.02530,0.24346,7604.8,5.9604,0,1.000000e-04
41550,gan,8.56630,1.90244,0.33088,0.50316,4.38509,1.11522,0.26383,0.02481,0.24484,7609.0,5.9901,0,1.000000e-04
41575,gan,8.89099,1.85671,0.29520,0.43620,4.49257,1.23205,0.30314,0.02395,0.24912,7613.2,5.9727,0,1.000000e-04
41600,gan,7.93414,1.70737,0.25489,0.56954,4.17072,1.05639,0.22346,0.02337,0.23955,7617.5,5.9630,0,1.000000e-04
41625,gan,8.04673,1.73748,0.23706,0.40560,4.07359,1.03379,0.27873,0.02268,0.23871,7621.7,5.9699,0,1.000000e-04
41650,gan,7.84109,1.58261,0.24931,0.50680,4.03674,1.02191,0.27586,0.02079,0.24350,7626.0,5.9620,0,1.000000e-04
41675,gan,9.12102,2.15886,0.31593,0.44134,4.38806,1.30022,0.29248,0.02821,0.22889,7630.3,5.9816,0,1.000000e-04
41700,gan,8.36662,1.86516,0.28045,0.50566,4.18306,1.11663,0.27533,0.02185,0.23972,7634.5,5.9777,0,1.000000e-04
41725,gan,8.52294,1.89397,0.32038,0.50126,4.23848,1.10399,0.29418,0.02761,0.24725,7638.8,5.9568,0,1.000000e-04
41750,gan,8.72469,1.87312,0.28321,0.45116,4.28013,1.14146,0.33084,0.03317,0.23623,7643.1,5.9248,0,1.000000e-04
41775,gan,7.47474,1.55990,0.22017,0.58621,3.83057,0.91638,0.26650,0.02127,0.25146,7647.4,5.9448,0,1.000000e-04
41800,gan,9.31274,2.10983,0.36225,0.60444,4.83786,1.33311,0.22727,0.02619,0.22630,7651.7,5.9401,0,1.000000e-04
41825,gan,8.01022,1.65628,0.25626,0.37355,4.09700,1.05583,0.27841,0.02449,0.23492,7655.9,5.9514,0,1.000000e-04
41850,gan,8.66169,2.00024,0.29150,0.39875,4.27877,1.16072,0.28185,0.02555,0.23538,7660.2,5.9814,0,1.000000e-04
41875,gan,7.44582,1.48513,0.21895,0.60544,3.90575,0.84867,0.27560,0.02142,0.23749,7664.3,6.0315,0,1.000000e-04
41900,gan,9.13657,2.05819,0.34465,0.53704,4.66735,1.29160,0.25220,0.02244,0.24401,7668.6,5.9851,0,1.000000e-04
41925,gan,8.33524,1.81443,0.30172,0.47155,4.21262,1.04300,0.29073,0.02495,0.23864,7673.0,5.9460,0,1.000000e-04
41950,gan,8.15250,1.62157,0.24891,0.52365,4.08617,1.07435,0.31620,0.02838,0.25290,7677.3,5.9218,0,1.000000e-04
41975,gan,8.25974,1.56486,0.26288,0.44532,4.36492,1.08159,0.28851,0.02350,0.24867,7681.6,5.9307,0,1.000000e-04
42000,gan,8.11937,1.72487,0.29548,0.51644,4.16380,1.09514,0.25765,0.02376,0.23369,7685.9,5.8897,0,1.000000e-04
42025,gan,8.32302,1.71085,0.25885,0.33984,4.33962,1.07200,0.27977,0.02160,0.24553,7703.5,5.9656,0,1.000000e-04
42050,gan,8.54138,1.78183,0.29069,0.67916,4.31712,1.11886,0.29960,0.02819,0.23812,7707.8,5.9519,0,1.000000e-04
42075,gan,8.68716,1.91347,0.30457,0.50925,4.42550,1.22479,0.25519,0.02127,0.22786,7712.0,5.9718,0,1.000000e-04
42100,gan,8.62077,1.89150,0.29315,0.52110,4.43095,1.14209,0.26247,0.02493,0.24354,7716.3,5.9386,0,1.000000e-04
42125,gan,8.35202,1.72809,0.30162,0.43656,4.37914,1.14418,0.25060,0.02439,0.23922,7720.7,5.8783,0,1.000000e-04
42150,gan,8.98805,1.96505,0.30912,0.39945,4.66527,1.25074,0.25249,0.02618,0.24603,7725.0,5.9210,0,1.000000e-04
42175,gan,7.98895,1.64970,0.24973,0.61569,4.11900,1.03583,0.26939,0.02032,0.24818,7729.2,5.9195,0,1.000000e-04
42200,gan,8.28020,1.69565,0.30391,0.51266,4.28665,1.13834,0.26379,0.02273,0.24229,7733.6,5.8973,0,1.000000e-04
42225,gan,8.67572,1.81442,0.28595,0.58065,4.35469,1.13804,0.31332,0.02865,0.25008,7737.9,5.9156,0,1.000000e-04
42250,gan,8.50524,1.95329,0.30667,0.45123,4.11479,1.12206,0.30220,0.03050,0.23018,7742.1,5.9202,0,1.000000e-04
42275,gan,8.34564,1.88861,0.28336,0.34732,4.24859,1.10465,0.25472,0.02185,0.23533,7746.4,5.9211,0,1.000000e-04
42300,gan,8.08953,1.82625,0.31622,0.52161,4.08628,1.05281,0.25473,0.02148,0.24313,7750.7,5.9367,0,1.000000e-04
42325,gan,9.34643,2.23784,0.35790,0.59834,4.58511,1.25194,0.28742,0.02626,0.22986,7755.0,5.8929,0,1.000000e-04
42350,gan,8.48290,1.81030,0.32759,0.50176,4.37353,1.24074,0.23764,0.02481,0.24584,7759.4,5.8811,0,1.000000e-04
42375,gan,7.81545,1.57959,0.22925,0.47959,4.05928,1.03271,0.26282,0.02172,0.24854,7763.7,5.9117,0,1.000000e-04
42400,gan,8.55207,1.83897,0.29591,0.47372,4.32897,1.16992,0.27819,0.02450,0.24128,7767.9,5.9290,0,1.000000e-04
42425,gan,8.29369,1.79392,0.29765,0.51783,4.19638,1.09257,0.27604,0.02510,0.23646,7772.2,5.9263,0,1.000000e-04
42450,gan,7.53249,1.57239,0.26024,0.43150,3.91906,0.96948,0.24514,0.02182,0.24454,7776.6,5.8823,0,1.000000e-04
42475,gan,8.58701,1.87234,0.31300,0.53153,4.37655,1.18336,0.26186,0.02286,0.23956,7780.9,5.8662,0,1.000000e-04
42500,gan,8.77736,1.88945,0.31838,0.62786,4.49800,1.21639,0.26374,0.02395,0.23890,7785.3,5.8618,0,1.000000e-04
42525,gan,8.19846,1.86187,0.29717,0.44753,4.15056,1.09103,0.24964,0.02198,0.24910,7789.7,5.8956,0,1.000000e-04
42550,gan,8.87013,2.00247,0.32476,0.57148,4.47047,1.21367,0.26743,0.02418,0.23789,7794.0,5.8636,0,1.000000e-04
42575,gan,7.77690,1.62982,0.25861,0.37657,3.79520,0.93568,0.33133,0.02735,0.25570,7798.4,5.8646,0,1.000000e-04
42600,gan,8.71732,2.10106,0.31045,0.47244,4.34523,1.15932,0.25190,0.02582,0.22882,7802.8,5.8250,0,1.000000e-04
42625,gan,8.27223,1.70127,0.29593,0.56549,4.29421,1.05314,0.27898,0.02154,0.24290,7807.2,5.8293,0,1.000000e-04
42650,gan,8.47574,1.75585,0.30473,0.41125,4.31615,1.18058,0.28174,0.02460,0.23810,7811.4,5.9032,0,1.000000e-04
42675,gan,8.45431,1.85070,0.29891,0.58611,4.39716,1.07094,0.25573,0.02410,0.23578,7815.7,5.9252,0,1.000000e-04
42700,gan,8.41517,1.89179,0.29651,0.54645,4.30233,1.13268,0.24581,0.02083,0.24146,7819.9,5.9701,0,1.000000e-04
42725,gan,8.04743,1.61640,0.27045,0.31989,4.27217,1.00326,0.26827,0.02349,0.24211,7824.2,5.9737,0,1.000000e-04
42750,gan,8.83628,2.03894,0.30803,0.54856,4.49322,1.17586,0.25382,0.02731,0.23795,7828.5,5.9444,0,1.000000e-04
42775,gan,7.98526,1.78075,0.27475,0.50576,4.12893,1.06009,0.22824,0.02450,0.24689,7832.7,5.9810,0,1.000000e-04
42800,gan,8.61905,1.86711,0.32232,0.39614,4.41915,1.17123,0.26662,0.02324,0.23735,7836.9,5.9899,0,1.000000e-04
42825,gan,7.93935,1.86657,0.25204,0.41617,3.99315,0.98967,0.25027,0.02206,0.24868,7841.3,5.9228,0,1.000000e-04
42850,gan,8.61662,1.78487,0.28342,0.46386,4.48460,1.16526,0.27032,0.02587,0.26049,7845.6,5.9001,0,1.000000e-04
42875,gan,8.29636,1.80115,0.30561,0.47879,4.22469,1.11134,0.26461,0.02231,0.23769,7849.9,5.9228,0,1.000000e-04
42900,gan,8.41990,1.78248,0.26184,0.51856,4.21295,1.05098,0.31693,0.02772,0.23760,7854.1,5.9429,0,1.000000e-04
42925,gan,8.48454,1.76248,0.29720,0.49186,4.47502,1.11772,0.25752,0.02032,0.23965,7858.5,5.9096,0,1.000000e-04
42950,gan,8.15886,1.60307,0.25722,0.54548,4.31107,1.04658,0.27452,0.01980,0.24453,7862.7,5.9239,0,1.000000e-04
42975,gan,8.22130,1.86477,0.26530,0.57178,4.15184,1.13342,0.24070,0.02474,0.22907,7867.0,5.9651,0,1.000000e-04
43000,gan,7.97183,1.52010,0.25915,0.50587,4.20129,0.99749,0.28813,0.02390,0.23731,7871.2,5.9905,0,1.000000e-04
43025,gan,9.20255,2.00119,0.36223,0.61888,4.63820,1.33979,0.27460,0.02685,0.23561,7875.6,5.9646,0,1.000000e-04
43050,gan,8.63073,1.74203,0.28790,0.76714,4.44956,1.06934,0.30912,0.02782,0.23426,7879.9,5.9655,0,1.000000e-04
43075,gan,8.60267,1.89044,0.31751,0.51517,4.43275,1.18838,0.24574,0.02486,0.24568,7884.2,5.9496,0,1.000000e-04
43100,gan,8.05703,1.61957,0.28286,0.66136,4.13341,1.11530,0.26814,0.02175,0.23813,7888.5,5.9392,0,1.000000e-04
43125,gan,8.35769,1.66308,0.24561,0.46993,4.05269,1.03247,0.37517,0.03724,0.26443,7892.9,5.8822,0,1.000000e-04
43150,gan,8.23214,1.74633,0.27504,0.45085,4.22464,1.10651,0.26471,0.02323,0.24401,7897.2,5.8929,0,1.000000e-04
43175,gan,8.46704,1.73131,0.31887,0.51940,4.46977,1.18003,0.24438,0.02460,0.25002,7901.4,5.9728,0,1.000000e-04
43200,gan,9.51517,2.27869,0.37985,0.58538,4.69187,1.37881,0.26147,0.02338,0.23434,7905.7,5.9496,0,1.000000e-04
43225,gan,8.25346,1.89405,0.26174,0.41547,4.11488,1.07915,0.26903,0.02153,0.23997,7910.0,5.9146,0,1.000000e-04
43250,gan,8.53987,1.72928,0.27644,0.51888,4.34565,1.21223,0.28645,0.02737,0.23625,7914.2,5.9551,0,1.000000e-04
43275,gan,8.08408,1.73228,0.26815,0.65945,4.09662,1.04231,0.27419,0.02335,0.24305,7918.5,5.9317,0,1.000000e-04
43300,gan,8.24248,1.75750,0.25527,0.49264,4.15222,0.97012,0.31525,0.02685,0.25427,7922.8,5.9041,0,1.000000e-04
43325,gan,8.87655,1.91727,0.32762,0.74742,4.57888,1.16616,0.27061,0.02429,0.23396,7927.1,5.9391,0,1.000000e-04
43350,gan,8.54742,1.91963,0.30854,0.46507,4.18309,1.15196,0.29686,0.02793,0.24112,7931.3,5.9550,0,1.000000e-04
43375,gan,7.98486,1.82961,0.26759,0.56935,3.98010,1.07898,0.24690,0.02486,0.23360,7935.7,5.9271,0,1.000000e-04
43400,gan,8.58624,1.89455,0.29167,0.45251,4.38506,1.12736,0.27041,0.02320,0.25120,7940.0,5.8981,0,1.000000e-04
43425,gan,9.27324,2.03109,0.33574,0.60987,4.80164,1.31174,0.25224,0.02523,0.24187,7944.2,5.9656,0,1.000000e-04
43450,gan,8.33664,1.70117,0.28161,0.54994,4.28748,1.09715,0.28618,0.02296,0.24360,7948.5,5.9064,0,1.000000e-04
43475,gan,8.85534,2.21128,0.36283,0.40496,4.23733,1.24686,0.26472,0.02420,0.23313,7952.7,5.9581,0,1.000000e-04
43500,gan,7.80830,1.79149,0.24388,0.48038,3.85212,0.94252,0.28129,0.02458,0.24754,7957.0,5.9467,0,1.000000e-04
43525,gan,8.91560,1.84546,0.35214,0.56684,4.51997,1.25316,0.29446,0.02727,0.23512,7961.5,5.9208,0,1.000000e-04
43550,gan,8.20481,1.79115,0.27223,0.48727,4.12470,1.02125,0.29111,0.02731,0.23314,7965.7,5.9581,0,1.000000e-04
43575,gan,8.29247,1.85312,0.28465,0.57481,4.16299,1.07426,0.27264,0.02561,0.23130,7970.0,5.9230,0,1.000000e-04
43600,gan,8.46102,1.73929,0.29561,0.50294,4.38552,1.17361,0.26538,0.02124,0.23611,7974.3,5.9214,0,1.000000e-04
43625,gan,9.30393,2.21951,0.34902,0.54279,4.60622,1.28184,0.27054,0.02503,0.23218,7978.5,5.9617,0,1.000000e-04
43650,gan,8.85867,1.96164,0.33214,0.50445,4.43929,1.25416,0.27409,0.02354,0.23740,7982.8,5.9619,0,1.000000e-04
43675,gan,9.03111,2.06896,0.34043,0.51130,4.69272,1.21622,0.23554,0.02588,0.23741,7987.0,5.9809,0,1.000000e-04
43700,gan,8.69773,1.85811,0.30363,0.55251,4.29192,1.18536,0.31183,0.02938,0.23277,7991.2,5.9964,0,1.000000e-04
43725,gan,8.09600,1.59555,0.27923,0.52431,4.16420,1.11806,0.27856,0.02359,0.24465,7995.5,5.9981,0,1.000000e-04
43750,gan,8.82872,2.06982,0.37068,0.51972,4.36461,1.23101,0.26252,0.02418,0.23128,7999.8,5.9797,0,1.000000e-04
43775,gan,8.10550,1.64906,0.27922,0.35246,4.22185,1.10659,0.26047,0.02297,0.24473,8004.1,5.9428,0,1.000000e-04
43800,gan,8.33780,1.64147,0.28292,0.39651,4.44127,1.10179,0.26639,0.01978,0.24652,8008.4,5.9119,0,1.000000e-04
43825,gan,7.35008,1.43166,0.22037,0.48830,3.88776,0.93579,0.25102,0.01991,0.24573,8012.7,5.9586,0,1.000000e-04
43850,gan,8.93844,1.93660,0.34447,0.55682,4.50284,1.22253,0.29076,0.02331,0.24477,8016.9,5.9547,0,1.000000e-04
43875,gan,7.87019,1.56093,0.27283,0.50799,4.22564,0.98533,0.24949,0.02224,0.23659,8021.2,5.9779,0,1.000000e-04
43900,gan,8.42447,1.80452,0.27537,0.47347,4.30225,1.06050,0.28867,0.02764,0.23064,8025.5,5.9452,0,1.000000e-04
43925,gan,8.07476,1.68720,0.28275,0.53573,4.06321,1.03947,0.29458,0.02471,0.23828,8029.8,5.9492,0,1.000000e-04
43950,gan,8.02389,1.76017,0.30381,0.50040,4.03521,1.06903,0.26392,0.02337,0.23590,8034.0,5.9608,0,1.000000e-04
43975,gan,8.83169,1.86399,0.32517,0.65703,4.52839,1.22966,0.27250,0.02143,0.23955,8038.4,5.9121,0,1.000000e-04
44000,gan,8.46931,1.80259,0.28146,0.51094,4.42199,1.08384,0.26536,0.02020,0.24415,8042.6,5.9310,0,1.000000e-04
44025,gan,7.87135,1.64799,0.27939,0.54151,4.10895,1.07279,0.23310,0.02713,0.24651,8059.9,5.9594,0,1.000000e-04
44050,gan,8.82200,2.15105,0.34000,0.63338,4.23372,1.19723,0.27974,0.02373,0.23962,8064.1,6.0034,0,1.000000e-04
44075,gan,8.27587,1.81402,0.28176,0.47498,4.20287,1.05956,0.27566,0.02109,0.24884,8068.3,5.9859,0,1.000000e-04
44100,gan,8.47680,1.98246,0.28709,0.43695,4.30268,1.16869,0.23089,0.02701,0.24081,8072.5,6.0074,0,1.000000e-04
44125,gan,8.44077,1.84361,0.30743,0.65439,4.35289,1.17229,0.23773,0.02486,0.24076,8076.8,5.9959,0,1.000000e-04
44150,gan,9.00157,1.94288,0.34334,0.54914,4.74241,1.24354,0.23922,0.02660,0.23215,8081.0,5.9776,0,1.000000e-04
44175,gan,7.78758,1.58916,0.27210,0.53508,3.95568,0.97828,0.29032,0.02248,0.23504,8085.3,5.9530,0,1.000000e-04
44200,gan,8.30080,1.78211,0.24344,0.51905,4.25479,1.06172,0.27610,0.02152,0.24522,8089.6,5.9556,0,1.000000e-04
44225,gan,8.62101,1.73300,0.30284,0.51879,4.29694,1.17295,0.32656,0.02972,0.24193,8093.9,5.9522,0,1.000000e-04
44250,gan,8.40249,1.69471,0.27212,0.48851,4.29771,1.09984,0.30255,0.02398,0.24200,8098.2,5.9389,0,1.000000e-04
44275,gan,8.10955,1.63542,0.25567,0.49648,4.00697,1.01957,0.33506,0.03213,0.25591,8102.6,5.8888,0,1.000000e-04
44300,gan,8.24127,1.88066,0.28091,0.57123,4.16921,1.04690,0.25910,0.02286,0.23067,8106.9,5.8770,0,1.000000e-04
44325,gan,7.87434,1.66265,0.27020,0.48980,4.02608,0.98479,0.27556,0.02258,0.23948,8111.2,5.9104,0,1.000000e-04
44350,gan,8.46718,1.94210,0.28762,0.46802,4.29882,1.13389,0.24896,0.02096,0.24136,8115.4,5.9427,0,1.000000e-04
44375,gan,8.08936,1.78745,0.26520,0.61391,3.99611,1.04701,0.28731,0.02162,0.24407,8119.6,5.9648,0,1.000000e-04
44400,gan,7.92088,1.71320,0.28186,0.46802,4.02015,1.07489,0.25383,0.02234,0.25060,8125.2,5.8857,0,1.000000e-04
44425,gan,8.96359,1.91456,0.33380,0.54204,4.59057,1.32432,0.25568,0.02386,0.22949,8129.5,5.9023,0,1.000000e-04
44450,gan,8.06004,1.79185,0.27618,0.52645,4.01958,1.00696,0.28448,0.02347,0.23936,8133.8,5.8902,0,1.000000e-04
44475,gan,8.44994,1.85987,0.28076,0.44142,4.14600,1.08530,0.31431,0.02932,0.23953,8138.1,5.9045,0,1.000000e-04
44500,gan,8.10941,1.60420,0.27129,0.46913,4.27430,1.02410,0.27732,0.02348,0.23873,8142.4,5.8804,0,1.000000e-04
44525,gan,8.54424,1.70975,0.28372,0.55048,4.41105,1.06756,0.31075,0.02945,0.25456,8146.8,5.8960,0,1.000000e-04
44550,gan,8.45393,1.82044,0.31132,0.40139,4.18859,1.12060,0.30629,0.02785,0.25086,8151.2,5.9158,0,1.000000e-04
44575,gan,8.87005,1.91254,0.32553,0.49433,4.53285,1.20770,0.27789,0.02342,0.24107,8155.4,5.9447,0,1.000000e-04
44600,gan,7.97499,1.65429,0.25603,0.41217,4.11206,1.01311,0.27692,0.02102,0.23893,8159.7,5.9441,0,1.000000e-04
44625,gan,8.59030,1.71099,0.32418,0.46719,4.36351,1.12875,0.31972,0.02904,0.23819,8164.0,5.9480,0,1.000000e-04
44650,gan,8.49399,1.62868,0.26034,0.39696,4.34749,1.15154,0.31831,0.02732,0.24229,8168.2,5.9684,0,1.000000e-04
44675,gan,8.64024,1.84665,0.29615,0.50540,4.25548,1.15609,0.31814,0.02928,0.24965,8172.4,6.0002,0,1.000000e-04
44700,gan,8.82557,1.98642,0.30870,0.40881,4.36884,1.18409,0.29669,0.02770,0.24046,8176.8,5.9304,0,1.000000e-04
44725,gan,8.05114,1.72388,0.26223,0.44212,3.95942,0.93795,0.33193,0.03172,0.25070,8181.2,5.8786,0,1.000000e-04
44750,gan,8.06720,1.67769,0.27813,0.43450,4.14931,1.06045,0.27193,0.02075,0.23960,8185.4,5.9341,0,1.000000e-04
44775,gan,8.41255,1.76550,0.27380,0.48500,4.20886,1.15413,0.29574,0.02522,0.23626,8189.7,5.9483,0,1.000000e-04
44800,gan,8.95538,2.05491,0.34881,0.56714,4.60890,1.24835,0.23168,0.02492,0.22888,8193.9,5.9541,0,1.000000e-04
44825,gan,8.45640,1.90227,0.30446,0.47039,4.30224,1.12411,0.25702,0.02223,0.23758,8198.3,5.9093,0,1.000000e-04
44850,gan,7.99818,1.66645,0.26834,0.38268,4.16224,1.01561,0.26690,0.02119,0.24838,8202.6,5.9009,0,1.000000e-04
44875,gan,8.22230,2.02508,0.30874,0.65437,4.07982,1.09192,0.22576,0.02611,0.23670,8207.0,5.8512,0,1.000000e-04
44900,gan,8.16026,1.97071,0.26002,0.49994,4.02684,1.01509,0.26220,0.02283,0.23697,8211.2,5.9069,0,1.000000e-04
44925,gan,9.13977,1.85270,0.32447,0.55678,4.72818,1.21570,0.30680,0.02784,0.23751,8215.5,5.9117,0,1.000000e-04
44950,gan,8.39169,1.76331,0.29698,0.51600,4.34017,1.07500,0.27697,0.02404,0.23303,8219.8,5.9179,0,1.000000e-04
44975,gan,8.28967,1.77421,0.28427,0.39133,4.18707,1.04669,0.29735,0.02474,0.24182,8224.0,5.9497,0,1.000000e-04
45000,gan,9.06638,1.99473,0.33862,0.52072,4.63240,1.23024,0.27492,0.02339,0.23683,8228.3,5.9398,0,1.000000e-04
45025,gan,8.01129,1.57606,0.25719,0.56841,4.22622,0.98260,0.28062,0.02138,0.24320,8232.9,5.9502,0,1.000000e-04
45050,gan,8.09121,1.58798,0.29037,0.59532,4.13655,1.05952,0.29788,0.02709,0.24532,8237.1,5.9753,0,1.000000e-04
45075,gan,7.74256,1.73705,0.24049,0.36921,3.97479,0.95962,0.24713,0.02162,0.24241,8241.4,5.9855,0,1.000000e-04
45100,gan,7.90155,1.62432,0.25840,0.49564,3.93225,0.98878,0.31323,0.02786,0.25493,8245.7,5.9692,0,1.000000e-04
45125,gan,7.90167,1.73604,0.25076,0.57697,4.09894,0.97787,0.24641,0.02039,0.23863,8250.0,5.9619,0,1.000000e-04
45150,gan,8.66931,2.01198,0.27674,0.51552,4.23959,1.12087,0.29805,0.02544,0.24433,8254.2,5.9755,0,1.000000e-04
45175,gan,8.69569,1.87160,0.31581,0.55069,4.49953,1.19241,0.25541,0.02384,0.22888,8258.5,5.9616,0,1.000000e-04
45200,gan,8.75738,1.81233,0.31275,0.33968,4.45970,1.10794,0.32041,0.03051,0.24411,8262.8,5.9523,0,1.000000e-04
45225,gan,8.15210,1.86239,0.27716,0.54001,4.00947,1.05443,0.28027,0.02302,0.24715,8267.0,5.9678,0,1.000000e-04
45250,gan,8.76817,2.00521,0.32256,0.52996,4.57089,1.18269,0.22417,0.02746,0.23990,8271.3,5.9593,0,1.000000e-04
45275,gan,8.53549,1.67877,0.29084,0.61367,4.42271,1.06161,0.31329,0.02880,0.23152,8275.6,5.9607,0,1.000000e-04
45300,gan,8.56997,1.84880,0.33160,0.48357,4.35797,1.18081,0.26959,0.02250,0.23043,8279.9,5.9540,0,1.000000e-04
45325,gan,7.92566,1.62068,0.26168,0.39137,4.02272,1.00291,0.29772,0.02315,0.24626,8284.1,5.9455,0,1.000000e-04
45350,gan,8.63058,1.89103,0.25737,0.46760,4.29591,1.08786,0.31266,0.03263,0.22482,8288.4,5.9695,0,1.000000e-04
45375,gan,8.18632,1.57021,0.25870,0.42144,4.36832,1.05745,0.27530,0.02111,0.24215,8292.5,6.0391,0,1.000000e-04
45400,gan,7.59540,1.54752,0.23913,0.36598,3.82666,0.86982,0.31593,0.02719,0.24611,8296.8,5.9857,0,1.000000e-04
45425,gan,8.40388,1.71042,0.25269,0.45038,4.33973,1.07140,0.29656,0.02579,0.23507,8301.2,5.9256,0,1.000000e-04
45450,gan,7.82542,1.65751,0.25133,0.47776,4.04244,0.98384,0.26178,0.02160,0.23846,8305.4,5.9800,0,1.000000e-04
45475,gan,8.58069,1.70710,0.29602,0.72426,4.58539,1.15726,0.25190,0.02131,0.23586,8309.7,5.9136,0,1.000000e-04
45500,gan,8.54763,1.89688,0.32449,0.38539,4.41062,1.15701,0.24719,0.02338,0.23819,8313.9,5.9701,0,1.000000e-04
45525,gan,8.31638,1.93776,0.31936,0.53322,4.10268,1.01286,0.28781,0.02657,0.23566,8318.3,5.9698,0,1.000000e-04
45550,gan,8.31144,1.88099,0.29233,0.51531,4.22158,1.07472,0.25780,0.02217,0.23990,8322.6,5.9413,0,1.000000e-04
45575,gan,8.80232,2.08993,0.32915,0.40832,4.38447,1.24913,0.24519,0.02427,0.23248,8326.9,5.9464,0,1.000000e-04
45600,gan,9.09820,2.24986,0.34394,0.45766,4.44276,1.27368,0.25710,0.02335,0.24530,8331.2,5.9423,0,1.000000e-04
45625,gan,8.58817,1.79987,0.31903,0.62567,4.52594,1.15805,0.24626,0.02479,0.23689,8335.5,5.9411,0,1.000000e-04
45650,gan,8.01226,1.70536,0.28229,0.57516,4.19282,1.03916,0.24073,0.02627,0.24111,8339.8,5.9115,0,1.000000e-04
45675,gan,9.34982,2.13940,0.36109,0.76730,4.63742,1.36369,0.26810,0.02407,0.23359,8344.1,5.8988,0,1.000000e-04
45700,gan,9.20700,2.21953,0.36612,0.54869,4.55617,1.27951,0.25928,0.02319,0.23239,8348.4,5.9126,0,1.000000e-04
45725,gan,8.82093,1.97283,0.28770,0.41231,4.54633,1.14834,0.26526,0.02237,0.24984,8352.7,5.9095,0,1.000000e-04
45750,gan,8.14131,1.95234,0.28920,0.45357,4.25988,1.02290,0.20078,0.02880,0.23512,8357.0,5.9040,0,1.000000e-04
45775,gan,8.36219,1.71701,0.31990,0.44619,4.34686,1.13315,0.26683,0.02123,0.23803,8361.3,5.9078,0,1.000000e-04
45800,gan,8.45815,1.84073,0.28267,0.68173,4.20383,1.08400,0.30206,0.02492,0.24864,8365.8,5.8774,0,1.000000e-04
45825,gan,8.31766,1.81004,0.29955,0.50999,4.18353,1.14362,0.26955,0.02133,0.23384,8370.0,5.9365,0,1.000000e-04
45850,gan,8.80592,1.94540,0.35266,0.46453,4.50652,1.21440,0.25890,0.02227,0.23093,8374.4,5.8969,0,1.000000e-04
45875,gan,8.29749,1.65068,0.28412,0.53227,4.32463,1.11396,0.27612,0.02208,0.23727,8378.7,5.9035,0,1.000000e-04
45900,gan,7.89589,1.65315,0.25689,0.58226,4.00989,0.99477,0.28279,0.02301,0.23709,8383.0,5.9252,0,1.000000e-04
45925,gan,7.74070,1.52459,0.26750,0.39898,4.10660,0.97295,0.26208,0.02158,0.24469,8387.3,5.9116,0,1.000000e-04
45950,gan,8.00091,1.74305,0.29466,0.48958,4.08634,1.04796,0.25593,0.02144,0.23533,8391.7,5.9100,0,1.000000e-04
45975,gan,7.95690,1.58929,0.26081,0.54997,4.24841,1.07532,0.23525,0.02181,0.24292,8395.9,5.9247,0,1.000000e-04
46000,gan,7.88676,1.61459,0.27817,0.43287,4.15382,1.09950,0.23028,0.02664,0.25136,8400.3,5.9134,0,1.000000e-04
46025,gan,9.21548,2.02547,0.35668,0.67404,4.63606,1.29364,0.28299,0.02528,0.23212,8417.4,5.9278,0,1.000000e-04
46050,gan,7.89373,1.52316,0.24713,0.50154,4.08360,0.93687,0.31215,0.02664,0.24566,8421.7,5.9653,0,1.000000e-04
46075,gan,8.52771,1.92209,0.29154,0.55579,4.15486,1.13018,0.30202,0.02777,0.24031,8425.9,5.9702,0,1.000000e-04
46100,gan,7.85757,1.51066,0.26904,0.47100,4.08344,1.04367,0.28116,0.02115,0.24768,8430.3,5.9011,0,1.000000e-04
46125,gan,9.01072,1.91513,0.34650,0.51292,4.53881,1.26031,0.29593,0.02680,0.23388,8434.5,5.9510,0,1.000000e-04
46150,gan,7.91328,1.68337,0.27318,0.47896,4.20090,0.96148,0.24233,0.02301,0.23216,8438.9,5.8881,0,1.000000e-04
46175,gan,8.18283,1.80394,0.29241,0.52522,4.13011,1.08898,0.26339,0.02447,0.23931,8443.3,5.8733,0,1.000000e-04
46200,gan,8.30877,1.63786,0.26416,0.65628,4.24199,1.09220,0.30467,0.02600,0.24046,8447.6,5.8894,0,1.000000e-04
46225,gan,8.48667,1.85934,0.29784,0.51886,4.16081,1.08508,0.31836,0.02635,0.25574,8451.8,5.9562,0,1.000000e-04
46250,gan,7.78599,1.57541,0.25185,0.47078,4.10071,1.02135,0.24915,0.01968,0.24305,8456.1,5.9331,0,1.000000e-04
46275,gan,8.15622,1.60672,0.27736,0.50981,4.24573,1.10899,0.27356,0.02182,0.23142,8460.4,5.9325,0,1.000000e-04
46300,gan,8.24827,1.73474,0.30617,0.44059,4.31276,1.15109,0.23768,0.02427,0.23340,8464.6,5.9495,0,1.000000e-04
46325,gan,7.67005,1.59454,0.24529,0.52851,3.89303,0.97719,0.27665,0.02132,0.24520,8468.9,5.9255,0,1.000000e-04
46350,gan,8.56817,1.80606,0.28768,0.69017,4.33792,1.07945,0.30472,0.02805,0.24018,8473.2,5.9132,0,1.000000e-04
46375,gan,8.19160,1.69477,0.28678,0.32949,4.21319,1.11586,0.27159,0.01980,0.24660,8477.4,5.9760,0,1.000000e-04
46400,gan,8.44374,1.81507,0.29890,0.52130,4.30497,1.14649,0.26885,0.01980,0.23532,8481.7,5.9835,0,1.000000e-04
46425,gan,8.76277,1.89275,0.30983,0.60234,4.47113,1.15594,0.28240,0.02216,0.23972,8485.8,6.0187,0,1.000000e-04
46450,gan,8.07705,1.64894,0.26870,0.52724,4.15255,1.05264,0.28050,0.02131,0.24548,8490.1,5.9915,0,1.000000e-04
46475,gan,8.32878,1.63499,0.28688,0.54872,4.33490,1.06343,0.29646,0.02606,0.24136,8494.4,5.9412,0,1.000000e-04
46500,gan,7.73228,1.48739,0.23971,0.65352,4.08678,1.00986,0.25971,0.02009,0.24942,8498.7,5.9495,0,1.000000e-04
46525,gan,8.18169,1.79639,0.28760,0.45904,4.15447,1.06454,0.26729,0.02247,0.24061,8503.1,5.9883,0,1.000000e-04
46550,gan,8.13997,1.67593,0.26358,0.44437,4.00269,1.02075,0.33439,0.03225,0.25260,8507.4,5.9396,0,1.000000e-04
46575,gan,8.00344,1.74611,0.27256,0.46092,4.08388,1.03245,0.26149,0.02170,0.24321,8511.7,5.9478,0,1.000000e-04
46600,gan,8.38169,1.75376,0.29461,0.57813,4.25247,1.11805,0.28697,0.02223,0.24896,8515.9,5.9911,0,1.000000e-04
46625,gan,7.36920,1.54216,0.22557,0.50817,3.87844,0.86590,0.24739,0.01977,0.23830,8520.1,5.9788,0,1.000000e-04
46650,gan,8.63062,2.10128,0.32948,0.50778,4.19092,1.26181,0.24236,0.02344,0.23862,8524.4,6.0001,0,1.000000e-04
46675,gan,8.23486,1.81084,0.25444,0.50446,4.25094,1.10764,0.24157,0.02327,0.24957,8528.7,5.9346,0,1.000000e-04
46700,gan,8.20582,1.62626,0.28058,0.59867,4.26329,1.10659,0.27546,0.01989,0.25419,8532.9,5.9889,0,1.000000e-04
46725,gan,7.76567,1.46712,0.26224,0.48702,4.21454,0.98905,0.25028,0.01891,0.24284,8537.1,5.9813,0,1.000000e-04
46750,gan,9.20596,1.98563,0.31519,0.61113,4.70381,1.31204,0.27208,0.02354,0.24287,8541.3,6.0316,0,1.000000e-04
46775,gan,8.06740,1.80295,0.27484,0.50767,4.05467,1.02186,0.27183,0.02234,0.23634,8545.5,6.0302,0,1.000000e-04
46800,gan,8.87391,2.06265,0.34728,0.44334,4.43748,1.27333,0.24960,0.02298,0.23307,8549.7,6.0180,0,1.000000e-04
46825,gan,8.82268,1.95793,0.31135,0.38556,4.41998,1.24628,0.27605,0.02461,0.24313,8554.0,5.9754,0,1.000000e-04
46850,gan,8.36599,1.64612,0.30506,0.50920,4.40294,1.12556,0.27189,0.02239,0.23322,8558.3,5.9488,0,1.000000e-04
46875,gan,8.34024,1.79897,0.28857,0.41608,4.33331,1.12708,0.24726,0.02137,0.23660,8563.5,5.9075,0,1.000000e-04
46900,gan,9.23371,2.17271,0.35823,0.55114,4.55058,1.40446,0.24749,0.02505,0.23902,8567.8,5.8924,0,1.000000e-04
46925,gan,8.39310,1.77442,0.29179,0.50747,4.43174,1.03352,0.26305,0.02130,0.24514,8572.1,5.9184,0,1.000000e-04
46950,gan,8.69513,1.89828,0.30344,0.55266,4.27056,1.15744,0.31357,0.02897,0.23905,8576.4,5.9180,0,1.000000e-04
46975,gan,8.04647,1.68769,0.27553,0.57390,4.15436,1.04548,0.26275,0.02301,0.23680,8580.7,5.8737,0,1.000000e-04
47000,gan,8.98116,1.96905,0.33501,0.69241,4.51088,1.22055,0.28799,0.02598,0.23693,8585.1,5.8718,0,1.000000e-04
47025,gan,7.67637,1.56039,0.23215,0.47665,3.98156,0.96707,0.26907,0.02018,0.23908,8589.6,5.8377,0,1.000000e-04
47050,gan,8.17057,1.69707,0.29337,0.44102,4.16015,1.14383,0.26915,0.01949,0.24956,8593.9,5.8569,0,1.000000e-04
47075,gan,8.39867,1.69485,0.26772,0.41002,4.47275,1.13762,0.25028,0.02455,0.24865,8598.2,5.8995,0,1.000000e-04
47100,gan,9.17005,2.14119,0.35917,0.41833,4.47053,1.23290,0.30529,0.02651,0.23268,8602.5,5.8764,0,1.000000e-04
47125,gan,8.01365,1.79958,0.25347,0.49407,4.02223,1.04090,0.26377,0.02112,0.23558,8606.7,5.9251,0,1.000000e-04
47150,gan,7.97549,1.76958,0.27748,0.60878,4.10695,1.02094,0.24177,0.02232,0.24929,8611.0,5.9264,0,1.000000e-04
47175,gan,8.89674,1.86885,0.32579,0.58347,4.57617,1.21184,0.28112,0.02447,0.23170,8615.3,5.9586,0,1.000000e-04
47200,gan,8.47307,2.06419,0.34942,0.79177,4.23937,1.13016,0.22513,0.02474,0.22796,8619.7,5.8833,0,1.000000e-04
47225,gan,7.97098,1.63006,0.29742,0.47893,4.14730,1.05923,0.25832,0.02346,0.23434,8624.0,5.8896,0,1.000000e-04
47250,gan,8.44996,1.96371,0.26761,0.36591,4.28907,1.07157,0.26025,0.02124,0.24425,8628.3,5.9089,0,1.000000e-04
47275,gan,8.76283,1.97777,0.30050,0.57288,4.54164,1.12297,0.25167,0.02642,0.23529,8632.6,5.8859,0,1.000000e-04
47300,gan,8.05911,1.64209,0.27325,0.55220,4.06398,0.99407,0.31264,0.02584,0.25399,8636.9,5.8946,0,1.000000e-04
47325,gan,7.80712,1.65505,0.25072,0.46912,4.00161,0.94776,0.27722,0.02186,0.23722,8641.2,5.8816,0,1.000000e-04
47350,gan,8.57670,1.84567,0.31042,0.38567,4.48373,1.18570,0.24225,0.02300,0.24035,8645.5,5.8878,0,1.000000e-04
47375,gan,8.59802,1.98240,0.32543,0.58669,4.35789,1.20694,0.23382,0.02429,0.23674,8649.8,5.9144,0,1.000000e-04
47400,gan,7.83935,1.55988,0.24429,0.44568,4.08555,1.03042,0.26875,0.01950,0.24543,8654.2,5.8775,0,1.000000e-04
47425,gan,8.43692,1.77487,0.31879,0.36697,4.30227,1.20029,0.26709,0.02255,0.24387,8658.5,5.8713,0,1.000000e-04
47450,gan,8.14837,1.68825,0.27102,0.35505,4.23446,1.11493,0.25619,0.02336,0.24389,8662.8,5.8936,0,1.000000e-04
47475,gan,8.67173,1.80106,0.30397,0.35618,4.46728,1.13325,0.29483,0.02481,0.23497,8667.1,5.8709,0,1.000000e-04
47500,gan,8.56455,2.05497,0.32740,0.52099,4.27466,1.09311,0.25922,0.02010,0.24225,8671.4,5.8842,0,1.000000e-04
47525,gan,8.46618,1.79064,0.26654,0.54352,4.31073,1.04079,0.30404,0.02686,0.23226,8675.8,5.9180,0,1.000000e-04
47550,gan,8.09421,1.60934,0.25509,0.34105,4.17726,0.99505,0.30634,0.02761,0.24721,8680.1,5.9418,0,1.000000e-04
47575,gan,7.38259,1.32157,0.23829,0.41188,3.95862,0.93363,0.27103,0.01963,0.24642,8684.2,6.0017,0,1.000000e-04
47600,gan,7.88520,1.59281,0.27266,0.44517,4.05194,1.02837,0.27916,0.02364,0.24539,8688.8,5.8780,0,1.000000e-04
47625,gan,8.03635,1.75947,0.27986,0.60092,4.03146,1.10788,0.25710,0.02104,0.24231,8693.0,5.9213,0,1.000000e-04
47650,gan,7.99052,1.81165,0.26411,0.44770,4.07026,1.08101,0.23321,0.02358,0.23959,8697.4,5.8988,0,1.000000e-04
47675,gan,8.47271,1.75913,0.27984,0.54702,4.32433,1.10739,0.29410,0.02277,0.24819,8701.6,5.9049,0,1.000000e-04
47700,gan,8.76495,1.91706,0.30776,0.48336,4.53979,1.11239,0.27359,0.02222,0.22675,8705.9,5.9451,0,1.000000e-04
47725,gan,8.68541,1.93645,0.30955,0.42121,4.42005,1.21984,0.25306,0.02374,0.22975,8710.2,5.9252,0,1.000000e-04
47750,gan,7.75971,1.56667,0.26653,0.39551,4.10117,1.05025,0.23793,0.02371,0.25606,8714.5,5.9092,0,1.000000e-04
47775,gan,7.91399,1.60963,0.29008,0.60344,4.10210,1.11150,0.24411,0.02495,0.24565,8718.8,5.9277,0,1.000000e-04
47800,gan,8.51425,1.93320,0.29291,0.66429,4.35296,1.10839,0.25117,0.01930,0.24292,8723.1,5.9253,0,1.000000e-04
47825,gan,8.15887,1.57895,0.26683,0.56236,4.36790,1.08853,0.25463,0.02203,0.23260,8727.4,5.9369,0,1.000000e-04
47850,gan,7.58386,1.46617,0.23231,0.60364,3.84764,0.90975,0.31250,0.02669,0.24506,8731.7,5.9237,0,1.000000e-04
47875,gan,7.82095,1.65194,0.23996,0.52245,3.98980,1.00022,0.27079,0.01958,0.24420,8735.8,5.9802,0,1.000000e-04
47900,gan,8.69892,1.89342,0.32189,0.50364,4.44021,1.17940,0.26990,0.02376,0.23350,8740.1,6.0085,0,1.000000e-04
47925,gan,8.61069,1.79862,0.32451,0.43893,4.41922,1.26011,0.25860,0.02200,0.24319,8744.3,5.9923,0,1.000000e-04
47950,gan,8.10554,1.69610,0.27556,0.40421,4.02811,1.03034,0.31343,0.02930,0.24791,8748.6,5.9832,0,1.000000e-04
47975,gan,7.88143,1.52929,0.25690,0.54100,4.15175,1.02685,0.26782,0.02247,0.23227,8752.8,5.9655,0,1.000000e-04
48000,gan,9.00100,2.20839,0.33788,0.56472,4.51445,1.11466,0.26214,0.02468,0.24130,8757.1,5.9419,0,1.000000e-04
48025,gan,7.91108,1.59127,0.28972,0.42106,4.18285,1.07658,0.24185,0.02189,0.24540,8774.5,5.9588,0,1.000000e-04
48050,gan,7.48532,1.56502,0.23628,0.49871,3.93774,0.96208,0.22982,0.02769,0.24416,8778.7,5.9581,0,1.000000e-04
48075,gan,8.78636,1.90807,0.32420,0.57650,4.48902,1.22204,0.26313,0.02463,0.23523,8783.0,5.9491,0,1.000000e-04
48100,gan,8.68423,1.83830,0.29602,0.69832,4.40421,1.15008,0.29186,0.02477,0.24773,8787.4,5.9244,0,1.000000e-04
48125,gan,8.14001,1.69306,0.28165,0.63133,4.12709,1.05800,0.28688,0.02305,0.23995,8791.8,5.8964,0,1.000000e-04
48150,gan,8.05896,1.56629,0.24899,0.46585,4.25264,0.99546,0.28737,0.02362,0.23944,8796.0,5.9219,0,1.000000e-04
48175,gan,7.94399,1.72570,0.25869,0.52687,4.01446,0.97247,0.28293,0.02110,0.25176,8800.4,5.8937,0,1.000000e-04
48200,gan,8.26124,1.70439,0.28558,0.50568,4.25399,1.10041,0.27524,0.02237,0.24090,8804.7,5.8917,0,1.000000e-04
48225,gan,8.49113,1.85455,0.32336,0.49334,4.29918,1.16275,0.26717,0.02430,0.23700,8809.2,5.8091,0,1.000000e-04
48250,gan,8.50017,1.82420,0.31119,0.64957,4.35005,1.11278,0.27374,0.02212,0.23312,8813.6,5.8311,0,1.000000e-04
48275,gan,9.14890,2.13625,0.36977,0.79022,4.49414,1.27724,0.27466,0.02661,0.22778,8817.9,5.8622,0,1.000000e-04
48300,gan,8.03876,1.67555,0.25964,0.39456,4.28989,0.99860,0.24650,0.02330,0.24110,8822.3,5.8235,0,1.000000e-04
48325,gan,8.52792,1.78145,0.29768,0.61252,4.47374,1.17853,0.24531,0.02194,0.23743,8826.5,5.8744,0,1.000000e-04
48350,gan,8.22476,1.79735,0.26409,0.39834,4.14244,1.05350,0.28548,0.02332,0.24324,8830.9,5.8722,0,1.000000e-04
48375,gan,8.56598,1.83564,0.28915,0.57278,4.29305,1.10609,0.30450,0.02702,0.24803,8835.2,5.8742,0,1.000000e-04
48400,gan,9.11366,2.06650,0.33083,0.63894,4.50385,1.23704,0.29569,0.02652,0.24536,8839.5,5.9005,0,1.000000e-04
48425,gan,7.77689,1.71817,0.28278,0.50380,3.97484,0.98360,0.24995,0.02184,0.24630,8843.8,5.8954,0,1.000000e-04
48450,gan,7.88950,1.54643,0.25210,0.45127,4.19637,1.03028,0.25654,0.01994,0.24251,8848.1,5.8869,0,1.000000e-04
48475,gan,7.95327,1.77429,0.25503,0.49589,4.07358,1.03120,0.24478,0.01999,0.24811,8852.4,5.8895,0,1.000000e-04
48500,gan,8.25360,1.67926,0.31189,0.52972,4.24415,1.11355,0.27762,0.02199,0.23344,8856.7,5.9203,0,1.000000e-04
48525,gan,8.57001,1.93114,0.28916,0.49390,4.15088,1.09730,0.32034,0.03104,0.24025,8861.0,5.9478,0,1.000000e-04
48550,gan,8.47656,1.86480,0.31371,0.48560,4.36624,1.09809,0.26185,0.02007,0.24347,8865.3,5.9417,0,1.000000e-04
48575,gan,8.40005,1.84538,0.31401,0.47113,4.30054,1.13866,0.25319,0.02421,0.23635,8869.7,5.8951,0,1.000000e-04
48600,gan,7.33048,1.35169,0.22284,0.52366,3.93346,0.97192,0.24391,0.02312,0.23938,8873.9,5.9241,0,1.000000e-04
48625,gan,8.80150,2.00511,0.33098,0.52981,4.46519,1.19849,0.25523,0.02572,0.22378,8878.2,5.9219,0,1.000000e-04
48650,gan,8.32955,1.82421,0.30160,0.55666,4.22753,1.15019,0.25477,0.02273,0.23788,8882.6,5.8805,0,1.000000e-04
48675,gan,9.01219,1.90919,0.33385,0.54504,4.57690,1.27803,0.28385,0.02480,0.24154,8887.0,5.8702,0,1.000000e-04
48700,gan,8.70663,1.83750,0.31946,0.58561,4.57113,1.15897,0.25582,0.02524,0.23635,8891.3,5.8758,0,1.000000e-04
48725,gan,8.50983,1.77603,0.29687,0.41131,4.45596,1.16695,0.25413,0.02356,0.23412,8895.6,5.8911,0,1.000000e-04
48750,gan,7.45652,1.42589,0.23950,0.46245,4.02217,0.92603,0.24791,0.02058,0.24224,8899.9,5.8977,0,1.000000e-04
48775,gan,7.87110,1.56395,0.24918,0.50689,3.99814,1.01320,0.29862,0.02574,0.24704,8904.2,5.9120,0,1.000000e-04
48800,gan,7.64784,1.58348,0.22975,0.35559,3.99898,0.96521,0.25540,0.02004,0.24991,8908.5,5.8850,0,1.000000e-04
48825,gan,8.43371,1.81732,0.32176,0.56233,4.37020,1.09674,0.26003,0.02091,0.23974,8912.8,5.9204,0,1.000000e-04
48850,gan,8.28873,1.86484,0.30474,0.61185,4.14788,1.13523,0.25656,0.02289,0.23638,8917.2,5.8491,0,1.000000e-04
48875,gan,8.02874,1.63043,0.26675,0.47581,4.14799,0.99553,0.28936,0.02309,0.23840,8921.5,5.8792,0,1.000000e-04
48900,gan,8.54513,1.80488,0.28902,0.49178,4.43869,1.16846,0.25835,0.02165,0.24322,8925.9,5.8587,0,1.000000e-04
48925,gan,7.88389,1.64019,0.28038,0.48569,4.06522,0.99915,0.27017,0.02204,0.24256,8930.2,5.8476,0,1.000000e-04
48950,gan,8.70820,1.83009,0.30922,0.56793,4.62039,1.20625,0.23527,0.02268,0.24627,8934.6,5.8516,0,1.000000e-04
48975,gan,8.68868,1.71021,0.28348,0.42280,4.62793,1.21345,0.26063,0.02394,0.23597,8938.9,5.8712,0,1.000000e-04
49000,gan,8.00097,1.66434,0.26286,0.59187,4.18134,1.06209,0.24673,0.02083,0.24406,8943.2,5.8872,0,1.000000e-04
49025,gan,8.96044,2.00705,0.34429,0.52389,4.52605,1.28875,0.25698,0.02387,0.23242,8947.7,5.8945,0,1.000000e-04
49050,gan,8.12531,1.82335,0.28641,0.42573,4.16844,1.11670,0.22989,0.02606,0.23976,8952.1,5.8495,0,1.000000e-04
49075,gan,8.45870,1.77473,0.31434,0.42975,4.23565,1.12554,0.30532,0.02710,0.24638,8956.4,5.8840,0,1.000000e-04
49100,gan,8.29568,1.82753,0.30912,0.76130,4.20411,1.09262,0.26051,0.02232,0.24218,8960.7,5.8537,0,1.000000e-04
49125,gan,7.92064,1.54060,0.25687,0.49652,4.09282,1.00877,0.29469,0.02436,0.23738,8965.1,5.8581,0,1.000000e-04
49150,gan,8.18939,1.78244,0.27601,0.51657,4.12721,1.03693,0.28488,0.02404,0.24026,8969.4,5.8578,0,1.000000e-04
49175,gan,8.68468,2.02603,0.32506,0.51486,4.41265,1.08768,0.26313,0.02182,0.23833,8973.7,5.8930,0,1.000000e-04
49200,gan,8.98510,2.00067,0.34271,0.51526,4.56350,1.26112,0.26320,0.02120,0.24818,8978.1,5.8707,0,1.000000e-04
49225,gan,7.73247,1.58181,0.23418,0.45293,4.04898,0.96928,0.26085,0.02031,0.24695,8982.4,5.8751,0,1.000000e-04
49250,gan,8.43376,1.69768,0.29573,0.37300,4.42507,1.19564,0.25674,0.02155,0.23873,8986.6,5.9239,0,1.000000e-04
49275,gan,8.17820,1.64818,0.28745,0.59953,4.30039,1.04369,0.26896,0.02140,0.23925,8990.9,5.9254,0,1.000000e-04
49300,gan,7.95351,1.59781,0.27958,0.63730,4.19147,1.07169,0.24452,0.02278,0.24491,8995.2,5.9476,0,1.000000e-04
49325,gan,8.89499,1.82362,0.32918,0.50442,4.67750,1.19849,0.27248,0.02209,0.23176,8999.5,5.9655,0,1.000000e-04
49350,gan,8.01023,1.64807,0.24502,0.55457,4.01453,0.96808,0.31798,0.02770,0.24303,9003.9,5.8812,0,1.000000e-04
49375,gan,8.64278,1.96606,0.34596,0.42737,4.19625,1.17174,0.30155,0.02519,0.24416,9008.1,5.9151,0,1.000000e-04
49400,gan,9.40875,1.96895,0.35361,0.59241,4.87673,1.30752,0.28406,0.02471,0.23963,9012.3,5.9629,0,1.000000e-04
49425,gan,8.19194,1.62180,0.26615,0.45690,4.20333,1.08728,0.29525,0.02621,0.23389,9016.6,6.0019,0,1.000000e-04
49450,gan,8.11097,1.66796,0.29673,0.47669,4.14561,1.02968,0.29195,0.02258,0.24277,9020.9,5.9685,0,1.000000e-04
49475,gan,8.27942,1.75563,0.29060,0.41962,4.24291,1.11728,0.26791,0.02093,0.23979,9025.1,5.9997,0,1.000000e-04
49500,gan,8.67834,1.90045,0.31771,0.49151,4.44176,1.10237,0.28236,0.02342,0.24269,9029.3,5.9965,0,1.000000e-04
49525,gan,8.39525,1.85258,0.29002,0.66601,4.21673,1.11345,0.27406,0.02063,0.24399,9033.7,5.9937,0,1.000000e-04
49550,gan,8.28709,1.64651,0.29244,0.48469,4.32296,1.17438,0.26069,0.02275,0.23986,9038.0,5.9661,0,1.000000e-04
49575,gan,8.26031,1.69206,0.29180,0.48961,4.19139,1.03801,0.30831,0.02746,0.24519,9042.3,5.9665,0,1.000000e-04
49600,gan,7.69650,1.55421,0.24342,0.38072,4.06880,1.02127,0.24226,0.02078,0.24589,9046.5,5.9634,0,1.000000e-04
49625,gan,8.17216,1.83879,0.28793,0.53202,4.14083,1.05778,0.25710,0.02435,0.24336,9050.7,5.9870,0,1.000000e-04
49650,gan,8.27958,1.66453,0.27079,0.55570,4.34812,1.05675,0.27660,0.02110,0.24516,9055.0,5.9658,0,1.000000e-04
49675,gan,8.23567,1.78980,0.26356,0.41629,4.10696,0.99623,0.31134,0.02935,0.24224,9059.3,5.9506,0,1.000000e-04
49700,gan,7.91540,1.56368,0.25339,0.64204,4.07982,1.05288,0.27671,0.02263,0.23796,9063.6,5.9506,0,1.000000e-04
49725,gan,8.60906,1.80699,0.29883,0.62736,4.35688,1.13975,0.29684,0.02544,0.23959,9067.8,5.9748,0,1.000000e-04
49750,gan,8.17457,1.71919,0.27112,0.53383,4.25029,0.98918,0.27803,0.02329,0.22987,9072.0,5.9848,0,1.000000e-04
49775,gan,7.92826,1.58792,0.25599,0.50843,4.08300,1.03478,0.28059,0.02374,0.24075,9076.3,5.9730,0,1.000000e-04
49800,gan,8.24386,1.68244,0.27618,0.52624,4.28943,1.06890,0.27532,0.02156,0.24912,9080.6,5.9433,0,1.000000e-04
49825,gan,8.14526,1.69378,0.25919,0.38361,4.15139,1.09662,0.27912,0.02270,0.24468,9084.9,5.9189,0,1.000000e-04
49850,gan,8.57153,1.88959,0.28524,0.37775,4.47048,1.17220,0.23812,0.02048,0.23910,9089.1,5.9531,0,1.000000e-04
49875,gan,8.47470,1.77544,0.32091,0.61073,4.35680,1.18351,0.26086,0.02234,0.22782,9093.4,5.9493,0,1.000000e-04
49900,gan,7.70762,1.69666,0.27024,0.53245,3.90427,1.03933,0.24083,0.02377,0.24283,9097.7,5.9571,0,1.000000e-04
49925,gan,8.28288,1.65486,0.26920,0.55759,4.33936,1.08882,0.27375,0.02215,0.24354,9101.9,5.9638,0,1.000000e-04
49950,gan,8.36593,1.77075,0.26495,0.57367,4.19772,1.07472,0.30265,0.02827,0.24761,9106.2,5.9661,0,1.000000e-04
49975,gan,8.95163,2.14578,0.33112,0.47205,4.36717,1.29251,0.26118,0.02116,0.24025,9110.4,5.9767,0,1.000000e-04
50000,gan,7.99975,1.70036,0.27953,0.50262,4.12903,1.05488,0.25421,0.02042,0.24403,9114.8,5.9372,0,1.000000e-04
50025,gan,7.86785,1.53874,0.25293,0.56587,4.09049,1.02704,0.27655,0.02350,0.23708,9132.4,5.9615,0,1.000000e-04
50050,gan,7.59746,1.47555,0.23702,0.36754,3.95920,0.91567,0.29097,0.02269,0.24972,9136.7,5.9177,0,1.000000e-04
50075,gan,8.94302,2.06956,0.33939,0.51918,4.51682,1.24498,0.25081,0.02258,0.24701,9141.0,5.9260,0,1.000000e-04
50100,gan,7.61943,1.44727,0.23898,0.52865,3.91960,0.90879,0.30962,0.02853,0.24127,9145.3,5.9325,0,1.000000e-04
50125,gan,9.15556,2.04670,0.35801,0.56135,4.66711,1.36465,0.23993,0.02544,0.23377,9149.7,5.8683,0,1.000000e-04
50150,gan,7.79100,1.71011,0.25113,0.48756,3.99291,0.92546,0.26699,0.02070,0.24545,9153.9,5.9218,0,1.000000e-04
50175,gan,9.10312,1.82257,0.33446,0.58874,4.65876,1.24470,0.31435,0.02737,0.24818,9158.2,5.9173,0,1.000000e-04
50200,gan,8.03173,1.68923,0.29584,0.36395,4.06133,1.06164,0.28272,0.02265,0.24727,9162.5,5.8954,0,1.000000e-04
50225,gan,7.29956,1.44937,0.22741,0.68397,3.81463,0.90407,0.25464,0.02178,0.24849,9166.8,5.9391,0,1.000000e-04
50250,gan,8.09467,1.76741,0.28945,0.36619,4.16548,1.13164,0.23464,0.02601,0.23836,9171.1,5.9209,0,1.000000e-04
50275,gan,8.33169,1.80139,0.29832,0.46486,4.12985,1.07780,0.30401,0.03028,0.24621,9175.3,5.9535,0,1.000000e-04
50300,gan,7.93342,1.62062,0.25644,0.36884,4.13250,0.99147,0.27657,0.02000,0.24251,9179.5,5.9915,0,1.000000e-04
50325,gan,7.92774,1.68019,0.26533,0.34307,4.03377,0.95882,0.29263,0.02361,0.24375,9183.9,5.9190,0,1.000000e-04
50350,gan,8.10010,1.56585,0.27599,0.49701,4.20907,1.04277,0.29491,0.02549,0.23295,9188.2,5.8985,0,1.000000e-04
50375,gan,7.40144,1.54805,0.23203,0.65410,3.75999,0.86929,0.27863,0.02097,0.24635,9192.3,5.9949,0,1.000000e-04
50400,gan,7.72903,1.73184,0.26382,0.47046,3.99516,0.95583,0.23675,0.02579,0.22873,9196.6,5.9669,0,1.000000e-04
50425,gan,8.13004,1.54523,0.26354,0.91164,4.35882,1.08875,0.24992,0.02007,0.24261,9200.9,5.9718,0,1.000000e-04
50450,gan,8.14215,1.63031,0.26334,0.44552,4.28088,1.03504,0.27580,0.02183,0.24244,9205.1,5.9955,0,1.000000e-04
50475,gan,8.57723,1.75584,0.29643,0.50238,4.33305,1.16204,0.30457,0.02815,0.23741,9209.3,6.0532,0,1.000000e-04
50500,gan,8.21597,1.86933,0.31383,0.46039,4.16062,1.07498,0.25272,0.02272,0.24269,9213.6,5.9683,0,1.000000e-04
50525,gan,8.05427,1.86904,0.30774,0.42312,4.00749,1.06769,0.25351,0.02294,0.24954,9218.0,5.9800,0,1.000000e-04
50550,gan,8.38906,1.77369,0.29158,0.74838,4.31158,1.10505,0.26779,0.02361,0.23406,9222.3,5.9613,0,1.000000e-04
50575,gan,9.03072,2.01219,0.30810,0.57413,4.55766,1.18864,0.28924,0.02703,0.23176,9226.7,5.8941,0,1.000000e-04
50600,gan,8.14913,1.72307,0.29136,0.71472,4.08742,1.13346,0.27140,0.01895,0.24032,9231.1,5.8838,0,1.000000e-04
50625,gan,7.87214,1.57951,0.26055,0.35766,3.97501,1.02930,0.30017,0.02582,0.24024,9235.2,5.9936,0,1.000000e-04
50650,gan,8.67219,1.84102,0.29707,0.37732,4.55665,1.11628,0.26680,0.02361,0.24826,9239.6,5.9343,0,1.000000e-04
50675,gan,8.78772,1.84230,0.32374,0.57759,4.46462,1.19337,0.29298,0.02540,0.23348,9243.9,5.8799,0,1.000000e-04
50700,gan,7.64032,1.56285,0.26916,0.44773,4.08015,1.01078,0.22217,0.02617,0.24536,9248.2,5.9439,0,1.000000e-04
50725,gan,8.21710,1.88262,0.28534,0.41979,4.23887,1.05191,0.23772,0.02231,0.23940,9252.5,5.9308,0,1.000000e-04
50750,gan,8.00785,1.59808,0.26027,0.43175,4.14796,0.95240,0.30378,0.02508,0.23865,9256.8,5.8814,0,1.000000e-04
50775,gan,8.12228,1.61886,0.26531,0.51001,4.23077,1.01195,0.28966,0.02454,0.23630,9261.1,5.8833,0,1.000000e-04
50800,gan,8.84044,1.84212,0.29757,0.59562,4.59208,1.22932,0.26637,0.02211,0.23237,9265.5,5.8769,0,1.000000e-04
50825,gan,8.09884,1.67592,0.26030,0.64714,4.04281,1.02830,0.30847,0.02720,0.25669,9269.8,5.8646,0,1.000000e-04
50850,gan,8.49261,1.92494,0.31248,0.71637,4.21460,1.09947,0.28178,0.02359,0.24465,9274.1,5.8656,0,1.000000e-04
50875,gan,7.86272,1.58955,0.27118,0.47052,4.04303,0.99167,0.28499,0.02435,0.23857,9278.5,5.8730,0,1.000000e-04
50900,gan,8.14691,1.67458,0.27978,0.53740,4.21174,1.09342,0.26544,0.02368,0.24708,9282.8,5.8380,0,1.000000e-04
50925,gan,8.31991,1.86986,0.31036,0.47691,4.07282,1.06787,0.30118,0.02592,0.24326,9287.2,5.8630,0,1.000000e-04
50950,gan,7.74175,1.51799,0.24286,0.57634,4.07706,1.01160,0.25868,0.01844,0.24834,9291.4,5.9104,0,1.000000e-04
50975,gan,7.61253,1.48664,0.23658,0.43513,4.02666,0.91535,0.27388,0.02118,0.24387,9295.8,5.8599,0,1.000000e-04
51000,gan,7.75893,1.73786,0.27417,0.51520,3.92723,1.01971,0.24241,0.02555,0.25071,9300.1,5.8549,0,1.000000e-04
51025,gan,8.23757,1.94821,0.28943,0.49145,4.04310,1.08575,0.26454,0.02424,0.23586,9304.6,5.8582,0,1.000000e-04
51050,gan,8.95093,2.01928,0.33700,0.50829,4.58772,1.17611,0.26474,0.02432,0.23983,9308.9,5.8736,0,1.000000e-04
51075,gan,8.50984,1.82316,0.30116,0.55089,4.32793,1.08821,0.28969,0.02657,0.22466,9313.2,5.9118,0,1.000000e-04
51100,gan,7.93704,1.64938,0.24469,0.44471,3.96602,0.98041,0.31118,0.02758,0.25220,9317.4,5.9558,0,1.000000e-04
51125,gan,7.97290,1.49871,0.26593,0.44462,4.20087,1.10744,0.26893,0.01910,0.24633,9321.6,6.0036,0,1.000000e-04
51150,gan,8.71928,1.71925,0.30595,0.37140,4.60451,1.19140,0.27853,0.02227,0.24007,9325.9,5.9303,0,1.000000e-04
51175,gan,8.02207,1.61431,0.28724,0.37769,4.11182,1.01995,0.29584,0.02615,0.23709,9330.3,5.8922,0,1.000000e-04
51200,gan,8.32989,1.62850,0.28033,0.51030,4.37326,1.05961,0.29101,0.02541,0.24259,9334.6,5.8940,0,1.000000e-04
51225,gan,7.73526,1.56123,0.24504,0.48593,4.05022,1.02042,0.25232,0.02100,0.24415,9338.9,5.8719,0,1.000000e-04
51250,gan,7.08274,1.40592,0.21973,0.47011,3.56900,0.83654,0.29525,0.02130,0.24505,9343.3,5.8439,0,1.000000e-04
51275,gan,7.80527,1.63980,0.28100,0.46627,4.15236,1.01063,0.22616,0.02313,0.24442,9347.6,5.8713,0,1.000000e-04
51300,gan,8.29610,1.70730,0.29679,0.40222,4.27811,1.09620,0.28097,0.02072,0.24768,9352.0,5.8417,0,1.000000e-04
51325,gan,8.26914,1.80669,0.29630,0.35464,4.16768,1.10000,0.27697,0.02181,0.24183,9356.3,5.8570,0,1.000000e-04
51350,gan,9.24356,2.07270,0.33267,0.52801,4.54760,1.30766,0.30027,0.02847,0.23344,9360.7,5.8525,0,1.000000e-04
51375,gan,8.41206,1.88681,0.29795,0.59809,4.23411,1.10801,0.26801,0.02149,0.23728,9365.0,5.8780,0,1.000000e-04
51400,gan,8.69751,1.92866,0.33273,0.72624,4.45704,1.19695,0.24606,0.02471,0.22976,9369.3,5.8742,0,1.000000e-04
51425,gan,8.48955,1.79612,0.29016,0.50028,4.36677,1.18270,0.26090,0.02134,0.24435,9373.6,5.8706,0,1.000000e-04
51450,gan,8.87742,1.78654,0.32200,0.59720,4.54880,1.22690,0.29952,0.02517,0.24191,9378.0,5.8597,0,1.000000e-04
51475,gan,8.60330,1.79641,0.31301,0.61927,4.47075,1.10949,0.27771,0.02257,0.24317,9382.3,5.8712,0,1.000000e-04
51500,gan,8.45817,1.76751,0.29808,0.45025,4.29808,1.17359,0.28046,0.02231,0.23730,9386.6,5.8832,0,1.000000e-04
51525,gan,8.37464,1.72030,0.24824,0.42636,4.29208,1.01654,0.31283,0.02693,0.24848,9391.1,5.8698,0,1.000000e-04
51550,gan,7.97480,1.51303,0.24501,0.58756,4.15459,1.01106,0.29680,0.02566,0.24021,9395.4,5.8586,0,1.000000e-04
51575,gan,8.01940,1.61274,0.25689,0.53545,4.04426,0.96058,0.32229,0.03344,0.23442,9399.8,5.8678,0,1.000000e-04
51600,gan,8.14785,1.52175,0.25853,0.60235,4.38561,1.06210,0.26765,0.02168,0.23936,9404.3,5.7944,0,1.000000e-04
51625,gan,7.85077,1.66381,0.26376,0.49057,4.10776,1.05152,0.23173,0.02531,0.24793,9408.6,5.8238,0,1.000000e-04
51650,gan,8.74727,1.93122,0.27677,0.43560,4.37791,1.20457,0.28522,0.02145,0.24923,9412.9,5.8413,0,1.000000e-04
51675,gan,7.72077,1.55824,0.24718,0.56880,3.93303,1.02788,0.27477,0.02093,0.24673,9417.1,5.9040,0,1.000000e-04
51700,gan,8.32993,1.78397,0.30419,0.47947,4.19795,1.08327,0.29039,0.02479,0.23947,9421.5,5.8808,0,1.000000e-04
51725,gan,9.25343,2.18565,0.40918,0.47927,4.47316,1.41707,0.26643,0.02299,0.23451,9425.7,5.9656,0,1.000000e-04
51750,gan,8.28776,1.89755,0.28295,0.45308,4.19078,1.09506,0.25171,0.02393,0.23672,9430.1,5.8800,0,1.000000e-04
51775,gan,7.95303,1.69623,0.26107,0.54949,4.06209,1.00444,0.27155,0.02303,0.23548,9434.3,5.9261,0,1.000000e-04
51800,gan,8.31914,1.79502,0.29733,0.44166,4.24566,1.15095,0.25796,0.02179,0.23968,9438.8,5.8402,0,1.000000e-04
51825,gan,8.22099,1.81971,0.29137,0.45207,4.18248,1.02454,0.27420,0.02310,0.24001,9443.2,5.8206,0,1.000000e-04
51850,gan,8.47093,1.78834,0.28174,0.50897,4.34441,1.18376,0.26331,0.02212,0.23898,9447.5,5.8727,0,1.000000e-04
51875,gan,7.91993,1.65615,0.25400,0.52503,4.00382,1.00474,0.28827,0.02423,0.23604,9451.8,5.8768,0,1.000000e-04
51900,gan,9.59159,2.14782,0.39457,0.47205,4.87486,1.38277,0.26917,0.02280,0.23439,9456.1,5.9074,0,1.000000e-04
51925,gan,8.17228,1.76742,0.30088,0.47523,4.13154,1.15342,0.25507,0.02200,0.23943,9460.3,5.9215,0,1.000000e-04
51950,gan,7.70520,1.53020,0.25712,0.39913,4.06546,0.97968,0.26098,0.02031,0.24860,9464.7,5.8691,0,1.000000e-04
51975,gan,7.88598,1.59443,0.25233,0.35402,4.07227,1.01002,0.28136,0.02319,0.24009,9469.0,5.8933,0,1.000000e-04
52000,gan,8.53876,1.82780,0.30756,0.44616,4.44320,1.15016,0.25419,0.02545,0.23913,9473.3,5.8956,0,1.000000e-04
52025,gan,8.82021,1.85540,0.30970,0.44330,4.51824,1.17846,0.29145,0.02701,0.23816,9490.8,5.8626,0,1.000000e-04
52050,gan,8.05359,1.67967,0.27807,0.49435,4.12856,1.09789,0.26246,0.02038,0.24603,9495.1,5.8849,0,1.000000e-04
52075,gan,7.79158,1.61640,0.25815,0.63457,4.06497,1.02144,0.24467,0.02084,0.23910,9499.4,5.8978,0,1.000000e-04
52100,gan,8.40479,1.79663,0.30905,0.51665,4.31284,1.13187,0.26497,0.02101,0.24618,9503.8,5.9010,0,1.000000e-04
52125,gan,8.20330,1.80473,0.29178,0.44422,4.16816,1.11811,0.25427,0.02164,0.24280,9508.0,5.9447,0,1.000000e-04
52150,gan,7.58385,1.47895,0.24223,0.49254,4.01337,0.97479,0.25431,0.02601,0.23879,9512.3,5.9372,0,1.000000e-04
52175,gan,8.48562,1.89498,0.28158,0.61891,4.25075,1.15397,0.26830,0.02267,0.23534,9516.6,5.9317,0,1.000000e-04
52200,gan,7.68582,1.63743,0.25906,0.33369,3.95694,0.94180,0.26691,0.02275,0.24732,9520.9,5.9449,0,1.000000e-04
52225,gan,8.60853,1.74389,0.31209,0.59544,4.33311,1.20540,0.30219,0.02661,0.23619,9525.2,5.9015,0,1.000000e-04
52250,gan,8.05605,1.73947,0.24901,0.44124,4.02398,1.05617,0.28646,0.02159,0.24822,9529.4,5.9671,0,1.000000e-04
52275,gan,8.12612,1.50636,0.25460,0.51828,4.34185,1.04700,0.28276,0.02260,0.24809,9533.7,5.9909,0,1.000000e-04
52300,gan,7.69389,1.62061,0.24644,0.54094,3.95801,0.95768,0.26398,0.02293,0.24214,9537.9,5.9942,0,1.000000e-04
52325,gan,8.08997,1.60050,0.27526,0.53244,4.24119,1.04162,0.27555,0.02368,0.23151,9542.1,6.0051,0,1.000000e-04
52350,gan,9.10865,2.16219,0.34659,0.50209,4.46341,1.23564,0.28451,0.02449,0.23782,9546.4,5.9597,0,1.000000e-04
52375,gan,8.48155,1.94038,0.28319,0.65545,4.30560,1.07285,0.26268,0.01814,0.25725,9550.6,5.9950,0,1.000000e-04
52400,gan,8.28111,1.69101,0.27836,0.52326,4.24740,1.08264,0.28955,0.02170,0.24594,9554.8,6.0446,0,1.000000e-04
52425,gan,8.82279,1.86895,0.35228,0.56016,4.56200,1.20413,0.26862,0.02200,0.24797,9559.1,5.9965,0,1.000000e-04
52450,gan,8.64751,1.84677,0.31454,0.54001,4.36872,1.15615,0.29078,0.02732,0.23386,9563.2,6.0292,0,1.000000e-04
52475,gan,8.11290,1.71617,0.24879,0.48096,4.11913,1.00569,0.29298,0.02703,0.22916,9567.5,5.9948,0,1.000000e-04
52500,gan,8.42036,1.73317,0.30223,0.47771,4.32459,1.16490,0.27428,0.02258,0.23967,9571.8,5.9911,0,1.000000e-04
52525,gan,8.57653,1.84946,0.31472,0.71034,4.47410,1.16317,0.24118,0.02259,0.24286,9576.2,5.9615,0,1.000000e-04
52550,gan,7.94379,1.57959,0.26732,0.67489,4.14961,0.95805,0.28495,0.02253,0.23823,9580.5,5.9412,0,1.000000e-04
52575,gan,8.91479,1.80322,0.35493,0.50319,4.66479,1.37179,0.24192,0.02149,0.24843,9584.8,5.9359,0,1.000000e-04
52600,gan,9.27258,2.11206,0.34771,0.46642,4.71520,1.36068,0.24426,0.02619,0.22647,9589.0,5.9737,0,1.000000e-04
52625,gan,8.51404,1.70293,0.30574,0.39993,4.43009,1.15958,0.28177,0.02379,0.23286,9593.3,5.9451,0,1.000000e-04
52650,gan,8.25167,1.74275,0.31129,0.43352,4.38365,1.12170,0.22626,0.02405,0.23731,9597.6,5.9542,0,1.000000e-04
52675,gan,8.22761,1.64425,0.29807,0.51531,4.44355,1.03935,0.24934,0.02174,0.24739,9601.8,5.9681,0,1.000000e-04
52700,gan,8.24626,1.71416,0.30442,0.43116,4.24971,1.06993,0.27885,0.02349,0.23676,9606.2,5.9154,0,1.000000e-04
52725,gan,8.12160,1.77143,0.29050,0.50678,4.23239,1.03824,0.24421,0.02298,0.24413,9610.4,5.9714,0,1.000000e-04
52750,gan,8.12554,1.80418,0.29657,0.57107,4.18619,1.11413,0.22756,0.02403,0.24354,9614.6,6.0081,0,1.000000e-04
52775,gan,7.52156,1.52773,0.22475,0.44439,3.92452,0.89500,0.27205,0.01918,0.25304,9618.9,5.9364,0,1.000000e-04
52800,gan,8.24394,1.78311,0.27676,0.47999,4.29482,1.11130,0.23901,0.02300,0.24207,9623.2,5.9540,0,1.000000e-04
52825,gan,7.94585,1.69734,0.25009,0.71622,4.12997,0.92238,0.26987,0.02006,0.24764,9627.5,5.9178,0,1.000000e-04
52850,gan,7.71243,1.63773,0.25272,0.54846,4.02065,0.94617,0.25248,0.01785,0.24347,9631.8,5.8922,0,1.000000e-04
52875,gan,8.00836,1.73644,0.30745,0.36369,4.17557,1.08632,0.22928,0.02580,0.24353,9636.1,5.9394,0,1.000000e-04
52900,gan,8.35493,1.74892,0.29959,0.48450,4.39587,1.14409,0.24117,0.02296,0.24455,9640.3,5.9386,0,1.000000e-04
52925,gan,8.14799,1.69091,0.28266,0.58371,4.33186,1.01139,0.25127,0.02209,0.24948,9644.6,5.9643,0,1.000000e-04
52950,gan,8.38682,1.70933,0.30237,0.48739,4.52608,1.08852,0.24032,0.02262,0.24589,9648.9,5.9332,0,1.000000e-04
52975,gan,8.74961,1.86975,0.30908,0.71576,4.49858,1.17658,0.26986,0.02276,0.23850,9653.1,6.0029,0,1.000000e-04
53000,gan,8.29869,1.68490,0.28378,0.52119,4.10344,1.10504,0.32375,0.02981,0.24921,9657.4,5.9257,0,1.000000e-04
53025,gan,8.69054,1.78886,0.30993,0.45467,4.48579,1.12754,0.29608,0.02755,0.24483,9662.0,5.8936,0,1.000000e-04
53050,gan,8.27154,1.66135,0.27649,0.50990,4.32429,1.04116,0.28536,0.02466,0.23601,9666.2,5.9591,0,1.000000e-04
53075,gan,7.80733,1.51766,0.25106,0.44408,3.96903,0.97825,0.31154,0.02672,0.25663,9670.5,5.9536,0,1.000000e-04
53100,gan,7.99863,1.59393,0.27095,0.41227,4.12335,1.05734,0.28365,0.02110,0.23876,9674.7,5.9659,0,1.000000e-04
53125,gan,7.98680,1.50237,0.27356,0.46972,4.24427,1.04722,0.27372,0.02375,0.23905,9679.0,5.9380,0,1.000000e-04
53150,gan,7.84348,1.69051,0.25026,0.47087,3.94122,0.95148,0.29095,0.02435,0.23547,9683.2,5.9978,0,1.000000e-04
53175,gan,7.39665,1.50231,0.26271,0.55485,3.88200,1.02868,0.21934,0.02456,0.24898,9687.5,5.9739,0,1.000000e-04
53200,gan,8.15177,1.67589,0.28212,0.42034,4.22626,1.10956,0.26204,0.02166,0.24330,9691.8,5.9628,0,1.000000e-04
53225,gan,7.80705,1.46143,0.26972,0.39631,4.10541,1.09906,0.26393,0.01883,0.24825,9696.0,5.9652,0,1.000000e-04
53250,gan,7.97199,1.67589,0.30037,0.48749,4.22642,1.06712,0.22436,0.02633,0.24851,9700.3,5.9428,0,1.000000e-04
53275,gan,8.13408,1.79020,0.32796,0.50433,4.12482,1.14319,0.24229,0.02348,0.24001,9704.7,5.8971,0,1.000000e-04
53300,gan,8.67177,1.70347,0.33878,0.46985,4.55852,1.26500,0.26079,0.02078,0.24249,9709.0,5.8825,0,1.000000e-04
53325,gan,7.89084,1.54885,0.28625,0.46277,4.24119,0.98392,0.25537,0.02048,0.24832,9713.3,5.9190,0,1.000000e-04
53350,gan,8.46830,1.81751,0.29865,0.51030,4.21006,1.12365,0.30226,0.02714,0.23416,9717.6,5.9342,0,1.000000e-04
53375,gan,8.15409,1.66043,0.30513,0.43742,4.17812,1.08259,0.28426,0.02167,0.24796,9721.8,5.9661,0,1.000000e-04
53400,gan,8.84733,1.76862,0.32428,0.72545,4.69079,1.23314,0.25671,0.02295,0.25036,9726.1,5.9645,0,1.000000e-04
53425,gan,7.77610,1.66457,0.26045,0.47065,3.95639,1.03331,0.25760,0.01834,0.24612,9730.3,5.9751,0,1.000000e-04
53450,gan,8.35772,1.88759,0.32392,0.70853,4.19308,1.00714,0.28564,0.02410,0.23870,9734.5,6.0055,0,1.000000e-04
53475,gan,7.94960,1.42161,0.25329,0.62477,4.23823,1.02334,0.28873,0.02370,0.24288,9738.8,5.9699,0,1.000000e-04
53500,gan,8.34458,1.67822,0.28684,0.42513,4.27096,1.17358,0.28177,0.02353,0.24185,9743.1,5.9762,0,1.000000e-04
53525,gan,8.36389,1.62211,0.28284,0.55437,4.20757,1.03588,0.34516,0.03398,0.25296,9747.5,5.9413,0,1.000000e-04
53550,gan,8.04323,1.63630,0.29845,0.48177,4.15037,1.06959,0.27189,0.02139,0.25326,9751.8,5.9477,0,1.000000e-04
53575,gan,8.25689,1.83850,0.28421,0.52978,4.19031,1.08537,0.25981,0.02208,0.24156,9756.1,5.9022,0,1.000000e-04
53600,gan,8.34250,1.71107,0.28126,0.59969,4.22713,1.11540,0.29368,0.02610,0.23634,9760.4,5.9158,0,1.000000e-04
53625,gan,8.29805,1.82737,0.29342,0.45739,4.11207,1.05722,0.30038,0.02480,0.24358,9764.7,5.9494,0,1.000000e-04
53650,gan,7.58562,1.47398,0.24018,0.46423,4.04962,0.96462,0.25185,0.01957,0.24640,9768.9,5.9508,0,1.000000e-04
53675,gan,7.76400,1.54064,0.24570,0.53781,3.94961,0.91802,0.31270,0.02657,0.24257,9773.2,5.9487,0,1.000000e-04
53700,gan,7.93717,1.59466,0.26551,0.47494,4.05225,1.08269,0.27797,0.02164,0.24385,9777.5,5.9353,0,1.000000e-04
53725,gan,7.98764,1.67931,0.27332,0.44045,4.00612,1.01775,0.29739,0.02354,0.24848,9781.8,5.9580,0,1.000000e-04
53750,gan,8.55720,1.76793,0.28970,0.49204,4.38071,1.13453,0.29290,0.02427,0.25521,9786.1,5.9374,0,1.000000e-04
53775,gan,8.07541,1.54712,0.28179,0.63054,4.26534,1.03554,0.27834,0.02281,0.23806,9790.4,5.8862,0,1.000000e-04
53800,gan,8.79518,2.04024,0.35461,0.49393,4.45752,1.21373,0.24299,0.02690,0.22573,9794.6,5.9552,0,1.000000e-04
53825,gan,8.14194,1.55901,0.27799,0.42429,4.18929,1.07690,0.30516,0.02586,0.23401,9798.9,5.9680,0,1.000000e-04
53850,gan,8.28106,1.65701,0.28510,0.37711,4.38341,1.10988,0.26151,0.01851,0.24527,9803.2,5.9447,0,1.000000e-04
53875,gan,7.86686,1.62497,0.28640,0.63540,3.92922,0.98326,0.30255,0.02705,0.24615,9807.4,5.9693,0,1.000000e-04
53900,gan,8.05438,1.58256,0.23925,0.60337,4.26169,1.04360,0.26523,0.02134,0.23473,9811.7,5.9525,0,1.000000e-04
53925,gan,8.30801,1.77029,0.29898,0.58636,4.35449,1.09969,0.24280,0.02383,0.25423,9816.0,5.9614,0,1.000000e-04
53950,gan,8.54097,1.88583,0.29443,0.45699,4.37090,1.04373,0.28557,0.02309,0.24187,9820.2,5.9770,0,1.000000e-04
53975,gan,8.40330,1.72365,0.27685,0.46496,4.37343,0.99351,0.30311,0.02609,0.23550,9824.5,5.9737,0,1.000000e-04
54000,gan,9.12997,1.94298,0.30623,0.48284,4.45697,1.26455,0.33861,0.03213,0.24458,9828.7,5.9845,0,1.000000e-04
54025,gan,7.75291,1.72387,0.28331,0.36940,3.88600,0.95416,0.27492,0.02390,0.25383,9845.9,5.9742,0,1.000000e-04
54050,gan,8.28429,1.69660,0.28589,0.55826,4.27400,1.13452,0.26878,0.01964,0.24033,9850.2,5.9647,0,1.000000e-04
54075,gan,8.77158,1.88989,0.31390,0.41157,4.31675,1.24681,0.30504,0.02541,0.24486,9854.4,5.9980,0,1.000000e-04
54100,gan,7.15034,1.39068,0.22932,0.40625,3.77557,0.84206,0.26483,0.01916,0.24132,9858.7,5.9588,0,1.000000e-04
54125,gan,8.29551,1.47347,0.26903,0.58080,4.53763,1.12218,0.26445,0.01944,0.24683,9863.0,5.9571,0,1.000000e-04
54150,gan,8.27620,1.91078,0.29330,0.48929,4.07711,1.01345,0.29333,0.02328,0.24009,9867.2,5.9617,0,1.000000e-04
54175,gan,8.33629,1.68186,0.28811,0.43185,4.22734,1.14890,0.29556,0.02394,0.25552,9871.5,5.9564,0,1.000000e-04
54200,gan,8.21466,1.66283,0.24658,0.44715,4.40533,0.99252,0.26618,0.01989,0.24391,9875.8,5.9276,0,1.000000e-04
54225,gan,7.95552,1.61639,0.27575,0.49865,3.97336,0.98840,0.31839,0.02639,0.24828,9880.1,5.9399,0,1.000000e-04
54250,gan,8.46514,1.75348,0.31983,0.49342,4.36969,1.11173,0.28106,0.02469,0.23063,9884.4,5.9251,0,1.000000e-04
54275,gan,7.46932,1.37356,0.22902,0.42550,4.02985,0.91169,0.26753,0.01867,0.24690,9888.8,5.8787,0,1.000000e-04
54300,gan,8.26313,1.60379,0.28839,0.38881,4.27583,1.05119,0.30946,0.02677,0.23566,9893.3,5.8378,0,1.000000e-04
54325,gan,8.05269,1.79345,0.28485,0.60662,4.08291,1.02146,0.26110,0.02133,0.24304,9897.6,5.8605,0,1.000000e-04
54350,gan,8.31783,1.72101,0.29252,0.50447,4.30243,1.07816,0.27868,0.02184,0.24634,9901.7,5.9779,0,1.000000e-04
54375,gan,8.52236,1.58653,0.26644,0.54337,4.22824,1.14425,0.36215,0.03377,0.26324,9906.0,5.9426,0,1.000000e-04
54400,gan,8.92361,2.28448,0.33383,0.44586,4.24704,1.14674,0.28551,0.02535,0.23814,9910.4,5.9217,0,1.000000e-04
54425,gan,8.27307,1.73163,0.28920,0.57400,4.32412,1.08732,0.25574,0.02074,0.24200,9914.7,5.8911,0,1.000000e-04
54450,gan,8.76706,1.78919,0.29688,0.39544,4.43979,1.26471,0.29434,0.02678,0.24479,9919.0,5.8934,0,1.000000e-04
54475,gan,7.55244,1.49929,0.24241,0.58692,3.75459,0.90345,0.32060,0.02978,0.24852,9923.3,5.8945,0,1.000000e-04
54500,gan,7.63003,1.45862,0.25758,0.35440,4.07776,1.02040,0.24760,0.02165,0.24088,9927.5,5.9473,0,1.000000e-04
54525,gan,8.09957,1.60478,0.26989,0.48641,4.24396,1.06793,0.27165,0.02065,0.24035,9931.9,5.9667,0,1.000000e-04
54550,gan,7.56672,1.49822,0.24392,0.62614,3.90718,0.93462,0.27950,0.02168,0.23892,9936.2,5.9330,0,1.000000e-04
54575,gan,8.03507,1.78313,0.23664,0.36611,4.07386,0.98997,0.27699,0.01985,0.24855,9940.5,5.9230,0,1.000000e-04
54600,gan,7.82912,1.56724,0.22135,0.52151,4.05608,1.02560,0.27117,0.02125,0.24844,9944.9,5.8809,0,1.000000e-04
54625,gan,7.75741,1.45199,0.24315,0.58171,4.09062,1.03171,0.27013,0.02009,0.24217,9949.2,5.8826,0,1.000000e-04
54650,gan,7.50620,1.60257,0.23868,0.65666,3.92463,0.89503,0.24296,0.02258,0.24713,9953.5,5.9022,0,1.000000e-04
54675,gan,8.43779,1.84348,0.28830,0.52819,4.27260,1.18336,0.25952,0.01863,0.24438,9957.8,5.8858,0,1.000000e-04
54700,gan,9.04085,1.92772,0.33038,0.48443,4.60277,1.24957,0.28909,0.02294,0.24275,9962.2,5.8765,0,1.000000e-04
54725,gan,7.61536,1.46236,0.23543,0.54486,4.05584,0.98868,0.25274,0.01950,0.24342,9966.5,5.8952,0,1.000000e-04
54750,gan,8.14289,1.67861,0.25951,0.48556,4.14816,0.97797,0.30909,0.02729,0.23902,9970.8,5.8874,0,1.000000e-04
54775,gan,7.69915,1.59760,0.23781,0.47788,3.96262,0.95238,0.27349,0.02101,0.24628,9975.2,5.8527,0,1.000000e-04
54800,gan,7.49694,1.45980,0.23676,0.51945,4.00205,0.92240,0.25474,0.01810,0.24846,9979.6,5.8116,0,1.000000e-04
54825,gan,7.61690,1.51499,0.24049,0.46889,3.98256,0.99434,0.25883,0.01877,0.24502,9983.8,5.8666,0,1.000000e-04
54850,gan,7.94728,1.58953,0.24156,0.45290,4.26121,1.05087,0.23838,0.02270,0.23808,9988.1,5.9018,0,1.000000e-04
54875,gan,8.58908,1.97757,0.31599,0.63418,4.24916,1.19561,0.26234,0.02236,0.24105,9992.4,5.9030,0,1.000000e-04
54900,gan,8.66044,2.06474,0.32148,0.54805,4.39950,1.15184,0.23258,0.02708,0.23499,9996.6,5.9354,0,1.000000e-04
54925,gan,9.27411,2.27604,0.35178,0.47858,4.48521,1.27250,0.28275,0.02632,0.22597,10000.9,5.9257,0,1.000000e-04
54950,gan,8.19407,1.76973,0.28247,0.30768,4.11739,1.15387,0.26775,0.02309,0.23252,10005.2,5.9324,0,1.000000e-04
54975,gan,8.41210,1.83993,0.29942,0.48484,4.29969,1.01758,0.28798,0.02456,0.24243,10009.5,5.9041,0,1.000000e-04
55000,gan,8.40697,1.67452,0.29308,0.55043,4.33193,1.17351,0.28024,0.02171,0.24316,10013.8,5.9169,0,1.000000e-04
55025,gan,9.19796,2.05511,0.34653,0.45915,4.61460,1.22635,0.29829,0.02818,0.23125,10018.4,5.9490,0,1.000000e-04
55050,gan,7.95027,1.54342,0.26782,0.60108,4.18862,1.05363,0.26455,0.01951,0.24067,10022.7,5.9426,0,1.000000e-04
55075,gan,8.02287,1.75713,0.30523,0.55262,4.05316,1.01777,0.27199,0.02106,0.23879,10026.9,5.9844,0,1.000000e-04
55100,gan,8.27010,1.63938,0.27413,0.36105,4.25629,1.07766,0.30195,0.02547,0.24134,10031.2,5.9473,0,1.000000e-04
55125,gan,8.17470,1.61616,0.25752,0.35082,4.20586,1.05139,0.30416,0.02382,0.24791,10035.4,5.9652,0,1.000000e-04
55150,gan,8.70013,1.88907,0.29554,0.56107,4.47548,1.12439,0.27570,0.02272,0.23505,10039.8,5.9138,0,1.000000e-04
55175,gan,8.57352,1.87630,0.30933,0.53619,4.25970,1.12062,0.30142,0.02665,0.23337,10044.0,5.9349,0,1.000000e-04
55200,gan,8.37268,1.75520,0.29145,0.46783,4.23279,1.04661,0.30858,0.02784,0.22553,10048.3,5.9211,0,1.000000e-04
55225,gan,9.14163,2.07275,0.34331,0.51303,4.61049,1.37719,0.24255,0.02537,0.23872,10052.6,5.9201,0,1.000000e-04
55250,gan,8.01548,1.61525,0.28588,0.47271,4.18971,1.04143,0.26838,0.01973,0.24429,10056.9,5.9202,0,1.000000e-04
55275,gan,8.16047,1.63860,0.29219,0.46633,4.33068,1.05808,0.25857,0.02299,0.23619,10061.3,5.8879,0,1.000000e-04
55300,gan,8.11668,1.84218,0.28613,0.49361,4.06605,1.01719,0.27309,0.02091,0.24348,10065.5,5.9042,0,1.000000e-04
55325,gan,8.63583,1.85182,0.31487,0.46549,4.45407,1.16882,0.26472,0.02421,0.23712,10069.8,5.9303,0,1.000000e-04
55350,gan,7.82001,1.50968,0.26507,0.54147,4.13715,0.97435,0.27461,0.01975,0.24048,10074.1,5.9216,0,1.000000e-04
55375,gan,7.61850,1.61780,0.23854,0.36647,3.92238,1.02005,0.24376,0.02275,0.24465,10078.5,5.8499,0,1.000000e-04
55400,gan,7.70225,1.47865,0.23893,0.50932,4.05147,0.96549,0.27774,0.02087,0.23348,10082.9,5.8688,0,1.000000e-04
55425,gan,8.09574,1.62380,0.27182,0.52769,4.33974,1.09449,0.23431,0.02050,0.24395,10087.2,5.8497,0,1.000000e-04
55450,gan,8.06561,1.76773,0.29908,0.51351,4.02996,1.08190,0.27137,0.01927,0.24713,10091.5,5.9121,0,1.000000e-04
55475,gan,7.89589,1.56595,0.26135,0.46940,3.96782,0.95338,0.32626,0.03062,0.24910,10095.8,5.8844,0,1.000000e-04
55500,gan,8.72898,1.91667,0.33051,0.38422,4.40441,1.24547,0.26671,0.02413,0.23361,10100.3,5.8027,0,1.000000e-04
55525,gan,8.43420,1.77511,0.30444,0.40682,4.40663,1.14397,0.25457,0.01907,0.25040,10104.9,5.8218,0,1.000000e-04
55550,gan,7.66586,1.57364,0.24281,0.55102,3.93352,0.93041,0.28156,0.02268,0.24300,10109.3,5.8320,0,1.000000e-04
55575,gan,8.14245,1.60557,0.29847,0.47960,4.33056,1.11784,0.24758,0.02035,0.24206,10113.5,5.8929,0,1.000000e-04
55600,gan,8.26805,1.62294,0.26847,0.53629,4.36672,1.10708,0.26784,0.01948,0.24674,10117.8,5.9353,0,1.000000e-04
55625,gan,8.17482,1.69816,0.29137,0.44230,4.23729,1.08019,0.26660,0.01940,0.23973,10122.0,5.9597,0,1.000000e-04
55650,gan,7.90632,1.60119,0.27872,0.38680,4.09588,1.00758,0.27886,0.01968,0.24690,10126.3,5.9294,0,1.000000e-04
55675,gan,7.99071,1.42750,0.26870,0.43284,4.31401,0.98897,0.29198,0.02218,0.24380,10130.6,5.9182,0,1.000000e-04
55700,gan,7.99319,1.66546,0.29453,0.44369,3.95686,1.02487,0.31144,0.02640,0.23962,10135.0,5.8916,0,1.000000e-04
55725,gan,8.11315,1.68459,0.26049,0.55831,4.20441,1.08888,0.25853,0.01927,0.23813,10139.2,5.9179,0,1.000000e-04
55750,gan,7.85607,1.50261,0.25679,0.54279,4.12545,0.92131,0.30058,0.02443,0.24642,10143.6,5.9001,0,1.000000e-04
55775,gan,9.29452,2.06586,0.36893,0.61339,4.72795,1.37575,0.25113,0.02222,0.23554,10147.9,5.8557,0,1.000000e-04
55800,gan,8.13301,1.76472,0.28133,0.44006,4.24263,1.00851,0.25575,0.02202,0.24488,10152.2,5.9080,0,1.000000e-04
55825,gan,8.87908,1.86370,0.32238,0.38725,4.55332,1.34126,0.25696,0.02201,0.24083,10156.5,5.9131,0,1.000000e-04
55850,gan,8.58821,1.83593,0.31413,0.58038,4.36655,1.08160,0.29687,0.02720,0.22713,10160.8,5.9155,0,1.000000e-04
55875,gan,8.11970,1.65523,0.27110,0.51734,4.05301,1.01157,0.32265,0.03047,0.25102,10165.0,5.9390,0,1.000000e-04
55900,gan,8.07966,1.72111,0.28580,0.46656,4.01191,1.03703,0.30174,0.02743,0.24516,10169.3,5.9402,0,1.000000e-04
55925,gan,8.79707,1.89085,0.30174,0.37840,4.51209,1.15195,0.28721,0.02531,0.23242,10173.5,5.9733,0,1.000000e-04
55950,gan,8.34196,1.72395,0.30714,0.42963,4.35372,1.09182,0.26922,0.02193,0.24140,10177.8,5.9470,0,1.000000e-04
55975,gan,8.25230,1.68575,0.29858,0.56223,4.27682,1.12655,0.26390,0.02152,0.23797,10182.1,5.9404,0,1.000000e-04
56000,gan,7.59254,1.41822,0.22044,0.35977,3.97325,0.90243,0.30387,0.02512,0.24429,10186.3,5.9652,0,1.000000e-04
56025,gan,8.50762,1.72478,0.31326,0.59721,4.51329,1.13732,0.25497,0.02132,0.24386,10203.6,5.9672,0,1.000000e-04
56050,gan,8.42523,1.65545,0.33586,0.57966,4.46862,1.19184,0.24882,0.02251,0.23434,10207.9,5.9761,0,1.000000e-04
56075,gan,7.73819,1.45138,0.23956,0.52494,4.21802,1.02991,0.23484,0.02307,0.25062,10212.2,5.9600,0,1.000000e-04
56100,gan,8.31793,1.69969,0.30257,0.40401,4.26536,1.01981,0.30897,0.02654,0.23677,10216.5,5.9373,0,1.000000e-04
56125,gan,8.53235,1.90126,0.29237,0.54613,4.33997,1.12373,0.26575,0.02055,0.24060,10220.8,5.8985,0,1.000000e-04
56150,gan,7.46634,1.50653,0.24813,0.42717,3.85663,0.92612,0.27256,0.01928,0.25329,10225.1,5.9032,0,1.000000e-04
56175,gan,7.72301,1.50352,0.25952,0.40970,4.17821,1.02604,0.23164,0.02176,0.25215,10229.5,5.8571,0,1.000000e-04
56200,gan,8.11977,1.56363,0.24922,0.60974,3.97058,0.93504,0.38166,0.03798,0.25813,10233.8,5.8719,0,1.000000e-04
56225,gan,8.50457,1.74914,0.27474,0.52777,4.49052,1.17705,0.24582,0.02434,0.24740,10238.2,5.8592,0,1.000000e-04
56250,gan,8.65195,1.68835,0.32280,0.67484,4.64548,1.19234,0.25143,0.02031,0.23717,10242.3,5.9517,0,1.000000e-04
56275,gan,7.71402,1.54104,0.25339,0.46579,4.03574,1.06435,0.24532,0.01968,0.24371,10246.6,5.9665,0,1.000000e-04
56300,gan,8.79271,2.06671,0.31351,0.42367,4.43466,1.17910,0.25409,0.02215,0.23828,10250.9,5.9600,0,1.000000e-04
56325,gan,7.35479,1.40785,0.21147,0.49544,3.89692,0.88094,0.27012,0.01790,0.24825,10255.1,5.9619,0,1.000000e-04
56350,gan,7.53654,1.60034,0.26113,0.42791,3.92984,0.98000,0.23346,0.02360,0.24180,10259.5,5.9284,0,1.000000e-04
56375,gan,7.76189,1.53737,0.24392,0.55774,4.01219,0.96944,0.28536,0.02128,0.24038,10263.7,5.9658,0,1.000000e-04
56400,gan,8.02762,1.58883,0.25849,0.32771,4.26515,1.06135,0.25859,0.01930,0.23963,10267.9,5.9636,0,1.000000e-04
56425,gan,8.11715,1.60497,0.29245,0.35243,4.26587,1.05710,0.27522,0.02384,0.24570,10272.2,5.9826,0,1.000000e-04
56450,gan,7.99486,1.65659,0.25436,0.52068,4.15322,1.10350,0.24541,0.02239,0.23908,10276.4,5.9643,0,1.000000e-04
56475,gan,7.65377,1.53385,0.23841,0.40642,4.03559,0.99218,0.25194,0.01989,0.23443,10280.7,5.9431,0,1.000000e-04
56500,gan,7.36785,1.49619,0.23226,0.53546,3.81205,0.88625,0.26975,0.01759,0.24790,10285.1,5.9027,0,1.000000e-04
56525,gan,8.29192,1.73017,0.25989,0.52114,4.18160,1.01166,0.31472,0.03150,0.23722,10289.5,5.9392,0,1.000000e-04
56550,gan,8.15459,1.57880,0.28679,0.44318,4.35799,1.07556,0.26274,0.01830,0.24577,10293.7,5.9849,0,1.000000e-04
56575,gan,8.06553,1.80505,0.27694,0.40062,4.06014,1.04692,0.26622,0.02078,0.25085,10298.0,5.9580,0,1.000000e-04
56600,gan,8.88225,1.83718,0.35831,0.54904,4.64085,1.25999,0.25839,0.01992,0.24245,10302.2,5.9746,0,1.000000e-04
56625,gan,8.24747,1.69603,0.31622,0.53524,4.32545,1.07877,0.25987,0.02261,0.23669,10306.4,6.0053,0,1.000000e-04
56650,gan,8.13828,1.69384,0.32566,0.55634,4.19189,1.08959,0.26331,0.02150,0.23379,10310.6,6.0080,0,1.000000e-04
56675,gan,7.47523,1.49301,0.23721,0.49615,3.71079,0.87817,0.32238,0.03041,0.25835,10314.8,6.0104,0,1.000000e-04
56700,gan,8.55233,1.85479,0.29654,0.42282,4.38724,1.14786,0.26690,0.02290,0.23193,10319.1,5.9887,0,1.000000e-04
56725,gan,8.80845,1.88835,0.32178,0.41074,4.53476,1.16633,0.28099,0.02180,0.24673,10324.3,5.8742,0,1.000000e-04
56750,gan,8.26606,1.63733,0.26895,0.49144,4.33282,1.12673,0.26806,0.02091,0.24598,10328.5,5.9395,0,1.000000e-04
56775,gan,8.07480,1.50216,0.25689,0.35505,4.32153,1.05743,0.27760,0.02208,0.24320,10332.7,5.9502,0,1.000000e-04
56800,gan,7.52112,1.53744,0.24408,0.61665,3.68083,0.87761,0.32710,0.03076,0.25753,10337.0,5.9055,0,1.000000e-04
56825,gan,8.60149,1.88108,0.29079,0.41807,4.26872,1.07983,0.31773,0.03004,0.22873,10341.4,5.8680,0,1.000000e-04
56850,gan,7.72292,1.57779,0.24164,0.45984,3.99581,0.95581,0.27581,0.02010,0.23032,10345.7,5.8753,0,1.000000e-04
56875,gan,8.07605,1.72993,0.29811,0.77851,4.05977,1.08096,0.26834,0.02435,0.22948,10350.1,5.8505,0,1.000000e-04
56900,gan,8.12343,1.74370,0.27861,0.56654,4.15983,1.02296,0.27257,0.02213,0.24976,10354.5,5.8256,0,1.000000e-04
56925,gan,7.68086,1.41326,0.23213,0.68129,4.07869,0.94578,0.28235,0.02239,0.25843,10358.9,5.8195,0,1.000000e-04
56950,gan,7.36130,1.39541,0.23992,0.56446,3.86128,0.93583,0.26720,0.01953,0.24184,10363.2,5.8265,0,1.000000e-04
56975,gan,8.03436,1.57668,0.25261,0.55207,4.16261,0.97404,0.30335,0.02716,0.23710,10367.5,5.8776,0,1.000000e-04
57000,gan,7.59606,1.44446,0.25317,0.50130,4.07578,0.98535,0.24844,0.02126,0.24880,10371.7,5.9680,0,1.000000e-04
57025,gan,8.26842,1.53845,0.27876,0.44263,4.35585,1.12479,0.28860,0.02281,0.24480,10376.0,5.9785,0,1.000000e-04
57050,gan,7.34714,1.42813,0.23901,0.37994,3.93802,0.99293,0.22573,0.02323,0.24723,10380.4,5.9196,0,1.000000e-04
57075,gan,9.10127,1.79046,0.30730,0.49389,4.69300,1.20118,0.32628,0.03140,0.24451,10384.6,5.9680,0,1.000000e-04
57100,gan,7.72868,1.41952,0.28028,0.49686,4.21503,1.01967,0.24402,0.02069,0.24323,10388.9,5.9780,0,1.000000e-04
57125,gan,7.78494,1.51419,0.25994,0.46165,4.02974,1.00627,0.28516,0.02194,0.25006,10393.1,5.9778,0,1.000000e-04
57150,gan,8.41506,1.81515,0.31132,0.50309,4.41503,1.15680,0.22996,0.02679,0.24338,10397.4,5.9438,0,1.000000e-04
57175,gan,8.39086,1.84071,0.29024,0.49524,4.27800,1.12656,0.26147,0.02116,0.25192,10401.7,5.9431,0,1.000000e-04
57200,gan,7.73897,1.59529,0.26672,0.51422,4.05077,0.94547,0.26187,0.02189,0.24004,10405.9,5.9838,0,1.000000e-04
57225,gan,8.38943,1.68533,0.29312,0.48477,4.47683,1.14658,0.24510,0.02251,0.24465,10410.2,5.9967,0,1.000000e-04
57250,gan,7.54049,1.44090,0.25336,0.45145,4.08218,0.94036,0.24665,0.01998,0.23496,10414.4,5.9906,0,1.000000e-04
57275,gan,8.44044,1.78640,0.26836,0.46358,4.30406,1.09163,0.29055,0.02295,0.24884,10418.7,5.9703,0,1.000000e-04
57300,gan,8.58546,1.72872,0.31446,0.49826,4.39127,1.21520,0.28623,0.02406,0.23462,10423.1,5.8933,0,1.000000e-04
57325,gan,7.52806,1.37130,0.22292,0.49934,3.93902,0.95060,0.29319,0.02218,0.24409,10427.4,5.8970,0,1.000000e-04
57350,gan,7.98298,1.63593,0.25888,0.49888,4.05155,1.05887,0.28438,0.02333,0.25173,10431.7,5.9023,0,1.000000e-04
57375,gan,8.40055,1.54893,0.26318,0.49700,4.53881,1.12162,0.27343,0.02146,0.24010,10436.0,5.9280,0,1.000000e-04
57400,gan,8.18122,1.54534,0.26291,0.44221,4.20909,1.03957,0.32223,0.02777,0.24657,10440.2,5.9718,0,1.000000e-04
57425,gan,8.40643,1.73996,0.29245,0.50817,4.38382,1.15222,0.25726,0.02131,0.23787,10444.4,6.0134,0,1.000000e-04
57450,gan,7.60227,1.45398,0.23472,0.44897,4.00275,0.94064,0.27893,0.02080,0.24686,10448.7,5.9759,0,1.000000e-04
57475,gan,8.18738,1.84672,0.30583,0.55064,4.16746,1.07550,0.24774,0.02110,0.24462,10453.0,5.9308,0,1.000000e-04
57500,gan,7.81634,1.58466,0.23719,0.44573,4.04296,0.98451,0.27894,0.02015,0.24213,10457.4,5.8619,0,1.000000e-04
57525,gan,8.77358,1.91580,0.32739,0.41467,4.44827,1.24740,0.26652,0.02182,0.23199,10461.9,5.8873,0,1.000000e-04
57550,gan,7.67702,1.52878,0.23487,0.55541,4.02443,0.97985,0.26171,0.01808,0.24781,10466.2,5.8768,0,1.000000e-04
57575,gan,8.08696,1.75312,0.26459,0.53746,4.08152,1.11606,0.25928,0.01893,0.24413,10470.5,5.9201,0,1.000000e-04
57600,gan,8.56707,1.72283,0.30448,0.56635,4.56877,1.21326,0.23755,0.02491,0.24207,10474.8,5.8864,0,1.000000e-04
57625,gan,7.91383,1.59732,0.25456,0.55387,4.09465,1.02856,0.27251,0.02240,0.24880,10479.1,5.8760,0,1.000000e-04
57650,gan,8.70534,1.80830,0.32332,0.37574,4.57780,1.20711,0.25515,0.02164,0.23529,10483.5,5.8894,0,1.000000e-04
57675,gan,8.59398,1.83919,0.31783,0.45057,4.45192,1.19463,0.25212,0.02293,0.24021,10487.7,5.9496,0,1.000000e-04
57700,gan,7.58625,1.48108,0.26575,0.87984,4.01287,0.95779,0.25031,0.01870,0.24830,10491.9,5.9768,0,1.000000e-04
57725,gan,8.69331,1.94718,0.32648,0.64652,4.39506,1.11806,0.27830,0.02249,0.24368,10496.2,5.9281,0,1.000000e-04
57750,gan,8.41495,1.72229,0.28045,0.50624,4.43013,1.12844,0.25862,0.02096,0.24170,10500.5,5.9274,0,1.000000e-04
57775,gan,7.60922,1.63205,0.28309,0.41235,4.01457,0.94307,0.23233,0.02068,0.24676,10504.8,5.9370,0,1.000000e-04
57800,gan,8.97809,1.89815,0.37000,0.41543,4.64832,1.22776,0.27555,0.02311,0.23167,10509.0,6.0006,0,1.000000e-04
57825,gan,7.98904,1.62427,0.24243,0.53621,4.16884,1.11353,0.24487,0.02506,0.23993,10513.3,5.9701,0,1.000000e-04
57850,gan,8.92738,1.87088,0.33457,0.47290,4.63961,1.24799,0.26671,0.02132,0.23210,10517.5,5.9697,0,1.000000e-04
57875,gan,8.09615,1.82683,0.30191,0.61693,4.07779,1.08330,0.24866,0.02171,0.24855,10521.9,5.9332,0,1.000000e-04
57900,gan,8.26491,1.60677,0.29091,0.60831,4.08489,0.99817,0.36209,0.03681,0.26557,10526.1,5.9399,0,1.000000e-04
57925,gan,9.36046,2.21884,0.38551,0.49409,4.73056,1.34659,0.23726,0.02748,0.23526,10530.3,5.9795,0,1.000000e-04
57950,gan,8.01548,1.65073,0.29608,0.51116,4.13717,1.03820,0.27180,0.02148,0.23708,10534.6,5.9576,0,1.000000e-04
57975,gan,8.14346,1.65130,0.25843,0.44361,4.15899,1.07813,0.29061,0.02240,0.24882,10538.8,5.9988,0,1.000000e-04
58000,gan,8.05914,1.69124,0.27951,0.56552,3.98538,1.04667,0.30635,0.02593,0.24538,10543.1,5.9741,0,1.000000e-04
58025,gan,7.89652,1.66982,0.26512,0.49588,4.02212,1.03985,0.26654,0.02246,0.24095,10560.4,5.9109,0,1.000000e-04
58050,gan,7.86613,1.45839,0.26600,0.48935,4.11234,0.96063,0.30792,0.02756,0.24352,10564.7,5.9077,0,1.000000e-04
58075,gan,8.15016,1.67796,0.29669,0.46613,4.26541,1.08234,0.25710,0.01976,0.24276,10568.9,5.9824,0,1.000000e-04
58100,gan,7.39969,1.55239,0.22476,0.42790,3.77581,0.87475,0.27763,0.02095,0.24280,10573.1,6.0101,0,1.000000e-04
58125,gan,8.43978,1.78542,0.30573,0.60183,4.50381,1.14217,0.22298,0.02572,0.24365,10577.3,5.9854,0,1.000000e-04
58150,gan,8.83572,1.93093,0.32124,0.50525,4.44011,1.21837,0.28486,0.02423,0.23727,10581.6,5.9799,0,1.000000e-04
58175,gan,8.54063,1.77572,0.28840,0.73653,4.29371,1.10993,0.30831,0.02554,0.24154,10586.0,5.9286,0,1.000000e-04
58200,gan,7.45931,1.47088,0.23628,0.38499,3.88591,0.97094,0.26277,0.01836,0.24497,10590.2,5.9382,0,1.000000e-04
58225,gan,7.90982,1.52951,0.25763,0.47312,4.32473,0.98334,0.24471,0.02032,0.24165,10594.7,5.8693,0,1.000000e-04
58250,gan,8.25236,1.64113,0.25095,0.48666,4.16844,1.00950,0.33227,0.03045,0.25637,10599.0,5.8729,0,1.000000e-04
58275,gan,8.85046,1.84054,0.33111,0.62025,4.48873,1.20937,0.29786,0.02525,0.24380,10603.4,5.8383,0,1.000000e-04
58300,gan,7.93342,1.63638,0.25939,0.36092,4.12985,1.06349,0.25620,0.01689,0.24257,10607.8,5.8268,0,1.000000e-04
58325,gan,8.92152,2.02693,0.31355,0.55911,4.48871,1.16185,0.28333,0.02343,0.23804,10612.1,5.8968,0,1.000000e-04
58350,gan,7.99737,1.69319,0.27315,0.46806,4.04941,1.06303,0.27352,0.02354,0.23489,10616.4,5.8709,0,1.000000e-04
58375,gan,8.31052,1.62789,0.29803,0.61957,4.32995,1.12958,0.27768,0.02062,0.24305,10620.7,5.8996,0,1.000000e-04
58400,gan,8.32201,1.64136,0.31801,0.37817,4.32010,1.14670,0.28028,0.02310,0.24047,10625.0,5.8918,0,1.000000e-04
58425,gan,8.04047,1.66493,0.28926,0.52221,4.25480,1.02118,0.24975,0.01941,0.25050,10629.4,5.8402,0,1.000000e-04
58450,gan,8.15301,1.67575,0.29648,0.45910,4.26355,1.06094,0.26413,0.02068,0.23433,10633.7,5.8858,0,1.000000e-04
58475,gan,9.03438,1.84342,0.32333,0.46862,4.54678,1.18539,0.33674,0.03263,0.24405,10638.0,5.8944,0,1.000000e-04
58500,gan,8.31630,1.64690,0.26397,0.47469,4.45031,1.08794,0.25918,0.02057,0.24178,10642.4,5.8638,0,1.000000e-04
58525,gan,8.15764,1.72003,0.30090,0.47585,4.20852,1.10917,0.25562,0.01976,0.24279,10646.8,5.8783,0,1.000000e-04
58550,gan,8.17957,1.82632,0.32287,0.60584,4.27104,1.05880,0.22579,0.02739,0.24768,10651.1,5.8796,0,1.000000e-04
58575,gan,8.79600,1.92851,0.29323,0.51206,4.55309,1.17403,0.26006,0.01959,0.24437,10655.4,5.9042,0,1.000000e-04
58600,gan,7.69853,1.68364,0.26555,0.54982,3.87862,1.05350,0.24520,0.02044,0.24436,10659.7,5.9319,0,1.000000e-04
58625,gan,7.48099,1.57429,0.25429,0.45605,3.88797,0.93491,0.24748,0.02287,0.24841,10664.0,5.8994,0,1.000000e-04
58650,gan,8.08226,1.60947,0.26945,0.53362,4.16070,1.06924,0.28531,0.02132,0.24831,10668.2,5.9640,0,1.000000e-04
58675,gan,7.68074,1.62917,0.22487,0.47428,3.90017,0.89915,0.29000,0.02236,0.23162,10672.4,5.9826,0,1.000000e-04
58700,gan,8.72408,1.77502,0.28650,0.54719,4.59215,1.19958,0.26386,0.01853,0.24750,10676.7,5.9303,0,1.000000e-04
58725,gan,7.65391,1.65674,0.24942,0.49622,3.89878,0.91523,0.27229,0.01944,0.23891,10681.0,5.9520,0,1.000000e-04
58750,gan,8.04525,1.59044,0.25959,0.42081,4.23026,1.05104,0.27144,0.01973,0.24161,10685.3,5.9574,0,1.000000e-04
58775,gan,8.73200,1.90102,0.35131,0.74512,4.57180,1.21397,0.22772,0.02468,0.24440,10689.4,6.0028,0,1.000000e-04
58800,gan,8.17659,1.65690,0.30573,0.41677,4.19893,1.10666,0.28022,0.02094,0.24563,10693.7,5.9608,0,1.000000e-04
58825,gan,7.12678,1.44133,0.20339,0.50544,3.73766,0.79689,0.26533,0.01869,0.24387,10698.0,5.9442,0,1.000000e-04
58850,gan,7.59845,1.58756,0.23991,0.53142,3.86995,0.91170,0.28222,0.02321,0.24788,10702.2,5.9675,0,1.000000e-04
58875,gan,8.71166,1.94220,0.34414,0.60397,4.50236,1.21370,0.23341,0.02494,0.23894,10706.5,5.9796,0,1.000000e-04
58900,gan,7.84721,1.68403,0.24907,0.50792,3.99187,0.98001,0.27329,0.02245,0.23967,10710.7,5.9918,0,1.000000e-04
58925,gan,8.13849,1.55966,0.30441,0.52907,4.37197,1.09315,0.25302,0.01830,0.24919,10714.9,6.0172,0,1.000000e-04
58950,gan,8.66544,1.86664,0.30269,0.44697,4.40261,1.19416,0.27581,0.02381,0.23709,10719.1,6.0260,0,1.000000e-04
58975,gan,8.08216,1.71949,0.24746,0.44225,4.10775,1.04873,0.27873,0.02231,0.24369,10723.4,6.0101,0,1.000000e-04
59000,gan,8.25534,1.63939,0.29530,0.56229,4.33457,1.09862,0.26940,0.01940,0.24006,10727.6,6.0065,0,1.000000e-04
59025,gan,9.29004,2.03837,0.36071,0.65410,4.62234,1.40461,0.27513,0.02272,0.24170,10732.0,6.0060,0,1.000000e-04
59050,gan,8.14558,1.73540,0.29481,0.57699,4.16378,1.03331,0.27614,0.02134,0.24149,10736.3,5.9685,0,1.000000e-04
59075,gan,7.66806,1.54998,0.26118,0.37913,4.06512,0.95735,0.25331,0.01832,0.24759,10740.6,5.9308,0,1.000000e-04
59100,gan,8.61774,1.72564,0.28128,0.51277,4.36472,1.09286,0.33106,0.03086,0.24381,10744.9,5.9586,0,1.000000e-04
59125,gan,7.85715,1.72021,0.25133,0.43098,4.07590,1.04848,0.23082,0.02103,0.23609,10749.2,5.9228,0,1.000000e-04
59150,gan,7.75519,1.55920,0.28387,0.56717,4.05997,0.99031,0.26038,0.01908,0.24025,10753.5,5.9177,0,1.000000e-04
59175,gan,8.52514,1.67110,0.32455,0.34057,4.49790,1.15668,0.27723,0.02402,0.22956,10757.8,5.9180,0,1.000000e-04
59200,gan,8.03210,1.84106,0.30160,0.40273,3.96071,1.08224,0.26362,0.02319,0.22902,10762.1,5.9515,0,1.000000e-04
59225,gan,7.47290,1.37327,0.23361,0.50318,4.01713,0.91097,0.27009,0.01749,0.24263,10766.4,5.9294,0,1.000000e-04
59250,gan,7.73100,1.66735,0.27086,0.56290,3.99437,1.01697,0.23676,0.02187,0.24121,10770.8,5.8891,0,1.000000e-04
59275,gan,8.55586,1.86248,0.32190,0.49707,4.38406,1.15668,0.26215,0.02215,0.23723,10775.1,5.8899,0,1.000000e-04
59300,gan,7.54348,1.44476,0.24370,0.68463,4.02979,0.90009,0.26397,0.02012,0.23898,10779.6,5.7889,0,1.000000e-04
59325,gan,7.40814,1.51616,0.25901,0.44049,3.91207,0.96690,0.22981,0.02382,0.25102,10783.9,5.8494,0,1.000000e-04
59350,gan,7.64235,1.67389,0.24909,0.53943,3.91428,0.94770,0.25156,0.02140,0.24795,10788.3,5.8334,0,1.000000e-04
59375,gan,7.95962,1.69048,0.25209,0.56124,3.97919,0.96495,0.30420,0.02686,0.24639,10792.5,5.8832,0,1.000000e-04
59400,gan,8.20627,1.81022,0.28380,0.36274,4.09461,1.06180,0.28795,0.02320,0.24375,10796.8,5.9241,0,1.000000e-04
59425,gan,8.31412,1.64535,0.28497,0.53330,4.41408,1.18315,0.24220,0.02091,0.24527,10801.0,5.9467,0,1.000000e-04
59450,gan,7.83432,1.46695,0.25772,0.34586,4.18862,0.92699,0.29218,0.02267,0.24934,10805.4,5.9041,0,1.000000e-04
59475,gan,7.74274,1.50152,0.24752,0.47036,4.06656,0.94805,0.28314,0.02224,0.24706,10809.6,5.9445,0,1.000000e-04
59500,gan,8.23879,1.74156,0.28268,0.50214,4.29832,1.10276,0.24927,0.02059,0.24585,10813.9,5.9189,0,1.000000e-04
59525,gan,8.33377,1.73303,0.27247,0.54784,4.23938,1.05822,0.29870,0.02629,0.22729,10818.4,5.9093,0,1.000000e-04
59550,gan,7.40902,1.38776,0.21158,0.53762,3.94085,0.89272,0.27267,0.02210,0.25227,10822.7,5.9135,0,1.000000e-04
59575,gan,7.83619,1.47756,0.26627,0.47385,4.15208,1.08506,0.25706,0.01923,0.24114,10826.9,5.9530,0,1.000000e-04
59600,gan,8.23785,1.78037,0.30829,0.51062,4.22163,1.13569,0.24923,0.02133,0.24882,10831.1,5.9994,0,1.000000e-04
59625,gan,8.40639,1.66507,0.29905,0.61419,4.46699,1.07903,0.27082,0.02070,0.23730,10835.3,5.9888,0,1.000000e-04
59650,gan,8.41042,1.77956,0.30314,0.51293,4.35766,1.18619,0.24543,0.02370,0.23771,10839.5,5.9938,0,1.000000e-04
59675,gan,7.80955,1.71490,0.25375,0.49896,4.06431,1.02251,0.22687,0.02508,0.24706,10843.9,5.9139,0,1.000000e-04
59700,gan,8.10954,1.64154,0.26779,0.46012,4.18227,1.13178,0.26516,0.02051,0.24542,10848.1,5.9795,0,1.000000e-04
59725,gan,7.83221,1.52359,0.25174,0.50496,3.94468,1.01950,0.31100,0.02475,0.25145,10852.5,5.9465,0,1.000000e-04
59750,gan,8.33643,1.69171,0.27124,0.53162,4.26787,1.14474,0.28255,0.02163,0.24462,10856.7,5.9618,0,1.000000e-04
59775,gan,8.19670,1.95683,0.31752,0.50427,4.02359,1.10757,0.25100,0.02254,0.24253,10860.9,5.9911,0,1.000000e-04
59800,gan,8.40045,1.80827,0.28379,0.39803,4.32223,1.13174,0.26200,0.02203,0.23773,10865.2,5.9697,0,1.000000e-04
59825,gan,8.34043,1.76100,0.30438,0.53489,4.28900,1.11392,0.26778,0.02147,0.24052,10869.4,5.9759,0,1.000000e-04
59850,gan,8.23804,1.71817,0.31252,0.45007,4.17448,1.15327,0.27387,0.02039,0.24085,10873.7,5.9528,0,1.000000e-04
59875,gan,7.66918,1.69115,0.24887,0.49503,3.93745,0.96538,0.24512,0.02033,0.24496,10877.9,5.9634,0,1.000000e-04
59900,gan,8.13248,1.61923,0.25047,0.53620,4.28460,1.02056,0.27716,0.02079,0.24723,10882.1,6.0085,0,1.000000e-04
59925,gan,8.22726,1.50972,0.25109,0.35538,4.30145,1.02730,0.32446,0.03030,0.26255,10886.4,5.9724,0,1.000000e-04
59950,gan,8.81906,1.77465,0.32425,0.44129,4.55643,1.24463,0.28593,0.02309,0.24454,10890.7,5.9680,0,1.000000e-04
59975,gan,8.02111,1.42278,0.26352,0.52667,4.22312,1.10551,0.29128,0.02555,0.23934,10895.0,5.9632,0,1.000000e-04
60000,gan,8.74169,1.79886,0.35400,0.44978,4.57139,1.20930,0.26484,0.02239,0.23619,10899.3,5.9489,0,1.000000e-04
60025,gan,8.00734,1.73501,0.26966,0.40865,4.26307,1.03607,0.22036,0.02391,0.24643,10916.9,5.9230,0,1.000000e-04
60050,gan,7.99763,1.53492,0.29365,0.60528,4.16046,1.04868,0.28496,0.02386,0.23962,10921.0,5.9839,0,1.000000e-04
60075,gan,8.56904,1.63142,0.31430,0.44275,4.64744,1.11475,0.26994,0.01994,0.24234,10925.3,5.9762,0,1.000000e-04
60100,gan,7.19752,1.40383,0.21447,0.52759,3.84064,0.87393,0.24634,0.01959,0.24145,10929.6,5.9643,0,1.000000e-04
60125,gan,7.78955,1.52122,0.23066,0.49993,4.14610,0.99390,0.25887,0.01979,0.23696,10933.8,5.9648,0,1.000000e-04
60150,gan,8.61291,1.77138,0.30356,0.46692,4.44107,1.18405,0.27895,0.02356,0.23959,10938.2,5.9075,0,1.000000e-04
60175,gan,8.17714,1.63390,0.28165,0.39664,4.16094,1.11146,0.29479,0.02386,0.24335,10942.5,5.9145,0,1.000000e-04
60200,gan,7.84956,1.55262,0.26589,0.39038,4.10059,1.06678,0.26041,0.02227,0.24992,10946.8,5.9079,0,1.000000e-04
60225,gan,8.22633,1.78360,0.30350,0.60034,4.33924,1.09646,0.22247,0.02676,0.24378,10951.0,5.9448,0,1.000000e-04
60250,gan,8.46581,1.74654,0.30706,0.47423,4.42882,1.24021,0.23735,0.02271,0.24207,10955.2,5.9730,0,1.000000e-04
60275,gan,7.67839,1.43678,0.24214,0.43855,3.98619,0.97977,0.29631,0.02235,0.25280,10959.6,5.9372,0,1.000000e-04
60300,gan,8.31902,1.75818,0.29165,0.40274,4.33047,1.06891,0.26800,0.02001,0.24489,10963.9,5.9186,0,1.000000e-04
60325,gan,7.98719,1.52825,0.26825,0.53207,4.28149,1.07014,0.25048,0.02538,0.25035,10968.1,5.9578,0,1.000000e-04
60350,gan,8.37457,1.81419,0.28908,0.64350,4.31880,1.05185,0.26876,0.02144,0.24185,10972.4,5.9348,0,1.000000e-04
60375,gan,8.04821,1.66925,0.28607,0.57603,4.08054,1.10424,0.27214,0.01940,0.25093,10976.7,5.9528,0,1.000000e-04
60400,gan,7.49556,1.50979,0.22163,0.56628,3.92408,0.93324,0.25760,0.01925,0.24077,10980.9,5.9728,0,1.000000e-04
60425,gan,8.08058,1.52345,0.23311,0.40916,4.12599,1.04804,0.32260,0.02848,0.24693,10985.3,5.9148,0,1.000000e-04
60450,gan,8.62927,1.77175,0.35983,0.56745,4.63604,1.17630,0.23236,0.02304,0.24235,10989.6,5.9240,0,1.000000e-04
60475,gan,8.46438,1.60923,0.32897,0.55260,4.56703,1.19313,0.24687,0.01933,0.24201,10993.9,5.9120,0,1.000000e-04
60500,gan,7.85386,1.65450,0.25759,0.40879,4.13290,0.98057,0.24983,0.01993,0.24785,10998.1,5.9289,0,1.000000e-04
60525,gan,7.83652,1.52202,0.27756,0.46194,4.12508,1.06816,0.25630,0.02211,0.24750,11002.6,5.9223,0,1.000000e-04
60550,gan,8.20074,1.54071,0.27039,0.50262,4.32452,1.09031,0.28627,0.02280,0.23888,11006.9,5.9642,0,1.000000e-04
60575,gan,7.78561,1.64142,0.26495,0.39273,4.04834,1.00168,0.25217,0.01972,0.24416,11011.1,5.9687,0,1.000000e-04
60600,gan,7.84805,1.55882,0.25166,0.53372,4.07851,1.02562,0.27159,0.02020,0.24377,11015.4,5.9619,0,1.000000e-04
60625,gan,7.63382,1.69907,0.26036,0.45261,3.90309,1.01431,0.23116,0.02142,0.24392,11019.6,5.9837,0,1.000000e-04
60650,gan,7.68438,1.35802,0.20555,0.63574,4.07689,0.89014,0.31254,0.02505,0.24438,11023.9,5.9499,0,1.000000e-04
60675,gan,8.94876,1.83547,0.35065,0.44503,4.77193,1.27947,0.23947,0.02445,0.23219,11028.1,5.9933,0,1.000000e-04
60700,gan,7.91874,1.69489,0.24114,0.51225,4.06364,1.00236,0.26514,0.02194,0.23751,11032.4,5.9741,0,1.000000e-04
60725,gan,8.07161,1.55072,0.27021,0.48842,4.37678,1.08254,0.24115,0.02110,0.23935,11036.7,5.9356,0,1.000000e-04
60750,gan,7.69917,1.56376,0.24470,0.49124,3.93669,0.97538,0.28211,0.02131,0.24594,11040.9,5.9705,0,1.000000e-04
60775,gan,8.69635,1.77594,0.32431,0.57872,4.38572,1.24427,0.29345,0.02632,0.23313,11045.2,5.9563,0,1.000000e-04
60800,gan,8.28352,1.68490,0.30786,0.49007,4.30754,1.08044,0.27725,0.02184,0.24497,11049.5,5.9665,0,1.000000e-04
60825,gan,7.82880,1.51623,0.25174,0.41792,4.22239,0.96267,0.26037,0.01906,0.24197,11053.7,5.9767,0,1.000000e-04
60850,gan,7.73787,1.60403,0.26537,0.60186,3.86248,0.96582,0.29891,0.02319,0.24881,11058.0,5.9741,0,1.000000e-04
60875,gan,7.74319,1.66128,0.26598,0.40692,3.98303,0.96045,0.26281,0.01991,0.23690,11062.3,5.9496,0,1.000000e-04
60900,gan,7.87888,1.47399,0.26516,0.31287,4.24094,1.05142,0.25898,0.01882,0.24227,11066.5,5.9906,0,1.000000e-04
60925,gan,8.67719,1.99913,0.34140,0.56363,4.31753,1.19595,0.26310,0.02168,0.23873,11070.7,5.9840,0,1.000000e-04
60950,gan,8.43543,1.72713,0.29802,0.57810,4.31525,1.19465,0.27231,0.02155,0.23359,11075.1,5.9442,0,1.000000e-04
60975,gan,7.28708,1.45317,0.23330,0.36891,3.85800,0.89736,0.25013,0.01784,0.24663,11079.4,5.9291,0,1.000000e-04
61000,gan,8.04596,1.51344,0.24740,0.61577,4.23554,0.98852,0.29960,0.02375,0.24126,11083.6,5.9762,0,1.000000e-04
61025,gan,7.80728,1.58753,0.28084,0.41123,4.12019,0.97601,0.25829,0.02117,0.24973,11087.9,6.0307,0,1.000000e-04
61050,gan,7.54264,1.45957,0.24944,0.43525,3.97103,1.00273,0.25507,0.02057,0.24499,11092.2,5.9762,0,1.000000e-04
61075,gan,8.68412,1.93906,0.31840,0.41519,4.29448,1.18627,0.29149,0.02498,0.24111,11096.5,5.9560,0,1.000000e-04
61100,gan,7.63354,1.55763,0.24114,0.46377,3.92003,1.01958,0.26133,0.02049,0.23813,11100.8,5.9109,0,1.000000e-04
61125,gan,7.32878,1.39305,0.24477,0.57288,3.82807,0.87600,0.28252,0.01981,0.24620,11105.1,5.9240,0,1.000000e-04
61150,gan,7.66110,1.64470,0.24331,0.57640,3.85749,0.95397,0.27539,0.02143,0.24662,11109.3,5.9622,0,1.000000e-04
61175,gan,8.43559,1.92001,0.30360,0.59467,4.30248,1.04550,0.26422,0.02090,0.23792,11113.6,5.9538,0,1.000000e-04
61200,gan,8.51110,1.85564,0.31921,0.53487,4.18989,1.11042,0.30992,0.03007,0.22837,11118.0,5.9184,0,1.000000e-04
61225,gan,8.17033,1.58464,0.29544,0.38923,4.32071,1.16264,0.25349,0.01993,0.23066,11122.2,5.9783,0,1.000000e-04
61250,gan,8.78559,2.13468,0.34982,0.66919,4.27850,1.11527,0.28246,0.02539,0.23176,11126.5,5.9206,0,1.000000e-04
61275,gan,7.54472,1.56945,0.26398,0.45115,3.94408,0.95168,0.24655,0.02178,0.23853,11130.8,5.9212,0,1.000000e-04
61300,gan,8.10349,1.46258,0.26051,0.41008,4.27266,1.03416,0.31075,0.02403,0.25212,11135.1,5.9372,0,1.000000e-04
61325,gan,7.29622,1.42605,0.23630,0.50795,3.92735,0.89521,0.23870,0.01838,0.24272,11139.4,5.9317,0,1.000000e-04
61350,gan,8.33520,1.69563,0.31063,0.49423,4.40323,1.14544,0.24765,0.01982,0.24413,11143.7,5.9301,0,1.000000e-04
61375,gan,7.93546,1.53590,0.24810,0.40638,4.14645,0.99764,0.29149,0.02407,0.24134,11147.9,5.9342,0,1.000000e-04
61400,gan,7.57824,1.42196,0.25290,0.47151,3.90426,0.94939,0.30153,0.02408,0.24896,11152.1,5.9778,0,1.000000e-04
61425,gan,8.18230,1.60433,0.29303,0.50957,4.21054,1.04010,0.30554,0.02489,0.24529,11156.3,6.0064,0,1.000000e-04
61450,gan,8.98778,1.86866,0.32079,0.53120,4.60067,1.20420,0.30075,0.02606,0.23734,11160.7,5.9425,0,1.000000e-04
61475,gan,8.66340,1.76028,0.31060,0.49003,4.48746,1.19767,0.27899,0.02197,0.24190,11165.0,5.9356,0,1.000000e-04
61500,gan,8.61900,1.71944,0.28426,0.42616,4.34154,1.16385,0.32378,0.02801,0.24311,11169.3,5.9081,0,1.000000e-04
61525,gan,8.31788,1.71689,0.27974,0.64188,4.16635,1.04991,0.31628,0.02744,0.25239,11173.6,5.9748,0,1.000000e-04
61550,gan,8.57639,1.70474,0.32237,0.48854,4.70012,1.08826,0.24546,0.02032,0.24519,11177.8,5.9816,0,1.000000e-04
61575,gan,7.49920,1.56751,0.24927,0.46131,3.88470,0.90998,0.26140,0.02033,0.24038,11182.0,6.0123,0,1.000000e-04
61600,gan,9.02945,2.00693,0.36930,0.53746,4.67348,1.26001,0.24373,0.02345,0.23515,11186.3,5.9851,0,1.000000e-04
61625,gan,7.89369,1.54501,0.27495,0.44279,4.05803,1.00018,0.29910,0.02227,0.24796,11190.5,5.9876,0,1.000000e-04
61650,gan,7.84046,1.64811,0.25935,0.58531,4.02724,0.94207,0.27905,0.02238,0.23477,11194.7,5.9983,0,1.000000e-04
61675,gan,8.30986,1.53201,0.30022,0.57436,4.53522,1.07598,0.26479,0.02001,0.24724,11199.0,5.9789,0,1.000000e-04
61700,gan,8.66307,1.78790,0.28214,0.52683,4.45688,1.17138,0.28493,0.02630,0.23573,11203.3,5.9705,0,1.000000e-04
61725,gan,8.62360,1.85708,0.31521,0.41104,4.56805,1.22631,0.21855,0.02533,0.23920,11207.5,5.9616,0,1.000000e-04
61750,gan,7.75333,1.60326,0.27627,0.65995,3.86986,1.01646,0.28608,0.02580,0.24103,11211.8,5.9619,0,1.000000e-04
61775,gan,7.34980,1.35999,0.21835,0.52070,3.85089,0.89287,0.28761,0.02170,0.24416,11216.1,5.9450,0,1.000000e-04
61800,gan,7.93057,1.66728,0.26966,0.37918,4.16889,1.05031,0.23917,0.02251,0.24736,11220.4,5.9277,0,1.000000e-04
61825,gan,8.51819,1.79165,0.33075,0.60257,4.39362,1.17904,0.26035,0.01912,0.24489,11224.7,5.9221,0,1.000000e-04
61850,gan,8.29260,1.59968,0.27874,0.56727,4.41706,1.09045,0.26955,0.02262,0.23675,11229.0,5.9400,0,1.000000e-04
61875,gan,7.76412,1.59162,0.29709,0.43814,4.07238,1.03421,0.24294,0.02064,0.23279,11233.2,5.9423,0,1.000000e-04
61900,gan,7.48837,1.51932,0.24937,0.58067,3.95094,0.98883,0.23104,0.02214,0.24389,11237.6,5.9134,0,1.000000e-04
61925,gan,7.80382,1.73789,0.26649,0.48698,3.92325,1.06476,0.24462,0.02409,0.23896,11241.9,5.9171,0,1.000000e-04
61950,gan,7.70326,1.64889,0.23620,0.46492,3.91639,0.96487,0.27085,0.01959,0.24376,11246.0,5.9822,0,1.000000e-04
61975,gan,7.85763,1.60178,0.25887,0.49873,3.95510,0.94495,0.31301,0.02799,0.24790,11250.3,5.9616,0,1.000000e-04
62000,gan,7.99725,1.64572,0.29090,0.49711,4.14319,1.11282,0.24916,0.02009,0.24508,11254.6,5.9662,0,1.000000e-04
62025,gan,7.91420,1.49899,0.24867,0.60109,4.11486,0.99912,0.29814,0.02368,0.24318,11271.8,5.9577,0,1.000000e-04
62050,gan,8.55853,1.82420,0.32680,0.52973,4.53705,1.16524,0.23032,0.02508,0.24350,11276.1,5.9759,0,1.000000e-04
62075,gan,7.60665,1.52482,0.24269,0.58944,3.97299,0.90180,0.27570,0.02103,0.23916,11280.4,5.9549,0,1.000000e-04
62100,gan,7.77751,1.53230,0.25032,0.66035,4.12443,0.98740,0.25586,0.01888,0.25219,11284.7,5.9334,0,1.000000e-04
62125,gan,8.23588,1.89029,0.30228,0.62688,4.08186,1.06571,0.27063,0.02260,0.23462,11288.9,5.9517,0,1.000000e-04
62150,gan,7.30616,1.54582,0.23356,0.51972,3.74885,0.83247,0.27095,0.01989,0.24106,11293.3,5.9243,0,1.000000e-04
62175,gan,7.12665,1.43007,0.24669,0.50928,3.56587,0.85322,0.29481,0.02265,0.25088,11297.5,5.9493,0,1.000000e-04
62200,gan,7.96214,1.52211,0.24703,0.37093,4.23934,0.94596,0.29221,0.02410,0.24479,11301.8,5.9381,0,1.000000e-04
62225,gan,8.51492,1.80477,0.31608,0.45194,4.44822,1.12532,0.25979,0.02066,0.23889,11306.1,5.9163,0,1.000000e-04
62250,gan,7.73086,1.58744,0.23804,0.56805,3.86990,0.93935,0.30657,0.02729,0.24476,11310.4,5.9228,0,1.000000e-04
62275,gan,7.88111,1.77984,0.26538,0.49709,4.06546,1.01138,0.23171,0.02135,0.24890,11314.7,5.9274,0,1.000000e-04
62300,gan,7.68532,1.50717,0.24627,0.45033,4.06394,0.99851,0.25691,0.01840,0.24328,11318.9,5.9512,0,1.000000e-04
62325,gan,8.61708,1.65203,0.31379,0.63876,4.55953,1.16695,0.28041,0.02169,0.24893,11323.3,5.9221,0,1.000000e-04
62350,gan,8.24526,1.69427,0.29304,0.71399,4.13391,1.05270,0.30926,0.02664,0.24538,11327.5,5.9474,0,1.000000e-04
62375,gan,6.92773,1.19648,0.21666,0.44008,3.87025,0.81215,0.24115,0.01858,0.24731,11331.7,5.9653,0,1.000000e-04
62400,gan,8.26112,1.71194,0.30836,0.50073,4.42873,1.09382,0.23081,0.02249,0.23122,11335.9,5.9898,0,1.000000e-04
62425,gan,8.35063,1.74082,0.30660,0.49822,4.46049,1.09475,0.23746,0.02425,0.24224,11340.2,5.9622,0,1.000000e-04
62450,gan,7.96830,1.76479,0.29051,0.43148,4.07323,1.06481,0.24254,0.02310,0.23652,11344.5,5.9706,0,1.000000e-04
62475,gan,8.43521,1.83431,0.28801,0.48817,4.38785,1.09205,0.25593,0.01969,0.23993,11348.7,5.9641,0,1.000000e-04
62500,gan,7.80624,1.49397,0.25874,0.49057,4.10747,1.03392,0.26871,0.02112,0.24059,11353.0,5.9650,0,1.000000e-04
62525,gan,8.46170,1.76151,0.28967,0.41104,4.28749,1.07315,0.31078,0.02635,0.24176,11357.4,5.9477,0,1.000000e-04
62550,gan,8.29242,1.71781,0.30615,0.40902,4.34992,1.07006,0.26574,0.02016,0.24907,11361.6,6.0118,0,1.000000e-04
62575,gan,8.19991,1.71832,0.28549,0.53211,4.37703,1.08444,0.22905,0.02216,0.23955,11365.8,6.0279,0,1.000000e-04
62600,gan,8.05409,1.70980,0.24758,0.67377,4.13177,1.06304,0.25931,0.02011,0.23912,11370.1,5.9937,0,1.000000e-04
62625,gan,7.81250,1.63867,0.30035,0.44816,3.98599,1.05466,0.25976,0.01927,0.24061,11374.3,6.0069,0,1.000000e-04
62650,gan,8.36145,1.91159,0.30138,0.59262,4.19678,1.05672,0.27117,0.02227,0.23453,11378.6,5.9549,0,1.000000e-04
62675,gan,8.08497,1.73846,0.28083,0.60598,4.22435,1.07335,0.23437,0.02267,0.23896,11382.8,5.9990,0,1.000000e-04
62700,gan,8.25067,1.68030,0.27226,0.61795,4.25284,1.05974,0.28612,0.02428,0.24447,11387.1,5.9633,0,1.000000e-04
62725,gan,8.14331,1.65295,0.27605,0.48068,4.15382,1.02908,0.30132,0.02650,0.23390,11391.3,5.9880,0,1.000000e-04
62750,gan,7.86843,1.61871,0.29350,0.49111,4.17696,1.06275,0.22672,0.02466,0.24363,11395.7,5.9562,0,1.000000e-04
62775,gan,8.06793,1.67521,0.27192,0.59285,4.19850,1.02583,0.26495,0.02212,0.23107,11399.9,5.9515,0,1.000000e-04
62800,gan,7.70975,1.62083,0.26325,0.48369,3.99838,1.02086,0.24369,0.02021,0.24274,11404.2,5.9747,0,1.000000e-04
62825,gan,8.05671,1.59554,0.27024,0.40413,4.24496,1.01378,0.27842,0.02133,0.24088,11408.4,5.9629,0,1.000000e-04
62850,gan,8.97629,1.98458,0.37959,0.50894,4.57161,1.24124,0.26666,0.02338,0.23426,11412.7,5.9733,0,1.000000e-04
62875,gan,7.80839,1.61573,0.24896,0.33139,4.14799,1.01265,0.23779,0.02282,0.23794,11416.9,5.9679,0,1.000000e-04
62900,gan,8.42278,1.72112,0.32094,0.66173,4.39379,1.07218,0.27843,0.02371,0.24024,11421.9,5.9025,0,1.000000e-04
62925,gan,7.27866,1.40059,0.22549,0.54045,3.87989,0.83274,0.26737,0.01938,0.24414,11426.2,5.9161,0,1.000000e-04
62950,gan,7.92855,1.63244,0.24920,0.66229,3.93365,0.99938,0.31127,0.02687,0.24383,11430.6,5.8671,0,1.000000e-04
62975,gan,7.80669,1.54536,0.25431,0.27530,3.94275,0.96623,0.31779,0.02821,0.24865,11434.8,5.9089,0,1.000000e-04
63000,gan,7.83661,1.56976,0.27179,0.42530,4.02654,1.00728,0.28469,0.02454,0.24706,11439.2,5.8754,0,1.000000e-04
63025,gan,7.33059,1.51012,0.26996,0.52486,3.75973,0.90939,0.26250,0.02187,0.25509,11443.6,5.9174,0,1.000000e-04
63050,gan,8.36103,1.67402,0.28160,0.67353,4.23131,1.09980,0.30860,0.02596,0.23851,11447.9,5.9282,0,1.000000e-04
63075,gan,8.44999,1.87131,0.30560,0.37501,4.15808,1.20904,0.28052,0.02141,0.24669,11452.1,5.9559,0,1.000000e-04
63100,gan,8.56573,1.92258,0.31995,0.54546,4.43735,1.16350,0.23304,0.02361,0.23851,11456.5,5.8948,0,1.000000e-04
63125,gan,8.15157,1.58999,0.30843,0.36847,4.28716,1.16975,0.25441,0.01934,0.23986,11460.7,5.9345,0,1.000000e-04
63150,gan,7.97501,1.72642,0.26028,0.42295,4.06486,1.12575,0.24221,0.02083,0.23697,11465.0,5.9026,0,1.000000e-04
63175,gan,7.60626,1.56165,0.28018,0.37926,4.01865,0.98367,0.23923,0.01943,0.24092,11469.3,5.9112,0,1.000000e-04
63200,gan,7.76702,1.60396,0.25311,0.45150,4.09822,0.99176,0.24480,0.02342,0.24827,11473.6,5.9337,0,1.000000e-04
63225,gan,9.03784,1.95591,0.34457,0.57117,4.68163,1.24509,0.26099,0.01965,0.23631,11477.8,5.9740,0,1.000000e-04
63250,gan,8.59190,1.67110,0.28935,0.51864,4.42327,1.05568,0.33248,0.03113,0.26014,11482.0,6.0197,0,1.000000e-04
63275,gan,8.07915,1.73421,0.29617,0.55679,4.16316,1.03026,0.26149,0.02029,0.24945,11486.3,5.9596,0,1.000000e-04
63300,gan,7.96494,1.48563,0.26207,0.58422,4.18301,1.00277,0.29627,0.02383,0.23526,11490.5,5.9736,0,1.000000e-04
63325,gan,7.69324,1.69867,0.25075,0.49611,3.91437,0.92340,0.26576,0.01906,0.24750,11494.9,5.9351,0,1.000000e-04
63350,gan,7.33716,1.43305,0.25385,0.40916,3.95209,0.93353,0.23319,0.01945,0.24322,11499.1,5.9499,0,1.000000e-04
63375,gan,7.67740,1.44209,0.24744,0.52740,4.23043,1.00585,0.22459,0.02316,0.24502,11503.4,5.9324,0,1.000000e-04
63400,gan,8.13579,1.77099,0.28738,0.43009,4.19713,1.04455,0.25796,0.01955,0.24173,11507.8,5.9033,0,1.000000e-04
63425,gan,8.03061,1.68313,0.29288,0.46140,4.22502,1.02810,0.24968,0.02023,0.24181,11512.1,5.8704,0,1.000000e-04
63450,gan,7.94891,1.58991,0.30954,0.55755,4.18575,1.06918,0.24951,0.01932,0.24249,11516.4,5.9202,0,1.000000e-04
63475,gan,7.82512,1.51209,0.26834,0.43276,4.22638,1.07460,0.22979,0.02278,0.25433,11520.7,5.8989,0,1.000000e-04
63500,gan,7.77201,1.70566,0.27229,0.56658,3.92309,0.94275,0.27410,0.02023,0.24583,11524.9,5.9488,0,1.000000e-04
63525,gan,8.57763,1.84989,0.31601,0.57404,4.36170,1.21456,0.26033,0.02114,0.23938,11529.3,5.9785,0,1.000000e-04
63550,gan,8.67764,1.80288,0.33805,0.50675,4.42010,1.24999,0.27481,0.02094,0.24455,11533.6,5.9193,0,1.000000e-04
63575,gan,7.27688,1.53254,0.25416,0.42865,3.79234,0.96871,0.22354,0.02086,0.24315,11538.1,5.8532,0,1.000000e-04
63600,gan,7.69009,1.53972,0.26615,0.73229,4.03202,1.00777,0.24784,0.01937,0.24365,11542.2,5.9574,0,1.000000e-04
63625,gan,8.19693,1.79778,0.28077,0.49015,4.13435,1.11177,0.26453,0.01783,0.23617,11546.5,5.9366,0,1.000000e-04
63650,gan,8.01096,1.58638,0.25682,0.66435,4.05489,0.96863,0.32080,0.02573,0.25950,11550.9,5.9027,0,1.000000e-04
63675,gan,7.67291,1.41137,0.22906,0.43535,4.04162,0.93212,0.29889,0.02581,0.24267,11555.1,5.9807,0,1.000000e-04
63700,gan,7.95893,1.65464,0.26210,0.39784,4.00885,0.99102,0.30322,0.02557,0.24025,11559.3,6.0037,0,1.000000e-04
63725,gan,7.96916,1.68490,0.28636,0.40177,4.15142,1.07172,0.24364,0.01773,0.24135,11563.6,5.9829,0,1.000000e-04
63750,gan,8.31637,1.68280,0.31909,0.55818,4.38490,1.12525,0.25367,0.02103,0.24695,11567.9,5.9707,0,1.000000e-04
63775,gan,8.04254,1.67697,0.29673,0.52287,4.22134,1.09550,0.23636,0.02131,0.24644,11572.1,5.9834,0,1.000000e-04
63800,gan,8.08705,1.62810,0.30191,0.43147,4.20796,1.06010,0.27440,0.01995,0.24395,11576.4,5.9604,0,1.000000e-04
63825,gan,7.47753,1.40467,0.25577,0.44045,4.04666,0.91646,0.25547,0.01826,0.24549,11580.6,5.9928,0,1.000000e-04
63850,gan,7.51739,1.48201,0.23942,0.52114,3.91280,0.97419,0.26347,0.01845,0.24183,11584.9,5.9663,0,1.000000e-04
63875,gan,7.64389,1.54116,0.24187,0.46823,3.97255,0.94708,0.27289,0.02052,0.24676,11589.2,5.9599,0,1.000000e-04
63900,gan,8.21348,1.81416,0.26879,0.49947,4.14775,1.08517,0.26736,0.02013,0.24976,11593.4,5.9769,0,1.000000e-04
63925,gan,8.16516,1.74346,0.28624,0.46484,4.28942,1.09404,0.23521,0.02228,0.23978,11597.7,5.9445,0,1.000000e-04
63950,gan,7.56474,1.70353,0.25884,0.55705,3.79758,0.98149,0.24528,0.01943,0.23464,11602.0,5.9386,0,1.000000e-04
63975,gan,8.22748,1.70313,0.26978,0.61718,4.24480,1.09000,0.27018,0.02012,0.23360,11606.3,5.9003,0,1.000000e-04
64000,gan,8.25296,1.69650,0.28444,0.60930,4.31518,1.10344,0.25734,0.01911,0.24372,11610.6,5.9252,0,1.000000e-04
64025,gan,7.89621,1.69607,0.28681,0.57987,4.06874,1.02605,0.24989,0.01914,0.24463,11627.9,5.9388,0,1.000000e-04
64050,gan,7.93059,1.61037,0.25497,0.50470,4.01639,1.06408,0.28495,0.02398,0.25102,11632.2,5.9415,0,1.000000e-04
64075,gan,8.85586,1.86569,0.31721,0.58923,4.65118,1.20363,0.25577,0.02162,0.23968,11636.6,5.9039,0,1.000000e-04
64100,gan,8.15057,1.68233,0.28157,0.58188,4.19263,0.95992,0.30078,0.02623,0.23822,11640.9,5.8810,0,1.000000e-04
64125,gan,7.16591,1.38456,0.23963,0.47940,3.84722,0.85904,0.24621,0.01835,0.25119,11645.3,5.8954,0,1.000000e-04
64150,gan,8.01577,1.65689,0.27005,0.54972,4.17715,1.00019,0.27007,0.01928,0.24946,11649.8,5.8200,0,1.000000e-04
64175,gan,7.20102,1.41106,0.23704,0.45847,3.84184,0.89562,0.24095,0.01913,0.24521,11654.1,5.8731,0,1.000000e-04
64200,gan,7.93364,1.59490,0.25958,0.54327,4.11962,1.03869,0.26995,0.02033,0.24202,11658.3,5.9254,0,1.000000e-04
64225,gan,7.90543,1.67674,0.31246,0.52883,4.14660,0.98719,0.24757,0.02049,0.24442,11662.6,5.9494,0,1.000000e-04
64250,gan,8.02135,1.51338,0.27823,0.50081,4.14418,1.01286,0.31160,0.02662,0.24424,11666.9,5.9338,0,1.000000e-04
64275,gan,8.19546,1.81979,0.26434,0.69610,4.20400,1.05428,0.25029,0.02017,0.23835,11671.1,5.9412,0,1.000000e-04
64300,gan,7.89755,1.65107,0.27864,0.40164,4.17010,1.01030,0.24450,0.02004,0.24463,11675.4,5.9145,0,1.000000e-04
64325,gan,7.50242,1.46467,0.23507,0.50761,4.04344,0.89469,0.25142,0.01967,0.24523,11679.8,5.9180,0,1.000000e-04
64350,gan,7.65658,1.60910,0.24792,0.47403,4.00768,0.97543,0.24284,0.02083,0.24568,11684.0,5.9522,0,1.000000e-04
64375,gan,7.52741,1.47430,0.27550,0.43580,3.99726,0.99636,0.24225,0.01935,0.25022,11688.2,5.9602,0,1.000000e-04
64400,gan,7.62784,1.73819,0.25027,0.61027,3.89279,0.91912,0.24292,0.02001,0.24215,11692.5,5.9504,0,1.000000e-04
64425,gan,8.15718,1.62854,0.25978,0.42396,4.34417,1.12623,0.24223,0.02092,0.24182,11696.8,5.9622,0,1.000000e-04
64450,gan,8.49457,1.68349,0.28287,0.57942,4.30470,1.09834,0.32301,0.02978,0.25421,11701.0,5.9890,0,1.000000e-04
64475,gan,8.14860,1.59417,0.30262,0.61048,4.22271,1.01799,0.29946,0.02457,0.24183,11705.2,6.0054,0,1.000000e-04
64500,gan,7.74905,1.63645,0.26877,0.54198,4.08308,0.99905,0.23202,0.02130,0.23905,11709.5,5.9789,0,1.000000e-04
64525,gan,8.50882,1.78773,0.32120,0.36193,4.45767,1.13015,0.26051,0.02293,0.23384,11714.0,5.9214,0,1.000000e-04
64550,gan,7.67287,1.40586,0.23194,0.44696,4.16723,0.92508,0.27186,0.01938,0.24071,11718.3,5.9196,0,1.000000e-04
64575,gan,7.67506,1.57311,0.24703,0.49259,3.94674,0.95879,0.27581,0.01922,0.24997,11722.6,5.9362,0,1.000000e-04
64600,gan,8.06820,1.75873,0.31006,0.42864,4.12201,1.16333,0.23169,0.02350,0.25082,11726.8,5.9579,0,1.000000e-04
64625,gan,7.91364,1.44731,0.27503,0.47780,4.27564,1.00982,0.27134,0.02024,0.25160,11731.1,5.9221,0,1.000000e-04
64650,gan,8.31303,1.66563,0.31890,0.52788,4.50301,1.10683,0.23323,0.01996,0.24183,11735.5,5.8861,0,1.000000e-04
64675,gan,8.57815,1.80603,0.31738,0.59635,4.51901,1.10068,0.25995,0.02126,0.23529,11739.8,5.8593,0,1.000000e-04
64700,gan,8.80892,1.90496,0.33941,0.45386,4.50002,1.23051,0.26745,0.02431,0.24168,11744.0,5.9509,0,1.000000e-04
64725,gan,8.14289,1.63541,0.27265,0.44964,4.27645,1.09228,0.26158,0.02020,0.23855,11748.4,5.8991,0,1.000000e-04
64750,gan,8.26952,1.59596,0.29604,0.40652,4.28816,1.14063,0.28686,0.02709,0.23395,11752.6,5.9545,0,1.000000e-04
64775,gan,7.60174,1.52218,0.23441,0.54807,3.94603,0.95567,0.27040,0.01803,0.24494,11756.9,5.9433,0,1.000000e-04
64800,gan,8.56811,1.73140,0.30535,0.58099,4.44341,1.17618,0.27620,0.02371,0.22667,11761.2,5.9296,0,1.000000e-04
64825,gan,7.86365,1.51997,0.25423,0.34970,4.12311,1.01263,0.28122,0.02269,0.24429,11765.4,5.9670,0,1.000000e-04
64850,gan,7.57820,1.40790,0.21600,0.52916,3.98035,0.89179,0.30001,0.02362,0.25209,11769.7,5.9772,0,1.000000e-04
64875,gan,8.16769,1.79229,0.30913,0.47301,4.18038,1.12126,0.24379,0.02040,0.24341,11774.0,5.9620,0,1.000000e-04
64900,gan,6.82424,1.36828,0.20645,0.44260,3.55447,0.74514,0.26828,0.01830,0.24983,11778.3,5.9374,0,1.000000e-04
64925,gan,8.04100,1.50431,0.29024,0.51003,4.33298,1.07509,0.25751,0.01855,0.24140,11782.5,5.9326,0,1.000000e-04
64950,gan,8.31423,1.71766,0.29581,0.55477,4.29408,1.09535,0.27521,0.02124,0.24795,11786.8,5.9372,0,1.000000e-04
64975,gan,7.74327,1.56435,0.26590,0.48940,4.11812,1.04851,0.22903,0.02064,0.24576,11791.1,5.9262,0,1.000000e-04
65000,gan,7.95062,1.62501,0.27248,0.48527,4.10588,1.05327,0.26764,0.02010,0.24240,11795.4,5.9064,0,1.000000e-04
65025,gan,7.78707,1.68068,0.27223,0.50376,3.95251,0.99288,0.26579,0.02025,0.23829,11800.1,5.8924,0,1.000000e-04
65050,gan,7.20568,1.45961,0.24327,0.49796,3.68715,0.89639,0.26775,0.01740,0.24765,11804.3,5.9565,0,1.000000e-04
65075,gan,7.96095,1.67874,0.25299,0.53155,4.23130,1.03989,0.22689,0.02499,0.24569,11808.6,5.9118,0,1.000000e-04
65100,gan,7.59578,1.44717,0.24334,0.57215,3.96677,0.95530,0.28150,0.01896,0.25040,11813.0,5.9000,0,1.000000e-04
65125,gan,7.87597,1.64182,0.26278,0.60312,4.12368,0.98069,0.25642,0.01750,0.24863,11817.3,5.8993,0,1.000000e-04
65150,gan,7.95881,1.74155,0.27086,0.52064,4.10150,1.04273,0.24324,0.02093,0.24760,11821.5,5.9159,0,1.000000e-04
65175,gan,8.10822,1.68367,0.26126,0.54720,4.21621,1.08661,0.25536,0.01944,0.24416,11825.9,5.8721,0,1.000000e-04
65200,gan,7.56373,1.55666,0.27532,0.46415,3.94956,0.95478,0.25257,0.01851,0.24916,11830.2,5.8840,0,1.000000e-04
65225,gan,7.79315,1.63299,0.26379,0.46447,4.12575,0.98059,0.24030,0.01980,0.23807,11834.5,5.9074,0,1.000000e-04
65250,gan,7.60078,1.49995,0.24265,0.49693,4.00872,0.94256,0.26440,0.01799,0.24766,11838.8,5.8973,0,1.000000e-04
65275,gan,8.59433,1.80912,0.30888,0.55071,4.46951,1.20323,0.25128,0.02139,0.23776,11843.1,5.9309,0,1.000000e-04
65300,gan,7.75816,1.51453,0.27219,0.54439,4.02047,1.01421,0.27650,0.02130,0.23598,11847.4,5.9235,0,1.000000e-04
65325,gan,8.49997,1.68616,0.30936,0.48332,4.45141,1.12430,0.28429,0.02168,0.24121,11851.6,5.9527,0,1.000000e-04
65350,gan,7.95485,1.59827,0.26840,0.46682,4.15901,0.99855,0.27567,0.02283,0.23772,11855.9,5.9471,0,1.000000e-04
65375,gan,8.49226,1.64694,0.29446,0.62132,4.59365,1.16507,0.24387,0.01953,0.23866,11860.3,5.8922,0,1.000000e-04
65400,gan,7.67440,1.40097,0.24429,0.57459,4.15743,0.99031,0.25653,0.01769,0.24145,11864.6,5.8937,0,1.000000e-04
65425,gan,7.62785,1.40898,0.26146,0.37618,4.03128,0.94586,0.28886,0.02253,0.24358,11868.8,5.9773,0,1.000000e-04
65450,gan,7.50626,1.57515,0.25753,0.49542,3.80657,1.04903,0.24512,0.01973,0.24146,11873.2,5.9357,0,1.000000e-04
65475,gan,8.00374,1.71597,0.26088,0.46202,4.09491,1.04004,0.26566,0.01787,0.25363,11877.6,5.8974,0,1.000000e-04
65500,gan,8.00598,1.70043,0.25727,0.42140,4.10875,1.05641,0.26349,0.01855,0.25338,11881.8,5.9260,0,1.000000e-04
65525,gan,7.88758,1.64761,0.27507,0.45540,4.05241,1.01280,0.27017,0.02103,0.24645,11886.3,5.9422,0,1.000000e-04
65550,gan,7.06508,1.23530,0.21004,0.40803,3.89904,0.83320,0.25487,0.01625,0.24509,11890.6,5.9493,0,1.000000e-04
65575,gan,8.23486,1.61712,0.27173,0.40829,4.37047,1.15774,0.25079,0.01839,0.24812,11894.8,5.9346,0,1.000000e-04
65600,gan,8.70453,1.69279,0.30852,0.50129,4.46985,1.10517,0.33174,0.02876,0.24011,11899.2,5.9142,0,1.000000e-04
65625,gan,7.95665,1.64949,0.27298,0.64066,3.95873,0.89538,0.33342,0.02800,0.25111,11903.4,5.9524,0,1.000000e-04
65650,gan,7.94930,1.62753,0.27678,0.58117,4.11685,1.02396,0.26891,0.01952,0.24939,11907.6,6.0119,0,1.000000e-04
65675,gan,8.73328,1.66990,0.29350,0.40791,4.51251,1.18017,0.31812,0.02809,0.23364,11911.9,5.9819,0,1.000000e-04
65700,gan,8.38611,1.77113,0.30323,0.50056,4.27171,1.08067,0.28962,0.02373,0.23898,11916.2,5.9308,0,1.000000e-04
65725,gan,7.48039,1.50159,0.24310,0.40301,4.02960,0.91525,0.23736,0.01989,0.24644,11920.5,5.9255,0,1.000000e-04
65750,gan,7.26622,1.36363,0.20754,0.61034,3.85058,0.88145,0.26711,0.02034,0.23850,11924.7,5.9729,0,1.000000e-04
65775,gan,8.51198,1.79544,0.32420,0.39131,4.39425,1.20574,0.25604,0.02084,0.23566,11929.0,5.9560,0,1.000000e-04
65800,gan,7.40184,1.41047,0.23661,0.52506,3.93573,0.86658,0.27355,0.01867,0.24927,11933.3,5.9123,0,1.000000e-04
65825,gan,8.13811,1.81046,0.30550,0.36760,4.15796,1.11231,0.24198,0.02214,0.24014,11937.6,5.9289,0,1.000000e-04
65850,gan,8.45801,1.81358,0.32455,0.57787,4.42105,1.19972,0.22723,0.02449,0.23719,11941.8,5.9717,0,1.000000e-04
65875,gan,9.05761,1.82133,0.32904,0.45095,4.79219,1.25460,0.27259,0.02112,0.24572,11946.0,5.9976,0,1.000000e-04
65900,gan,7.79215,1.63109,0.27569,0.63816,3.99420,1.02310,0.25794,0.02060,0.24082,11950.3,5.9704,0,1.000000e-04
65925,gan,8.86704,1.86786,0.35652,0.59285,4.51594,1.28477,0.26979,0.02438,0.22543,11954.6,5.9470,0,1.000000e-04
65950,gan,7.63009,1.50335,0.26524,0.50998,3.96998,0.91103,0.28700,0.02022,0.24975,11959.0,5.9185,0,1.000000e-04
65975,gan,7.67377,1.58343,0.25547,0.50193,3.94427,0.95753,0.27335,0.01939,0.23396,11963.3,5.8789,0,1.000000e-04
66000,gan,8.07075,1.75862,0.25022,0.50836,4.08106,1.04202,0.27346,0.01937,0.25296,11967.7,5.8777,0,1.000000e-04
66025,gan,8.06644,1.59295,0.27521,0.29513,4.25628,1.11787,0.25515,0.02171,0.23583,11984.8,5.9187,0,1.000000e-04
66050,gan,8.62370,1.83099,0.31581,0.66794,4.28750,1.12378,0.31385,0.02765,0.24370,11989.1,5.9469,0,1.000000e-04
66075,gan,7.67947,1.49287,0.23430,0.59547,3.93500,0.93146,0.30301,0.02512,0.24808,11993.4,5.9294,0,1.000000e-04
66100,gan,8.01957,1.74198,0.30954,0.46211,4.13436,1.03495,0.25304,0.01897,0.24674,11997.7,5.9064,0,1.000000e-04
66125,gan,8.59964,1.84325,0.29400,0.47826,4.47971,1.15792,0.25536,0.02009,0.25287,12002.0,5.9429,0,1.000000e-04
66150,gan,8.19565,1.79321,0.30862,0.49211,4.17225,1.04077,0.27255,0.01917,0.24039,12006.2,5.9520,0,1.000000e-04
66175,gan,7.91070,1.43289,0.26404,0.45041,4.24706,1.04315,0.27459,0.01781,0.25409,12010.4,6.0015,0,1.000000e-04
66200,gan,7.92944,1.61016,0.27632,0.52807,4.27161,0.96672,0.24529,0.01934,0.24842,12014.6,6.0329,0,1.000000e-04
66225,gan,8.17939,1.73363,0.26917,0.47706,4.17687,1.02766,0.28605,0.02238,0.24495,12018.9,5.9922,0,1.000000e-04
66250,gan,7.90288,1.53920,0.27942,0.60418,4.03799,0.97089,0.31013,0.02592,0.24799,12023.2,5.9633,0,1.000000e-04
66275,gan,8.59014,1.70013,0.31168,0.61719,4.43503,1.22370,0.27919,0.02164,0.23330,12027.5,5.9628,0,1.000000e-04
66300,gan,8.57197,1.84544,0.32310,0.62507,4.52559,1.13394,0.23761,0.02174,0.24251,12031.7,5.9571,0,1.000000e-04
66325,gan,7.55709,1.55326,0.25282,0.62392,3.98178,1.00616,0.22595,0.02440,0.23085,12036.0,5.9453,0,1.000000e-04
66350,gan,8.51014,1.98335,0.33268,0.50569,4.28552,1.14199,0.24812,0.02298,0.23862,12040.3,5.9167,0,1.000000e-04
66375,gan,7.76008,1.58275,0.26815,0.51832,4.02736,0.92336,0.28163,0.02145,0.24686,12044.6,5.9143,0,1.000000e-04
66400,gan,7.79888,1.53250,0.24279,0.65082,3.91263,0.91628,0.32923,0.03120,0.23910,12048.9,5.9396,0,1.000000e-04
66425,gan,8.07603,1.69459,0.31657,0.61115,4.16499,1.05797,0.26164,0.01914,0.23835,12053.2,5.9184,0,1.000000e-04
66450,gan,7.56710,1.52783,0.23316,0.35478,3.94991,0.96046,0.26275,0.01909,0.24168,12057.5,5.8966,0,1.000000e-04
66475,gan,8.28775,1.76807,0.31783,0.36686,4.36961,1.12392,0.23328,0.02457,0.25206,12061.8,5.9392,0,1.000000e-04
66500,gan,7.97980,1.44811,0.26592,0.51445,4.24112,1.07105,0.28039,0.01992,0.24490,12065.9,5.9942,0,1.000000e-04
66525,gan,8.05615,1.53961,0.28484,0.60988,4.35107,1.05078,0.25160,0.01881,0.23584,12070.3,5.9750,0,1.000000e-04
66550,gan,7.93074,1.63889,0.29759,0.51744,4.10903,1.10831,0.24313,0.02050,0.24335,12074.6,5.9651,0,1.000000e-04
66575,gan,8.24208,1.63081,0.28987,0.47657,4.40660,1.05251,0.26368,0.02080,0.23750,12078.8,5.9838,0,1.000000e-04
66600,gan,8.29790,1.67535,0.30699,0.50886,4.35004,1.09015,0.27046,0.01891,0.24162,12083.3,5.9333,0,1.000000e-04
66625,gan,8.18029,1.68052,0.31195,0.49914,4.25424,1.15003,0.24878,0.01928,0.23762,12087.5,5.9561,0,1.000000e-04
66650,gan,7.37040,1.40984,0.24444,0.54046,3.89750,0.94424,0.25583,0.01702,0.24582,12091.8,5.9191,0,1.000000e-04
66675,gan,8.10710,1.70224,0.27658,0.53864,4.17342,1.01413,0.27867,0.02113,0.24063,12096.1,5.9287,0,1.000000e-04
66700,gan,7.51070,1.52360,0.24935,0.54617,3.88752,0.90145,0.27471,0.01973,0.24282,12100.4,5.9634,0,1.000000e-04
66725,gan,7.92560,1.63347,0.26433,0.53784,4.14287,1.03183,0.25459,0.01885,0.24371,12104.7,5.9127,0,1.000000e-04
66750,gan,7.47839,1.50855,0.25355,0.40628,3.90229,0.93271,0.26212,0.02037,0.23807,12109.0,5.9289,0,1.000000e-04
66775,gan,7.94523,1.53592,0.25370,0.59410,4.17872,1.06444,0.26587,0.01791,0.24691,12113.2,5.9820,0,1.000000e-04
66800,gan,7.11997,1.42980,0.23737,0.36008,3.72835,0.93010,0.23774,0.02101,0.24468,12117.4,5.9802,0,1.000000e-04
66825,gan,8.09230,1.71848,0.28696,0.50667,4.26174,1.07970,0.23271,0.02219,0.24372,12121.7,5.9844,0,1.000000e-04
66850,gan,7.83816,1.67827,0.31449,0.49770,4.01090,1.02614,0.25573,0.01872,0.24561,12125.9,6.0069,0,1.000000e-04
66875,gan,7.81671,1.57393,0.26225,0.68369,4.16497,0.91448,0.26191,0.02110,0.23847,12130.1,5.9892,0,1.000000e-04
66900,gan,7.42358,1.43629,0.25200,0.58080,3.81873,0.96754,0.27476,0.01870,0.24140,12134.5,5.9429,0,1.000000e-04
66925,gan,8.65954,1.86413,0.30307,0.52600,4.51562,1.17769,0.24953,0.02105,0.23490,12138.7,5.9723,0,1.000000e-04
66950,gan,8.24834,1.67544,0.30748,0.53883,4.36190,1.07218,0.25926,0.01715,0.24685,12142.9,5.9988,0,1.000000e-04
66975,gan,8.21023,1.67608,0.31038,0.54960,4.35045,1.05681,0.25545,0.01909,0.24598,12147.3,5.8976,0,1.000000e-04
67000,gan,7.93659,1.59338,0.25859,0.40795,4.19728,1.03680,0.25602,0.01841,0.24801,12151.6,5.9045,0,1.000000e-04
67025,gan,8.87322,2.09756,0.35386,0.50625,4.42482,1.29104,0.23773,0.02287,0.23478,12156.1,5.8920,0,1.000000e-04
67050,gan,8.16500,1.57183,0.26851,0.51353,4.18189,1.11629,0.29800,0.02481,0.24070,12160.4,5.9194,0,1.000000e-04
67075,gan,8.48755,1.74121,0.33315,0.60019,4.45935,1.22502,0.23720,0.01984,0.24468,12164.6,5.9327,0,1.000000e-04
67100,gan,9.44733,2.20806,0.38720,0.65527,4.71045,1.33771,0.26597,0.02299,0.23173,12168.9,5.9329,0,1.000000e-04
67125,gan,7.93953,1.68974,0.29226,0.55615,4.02206,1.06293,0.26508,0.01963,0.24187,12173.2,5.9281,0,1.000000e-04
67150,gan,7.23778,1.30437,0.22304,0.38123,3.80920,0.86080,0.29542,0.02130,0.25080,12177.5,5.9070,0,1.000000e-04
67175,gan,8.55326,1.77297,0.30141,0.53819,4.57011,1.25140,0.21200,0.02681,0.24488,12181.7,5.9640,0,1.000000e-04
67200,gan,7.85017,1.59329,0.28391,0.44033,4.19587,1.06068,0.22607,0.02364,0.25085,12186.0,5.9815,0,1.000000e-04
67225,gan,7.79021,1.53131,0.24033,0.51966,4.11153,0.96680,0.27129,0.01940,0.24248,12190.3,5.9597,0,1.000000e-04
67250,gan,8.21079,1.54903,0.27897,0.48005,4.43744,1.04120,0.27216,0.01859,0.24607,12194.5,6.0299,0,1.000000e-04
67275,gan,8.39260,1.75734,0.30024,0.53278,4.45115,1.18197,0.22314,0.02629,0.23606,12198.7,6.0183,0,1.000000e-04
67300,gan,7.93839,1.52964,0.29526,0.33285,4.21031,1.05923,0.26468,0.01767,0.24292,12203.0,5.9584,0,1.000000e-04
67325,gan,7.53159,1.53081,0.24678,0.45220,3.96811,0.89445,0.26260,0.01791,0.24706,12207.3,5.9308,0,1.000000e-04
67350,gan,7.05815,1.43155,0.22614,0.35914,3.74267,0.80271,0.25102,0.01863,0.24838,12211.5,5.9926,0,1.000000e-04
67375,gan,7.37283,1.57857,0.24053,0.39277,3.85626,0.90544,0.23701,0.02117,0.24755,12215.7,6.0138,0,1.000000e-04
67400,gan,7.73395,1.38772,0.24314,0.56675,4.18052,1.03351,0.25843,0.01749,0.24478,12219.9,6.0133,0,1.000000e-04
67425,gan,8.19637,1.76315,0.31211,0.41782,4.19085,1.12897,0.25500,0.02040,0.24101,12224.2,5.9941,0,1.000000e-04
67450,gan,7.60921,1.50255,0.25927,0.49405,4.06825,0.96629,0.24398,0.02089,0.23772,12228.5,5.9524,0,1.000000e-04
67475,gan,8.12980,1.75903,0.31561,0.44219,4.22684,1.11573,0.23243,0.02268,0.24757,12232.9,5.8900,0,1.000000e-04
67500,gan,8.32663,1.66907,0.30122,0.44660,4.17754,1.15821,0.30527,0.02592,0.24137,12237.2,5.9125,0,1.000000e-04
67525,gan,7.72927,1.60865,0.26542,0.64911,3.93280,0.96855,0.27732,0.01854,0.24590,12241.7,5.8733,0,1.000000e-04
67550,gan,8.45667,1.79850,0.29659,0.50720,4.28599,1.18137,0.27248,0.02051,0.24233,12246.0,5.8589,0,1.000000e-04
67575,gan,8.12392,1.58985,0.25062,0.41210,4.19170,1.05188,0.29939,0.02667,0.24286,12250.4,5.8684,0,1.000000e-04
67600,gan,7.74874,1.52087,0.26852,0.49854,3.96891,0.98728,0.29319,0.02220,0.24541,12254.6,5.9319,0,1.000000e-04
67625,gan,7.34163,1.50319,0.23086,0.49952,3.84145,0.91833,0.24684,0.01826,0.23772,12258.9,5.9303,0,1.000000e-04
67650,gan,8.07717,1.47015,0.27558,0.56760,4.29610,1.04962,0.28949,0.01904,0.24203,12263.1,5.9464,0,1.000000e-04
67675,gan,7.66285,1.45289,0.25242,0.39592,4.10152,0.95579,0.26776,0.01679,0.25033,12267.4,5.9715,0,1.000000e-04
67700,gan,7.95956,1.66510,0.32393,0.40188,4.03516,1.16813,0.24958,0.02027,0.24067,12271.6,6.0015,0,1.000000e-04
67725,gan,7.83207,1.58020,0.26240,0.48662,4.15988,1.00298,0.24867,0.01945,0.25333,12275.9,5.9663,0,1.000000e-04
67750,gan,7.07431,1.31954,0.23717,0.53667,3.83675,0.80724,0.25433,0.01608,0.24664,12280.1,5.9648,0,1.000000e-04
67775,gan,8.75932,1.69645,0.31613,0.54592,4.55709,1.16887,0.30603,0.02658,0.24548,12284.4,5.9821,0,1.000000e-04
67800,gan,7.95475,1.55385,0.28324,0.39323,4.17670,1.02102,0.27897,0.01966,0.25472,12288.7,5.9552,0,1.000000e-04
67825,gan,7.77733,1.56131,0.26144,0.52432,3.99465,1.06233,0.26512,0.02000,0.24537,12293.1,5.8900,0,1.000000e-04
67850,gan,7.61304,1.53479,0.26914,0.46987,4.02978,1.00619,0.23687,0.02088,0.23673,12297.4,5.9317,0,1.000000e-04
67875,gan,7.89641,1.53796,0.25047,0.57289,4.23956,1.07089,0.23590,0.02207,0.23563,12301.7,5.9139,0,1.000000e-04
67900,gan,7.92364,1.56215,0.25953,0.49891,4.04999,1.06828,0.28657,0.02108,0.24274,12306.0,5.9074,0,1.000000e-04
67925,gan,7.29194,1.41817,0.22750,0.58849,3.95258,0.90804,0.22766,0.02091,0.24852,12310.4,5.8740,0,1.000000e-04
67950,gan,7.23752,1.36244,0.22544,0.44797,3.71013,0.87224,0.30032,0.02410,0.24592,12314.6,5.8897,0,1.000000e-04
67975,gan,7.54418,1.55816,0.23311,0.56222,3.95014,1.00200,0.23247,0.02445,0.24786,12318.9,5.9212,0,1.000000e-04
68000,gan,7.81279,1.55956,0.28123,0.49213,4.11263,1.00615,0.25918,0.02040,0.23494,12323.1,5.9473,0,1.000000e-04
68025,gan,8.47783,1.59397,0.30569,0.47510,4.48458,1.10842,0.29720,0.02399,0.24429,12340.2,5.9466,0,1.000000e-04
68050,gan,7.67824,1.44629,0.24363,0.37168,3.98044,0.92002,0.31029,0.02879,0.25501,12344.4,6.0088,0,1.000000e-04
68075,gan,7.90874,1.53925,0.25465,0.57415,4.19538,0.99872,0.26823,0.01959,0.24674,12348.8,5.9217,0,1.000000e-04
68100,gan,8.55403,1.81507,0.31008,0.48501,4.35228,1.17366,0.27821,0.02066,0.24060,12353.1,5.9387,0,1.000000e-04
68125,gan,7.51571,1.38746,0.25538,0.52331,3.97572,0.94840,0.27720,0.01747,0.25448,12357.5,5.8584,0,1.000000e-04
68150,gan,7.18769,1.37572,0.21478,0.41480,3.82090,0.87420,0.25793,0.02218,0.25587,12361.8,5.8875,0,1.000000e-04
68175,gan,8.03440,1.80892,0.29068,0.51618,4.14527,0.96111,0.25482,0.01915,0.24223,12366.1,5.9240,0,1.000000e-04
68200,gan,7.51037,1.54441,0.25534,0.52648,3.93096,0.96485,0.24312,0.01948,0.24974,12370.4,5.9190,0,1.000000e-04
68225,gan,7.29316,1.57943,0.25715,0.46357,3.70700,0.91626,0.25041,0.01677,0.24125,12374.7,5.9064,0,1.000000e-04
68250,gan,8.55127,1.80373,0.31735,0.62019,4.41868,1.22519,0.24756,0.01965,0.24743,12379.1,5.8488,0,1.000000e-04
68275,gan,8.55981,1.77211,0.36996,0.59644,4.52561,1.16257,0.24580,0.01967,0.23883,12383.4,5.8954,0,1.000000e-04
68300,gan,7.70718,1.61160,0.28645,0.46862,3.88689,0.96620,0.28591,0.02333,0.24084,12387.7,5.8749,0,1.000000e-04
68325,gan,7.18111,1.45927,0.24098,0.55473,3.77679,0.86547,0.24525,0.01899,0.24521,12392.0,5.8967,0,1.000000e-04
68350,gan,7.59742,1.49963,0.26081,0.38231,3.81694,0.98372,0.30192,0.02516,0.23995,12396.3,5.9236,0,1.000000e-04
68375,gan,7.64011,1.59766,0.25779,0.72103,3.80192,0.90341,0.30383,0.02391,0.25416,12400.5,5.9421,0,1.000000e-04
68400,gan,7.51514,1.42966,0.23461,0.43708,3.98991,0.98505,0.25618,0.01862,0.24820,12404.8,5.9152,0,1.000000e-04
68425,gan,7.83534,1.47653,0.26327,0.52429,4.15470,0.98169,0.28062,0.02117,0.24862,12409.2,5.8675,0,1.000000e-04
68450,gan,7.47342,1.46132,0.27396,0.51701,3.99959,0.93276,0.24542,0.01898,0.24582,12413.6,5.8715,0,1.000000e-04
68475,gan,8.54990,1.73677,0.31243,0.45002,4.50097,1.10539,0.27747,0.02065,0.24130,12417.8,5.8963,0,1.000000e-04
68500,gan,7.88525,1.56908,0.27102,0.41831,4.15889,1.03715,0.25787,0.01974,0.24483,12422.1,5.9093,0,1.000000e-04
68525,gan,8.15172,1.52168,0.28636,0.51829,4.35856,1.11592,0.26309,0.02274,0.25277,12426.6,5.9026,0,1.000000e-04
68550,gan,8.10975,1.67118,0.28393,0.64138,4.13792,1.08913,0.27443,0.02129,0.23448,12430.8,5.9389,0,1.000000e-04
68575,gan,8.72418,1.84554,0.35401,0.33869,4.48364,1.23331,0.26791,0.02079,0.23842,12435.1,5.9356,0,1.000000e-04
68600,gan,7.61494,1.55520,0.25087,0.52272,3.98204,0.93342,0.26192,0.01922,0.24939,12439.4,5.9511,0,1.000000e-04
68625,gan,8.29631,1.76374,0.32421,0.57623,4.37944,1.08711,0.23885,0.02059,0.23999,12443.6,5.9622,0,1.000000e-04
68650,gan,8.16193,1.74001,0.32186,0.40929,4.22236,1.10424,0.24989,0.02266,0.23519,12447.9,5.9317,0,1.000000e-04
68675,gan,7.60185,1.48870,0.26191,0.53360,4.11375,0.95694,0.23560,0.02053,0.25528,12452.2,5.9321,0,1.000000e-04
68700,gan,7.97904,1.57643,0.30181,0.51613,4.14904,1.06169,0.27293,0.01835,0.24644,12456.5,5.9027,0,1.000000e-04
68725,gan,8.08792,1.66211,0.29699,0.40753,4.19517,1.04313,0.27410,0.02064,0.24221,12460.8,5.9225,0,1.000000e-04
68750,gan,8.53771,1.96309,0.33010,0.31730,4.30334,1.13907,0.26161,0.02103,0.23764,12465.2,5.9074,0,1.000000e-04
68775,gan,7.42906,1.51190,0.26720,0.63044,3.76676,0.95366,0.27189,0.01941,0.24404,12469.4,5.9246,0,1.000000e-04
68800,gan,7.20770,1.35063,0.24233,0.37997,3.94575,0.92584,0.22578,0.02013,0.24875,12473.7,5.9325,0,1.000000e-04
68825,gan,8.39277,1.66464,0.30071,0.44717,4.42284,1.11119,0.27477,0.02025,0.24178,12478.0,5.9005,0,1.000000e-04
68850,gan,8.12127,1.74691,0.29630,0.45188,4.25183,1.05304,0.24427,0.01760,0.24457,12482.3,5.9067,0,1.000000e-04
68875,gan,7.58377,1.48397,0.22644,0.57314,3.84670,0.92422,0.30617,0.02426,0.24919,12486.5,5.9559,0,1.000000e-04
68900,gan,7.90219,1.47623,0.29222,0.53034,4.32871,1.08721,0.22640,0.02218,0.24576,12490.8,5.9440,0,1.000000e-04
68925,gan,7.47086,1.40446,0.22528,0.50627,3.95871,0.91383,0.27506,0.02047,0.24170,12495.1,5.9410,0,1.000000e-04
68950,gan,8.67301,1.75112,0.31602,0.56785,4.49677,1.23925,0.26923,0.02058,0.23519,12499.5,5.9215,0,1.000000e-04
68975,gan,7.99400,1.62910,0.27000,0.40836,4.20158,1.05444,0.25564,0.01847,0.24085,12503.7,5.9368,0,1.000000e-04
69000,gan,7.82551,1.37314,0.25756,0.47020,4.19288,1.05167,0.27920,0.01824,0.24600,12508.0,5.9403,0,1.000000e-04
69025,gan,8.09045,1.56224,0.27110,0.48965,4.22713,1.07749,0.28192,0.01985,0.24882,12512.6,5.8546,0,1.000000e-04
69050,gan,8.35977,1.76558,0.26263,0.64853,4.27229,1.16777,0.26084,0.01965,0.23468,12516.9,5.8652,0,1.000000e-04
69075,gan,8.17965,1.67281,0.28883,0.64378,4.17232,1.16257,0.26523,0.01776,0.25059,12521.2,5.8811,0,1.000000e-04
69100,gan,7.17962,1.42974,0.21746,0.69476,3.60812,0.87624,0.28816,0.02164,0.24458,12525.6,5.8715,0,1.000000e-04
69125,gan,7.95442,1.65556,0.26511,0.49755,4.08564,0.99677,0.27967,0.02150,0.23355,12529.9,5.8783,0,1.000000e-04
69150,gan,7.63026,1.53927,0.26858,0.64874,3.95891,0.93943,0.27056,0.01868,0.23877,12534.2,5.8916,0,1.000000e-04
69175,gan,7.85298,1.55327,0.28433,0.45766,4.07956,1.02249,0.27558,0.02112,0.24065,12538.6,5.8483,0,1.000000e-04
69200,gan,8.06841,1.67253,0.28205,0.36016,4.09013,1.08673,0.28317,0.02212,0.23572,12542.9,5.8348,0,1.000000e-04
69225,gan,7.30482,1.46957,0.21971,0.58302,3.82329,0.90687,0.25182,0.01753,0.24753,12547.2,5.8904,0,1.000000e-04
69250,gan,7.64466,1.46295,0.24283,0.53247,3.89163,0.94854,0.30989,0.02445,0.24966,12551.4,5.9491,0,1.000000e-04
69275,gan,7.30267,1.39149,0.21275,0.56451,3.83153,0.85760,0.28099,0.02038,0.24808,12555.8,5.8996,0,1.000000e-04
69300,gan,7.50033,1.56740,0.27353,0.37427,3.91528,0.99112,0.23459,0.02340,0.23878,12560.0,5.9097,0,1.000000e-04
69325,gan,8.46711,1.87955,0.27242,0.50008,4.38927,0.97025,0.28126,0.02576,0.22561,12564.3,5.9142,0,1.000000e-04
69350,gan,8.54110,1.81335,0.34257,0.46708,4.51933,1.16997,0.23392,0.02182,0.23988,12568.6,5.9440,0,1.000000e-04
69375,gan,8.07907,1.58821,0.26180,0.32470,4.32094,1.00401,0.27199,0.01930,0.23308,12572.8,5.9638,0,1.000000e-04
69400,gan,8.56581,1.72245,0.29911,0.49049,4.45884,1.12479,0.28929,0.02362,0.24754,12577.2,5.8973,0,1.000000e-04
69425,gan,8.86745,2.03700,0.30975,0.57339,4.35926,1.22518,0.28345,0.02388,0.22789,12581.5,5.9138,0,1.000000e-04
69450,gan,8.52835,1.68768,0.28826,0.40795,4.39100,1.07016,0.32063,0.02737,0.24370,12585.9,5.8770,0,1.000000e-04
69475,gan,7.84052,1.45773,0.25941,0.54910,4.16245,0.97337,0.28627,0.02106,0.24556,12590.2,5.8492,0,1.000000e-04
69500,gan,8.03939,1.64909,0.25176,0.40825,4.05640,1.00133,0.31046,0.02474,0.24419,12594.5,5.8906,0,1.000000e-04
69525,gan,8.00956,1.64729,0.31824,0.53282,4.07976,1.00837,0.29142,0.02336,0.23916,12599.0,5.8753,0,1.000000e-04
69550,gan,7.64051,1.70377,0.24668,0.59634,3.74274,0.93934,0.28685,0.02298,0.24100,12603.3,5.8953,0,1.000000e-04
69575,gan,7.62448,1.44810,0.25865,0.39258,4.00910,0.98599,0.27429,0.01900,0.23912,12607.7,5.8806,0,1.000000e-04
69600,gan,9.09081,1.92531,0.34311,0.62694,4.62899,1.26142,0.28926,0.02106,0.24882,12612.0,5.8633,0,1.000000e-04
69625,gan,8.28052,1.80789,0.28388,0.69383,4.18674,1.06627,0.27526,0.02081,0.23604,12616.2,5.9258,0,1.000000e-04
69650,gan,8.26377,1.62107,0.29872,0.68465,4.36345,1.07816,0.27027,0.02165,0.23649,12620.6,5.8562,0,1.000000e-04
69675,gan,7.83024,1.53061,0.26906,0.59010,3.98801,0.98183,0.30509,0.02351,0.24254,12625.0,5.8447,0,1.000000e-04
69700,gan,7.55013,1.54630,0.26542,0.37643,3.94371,1.00661,0.24275,0.01833,0.25172,12629.3,5.8873,0,1.000000e-04
69725,gan,7.65225,1.45714,0.23091,0.41871,4.06732,0.94470,0.27473,0.01919,0.24219,12633.5,5.9220,0,1.000000e-04
69750,gan,8.94240,1.96722,0.37440,0.52208,4.47768,1.38220,0.25083,0.02232,0.23482,12637.8,5.9153,0,1.000000e-04
69775,gan,8.31437,1.70529,0.28696,0.38259,4.31507,1.14370,0.26520,0.02256,0.23679,12642.2,5.8875,0,1.000000e-04
69800,gan,7.64257,1.58622,0.25614,0.48226,3.99586,1.02119,0.23668,0.01875,0.24311,12646.6,5.8551,0,1.000000e-04
69825,gan,8.02475,1.72458,0.27405,0.54859,4.20225,1.03606,0.24015,0.01900,0.24009,12650.9,5.8416,0,1.000000e-04
69850,gan,8.10834,1.85651,0.27982,0.41283,4.10588,1.07057,0.24691,0.01849,0.24333,12655.3,5.8606,0,1.000000e-04
69875,gan,8.05689,1.68949,0.29516,0.53618,4.20754,1.09546,0.24094,0.01748,0.24798,12659.7,5.8085,0,1.000000e-04
69900,gan,7.90941,1.55864,0.27550,0.45849,4.14837,1.00540,0.27580,0.02039,0.24698,12664.0,5.8428,0,1.000000e-04
69925,gan,7.91130,1.62364,0.23005,0.53417,3.97134,1.01999,0.29879,0.02475,0.23693,12668.3,5.8684,0,1.000000e-04
69950,gan,7.69411,1.68775,0.25706,0.35295,3.89164,0.97020,0.26612,0.01904,0.23967,12672.7,5.8734,0,1.000000e-04
69975,gan,8.01715,1.58986,0.25493,0.45340,4.23263,0.99097,0.27763,0.02232,0.23751,12677.0,5.8554,0,1.000000e-04
70000,gan,7.19658,1.41078,0.23781,0.44889,3.77600,0.85548,0.26643,0.01995,0.24114,12681.3,5.8818,0,1.000000e-04
70025,gan,7.94753,1.59858,0.27985,0.47224,4.24635,1.03460,0.24376,0.01774,0.24649,12699.1,5.8380,0,1.000000e-04
70050,gan,7.88288,1.57073,0.27418,0.46428,4.15917,1.04991,0.25198,0.02131,0.24868,12703.5,5.8131,0,1.000000e-04
70075,gan,7.77798,1.53112,0.27584,0.63172,4.13914,0.99617,0.25090,0.01718,0.24519,12707.8,5.8332,0,1.000000e-04
70100,gan,8.03391,1.74307,0.29796,0.44460,4.19553,1.10793,0.22256,0.02291,0.24681,12712.1,5.9113,0,1.000000e-04
70125,gan,7.09716,1.43311,0.22167,0.47892,3.68987,0.90661,0.24510,0.01710,0.24954,12716.4,5.8881,0,1.000000e-04
70150,gan,8.07071,1.69674,0.29957,0.61053,4.15207,1.05338,0.26467,0.01881,0.25414,12720.7,5.8964,0,1.000000e-04
70175,gan,8.48870,1.85561,0.32163,0.64154,4.37144,1.17143,0.24345,0.02010,0.23860,12725.0,5.8900,0,1.000000e-04
70200,gan,7.84556,1.47974,0.27723,0.46600,4.20935,0.98524,0.26953,0.01881,0.24170,12729.3,5.9144,0,1.000000e-04
70225,gan,7.92283,1.62125,0.27905,0.60968,4.12076,1.02866,0.26072,0.02041,0.22988,12733.7,5.8665,0,1.000000e-04
70250,gan,7.88451,1.59621,0.26200,0.44131,4.09359,1.03748,0.26700,0.01890,0.24419,12738.1,5.8297,0,1.000000e-04
70275,gan,8.00316,1.65120,0.27577,0.51540,4.12746,1.06413,0.26559,0.01888,0.24594,12742.4,5.8422,0,1.000000e-04
70300,gan,8.55089,1.81967,0.29287,0.62806,4.26965,1.11331,0.30710,0.02778,0.23786,12746.8,5.8452,0,1.000000e-04
70325,gan,7.73478,1.56722,0.25183,0.50272,4.04405,0.92296,0.27662,0.01862,0.24665,12751.0,5.9382,0,1.000000e-04
70350,gan,8.72601,1.83902,0.34755,0.38166,4.46643,1.17490,0.28802,0.02065,0.24615,12755.2,5.9674,0,1.000000e-04
70375,gan,8.32785,1.84939,0.31208,0.60856,4.18474,1.13354,0.26210,0.01971,0.24547,12759.5,5.9602,0,1.000000e-04
70400,gan,8.14272,1.85729,0.26813,0.42639,4.07976,1.04290,0.26853,0.01920,0.23906,12763.8,5.9462,0,1.000000e-04
70425,gan,8.66803,1.81457,0.31560,0.41602,4.53355,1.14490,0.26964,0.02326,0.24073,12768.1,5.9560,0,1.000000e-04
70450,gan,8.42949,1.52102,0.28395,0.48541,4.47229,1.08049,0.31348,0.02483,0.25268,12772.4,5.9336,0,1.000000e-04
70475,gan,8.43621,1.87512,0.34397,0.47252,4.30194,1.11343,0.26132,0.01878,0.24042,12776.6,5.9393,0,1.000000e-04
70500,gan,6.98256,1.19234,0.23239,0.40235,3.89945,0.83696,0.24317,0.01767,0.24764,12781.0,5.9049,0,1.000000e-04
70525,gan,7.98961,1.65398,0.26634,0.61390,4.18006,1.01763,0.25718,0.02119,0.23712,12785.4,5.9770,0,1.000000e-04
70550,gan,8.40228,1.61027,0.29226,0.53186,4.45689,1.08983,0.28558,0.02058,0.24680,12789.5,6.0294,0,1.000000e-04
70575,gan,7.69739,1.66805,0.23390,0.47060,4.01231,0.95509,0.24343,0.01777,0.24872,12793.8,5.9999,0,1.000000e-04
70600,gan,7.36084,1.40377,0.22869,0.42800,3.87324,0.88219,0.27939,0.01842,0.24575,12798.0,6.0161,0,1.000000e-04
70625,gan,7.35586,1.30457,0.20613,0.56224,4.04985,0.90756,0.25006,0.01681,0.24500,12802.3,5.9985,0,1.000000e-04
70650,gan,8.44641,1.94909,0.33169,0.45506,4.33279,1.16512,0.22375,0.02572,0.24806,12806.5,5.9976,0,1.000000e-04
70675,gan,8.84399,1.70802,0.30546,0.43527,4.65192,1.19759,0.29742,0.02270,0.24372,12810.7,6.0066,0,1.000000e-04
70700,gan,8.79533,1.70821,0.29145,0.43232,4.52538,1.13789,0.33062,0.02900,0.24472,12815.0,5.9482,0,1.000000e-04
70725,gan,8.23206,1.71788,0.28310,0.40124,4.34836,1.09148,0.24683,0.01857,0.24229,12819.3,5.9532,0,1.000000e-04
70750,gan,7.49642,1.37352,0.24013,0.54245,4.07046,0.92870,0.25703,0.01739,0.24658,12823.6,5.9236,0,1.000000e-04
70775,gan,7.74291,1.43580,0.25809,0.56082,4.10644,1.02113,0.26976,0.01859,0.24182,12827.9,5.9304,0,1.000000e-04
70800,gan,8.00895,1.65488,0.27303,0.36547,4.26714,1.08979,0.22769,0.02251,0.24085,12832.2,5.9372,0,1.000000e-04
70825,gan,7.29049,1.54837,0.22367,0.48058,3.74161,0.91581,0.24886,0.01885,0.24155,12836.5,5.9468,0,1.000000e-04
70850,gan,7.29290,1.55350,0.22164,0.65921,3.79031,0.83532,0.25203,0.01757,0.24297,12840.7,5.9512,0,1.000000e-04
70875,gan,6.96559,1.32400,0.21602,0.40799,3.71364,0.83260,0.25406,0.01671,0.24452,12845.0,5.9370,0,1.000000e-04
70900,gan,8.29177,1.67673,0.31613,0.44055,4.27986,1.20891,0.25735,0.02119,0.23070,12849.3,5.9794,0,1.000000e-04
70925,gan,7.88188,1.63263,0.27171,0.41741,3.97341,1.03029,0.28858,0.02232,0.24890,12853.5,5.9645,0,1.000000e-04
70950,gan,8.03702,1.76365,0.28086,0.43091,4.16409,1.04110,0.24465,0.01843,0.24147,12857.9,5.9074,0,1.000000e-04
70975,gan,7.01474,1.27268,0.21843,0.48587,3.67795,0.82893,0.28613,0.02023,0.24257,12862.2,5.8906,0,1.000000e-04
71000,gan,7.75603,1.55929,0.28539,0.53594,4.12275,1.00367,0.24186,0.02075,0.24882,12866.5,5.9098,0,1.000000e-04
71025,gan,8.43200,1.80226,0.30518,0.57675,4.31658,1.00308,0.29940,0.02428,0.24641,12870.9,5.9273,0,1.000000e-04
71050,gan,8.51605,1.82920,0.32374,0.38938,4.36111,1.12326,0.27757,0.02089,0.24064,12875.2,5.9482,0,1.000000e-04
71075,gan,7.82992,1.59759,0.28213,0.44247,4.06393,0.95543,0.27995,0.02072,0.24251,12879.4,5.9531,0,1.000000e-04
71100,gan,8.98712,1.88408,0.36332,0.47159,4.64413,1.28690,0.26737,0.01905,0.23363,12883.8,5.9231,0,1.000000e-04
71125,gan,7.92180,1.66677,0.26494,0.51062,4.06073,0.96703,0.28223,0.02080,0.24525,12888.0,5.9286,0,1.000000e-04
71150,gan,8.18593,1.80987,0.31296,0.39208,4.10811,1.15404,0.25586,0.01997,0.23795,12892.3,5.9366,0,1.000000e-04
71175,gan,8.58930,1.82716,0.31296,0.50860,4.40088,1.15905,0.27513,0.01953,0.24373,12896.5,5.9695,0,1.000000e-04
71200,gan,8.51414,1.69481,0.31190,0.38115,4.45191,1.13972,0.28419,0.02161,0.24861,12900.9,5.9229,0,1.000000e-04
71225,gan,7.31949,1.60064,0.24912,0.46544,3.66670,0.89309,0.26753,0.01749,0.25089,12905.1,5.9621,0,1.000000e-04
71250,gan,7.68509,1.37244,0.24902,0.43750,4.15630,0.95636,0.27818,0.01861,0.25086,12909.4,5.9511,0,1.000000e-04
71275,gan,8.39743,1.86804,0.31501,0.62269,4.34076,1.17191,0.22527,0.02187,0.23153,12913.7,5.9212,0,1.000000e-04
71300,gan,8.31045,1.64540,0.27837,0.40279,4.32358,1.14751,0.27649,0.01987,0.24695,12917.9,5.9722,0,1.000000e-04
71325,gan,7.61295,1.51034,0.27108,0.54207,4.03839,0.95871,0.25158,0.01789,0.24388,12922.2,5.9838,0,1.000000e-04
71350,gan,7.89659,1.51254,0.25948,0.69485,4.15813,0.94282,0.29095,0.02386,0.24184,12926.4,5.9976,0,1.000000e-04
71375,gan,8.02516,1.53144,0.24383,0.50531,4.08976,1.05646,0.31204,0.02442,0.24773,12930.7,5.9591,0,1.000000e-04
71400,gan,7.50847,1.44781,0.24530,0.45471,3.94520,0.87719,0.28661,0.02184,0.24363,12934.9,5.9710,0,1.000000e-04
71425,gan,7.55801,1.41863,0.27163,0.40306,4.04847,1.04474,0.24031,0.01747,0.24926,12939.2,5.9447,0,1.000000e-04
71450,gan,8.61390,1.78264,0.35486,0.45345,4.53925,1.23516,0.23930,0.01883,0.24474,12943.5,5.9374,0,1.000000e-04
71475,gan,8.48140,1.71728,0.30663,0.47455,4.48415,1.13361,0.26207,0.01995,0.23771,12947.8,5.9247,0,1.000000e-04
71500,gan,8.03032,1.66244,0.28149,0.50580,4.08172,1.13895,0.26247,0.01862,0.24479,12952.1,5.9220,0,1.000000e-04
71525,gan,7.58940,1.37360,0.24964,0.51905,4.13028,0.97978,0.25295,0.01708,0.24014,12956.5,5.9589,0,1.000000e-04
71550,gan,7.48163,1.35798,0.23465,0.58524,4.04624,0.95024,0.25700,0.01720,0.24564,12960.8,5.9521,0,1.000000e-04
71575,gan,7.71611,1.48762,0.24415,0.45821,4.12864,1.06959,0.23436,0.02260,0.23747,12965.0,5.9577,0,1.000000e-04
71600,gan,7.55666,1.56565,0.23809,0.63034,3.86026,0.92948,0.27377,0.01936,0.24260,12969.4,5.9271,0,1.000000e-04
71625,gan,7.68942,1.39417,0.25417,0.40711,4.00275,1.01188,0.29807,0.02221,0.24740,12973.6,5.9628,0,1.000000e-04
71650,gan,7.95770,1.57472,0.27088,0.40786,4.20518,1.05096,0.26067,0.01627,0.25102,12977.9,5.9507,0,1.000000e-04
71675,gan,7.43961,1.43442,0.24965,0.39322,4.03098,0.91625,0.24360,0.01931,0.24520,12982.1,5.9452,0,1.000000e-04
71700,gan,7.89659,1.39131,0.26911,0.41770,4.20957,1.04501,0.29025,0.02103,0.25084,12986.4,5.9416,0,1.000000e-04
71725,gan,7.38378,1.35900,0.22482,0.60899,4.00342,0.84642,0.26826,0.01852,0.24903,12990.6,5.9840,0,1.000000e-04
71750,gan,7.30331,1.28843,0.22606,0.56517,3.84042,0.92466,0.28756,0.02041,0.24075,12994.8,6.0113,0,1.000000e-04
71775,gan,7.93968,1.60444,0.26787,0.60301,4.14837,1.05659,0.25620,0.01837,0.24461,12999.2,5.9577,0,1.000000e-04
71800,gan,7.59284,1.43069,0.25836,0.48929,4.03823,0.93798,0.27356,0.01691,0.24550,13003.4,5.9571,0,1.000000e-04
71825,gan,7.59548,1.41446,0.24602,0.39511,4.11433,0.90180,0.27077,0.01769,0.24492,13007.7,5.9325,0,1.000000e-04
71850,gan,8.10888,1.66980,0.28371,0.44381,4.29570,1.10552,0.23623,0.02017,0.24206,13012.0,5.9189,0,1.000000e-04
71875,gan,7.74761,1.66737,0.29337,0.44444,4.01687,1.03971,0.23285,0.01847,0.25113,13016.3,5.9255,0,1.000000e-04
71900,gan,8.28965,1.81048,0.31249,0.63331,4.26812,1.12334,0.24305,0.02091,0.23693,13020.6,5.9554,0,1.000000e-04
71925,gan,8.47466,1.78247,0.30345,0.44161,4.38163,1.12173,0.27326,0.02127,0.23924,13024.8,6.0047,0,1.000000e-04
71950,gan,7.81319,1.58583,0.26774,0.59967,4.19601,1.01681,0.22687,0.02031,0.24460,13029.0,5.9711,0,1.000000e-04
71975,gan,8.03668,1.55233,0.26279,0.57965,4.18203,0.99046,0.30045,0.02581,0.24038,13033.4,5.9322,0,1.000000e-04
72000,gan,8.29278,1.68649,0.30981,0.55026,4.41439,1.14073,0.23606,0.02093,0.23933,13037.6,5.9517,0,1.000000e-04
72025,gan,7.72968,1.51198,0.26578,0.39481,4.15517,1.03714,0.23441,0.02170,0.24720,13054.9,5.9349,0,1.000000e-04
72050,gan,7.84641,1.43608,0.25060,0.42122,4.19998,1.09347,0.25802,0.01760,0.23959,13059.2,5.9355,0,1.000000e-04
72075,gan,7.72682,1.69682,0.23516,0.34805,3.91473,0.94073,0.27406,0.01997,0.24753,13063.7,5.8671,0,1.000000e-04
72100,gan,7.97083,1.53857,0.27385,0.51265,4.29251,1.02823,0.25375,0.01786,0.24430,13068.0,5.8589,0,1.000000e-04
72125,gan,7.99587,1.60595,0.27694,0.73645,4.10863,0.97090,0.29627,0.02400,0.24194,13072.3,5.9039,0,1.000000e-04
72150,gan,7.22307,1.51629,0.23455,0.46780,3.71585,0.84995,0.26334,0.01740,0.23672,13076.6,5.8921,0,1.000000e-04
72175,gan,7.31083,1.46930,0.24519,0.49913,3.81146,0.90241,0.25914,0.01668,0.24525,13081.1,5.8056,0,1.000000e-04
72200,gan,7.71112,1.68607,0.27083,0.54017,3.95174,0.96605,0.25146,0.02033,0.24528,13085.4,5.8460,0,1.000000e-04
72225,gan,8.29658,1.66078,0.30412,0.39933,4.43395,1.17743,0.23303,0.02197,0.24673,13089.6,5.9060,0,1.000000e-04
72250,gan,7.60892,1.50405,0.27526,0.44015,4.03964,0.97986,0.24823,0.02091,0.24528,13094.0,5.8556,0,1.000000e-04
72275,gan,7.56565,1.48486,0.24290,0.55946,4.00671,0.91766,0.26441,0.01854,0.24065,13098.3,5.8810,0,1.000000e-04
72300,gan,8.09394,1.52175,0.26863,0.60955,4.28601,1.07800,0.27550,0.01838,0.24774,13102.6,5.9226,0,1.000000e-04
72325,gan,7.17736,1.34729,0.23072,0.38900,3.71483,0.85620,0.29376,0.02205,0.24546,13106.9,5.9298,0,1.000000e-04
72350,gan,8.46864,1.66070,0.34381,0.55779,4.45785,1.15594,0.27121,0.01917,0.23966,13111.0,5.9849,0,1.000000e-04
72375,gan,7.68066,1.39104,0.24948,0.57522,4.05439,0.93116,0.29913,0.02509,0.24519,13115.5,5.9207,0,1.000000e-04
72400,gan,8.51550,1.88845,0.31057,0.62315,4.35592,1.15815,0.24966,0.02095,0.23864,13119.7,5.9442,0,1.000000e-04
72425,gan,8.50423,1.60035,0.30537,0.41926,4.57538,1.21627,0.25500,0.01975,0.24020,13124.1,5.9327,0,1.000000e-04
72450,gan,6.91896,1.25504,0.18747,0.41363,3.67436,0.79623,0.27886,0.01780,0.25112,13128.3,5.9401,0,1.000000e-04
72475,gan,7.69834,1.54466,0.25340,0.50245,4.08313,1.01680,0.23898,0.02226,0.23987,13132.5,6.0084,0,1.000000e-04
72500,gan,7.80784,1.58806,0.25457,0.36988,3.98927,0.97409,0.29284,0.02261,0.24436,13136.6,6.0410,0,1.000000e-04
72525,gan,7.59038,1.49132,0.27471,0.41215,4.00115,0.92762,0.27034,0.02024,0.24052,13141.0,6.0204,0,1.000000e-04
72550,gan,7.66953,1.35565,0.24827,0.40473,4.13941,1.01713,0.26848,0.01811,0.24987,13145.2,6.0287,0,1.000000e-04
72575,gan,7.85570,1.42327,0.24702,0.61199,4.17807,1.01175,0.28455,0.01852,0.24852,13149.5,5.9942,0,1.000000e-04
72600,gan,7.73608,1.60419,0.27565,0.60837,3.97053,1.10410,0.23705,0.02064,0.24515,13153.8,5.9966,0,1.000000e-04
72625,gan,7.48275,1.32689,0.24008,0.50230,3.98390,0.84007,0.30832,0.02438,0.25288,13158.1,5.9624,0,1.000000e-04
72650,gan,6.68261,1.18799,0.18926,0.45312,3.58302,0.74055,0.27254,0.01666,0.24613,13162.4,5.9284,0,1.000000e-04
72675,gan,7.37852,1.48884,0.25153,0.59031,3.89557,0.92971,0.24009,0.01987,0.24734,13166.7,5.9111,0,1.000000e-04
72700,gan,8.42943,1.81784,0.31416,0.66737,4.32130,1.09419,0.26948,0.02002,0.24115,13170.9,5.9613,0,1.000000e-04
72725,gan,7.19485,1.42052,0.20966,0.46703,3.81638,0.83494,0.25975,0.01634,0.24635,13175.2,5.9317,0,1.000000e-04
72750,gan,7.51218,1.54126,0.27083,0.57672,3.92022,0.97780,0.24206,0.01990,0.24469,13180.1,5.8605,0,1.000000e-04
72775,gan,7.51821,1.36527,0.22090,0.47230,4.06225,0.92999,0.26855,0.01717,0.24659,13184.5,5.8728,0,1.000000e-04
72800,gan,8.47720,1.80760,0.29378,0.60833,4.31351,1.07613,0.29174,0.02280,0.23812,13188.7,5.9177,0,1.000000e-04
72825,gan,7.86593,1.47305,0.24427,0.64875,4.08652,0.93944,0.31324,0.02467,0.24166,13193.0,5.9044,0,1.000000e-04
72850,gan,7.99158,1.59423,0.30679,0.58954,4.19802,1.10907,0.24546,0.01880,0.23975,13197.2,5.9791,0,1.000000e-04
72875,gan,7.98502,1.65843,0.28943,0.43557,4.18567,1.08526,0.24084,0.01981,0.23495,13201.4,6.0050,0,1.000000e-04
72900,gan,7.55508,1.49588,0.24234,0.49134,4.01243,0.89470,0.26545,0.01691,0.24496,13205.7,5.9906,0,1.000000e-04
72925,gan,8.16360,1.38468,0.25360,0.54824,4.45880,1.00323,0.30326,0.02368,0.23683,13209.9,6.0094,0,1.000000e-04
72950,gan,7.35202,1.40507,0.23678,0.39852,3.93550,0.90500,0.25639,0.01736,0.24218,13214.1,5.9926,0,1.000000e-04
72975,gan,8.19946,1.72085,0.27119,0.71211,4.07778,1.03453,0.31024,0.02704,0.23852,13218.4,5.9644,0,1.000000e-04
73000,gan,7.81493,1.53372,0.26923,0.50424,4.10662,0.99097,0.27189,0.01872,0.23955,13222.7,5.9506,0,1.000000e-04
73025,gan,7.47898,1.45940,0.23857,0.65908,3.95925,0.96094,0.24762,0.01917,0.24917,13227.0,5.9908,0,1.000000e-04
73050,gan,8.32932,1.62694,0.29434,0.42505,4.36209,1.10771,0.28473,0.02173,0.23304,13231.3,5.9549,0,1.000000e-04
73075,gan,8.30819,1.74540,0.27880,0.52000,4.26351,1.11574,0.27107,0.01936,0.23713,13235.7,5.9354,0,1.000000e-04
73100,gan,8.58087,1.68616,0.29807,0.52528,4.56071,1.18893,0.26044,0.02099,0.23528,13239.9,5.9471,0,1.000000e-04
73125,gan,7.33152,1.40532,0.23915,0.41733,3.95608,0.89941,0.24663,0.01854,0.24868,13244.2,5.9346,0,1.000000e-04
73150,gan,7.04588,1.48593,0.21977,0.47954,3.67751,0.83477,0.23954,0.01959,0.25467,13248.5,5.9658,0,1.000000e-04
73175,gan,8.82532,1.96697,0.35770,0.66028,4.44486,1.25691,0.25845,0.02097,0.24311,13252.8,5.9400,0,1.000000e-04
73200,gan,8.26367,1.55618,0.29003,0.50984,4.48595,1.13795,0.24610,0.01920,0.24332,13256.9,6.0288,0,1.000000e-04
73225,gan,8.13694,1.60159,0.28567,0.54869,4.22455,1.06862,0.28419,0.02198,0.24835,13261.2,6.0037,0,1.000000e-04
73250,gan,8.18626,1.59910,0.28140,0.40651,4.15731,1.09620,0.30963,0.02632,0.24283,13265.5,5.9637,0,1.000000e-04
73275,gan,8.22762,1.69972,0.28989,0.77291,4.18473,1.00399,0.30159,0.02651,0.23861,13269.8,5.9387,0,1.000000e-04
73300,gan,7.68304,1.63200,0.27572,0.40993,3.96889,1.01191,0.24539,0.02011,0.25242,13274.1,5.9373,0,1.000000e-04
73325,gan,7.28823,1.52782,0.23960,0.39173,3.76356,0.92227,0.24875,0.01646,0.24881,13278.4,5.9008,0,1.000000e-04
73350,gan,8.13282,1.60969,0.29079,0.48342,4.29984,1.01566,0.27735,0.02083,0.24337,13282.6,5.9506,0,1.000000e-04
73375,gan,7.70627,1.52540,0.25100,0.51560,4.07494,0.99849,0.25367,0.01611,0.24183,13286.9,5.9648,0,1.000000e-04
73400,gan,7.88786,1.47729,0.27309,0.54024,4.23094,0.97732,0.27573,0.01806,0.24394,13291.0,6.0524,0,1.000000e-04
73425,gan,7.70442,1.54879,0.26579,0.70958,4.07543,1.02721,0.23385,0.02007,0.24880,13295.2,6.0273,0,1.000000e-04
73450,gan,7.61637,1.38303,0.24165,0.48673,4.02782,0.92282,0.29685,0.02248,0.24283,13299.5,5.9856,0,1.000000e-04
73475,gan,7.98442,1.66785,0.29564,0.70639,4.04732,1.02268,0.28170,0.01958,0.24127,13303.8,5.9523,0,1.000000e-04
73500,gan,8.66463,1.89897,0.33379,0.54698,4.45554,1.23472,0.24189,0.01977,0.24349,13308.2,5.8952,0,1.000000e-04
73525,gan,7.43587,1.39962,0.22335,0.51778,3.92786,0.91764,0.27466,0.01797,0.24665,13312.7,5.8960,0,1.000000e-04
73550,gan,7.98961,1.39402,0.24243,0.38188,4.31734,1.01695,0.29427,0.02180,0.24265,13317.0,5.8934,0,1.000000e-04
73575,gan,8.66810,1.78764,0.31553,0.55722,4.47025,1.17305,0.28232,0.02061,0.24445,13321.3,5.9168,0,1.000000e-04
73600,gan,7.32889,1.46717,0.24113,0.47984,3.88470,0.93645,0.23718,0.01976,0.24336,13325.6,5.9180,0,1.000000e-04
73625,gan,8.31985,1.56771,0.28306,0.65383,4.47009,1.08818,0.27042,0.01850,0.24199,13329.8,5.9373,0,1.000000e-04
73650,gan,7.84196,1.57803,0.28015,0.49657,4.06941,0.98586,0.27768,0.02029,0.24577,13334.0,5.9561,0,1.000000e-04
73675,gan,8.11522,1.67841,0.28049,0.49576,4.23150,1.08650,0.25530,0.01997,0.24555,13338.2,5.9953,0,1.000000e-04
73700,gan,8.28326,1.59413,0.30316,0.47915,4.52059,1.12182,0.23729,0.01934,0.24811,13342.5,6.0054,0,1.000000e-04
73725,gan,8.67322,1.80058,0.29791,0.67982,4.53363,1.12913,0.27341,0.01847,0.24177,13346.8,5.9283,0,1.000000e-04
73750,gan,8.04524,1.60246,0.29193,0.59515,4.30522,1.06859,0.23979,0.02108,0.24237,13351.1,5.9350,0,1.000000e-04
73775,gan,8.56017,1.70381,0.33201,0.66555,4.39214,1.15478,0.29678,0.02255,0.24539,13355.3,5.9856,0,1.000000e-04
73800,gan,7.67130,1.55219,0.24533,0.44479,3.89783,0.94048,0.29745,0.02198,0.24619,13359.6,5.9895,0,1.000000e-04
73825,gan,8.05573,1.57586,0.25492,0.38453,4.19024,1.09628,0.27727,0.02032,0.24843,13363.8,5.9606,0,1.000000e-04
73850,gan,7.59166,1.56682,0.22840,0.58621,3.88737,0.89719,0.28458,0.02048,0.25211,13368.1,5.9567,0,1.000000e-04
73875,gan,7.79966,1.56910,0.27893,0.57007,4.12691,1.01600,0.24596,0.01892,0.24979,13372.4,5.9328,0,1.000000e-04
73900,gan,8.49809,1.77917,0.30339,0.67341,4.33949,1.12241,0.28431,0.02210,0.24123,13376.7,5.9369,0,1.000000e-04
73925,gan,8.39076,1.75078,0.32768,0.64572,4.46946,1.12611,0.23076,0.02403,0.23592,13380.9,5.9767,0,1.000000e-04
73950,gan,8.28880,1.71259,0.33413,0.57325,4.23027,1.20085,0.25901,0.01833,0.24390,13385.2,5.9918,0,1.000000e-04
73975,gan,7.96622,1.54292,0.29243,0.53018,4.31320,1.07983,0.23192,0.02033,0.24727,13389.4,5.9704,0,1.000000e-04
74000,gan,8.36138,1.54855,0.28618,0.47210,4.39982,1.12667,0.29668,0.02380,0.24603,13393.8,5.9347,0,1.000000e-04
74025,gan,7.91991,1.48513,0.26186,0.49299,4.30333,1.05813,0.24478,0.01871,0.25103,13411.2,5.8823,0,1.000000e-04
74050,gan,7.81914,1.47334,0.28918,0.39270,4.17603,1.06468,0.25458,0.01861,0.24134,13415.5,5.8866,0,1.000000e-04
74075,gan,7.23756,1.38817,0.24527,0.64369,3.88006,0.90348,0.23909,0.02058,0.24815,13419.8,5.9066,0,1.000000e-04
74100,gan,7.57178,1.40195,0.22715,0.54040,4.11104,0.92523,0.26059,0.01445,0.24390,13424.0,5.9501,0,1.000000e-04
74125,gan,8.56705,1.53843,0.26649,0.50121,4.51079,1.09751,0.32879,0.02839,0.25395,13428.3,5.9553,0,1.000000e-04
74150,gan,7.31556,1.44058,0.22211,0.46361,3.91524,0.88818,0.24619,0.01822,0.24731,13432.5,5.9704,0,1.000000e-04
74175,gan,9.01492,2.10937,0.35809,0.49942,4.49602,1.28024,0.25519,0.02276,0.22539,13436.8,5.9475,0,1.000000e-04
74200,gan,8.15491,1.55911,0.28078,0.48552,4.28107,1.02135,0.29856,0.02251,0.24822,13441.1,5.9035,0,1.000000e-04
74225,gan,8.63460,1.73912,0.33901,0.48421,4.49278,1.12209,0.29397,0.02239,0.23801,13445.5,5.8809,0,1.000000e-04
74250,gan,7.73811,1.66149,0.29377,0.44902,4.08044,0.96451,0.23391,0.02175,0.23301,13449.8,5.8834,0,1.000000e-04
74275,gan,7.83944,1.55993,0.29069,0.50978,4.19210,1.01471,0.24345,0.01887,0.24867,13454.1,5.8880,0,1.000000e-04
74300,gan,7.70199,1.71418,0.27312,0.37646,3.95815,0.97925,0.24102,0.02138,0.23855,13458.3,5.9555,0,1.000000e-04
74325,gan,7.85437,1.58746,0.25034,0.41820,4.09980,1.05001,0.25693,0.02253,0.24695,13462.5,5.9816,0,1.000000e-04
74350,gan,8.12932,1.59842,0.25888,0.60007,4.15888,1.11182,0.28819,0.02154,0.24843,13466.8,5.9555,0,1.000000e-04
74375,gan,8.45078,1.66181,0.30161,0.46774,4.51016,1.18239,0.24947,0.02163,0.23253,13471.0,5.9825,0,1.000000e-04
74400,gan,7.32791,1.36518,0.23512,0.45760,3.93281,0.94943,0.24857,0.01694,0.24135,13475.3,5.9687,0,1.000000e-04
74425,gan,7.44652,1.46998,0.26685,0.56259,3.97603,0.95475,0.23594,0.01905,0.24668,13479.6,5.9825,0,1.000000e-04
74450,gan,8.41388,1.47313,0.28215,0.57689,4.36010,1.09072,0.34316,0.03138,0.25137,13483.8,5.9659,0,1.000000e-04
74475,gan,7.39943,1.40434,0.24692,0.56464,3.91626,0.87900,0.27516,0.01802,0.25037,13488.3,5.9087,0,1.000000e-04
74500,gan,7.70769,1.47146,0.27032,0.67364,4.13460,0.93226,0.26450,0.01698,0.24339,13492.5,5.9327,0,1.000000e-04
74525,gan,8.48538,1.60113,0.29498,0.38427,4.46760,1.12566,0.30019,0.02230,0.24967,13496.9,5.9303,0,1.000000e-04
74550,gan,7.46181,1.46048,0.26220,0.43638,3.93454,0.97579,0.25069,0.01839,0.23912,13501.3,5.8967,0,1.000000e-04
74575,gan,7.84248,1.51208,0.27577,0.50074,4.17603,1.06658,0.24853,0.01605,0.24222,13505.5,5.9352,0,1.000000e-04
74600,gan,8.17236,1.72985,0.27626,0.50816,4.28244,1.10970,0.23865,0.01734,0.23688,13509.7,5.9908,0,1.000000e-04
74625,gan,7.71947,1.59113,0.25829,0.48108,4.00207,1.00652,0.25738,0.01630,0.24933,13514.0,5.9774,0,1.000000e-04
74650,gan,7.01346,1.33772,0.21676,0.38123,3.79768,0.85756,0.23508,0.02037,0.24943,13518.3,5.9671,0,1.000000e-04
74675,gan,7.65557,1.57763,0.27477,0.43614,3.94994,0.99052,0.26243,0.01668,0.24470,13522.5,5.9743,0,1.000000e-04
74700,gan,8.06080,1.52221,0.27289,0.49474,4.35598,1.07358,0.25330,0.01905,0.23776,13526.9,5.9129,0,1.000000e-04
74725,gan,8.44416,1.90885,0.30452,0.54654,4.19211,1.12797,0.27753,0.02000,0.23684,13531.2,5.9317,0,1.000000e-04
74750,gan,7.53414,1.39573,0.24274,0.48479,3.95350,0.91814,0.29371,0.01918,0.24925,13535.4,5.9531,0,1.000000e-04
74775,gan,8.20904,1.68483,0.27450,0.52095,4.39993,1.08507,0.23474,0.02072,0.24117,13539.7,5.9539,0,1.000000e-04
74800,gan,9.00335,1.93199,0.34127,0.68008,4.61014,1.33260,0.25122,0.02162,0.23673,13544.0,5.9285,0,1.000000e-04
74825,gan,7.92743,1.52769,0.26374,0.61482,4.10941,1.10369,0.27021,0.01795,0.24258,13548.2,5.9632,0,1.000000e-04
74850,gan,7.46193,1.34568,0.25208,0.53532,4.10373,0.97384,0.23517,0.01926,0.24065,13552.5,5.9743,0,1.000000e-04
74875,gan,7.65180,1.37286,0.24437,0.46079,4.16343,1.03577,0.24815,0.01661,0.25080,13556.7,5.9938,0,1.000000e-04
74900,gan,8.47579,1.64679,0.29278,0.37911,4.45749,1.17356,0.27728,0.02163,0.23534,13561.0,5.9542,0,1.000000e-04
74925,gan,8.13605,1.72438,0.26329,0.51250,4.19291,1.08042,0.26101,0.01672,0.25036,13565.2,5.9643,0,1.000000e-04
74950,gan,8.28771,1.71794,0.27700,0.53790,4.19861,1.15592,0.27861,0.01933,0.24600,13569.5,5.9790,0,1.000000e-04
74975,gan,7.23552,1.47569,0.22423,0.52160,3.71702,0.89309,0.26480,0.01596,0.24985,13573.8,5.9530,0,1.000000e-04
75000,gan,8.15175,1.59423,0.27255,0.53961,4.32302,1.10088,0.25809,0.02006,0.23468,13578.1,5.9514,0,1.000000e-04
75025,gan,8.03992,1.64564,0.29278,0.36655,4.27673,1.01510,0.25481,0.01727,0.24804,13582.6,5.9700,0,1.000000e-04
75050,gan,7.85802,1.46265,0.25680,0.46966,4.16788,1.00435,0.28262,0.02003,0.24334,13587.0,5.9119,0,1.000000e-04
75075,gan,7.37639,1.50122,0.24534,0.52524,3.91565,0.85761,0.25198,0.01695,0.24584,13591.3,5.8875,0,1.000000e-04
75100,gan,8.44918,1.82000,0.31388,0.47539,4.32267,1.08199,0.28143,0.01988,0.23855,13595.6,5.9200,0,1.000000e-04
75125,gan,8.31048,1.46462,0.27174,0.38613,4.34353,1.03634,0.34279,0.02906,0.25344,13599.8,5.9693,0,1.000000e-04
75150,gan,6.62909,1.26044,0.22191,0.54810,3.52778,0.75340,0.24837,0.01699,0.24708,13604.0,6.0085,0,1.000000e-04
75175,gan,8.66593,1.60384,0.31332,0.55792,4.60527,1.15290,0.29842,0.02312,0.24563,13608.2,6.0205,0,1.000000e-04
75200,gan,7.43979,1.48806,0.24897,0.56438,3.89608,0.85306,0.27563,0.01874,0.25236,13612.5,5.9661,0,1.000000e-04
75225,gan,7.73235,1.43403,0.25918,0.65541,4.12651,0.98941,0.26832,0.01767,0.24423,13617.0,5.8954,0,1.000000e-04
75250,gan,8.84506,1.63608,0.31940,0.43425,4.77053,1.23952,0.27620,0.01876,0.24069,13621.3,5.9075,0,1.000000e-04
75275,gan,7.31649,1.56900,0.24540,0.43022,3.81580,0.91749,0.23178,0.01950,0.24245,13625.4,5.9802,0,1.000000e-04
75300,gan,8.28359,1.74910,0.28560,0.69986,4.21912,1.11865,0.26929,0.02103,0.24169,13629.7,5.9473,0,1.000000e-04
75325,gan,8.20719,1.65451,0.30638,0.49760,4.29731,1.12617,0.25695,0.02099,0.24682,13634.0,5.9435,0,1.000000e-04
75350,gan,7.39672,1.41566,0.22185,0.33760,3.76081,0.91719,0.30548,0.02519,0.24647,13638.4,5.8885,0,1.000000e-04
75375,gan,8.12819,1.70154,0.27650,0.42581,4.30707,1.11697,0.22764,0.02184,0.24946,13642.6,5.9440,0,1.000000e-04
75400,gan,7.15262,1.42037,0.22799,0.43397,3.82406,0.86930,0.23836,0.01927,0.24753,13646.9,5.9166,0,1.000000e-04
75425,gan,7.30890,1.34096,0.25301,0.63918,3.90262,0.90374,0.26337,0.01887,0.24836,13651.3,5.8942,0,1.000000e-04
75450,gan,8.23968,1.74600,0.32625,0.61654,4.11133,1.10669,0.28915,0.02477,0.22921,13655.5,5.9358,0,1.000000e-04
75475,gan,8.54851,1.88710,0.32935,0.55305,4.32695,1.15665,0.26796,0.01774,0.24667,13659.9,5.8981,0,1.000000e-04
75500,gan,7.31025,1.41957,0.21225,0.43250,3.86011,0.90905,0.26020,0.01624,0.24717,13664.2,5.8754,0,1.000000e-04
75525,gan,8.21322,1.58281,0.26268,0.53628,4.31911,1.09413,0.27869,0.02251,0.23721,13668.8,5.8126,0,1.000000e-04
75550,gan,8.11741,1.63076,0.30829,0.73507,4.30518,1.07269,0.24569,0.02167,0.25265,13673.1,5.8622,0,1.000000e-04
75575,gan,7.64834,1.40776,0.26472,0.58264,4.11996,0.99029,0.25693,0.01789,0.24112,13677.4,5.8745,0,1.000000e-04
75600,gan,8.31936,1.84499,0.30794,0.49426,4.29888,1.22836,0.21064,0.02434,0.23801,13681.6,5.9225,0,1.000000e-04
75625,gan,7.78768,1.63446,0.26263,0.46776,4.05322,1.05571,0.23816,0.01862,0.24553,13685.9,5.9624,0,1.000000e-04
75650,gan,8.17288,1.57237,0.28398,0.49041,4.21839,1.09362,0.29723,0.02214,0.24071,13690.2,5.9283,0,1.000000e-04
75675,gan,8.03648,1.70057,0.28241,0.62206,4.17039,1.10614,0.23737,0.01945,0.24483,13694.6,5.8754,0,1.000000e-04
75700,gan,7.69342,1.60727,0.27365,0.51215,4.06351,0.93482,0.24821,0.01640,0.24548,13698.9,5.8593,0,1.000000e-04
75725,gan,7.57799,1.50375,0.26484,0.52283,4.00599,1.01673,0.23849,0.01881,0.24460,13703.3,5.8112,0,1.000000e-04
75750,gan,7.67644,1.30073,0.23353,0.48280,4.11895,0.94955,0.30302,0.02350,0.25166,13707.6,5.8660,0,1.000000e-04
75775,gan,9.13808,2.17967,0.38477,0.51901,4.51963,1.35452,0.24268,0.02318,0.23306,13711.9,5.8804,0,1.000000e-04
75800,gan,7.97470,1.56471,0.28682,0.53492,4.16390,0.95307,0.29701,0.02281,0.24827,13716.2,5.8832,0,1.000000e-04
75825,gan,7.79179,1.56794,0.29113,0.53041,4.17028,1.05132,0.22454,0.02192,0.24273,13720.4,5.9435,0,1.000000e-04
75850,gan,7.63506,1.51860,0.25818,0.46578,3.96278,0.95797,0.27613,0.01877,0.24831,13724.8,5.8678,0,1.000000e-04
75875,gan,7.87388,1.52238,0.25766,0.57490,4.12306,0.98531,0.28530,0.01870,0.24178,13729.2,5.8433,0,1.000000e-04
75900,gan,7.91543,1.73454,0.24407,0.46314,4.11249,1.05082,0.23170,0.02004,0.24449,13733.5,5.8691,0,1.000000e-04
75925,gan,7.39773,1.41010,0.23325,0.58506,3.79700,0.95222,0.28421,0.01975,0.24371,13737.8,5.9119,0,1.000000e-04
75950,gan,8.26391,1.69177,0.25067,0.55068,4.27324,1.07540,0.28008,0.02305,0.23340,13742.1,5.8834,0,1.000000e-04
75975,gan,8.01299,1.53438,0.27597,0.42891,4.36101,1.09612,0.23239,0.02145,0.24760,13746.4,5.9296,0,1.000000e-04
76000,gan,8.13371,1.71886,0.31053,0.42951,4.21174,1.08522,0.25618,0.01914,0.23732,13750.7,5.8935,0,1.000000e-04
76025,gan,8.34787,1.76293,0.34719,0.43702,4.38448,1.15494,0.23611,0.02263,0.24855,13767.8,5.9679,0,1.000000e-04
76050,gan,8.59049,1.80958,0.31929,0.50068,4.44015,1.21818,0.25550,0.01859,0.23655,13772.1,5.9452,0,1.000000e-04
76075,gan,8.37700,1.73059,0.28453,0.52997,4.26247,1.10653,0.29348,0.02204,0.24446,13776.4,5.9132,0,1.000000e-04
76100,gan,8.74118,1.83199,0.34601,0.48458,4.47744,1.26684,0.26585,0.01844,0.23953,13780.8,5.9005,0,1.000000e-04
76125,gan,7.99678,1.55274,0.28116,0.55980,4.28458,1.00762,0.26258,0.01742,0.24217,13785.0,5.9282,0,1.000000e-04
76150,gan,8.47014,1.76084,0.33746,0.51306,4.38021,1.13449,0.27282,0.01827,0.23657,13789.3,5.9261,0,1.000000e-04
76175,gan,8.10084,1.67319,0.27122,0.53210,4.06767,1.03302,0.30505,0.02642,0.24502,13793.6,5.9507,0,1.000000e-04
76200,gan,8.68983,1.74977,0.33009,0.45986,4.50241,1.30131,0.25921,0.02050,0.23913,13798.0,5.8707,0,1.000000e-04
76225,gan,7.11627,1.36269,0.22906,0.80941,3.70352,0.87057,0.26471,0.01680,0.24898,13802.3,5.8806,0,1.000000e-04
76250,gan,7.73874,1.35682,0.25813,0.43090,4.28797,1.01182,0.24926,0.01619,0.24247,13806.6,5.8902,0,1.000000e-04
76275,gan,8.59909,1.74007,0.31740,0.53696,4.53634,1.20123,0.25421,0.01916,0.23133,13811.0,5.8484,0,1.000000e-04
76300,gan,8.06470,1.53649,0.28735,0.43648,4.40418,1.06321,0.24270,0.01766,0.24497,13815.4,5.8315,0,1.000000e-04
76325,gan,7.38890,1.42493,0.22359,0.57574,4.00603,0.89574,0.24136,0.01680,0.24829,13819.7,5.8520,0,1.000000e-04
76350,gan,8.27926,1.77456,0.29894,0.52410,4.28796,1.07432,0.26072,0.01722,0.23692,13824.0,5.8873,0,1.000000e-04
76375,gan,8.58299,1.71297,0.30891,0.39927,4.51567,1.26311,0.25085,0.01701,0.24218,13828.3,5.8652,0,1.000000e-04
76400,gan,7.80739,1.63717,0.27554,0.40767,4.00462,0.96724,0.27712,0.02155,0.23418,13832.5,5.9268,0,1.000000e-04
76425,gan,8.20084,1.73633,0.31349,0.48668,4.31239,1.06545,0.24734,0.01729,0.24004,13836.9,5.8894,0,1.000000e-04
76450,gan,7.54416,1.51964,0.25943,0.67567,3.85773,0.95251,0.27545,0.01899,0.23878,13841.1,5.9635,0,1.000000e-04
76475,gan,7.32891,1.43447,0.25277,0.61771,3.82478,0.92057,0.26101,0.01799,0.24626,13845.3,5.9985,0,1.000000e-04
76500,gan,9.16719,1.82213,0.36995,0.58362,4.81963,1.26395,0.28528,0.02500,0.22302,13849.6,5.9569,0,1.000000e-04
76525,gan,7.94263,1.73665,0.31522,0.61484,4.00433,1.07168,0.25397,0.02110,0.23351,13854.0,5.9855,0,1.000000e-04
76550,gan,7.25330,1.36479,0.25124,0.32361,3.97099,0.87982,0.24029,0.01904,0.24912,13858.4,5.8760,0,1.000000e-04
76575,gan,7.64820,1.57250,0.25109,0.56530,4.02454,0.88840,0.26565,0.01853,0.23924,13862.7,5.8922,0,1.000000e-04
76600,gan,8.18790,1.55101,0.26666,0.53448,4.28891,1.09442,0.28840,0.01983,0.24734,13867.0,5.8897,0,1.000000e-04
76625,gan,7.84954,1.61941,0.26674,0.60054,4.05415,0.99317,0.26949,0.01814,0.24666,13871.2,5.9491,0,1.000000e-04
76650,gan,7.51221,1.46504,0.22826,0.46146,3.93949,0.93472,0.27179,0.01683,0.24248,13875.6,5.9190,0,1.000000e-04
76675,gan,8.62733,1.74567,0.32241,0.55329,4.60984,1.16545,0.24967,0.02013,0.24099,13879.9,5.8905,0,1.000000e-04
76700,gan,8.09019,1.64731,0.27943,0.46605,4.13700,1.12507,0.27176,0.01922,0.24259,13884.3,5.8817,0,1.000000e-04
76725,gan,8.45845,1.79827,0.28543,0.63856,4.30404,1.13765,0.27650,0.02010,0.23528,13888.6,5.8643,0,1.000000e-04
76750,gan,7.62409,1.60722,0.26185,0.73108,3.96977,0.97441,0.23833,0.02007,0.25198,13892.9,5.8814,0,1.000000e-04
76775,gan,8.54135,1.69847,0.32305,0.64263,4.37088,1.14423,0.30168,0.02449,0.23670,13897.3,5.8797,0,1.000000e-04
76800,gan,7.59798,1.45871,0.24986,0.55945,3.98333,0.95878,0.27433,0.01889,0.23726,13901.5,5.9001,0,1.000000e-04
76825,gan,7.44947,1.33136,0.23135,0.58499,4.00997,0.97112,0.26020,0.01459,0.24506,13905.9,5.8785,0,1.000000e-04
76850,gan,7.67782,1.54464,0.25639,0.46215,4.00518,0.92699,0.27710,0.02073,0.24211,13910.2,5.8747,0,1.000000e-04
76875,gan,8.50660,1.60094,0.29254,0.59805,4.55321,1.12218,0.28043,0.01950,0.24523,13914.5,5.8980,0,1.000000e-04
76900,gan,7.48513,1.41728,0.26624,0.53750,4.08905,0.99516,0.22103,0.01916,0.24814,13918.7,5.9260,0,1.000000e-04
76925,gan,8.20718,1.65243,0.30091,0.38259,4.44382,1.12047,0.22418,0.02539,0.24221,13923.1,5.8784,0,1.000000e-04
76950,gan,8.58194,1.91952,0.31725,0.56737,4.32073,1.20186,0.25838,0.01787,0.24105,13927.5,5.8518,0,1.000000e-04
76975,gan,7.75302,1.56335,0.24728,0.41722,4.09704,1.02583,0.24539,0.01881,0.24634,13931.8,5.8916,0,1.000000e-04
77000,gan,8.16022,1.57863,0.29133,0.65057,4.41532,1.05746,0.24861,0.02016,0.23660,13936.1,5.9104,0,1.000000e-04
77025,gan,8.02102,1.58061,0.25106,0.42851,4.26061,1.06192,0.25818,0.01722,0.23865,13940.5,5.9024,0,1.000000e-04
77050,gan,7.88718,1.65109,0.31771,0.47084,4.15409,1.02300,0.24045,0.01835,0.24438,13944.8,5.9534,0,1.000000e-04
77075,gan,7.48092,1.45915,0.25664,0.44608,3.94171,0.92472,0.26700,0.01707,0.23825,13949.0,5.9534,0,1.000000e-04
77100,gan,8.12568,1.67609,0.31997,0.52079,4.14365,1.11523,0.27187,0.01914,0.24013,13953.3,5.9389,0,1.000000e-04
77125,gan,7.90561,1.57217,0.27200,0.55213,4.11974,1.07863,0.25898,0.01674,0.24028,13957.7,5.9208,0,1.000000e-04
77150,gan,8.72553,1.73412,0.34039,0.59558,4.55666,1.18739,0.28284,0.02242,0.22946,13961.9,5.9250,0,1.000000e-04
77175,gan,7.04693,1.45863,0.20970,0.37103,3.67867,0.86026,0.24290,0.01969,0.24043,13966.3,5.8870,0,1.000000e-04
77200,gan,8.20903,1.66580,0.28990,0.55523,4.33260,1.13002,0.24431,0.01887,0.23453,13970.6,5.9064,0,1.000000e-04
77225,gan,8.06163,1.77065,0.29126,0.46604,4.13374,1.12395,0.23429,0.02040,0.24171,13974.9,5.8868,0,1.000000e-04
77250,gan,7.82541,1.63068,0.26263,0.61022,4.12482,1.01421,0.23737,0.01892,0.24636,13979.3,5.8730,0,1.000000e-04
77275,gan,7.65875,1.31662,0.23884,0.71890,4.09330,0.99446,0.28464,0.02004,0.23990,13983.5,5.9295,0,1.000000e-04
77300,gan,7.61191,1.53203,0.23483,0.53886,3.94137,0.88620,0.28866,0.02030,0.24272,13988.0,5.8182,0,1.000000e-04
77325,gan,7.52646,1.33792,0.26253,0.45676,4.11608,0.95722,0.25650,0.01729,0.24426,13992.4,5.8273,0,1.000000e-04
77350,gan,7.71590,1.60223,0.30315,0.61042,3.95426,1.01172,0.25976,0.01730,0.25387,13996.8,5.7834,0,1.000000e-04
77375,gan,7.75990,1.59122,0.28896,0.48712,3.92874,1.00059,0.28499,0.02178,0.23730,14001.1,5.8437,0,1.000000e-04
77400,gan,8.12208,1.55484,0.27032,0.42554,4.22972,1.10092,0.28672,0.02016,0.25107,14005.4,5.8513,0,1.000000e-04
77425,gan,7.62011,1.49661,0.26883,0.54100,4.07778,0.96653,0.24520,0.01740,0.23738,14009.8,5.8604,0,1.000000e-04
77450,gan,8.00932,1.81564,0.28941,0.65775,4.04790,1.03146,0.24965,0.02100,0.23848,14014.1,5.8488,0,1.000000e-04
77475,gan,7.03228,1.26041,0.19648,0.56167,3.80290,0.79573,0.27023,0.01650,0.25346,14018.5,5.8542,0,1.000000e-04
77500,gan,7.65368,1.54838,0.28089,0.52496,4.18507,0.96165,0.21395,0.02218,0.24244,14022.8,5.8417,0,1.000000e-04
77525,gan,7.61526,1.61629,0.26232,0.39750,3.90760,0.96219,0.26133,0.01786,0.24422,14027.2,5.8762,0,1.000000e-04
77550,gan,7.09979,1.36580,0.22928,0.51299,3.75684,0.90966,0.24405,0.01707,0.24332,14031.5,5.9269,0,1.000000e-04
77575,gan,7.47806,1.34719,0.25273,0.48634,3.97916,0.90170,0.28921,0.01927,0.25048,14035.8,5.9026,0,1.000000e-04
77600,gan,7.39286,1.40793,0.23123,0.43458,4.05950,0.89992,0.23505,0.01874,0.24999,14040.2,5.8690,0,1.000000e-04
77625,gan,7.36453,1.45998,0.26710,0.42817,3.87918,0.87222,0.26629,0.01846,0.24175,14044.5,5.8791,0,1.000000e-04
77650,gan,7.50553,1.56690,0.25446,0.59081,3.88903,0.92009,0.25702,0.01688,0.24465,14048.8,5.8648,0,1.000000e-04
77675,gan,7.86233,1.40864,0.25670,0.40065,4.18053,1.02280,0.29107,0.02036,0.24388,14053.1,5.8897,0,1.000000e-04
77700,gan,7.84943,1.53964,0.27559,0.53797,4.07618,1.03190,0.27563,0.01784,0.24625,14057.4,5.8954,0,1.000000e-04
77725,gan,7.69298,1.41760,0.24500,0.39719,4.05566,0.91861,0.30398,0.02099,0.25243,14061.7,5.8689,0,1.000000e-04
77750,gan,6.93095,1.32262,0.18869,0.39425,3.69157,0.89964,0.23526,0.01777,0.24727,14066.0,5.9144,0,1.000000e-04
77775,gan,8.01831,1.56250,0.27303,0.37815,4.16008,0.98174,0.30610,0.02447,0.24995,14070.2,5.9630,0,1.000000e-04
77800,gan,8.10917,1.81657,0.27403,0.67202,4.03187,1.07614,0.26763,0.01946,0.24015,14074.5,5.9201,0,1.000000e-04
77825,gan,7.84189,1.48570,0.28166,0.60919,4.23797,0.96262,0.26205,0.01833,0.23776,14078.8,5.9122,0,1.000000e-04
77850,gan,8.31150,1.52640,0.28412,0.49919,4.38382,1.17726,0.28176,0.01866,0.25094,14083.1,5.9039,0,1.000000e-04
77875,gan,8.18339,1.69941,0.28521,0.50053,4.30680,1.09497,0.24574,0.02068,0.23210,14087.5,5.8454,0,1.000000e-04
77900,gan,8.44680,1.74127,0.29512,0.81973,4.25437,1.12319,0.29879,0.02131,0.24406,14091.8,5.8637,0,1.000000e-04
77925,gan,8.20843,1.72378,0.31580,0.53618,4.23343,1.10397,0.26086,0.01861,0.23813,14096.1,5.9149,0,1.000000e-04
77950,gan,7.90671,1.51707,0.26310,0.35715,4.25179,1.06639,0.24800,0.01745,0.24747,14100.5,5.8772,0,1.000000e-04
77975,gan,8.04825,1.51107,0.25388,0.49548,4.27420,0.98660,0.29464,0.02288,0.23777,14104.8,5.8850,0,1.000000e-04
78000,gan,7.96559,1.69059,0.26627,0.60743,4.00142,0.99520,0.29260,0.02062,0.25015,14109.1,5.8818,0,1.000000e-04
78025,gan,7.48141,1.46572,0.24253,0.52744,3.97587,0.88924,0.26399,0.01761,0.24051,14126.4,5.8523,0,1.000000e-04
78050,gan,8.05852,1.69321,0.29010,0.56283,4.08208,1.06504,0.27830,0.01972,0.24256,14130.7,5.8798,0,1.000000e-04
78075,gan,7.23132,1.31588,0.23358,0.63154,3.87724,0.90106,0.25850,0.01662,0.24663,14135.1,5.8465,0,1.000000e-04
78100,gan,6.98179,1.30293,0.20055,0.49054,3.79766,0.81355,0.24530,0.01732,0.24681,14139.4,5.8535,0,1.000000e-04
78125,gan,7.84663,1.52046,0.26059,0.56962,4.24295,0.97329,0.25263,0.01640,0.24606,14143.7,5.8554,0,1.000000e-04
78150,gan,7.80428,1.47721,0.26995,0.47469,4.14295,0.99489,0.27411,0.01832,0.24552,14148.1,5.8300,0,1.000000e-04
78175,gan,7.55387,1.48366,0.21396,0.61508,3.92500,0.94508,0.27502,0.01716,0.24406,14152.5,5.8160,0,1.000000e-04
78200,gan,7.60676,1.70883,0.24322,0.47697,3.81375,0.91059,0.27083,0.01824,0.24350,14156.9,5.8361,0,1.000000e-04
78225,gan,8.13868,1.57380,0.31481,0.39782,4.36615,1.08423,0.25644,0.01747,0.23887,14161.2,5.8685,0,1.000000e-04
78250,gan,7.71261,1.72462,0.26007,0.55755,3.95942,1.00871,0.22927,0.02101,0.24403,14165.4,5.9184,0,1.000000e-04
78275,gan,8.23045,2.02060,0.30525,0.49681,3.91677,1.12095,0.26788,0.02041,0.23719,14169.8,5.8830,0,1.000000e-04
78300,gan,8.18128,1.74879,0.29520,0.50994,4.12762,1.08498,0.27974,0.02041,0.24283,14174.1,5.8881,0,1.000000e-04
78325,gan,7.72776,1.51774,0.28116,0.60593,4.16012,0.98318,0.23942,0.02034,0.24466,14178.6,5.7970,0,1.000000e-04
78350,gan,8.01951,1.58911,0.29222,0.46644,4.17564,1.11116,0.26231,0.01851,0.23863,14182.9,5.8372,0,1.000000e-04
78375,gan,7.53560,1.42408,0.26024,0.43325,3.95726,0.96564,0.27526,0.01823,0.24673,14187.2,5.8473,0,1.000000e-04
78400,gan,7.87798,1.56856,0.25608,0.35633,4.17389,1.08391,0.24249,0.02043,0.24139,14191.5,5.8712,0,1.000000e-04
78425,gan,7.59356,1.38044,0.28211,0.53506,4.07388,1.03710,0.25076,0.01737,0.25356,14195.8,5.9151,0,1.000000e-04
78450,gan,7.45063,1.55314,0.24638,0.41495,3.96476,0.89689,0.23764,0.01914,0.24433,14200.1,5.9283,0,1.000000e-04
78475,gan,7.83166,1.59188,0.27089,0.46756,4.15180,0.99738,0.24968,0.01802,0.24693,14204.5,5.8528,0,1.000000e-04
78500,gan,8.03736,1.61784,0.29577,0.43922,4.19949,1.08934,0.26003,0.01706,0.23947,14208.8,5.8625,0,1.000000e-04
78525,gan,7.89445,1.42736,0.25603,0.42142,4.19619,1.00308,0.29506,0.01981,0.24631,14213.4,5.8327,0,1.000000e-04
78550,gan,7.47775,1.49705,0.25300,0.56990,3.87283,0.94174,0.26652,0.01776,0.25231,14217.6,5.8848,0,1.000000e-04
78575,gan,8.17903,1.57230,0.26253,0.58592,4.37355,1.11324,0.25359,0.02075,0.23408,14221.9,5.8970,0,1.000000e-04
78600,gan,8.02994,1.64478,0.25269,0.52218,4.23783,0.98179,0.26747,0.01818,0.24451,14226.1,5.9396,0,1.000000e-04
78625,gan,7.99304,1.55465,0.25736,0.47213,4.11479,1.05553,0.29263,0.02460,0.23689,14230.4,5.9612,0,1.000000e-04
78650,gan,7.43102,1.43166,0.25211,0.40559,3.88785,0.92070,0.27662,0.01856,0.25250,14234.7,5.9317,0,1.000000e-04
78675,gan,7.44397,1.44719,0.23789,0.54004,3.96740,0.92837,0.25182,0.01592,0.24954,14239.1,5.8814,0,1.000000e-04
78700,gan,7.45792,1.42789,0.23539,0.72596,3.98407,0.92489,0.25243,0.01521,0.25087,14243.4,5.8621,0,1.000000e-04
78725,gan,8.22897,1.80148,0.31085,0.40348,4.16062,1.18224,0.24799,0.02125,0.24565,14247.8,5.8558,0,1.000000e-04
78750,gan,7.74924,1.51454,0.25768,0.59821,4.03177,1.01949,0.27027,0.01678,0.24085,14252.1,5.8774,0,1.000000e-04
78775,gan,7.71272,1.49455,0.25432,0.53289,3.83549,0.93953,0.33416,0.02777,0.25113,14256.4,5.8680,0,1.000000e-04
78800,gan,7.42160,1.45062,0.25078,0.52125,3.99389,0.94469,0.23378,0.02010,0.24127,14260.7,5.8795,0,1.000000e-04
78825,gan,8.12090,1.66742,0.30405,0.72239,4.24138,1.04775,0.26090,0.01813,0.24307,14265.0,5.9173,0,1.000000e-04
78850,gan,7.81995,1.59810,0.27535,0.54503,4.04338,1.03507,0.26132,0.01607,0.24484,14269.3,5.9257,0,1.000000e-04
78875,gan,8.37365,1.62372,0.30013,0.41205,4.53348,1.15042,0.24425,0.01780,0.24669,14273.7,5.8871,0,1.000000e-04
78900,gan,7.96461,1.58387,0.27237,0.56511,4.20232,1.06511,0.25296,0.01770,0.24328,14278.0,5.8569,0,1.000000e-04
78925,gan,7.97764,1.64751,0.26458,0.36908,4.24652,1.09195,0.22720,0.01948,0.23955,14283.3,5.7524,0,1.000000e-04
78950,gan,7.21838,1.51245,0.24667,0.36326,3.75823,0.89458,0.24354,0.01797,0.24965,14287.6,5.8042,0,1.000000e-04
78975,gan,8.39027,1.68598,0.26611,0.63884,4.44990,1.09672,0.26245,0.01738,0.24792,14291.9,5.8393,0,1.000000e-04
79000,gan,7.42468,1.47606,0.24679,0.50034,3.87132,0.97926,0.25148,0.01739,0.24353,14296.3,5.8535,0,1.000000e-04
79025,gan,8.00975,1.44443,0.26657,0.54273,4.31489,1.12194,0.25757,0.01730,0.24621,14300.8,5.8451,0,1.000000e-04
79050,gan,8.21856,1.62806,0.32256,0.66591,4.34837,1.18147,0.23581,0.01856,0.24374,14305.1,5.8433,0,1.000000e-04
79075,gan,7.96536,1.55885,0.27479,0.45578,4.19632,1.08656,0.25804,0.01840,0.23562,14309.5,5.8420,0,1.000000e-04
79100,gan,8.12624,1.63663,0.28464,0.47467,4.29620,1.04134,0.26427,0.01906,0.23822,14313.8,5.8562,0,1.000000e-04
79125,gan,7.59912,1.54279,0.26440,0.54516,3.88061,0.99784,0.26986,0.01750,0.23898,14318.2,5.8599,0,1.000000e-04
79150,gan,7.52577,1.33344,0.25191,0.51241,4.13162,0.93738,0.25776,0.01584,0.24188,14322.5,5.8800,0,1.000000e-04
79175,gan,8.22092,1.60728,0.29008,0.46811,4.33916,1.14093,0.26045,0.01594,0.24445,14326.8,5.8493,0,1.000000e-04
79200,gan,7.58986,1.60635,0.24999,0.51467,3.79320,0.95011,0.28540,0.02213,0.24046,14331.1,5.9130,0,1.000000e-04
79225,gan,8.60213,1.75362,0.30618,0.66241,4.40441,1.18243,0.28547,0.02295,0.23405,14335.4,5.9018,0,1.000000e-04
79250,gan,8.46785,1.68873,0.28802,0.59028,4.29910,1.12194,0.31170,0.02346,0.25701,14339.7,5.8955,0,1.000000e-04
79275,gan,8.35360,1.76199,0.32155,0.42215,4.37557,1.10835,0.25338,0.01981,0.24840,14346.1,5.8321,0,1.000000e-04
79300,gan,7.37815,1.43609,0.25316,0.66913,3.79648,0.91004,0.28096,0.01945,0.24624,14350.4,5.8620,0,1.000000e-04
79325,gan,7.47936,1.41579,0.26260,0.45496,4.02353,0.95188,0.24964,0.01785,0.24609,14354.6,5.9532,0,1.000000e-04
79350,gan,7.31162,1.43327,0.23045,0.51077,3.88788,0.88341,0.25411,0.01649,0.25108,14358.9,5.9067,0,1.000000e-04
79375,gan,7.60680,1.55365,0.25650,0.46001,3.98973,0.93881,0.25857,0.01867,0.24698,14363.2,5.9318,0,1.000000e-04
79400,gan,7.66212,1.49570,0.25599,0.60641,4.05319,0.92311,0.27160,0.01747,0.24239,14367.4,5.9848,0,1.000000e-04
79425,gan,7.91845,1.61659,0.26691,0.73761,4.07643,1.01989,0.27141,0.01946,0.24336,14371.8,5.8820,0,1.000000e-04
79450,gan,8.36515,1.76894,0.33807,0.56025,4.24130,1.16216,0.27074,0.01996,0.24174,14376.1,5.8814,0,1.000000e-04
79475,gan,8.39683,1.73084,0.31874,0.48797,4.33831,1.18959,0.25957,0.01913,0.23398,14380.5,5.8712,0,1.000000e-04
79500,gan,7.25977,1.39953,0.23933,0.46314,3.81432,0.91210,0.26186,0.01612,0.24849,14384.8,5.8976,0,1.000000e-04
79525,gan,7.79702,1.58316,0.24388,0.59128,4.06913,1.01661,0.25673,0.01769,0.24283,14389.1,5.9834,0,1.000000e-04
79550,gan,6.89483,1.24092,0.22613,0.62333,3.63239,0.87255,0.26180,0.01685,0.24894,14393.3,6.0316,0,1.000000e-04
79575,gan,8.09186,1.84347,0.30980,0.60739,4.03431,1.14310,0.24012,0.01877,0.24841,14397.6,5.9769,0,1.000000e-04
