input=1368 done=0 quarantined=0 todo=1368 batch=50 tierA=18forms/88pos
batch 1: units 1-50
input=1368 done=0 quarantined=0 todo=1368 batch=50 tierA=18forms/88pos
batch 1: units 1-50
Failed to make API request: Error: API request failed with status 429: {"error":"Too many requests, please try again later"}
    at ZAI.createChatCompletion (file:///home/z/.bun/install/global/node_modules/z-ai-web-dev-sdk/dist/index.js:103:23)
    at process.processTicksAndRejections (node:internal/process/task_queues:104:5)
    at async callLLM (file:///home/z/my-project/scripts/ph3_engine.mjs:231:26)
    at async tashkeelBatch (file:///home/z/my-project/scripts/ph3_engine.mjs:277:30)
    at async main (file:///home/z/my-project/scripts/ph3_engine.mjs:356:34)
    [429] waiting 3s before retry 2/5
input=1368 done=0 quarantined=0 todo=1368 batch=50 tierA=18forms/88pos
batch 1: units 1-50
Failed to make API request: Error: API request failed with status 429: {"error":"Too many requests, please try again later"}
    at ZAI.createChatCompletion (file:///home/z/.bun/install/global/node_modules/z-ai-web-dev-sdk/dist/index.js:103:23)
    at process.processTicksAndRejections (node:internal/process/task_queues:104:5)
    at async callLLM (file:///home/z/my-project/scripts/ph3_engine.mjs:231:26)
    at async tashkeelBatch (file:///home/z/my-project/scripts/ph3_engine.mjs:277:30)
    at async main (file:///home/z/my-project/scripts/ph3_engine.mjs:356:34)
    [429] waiting 3s before retry 2/5
  0_01400_00: ok (attempts=1)
Failed to make API request: Error: API request failed with status 429: {"error":"Too many requests, please try again later"}
    at ZAI.createChatCompletion (file:///home/z/.bun/install/global/node_modules/z-ai-web-dev-sdk/dist/index.js:103:23)
    at process.processTicksAndRejections (node:internal/process/task_queues:104:5)
    at async callLLM (file:///home/z/my-project/scripts/ph3_engine.mjs:231:26)
    at async tashkeelSingle (file:///home/z/my-project/scripts/ph3_engine.mjs:295:23)
    at async main (file:///home/z/my-project/scripts/ph3_engine.mjs:389:41)
    [429] waiting 3s before retry 2/5
Failed to make API request: Error: API request failed with status 429: {"error":"Too many requests, please try again later"}
    at ZAI.createChatCompletion (file:///home/z/.bun/install/global/node_modules/z-ai-web-dev-sdk/dist/index.js:103:23)
    at process.processTicksAndRejections (node:internal/process/task_queues:104:5)
    at async callLLM (file:///home/z/my-project/scripts/ph3_engine.mjs:231:26)
    at async tashkeelSingle (file:///home/z/my-project/scripts/ph3_engine.mjs:295:23)
    at async main (file:///home/z/my-project/scripts/ph3_engine.mjs:389:41)
    [429] waiting 6s before retry 3/5
Failed to make API request: Error: API request failed with status 429: {"error":"Too many requests, please try again later"}
    at ZAI.createChatCompletion (file:///home/z/.bun/install/global/node_modules/z-ai-web-dev-sdk/dist/index.js:103:23)
    at process.processTicksAndRejections (node:internal/process/task_queues:104:5)
    at async callLLM (file:///home/z/my-project/scripts/ph3_engine.mjs:231:26)
    at async tashkeelSingle (file:///home/z/my-project/scripts/ph3_engine.mjs:295:23)
    at async main (file:///home/z/my-project/scripts/ph3_engine.mjs:389:41)
    [429] waiting 12s before retry 4/5
Failed to make API request: Error: API request failed with status 429: {"error":"Too many requests, please try again later"}
    at ZAI.createChatCompletion (file:///home/z/.bun/install/global/node_modules/z-ai-web-dev-sdk/dist/index.js:103:23)
    at process.processTicksAndRejections (node:internal/process/task_queues:104:5)
    at async callLLM (file:///home/z/my-project/scripts/ph3_engine.mjs:231:26)
    at async tashkeelSingle (file:///home/z/my-project/scripts/ph3_engine.mjs:295:23)
    at async main (file:///home/z/my-project/scripts/ph3_engine.mjs:389:41)
    [429] waiting 24s before retry 5/5
Failed to make API request: Error: API request failed with status 429: {"error":"Too many requests, please try again later"}
    at ZAI.createChatCompletion (file:///home/z/.bun/install/global/node_modules/z-ai-web-dev-sdk/dist/index.js:103:23)
    at process.processTicksAndRejections (node:internal/process/task_queues:104:5)
    at async callLLM (file:///home/z/my-project/scripts/ph3_engine.mjs:231:26)
    at async tashkeelSingle (file:///home/z/my-project/scripts/ph3_engine.mjs:295:23)
    at async main (file:///home/z/my-project/scripts/ph3_engine.mjs:389:41)
Failed to make API request: Error: API request failed with status 429: {"error":"Too many requests, please try again later"}
    at ZAI.createChatCompletion (file:///home/z/.bun/install/global/node_modules/z-ai-web-dev-sdk/dist/index.js:103:23)
    at process.processTicksAndRejections (node:internal/process/task_queues:104:5)
    at async callLLM (file:///home/z/my-project/scripts/ph3_engine.mjs:231:26)
    at async tashkeelSingle (file:///home/z/my-project/scripts/ph3_engine.mjs:295:23)
    at async main (file:///home/z/my-project/scripts/ph3_engine.mjs:389:41)
    [429] waiting 3s before retry 2/5
Failed to make API request: Error: API request failed with status 429: {"error":"Too many requests, please try again later"}
    at ZAI.createChatCompletion (file:///home/z/.bun/install/global/node_modules/z-ai-web-dev-sdk/dist/index.js:103:23)
    at process.processTicksAndRejections (node:internal/process/task_queues:104:5)
    at async callLLM (file:///home/z/my-project/scripts/ph3_engine.mjs:231:26)
    at async tashkeelSingle (file:///home/z/my-project/scripts/ph3_engine.mjs:295:23)
    at async main (file:///home/z/my-project/scripts/ph3_engine.mjs:389:41)
    [429] waiting 6s before retry 3/5
Failed to make API request: Error: API request failed with status 429: {"error":"Too many requests, please try again later"}
    at ZAI.createChatCompletion (file:///home/z/.bun/install/global/node_modules/z-ai-web-dev-sdk/dist/index.js:103:23)
    at process.processTicksAndRejections (node:internal/process/task_queues:104:5)
    at async callLLM (file:///home/z/my-project/scripts/ph3_engine.mjs:231:26)
    at async tashkeelSingle (file:///home/z/my-project/scripts/ph3_engine.mjs:295:23)
    at async main (file:///home/z/my-project/scripts/ph3_engine.mjs:389:41)
    [429] waiting 12s before retry 4/5
Failed to make API request: Error: API request failed with status 429: {"error":"Too many requests, please try again later"}
    at ZAI.createChatCompletion (file:///home/z/.bun/install/global/node_modules/z-ai-web-dev-sdk/dist/index.js:103:23)
    at process.processTicksAndRejections (node:internal/process/task_queues:104:5)
    at async callLLM (file:///home/z/my-project/scripts/ph3_engine.mjs:231:26)
    at async tashkeelSingle (file:///home/z/my-project/scripts/ph3_engine.mjs:295:23)
    at async main (file:///home/z/my-project/scripts/ph3_engine.mjs:389:41)
    [429] waiting 24s before retry 5/5
Failed to make API request: Error: API request failed with status 429: {"error":"Too many requests, please try again later"}
    at ZAI.createChatCompletion (file:///home/z/.bun/install/global/node_modules/z-ai-web-dev-sdk/dist/index.js:103:23)
    at process.processTicksAndRejections (node:internal/process/task_queues:104:5)
    at async callLLM (file:///home/z/my-project/scripts/ph3_engine.mjs:231:26)
    at async tashkeelSingle (file:///home/z/my-project/scripts/ph3_engine.mjs:295:23)
    at async main (file:///home/z/my-project/scripts/ph3_engine.mjs:389:41)
Failed to make API request: Error: API request failed with status 429: {"error":"Too many requests, please try again later"}
    at ZAI.createChatCompletion (file:///home/z/.bun/install/global/node_modules/z-ai-web-dev-sdk/dist/index.js:103:23)
    at process.processTicksAndRejections (node:internal/process/task_queues:104:5)
    at async callLLM (file:///home/z/my-project/scripts/ph3_engine.mjs:231:26)
    at async tashkeelSingle (file:///home/z/my-project/scripts/ph3_engine.mjs:295:23)
    at async main (file:///home/z/my-project/scripts/ph3_engine.mjs:389:41)
    [429] waiting 3s before retry 2/5
Failed to make API request: Error: API request failed with status 429: {"error":"Too many requests, please try again later"}
    at ZAI.createChatCompletion (file:///home/z/.bun/install/global/node_modules/z-ai-web-dev-sdk/dist/index.js:103:23)
    at process.processTicksAndRejections (node:internal/process/task_queues:104:5)
    at async callLLM (file:///home/z/my-project/scripts/ph3_engine.mjs:231:26)
    at async tashkeelSingle (file:///home/z/my-project/scripts/ph3_engine.mjs:295:23)
    at async main (file:///home/z/my-project/scripts/ph3_engine.mjs:389:41)
    [429] waiting 6s before retry 3/5
Failed to make API request: Error: API request failed with status 429: {"error":"Too many requests, please try again later"}
    at ZAI.createChatCompletion (file:///home/z/.bun/install/global/node_modules/z-ai-web-dev-sdk/dist/index.js:103:23)
    at process.processTicksAndRejections (node:internal/process/task_queues:104:5)
    at async callLLM (file:///home/z/my-project/scripts/ph3_engine.mjs:231:26)
    at async tashkeelSingle (file:///home/z/my-project/scripts/ph3_engine.mjs:295:23)
    at async main (file:///home/z/my-project/scripts/ph3_engine.mjs:389:41)
    [429] waiting 12s before retry 4/5
Failed to make API request: Error: API request failed with status 429: {"error":"Too many requests, please try again later"}
    at ZAI.createChatCompletion (file:///home/z/.bun/install/global/node_modules/z-ai-web-dev-sdk/dist/index.js:103:23)
    at process.processTicksAndRejections (node:internal/process/task_queues:104:5)
    at async callLLM (file:///home/z/my-project/scripts/ph3_engine.mjs:231:26)
    at async tashkeelSingle (file:///home/z/my-project/scripts/ph3_engine.mjs:295:23)
    at async main (file:///home/z/my-project/scripts/ph3_engine.mjs:389:41)
    [429] waiting 24s before retry 5/5
Failed to make API request: Error: API request failed with status 429: {"error":"Too many requests, please try again later"}
    at ZAI.createChatCompletion (file:///home/z/.bun/install/global/node_modules/z-ai-web-dev-sdk/dist/index.js:103:23)
    at process.processTicksAndRejections (node:internal/process/task_queues:104:5)
    at async callLLM (file:///home/z/my-project/scripts/ph3_engine.mjs:231:26)
    at async tashkeelSingle (file:///home/z/my-project/scripts/ph3_engine.mjs:295:23)
    at async main (file:///home/z/my-project/scripts/ph3_engine.mjs:389:41)
  0_01400_01: failed (attempts=4)
Failed to make API request: Error: API request failed with status 429: {"error":"Too many requests, please try again later"}
    at ZAI.createChatCompletion (file:///home/z/.bun/install/global/node_modules/z-ai-web-dev-sdk/dist/index.js:103:23)
    at process.processTicksAndRejections (node:internal/process/task_queues:104:5)
    at async callLLM (file:///home/z/my-project/scripts/ph3_engine.mjs:231:26)
    at async tashkeelSingle (file:///home/z/my-project/scripts/ph3_engine.mjs:295:23)
    at async main (file:///home/z/my-project/scripts/ph3_engine.mjs:389:41)
    [429] waiting 3s before retry 2/5
Failed to make API request: Error: API request failed with status 429: {"error":"Too many requests, please try again later"}
    at ZAI.createChatCompletion (file:///home/z/.bun/install/global/node_modules/z-ai-web-dev-sdk/dist/index.js:103:23)
    at process.processTicksAndRejections (node:internal/process/task_queues:104:5)
    at async callLLM (file:///home/z/my-project/scripts/ph3_engine.mjs:231:26)
    at async tashkeelSingle (file:///home/z/my-project/scripts/ph3_engine.mjs:295:23)
    at async main (file:///home/z/my-project/scripts/ph3_engine.mjs:389:41)
    [429] waiting 6s before retry 3/5
Failed to make API request: Error: API request failed with status 429: {"error":"Too many requests, please try again later"}
    at ZAI.createChatCompletion (file:///home/z/.bun/install/global/node_modules/z-ai-web-dev-sdk/dist/index.js:103:23)
    at process.processTicksAndRejections (node:internal/process/task_queues:104:5)
    at async callLLM (file:///home/z/my-project/scripts/ph3_engine.mjs:231:26)
    at async tashkeelSingle (file:///home/z/my-project/scripts/ph3_engine.mjs:295:23)
    at async main (file:///home/z/my-project/scripts/ph3_engine.mjs:389:41)
    [429] waiting 12s before retry 4/5
Failed to make API request: Error: API request failed with status 429: {"error":"Too many requests, please try again later"}
    at ZAI.createChatCompletion (file:///home/z/.bun/install/global/node_modules/z-ai-web-dev-sdk/dist/index.js:103:23)
    at process.processTicksAndRejections (node:internal/process/task_queues:104:5)
    at async callLLM (file:///home/z/my-project/scripts/ph3_engine.mjs:231:26)
    at async tashkeelSingle (file:///home/z/my-project/scripts/ph3_engine.mjs:295:23)
    at async main (file:///home/z/my-project/scripts/ph3_engine.mjs:389:41)
    [429] waiting 24s before retry 5/5
Failed to make API request: Error: API request failed with status 429: {"error":"Too many requests, please try again later"}
    at ZAI.createChatCompletion (file:///home/z/.bun/install/global/node_modules/z-ai-web-dev-sdk/dist/index.js:103:23)
    at process.processTicksAndRejections (node:internal/process/task_queues:104:5)
    at async callLLM (file:///home/z/my-project/scripts/ph3_engine.mjs:231:26)
    at async tashkeelSingle (file:///home/z/my-project/scripts/ph3_engine.mjs:295:23)
    at async main (file:///home/z/my-project/scripts/ph3_engine.mjs:389:41)
Failed to make API request: Error: API request failed with status 429: {"error":"Too many requests, please try again later"}
    at ZAI.createChatCompletion (file:///home/z/.bun/install/global/node_modules/z-ai-web-dev-sdk/dist/index.js:103:23)
    at process.processTicksAndRejections (node:internal/process/task_queues:104:5)
    at async callLLM (file:///home/z/my-project/scripts/ph3_engine.mjs:231:26)
    at async tashkeelSingle (file:///home/z/my-project/scripts/ph3_engine.mjs:295:23)
    at async main (file:///home/z/my-project/scripts/ph3_engine.mjs:389:41)
    [429] waiting 3s before retry 2/5
Failed to make API request: Error: API request failed with status 429: {"error":"Too many requests, please try again later"}
    at ZAI.createChatCompletion (file:///home/z/.bun/install/global/node_modules/z-ai-web-dev-sdk/dist/index.js:103:23)
    at process.processTicksAndRejections (node:internal/process/task_queues:104:5)
    at async callLLM (file:///home/z/my-project/scripts/ph3_engine.mjs:231:26)
    at async tashkeelSingle (file:///home/z/my-project/scripts/ph3_engine.mjs:295:23)
    at async main (file:///home/z/my-project/scripts/ph3_engine.mjs:389:41)
    [429] waiting 6s before retry 3/5
Failed to make API request: Error: API request failed with status 429: {"error":"Too many requests, please try again later"}
    at ZAI.createChatCompletion (file:///home/z/.bun/install/global/node_modules/z-ai-web-dev-sdk/dist/index.js:103:23)
    at process.processTicksAndRejections (node:internal/process/task_queues:104:5)
    at async callLLM (file:///home/z/my-project/scripts/ph3_engine.mjs:231:26)
    at async tashkeelSingle (file:///home/z/my-project/scripts/ph3_engine.mjs:295:23)
    at async main (file:///home/z/my-project/scripts/ph3_engine.mjs:389:41)
    [429] waiting 12s before retry 4/5
Failed to make API request: Error: API request failed with status 429: {"error":"Too many requests, please try again later"}
    at ZAI.createChatCompletion (file:///home/z/.bun/install/global/node_modules/z-ai-web-dev-sdk/dist/index.js:103:23)
    at process.processTicksAndRejections (node:internal/process/task_queues:104:5)
    at async callLLM (file:///home/z/my-project/scripts/ph3_engine.mjs:231:26)
    at async tashkeelSingle (file:///home/z/my-project/scripts/ph3_engine.mjs:295:23)
    at async main (file:///home/z/my-project/scripts/ph3_engine.mjs:389:41)
    [429] waiting 24s before retry 5/5
Failed to make API request: Error: API request failed with status 429: {"error":"Too many requests, please try again later"}
    at ZAI.createChatCompletion (file:///home/z/.bun/install/global/node_modules/z-ai-web-dev-sdk/dist/index.js:103:23)
    at process.processTicksAndRejections (node:internal/process/task_queues:104:5)
    at async callLLM (file:///home/z/my-project/scripts/ph3_engine.mjs:231:26)
    at async tashkeelSingle (file:///home/z/my-project/scripts/ph3_engine.mjs:295:23)
    at async main (file:///home/z/my-project/scripts/ph3_engine.mjs:389:41)
Failed to make API request: Error: API request failed with status 429: {"error":"Too many requests, please try again later"}
    at ZAI.createChatCompletion (file:///home/z/.bun/install/global/node_modules/z-ai-web-dev-sdk/dist/index.js:103:23)
    at process.processTicksAndRejections (node:internal/process/task_queues:104:5)
    at async callLLM (file:///home/z/my-project/scripts/ph3_engine.mjs:231:26)
    at async tashkeelSingle (file:///home/z/my-project/scripts/ph3_engine.mjs:295:23)
    at async main (file:///home/z/my-project/scripts/ph3_engine.mjs:389:41)
    [429] waiting 3s before retry 2/5
Failed to make API request: Error: API request failed with status 429: {"error":"Too many requests, please try again later"}
    at ZAI.createChatCompletion (file:///home/z/.bun/install/global/node_modules/z-ai-web-dev-sdk/dist/index.js:103:23)
    at process.processTicksAndRejections (node:internal/process/task_queues:104:5)
    at async callLLM (file:///home/z/my-project/scripts/ph3_engine.mjs:231:26)
    at async tashkeelSingle (file:///home/z/my-project/scripts/ph3_engine.mjs:295:23)
    at async main (file:///home/z/my-project/scripts/ph3_engine.mjs:389:41)
    [429] waiting 6s before retry 3/5
Failed to make API request: Error: API request failed with status 429: {"error":"Too many requests, please try again later"}
    at ZAI.createChatCompletion (file:///home/z/.bun/install/global/node_modules/z-ai-web-dev-sdk/dist/index.js:103:23)
    at process.processTicksAndRejections (node:internal/process/task_queues:104:5)
    at async callLLM (file:///home/z/my-project/scripts/ph3_engine.mjs:231:26)
    at async tashkeelSingle (file:///home/z/my-project/scripts/ph3_engine.mjs:295:23)
    at async main (file:///home/z/my-project/scripts/ph3_engine.mjs:389:41)
    [429] waiting 12s before retry 4/5
Failed to make API request: Error: API request failed with status 429: {"error":"Too many requests, please try again later"}
    at ZAI.createChatCompletion (file:///home/z/.bun/install/global/node_modules/z-ai-web-dev-sdk/dist/index.js:103:23)
    at process.processTicksAndRejections (node:internal/process/task_queues:104:5)
    at async callLLM (file:///home/z/my-project/scripts/ph3_engine.mjs:231:26)
    at async tashkeelSingle (file:///home/z/my-project/scripts/ph3_engine.mjs:295:23)
    at async main (file:///home/z/my-project/scripts/ph3_engine.mjs:389:41)
    [429] waiting 24s before retry 5/5
  0_01402_00: failed (attempts=4)
  0_01402_01: ok (attempts=1, fixes={"letter_restore":1})
  0_01414_00: ok (attempts=1, fixes={"letter_restore":1})
Failed to make API request: Error: API request failed with status 429: {"error":"Too many requests, please try again later"}
    at ZAI.createChatCompletion (file:///home/z/.bun/install/global/node_modules/z-ai-web-dev-sdk/dist/index.js:103:23)
    at process.processTicksAndRejections (node:internal/process/task_queues:104:5)
    at async callLLM (file:///home/z/my-project/scripts/ph3_engine.mjs:231:26)
    at async tashkeelSingle (file:///home/z/my-project/scripts/ph3_engine.mjs:295:23)
    at async main (file:///home/z/my-project/scripts/ph3_engine.mjs:389:41)
    [429] waiting 3s before retry 2/5
Failed to make API request: Error: API request failed with status 429: {"error":"Too many requests, please try again later"}
    at ZAI.createChatCompletion (file:///home/z/.bun/install/global/node_modules/z-ai-web-dev-sdk/dist/index.js:103:23)
    at process.processTicksAndRejections (node:internal/process/task_queues:104:5)
    at async callLLM (file:///home/z/my-project/scripts/ph3_engine.mjs:231:26)
    at async tashkeelSingle (file:///home/z/my-project/scripts/ph3_engine.mjs:295:23)
    at async main (file:///home/z/my-project/scripts/ph3_engine.mjs:389:41)
    [429] waiting 6s before retry 3/5
Failed to make API request: Error: API request failed with status 429: {"error":"Too many requests, please try again later"}
    at ZAI.createChatCompletion (file:///home/z/.bun/install/global/node_modules/z-ai-web-dev-sdk/dist/index.js:103:23)
    at process.processTicksAndRejections (node:internal/process/task_queues:104:5)
    at async callLLM (file:///home/z/my-project/scripts/ph3_engine.mjs:231:26)
    at async tashkeelSingle (file:///home/z/my-project/scripts/ph3_engine.mjs:295:23)
    at async main (file:///home/z/my-project/scripts/ph3_engine.mjs:389:41)
    [429] waiting 3s before retry 2/5
Failed to make API request: Error: API request failed with status 429: {"error":"Too many requests, please try again later"}
    at ZAI.createChatCompletion (file:///home/z/.bun/install/global/node_modules/z-ai-web-dev-sdk/dist/index.js:103:23)
    at process.processTicksAndRejections (node:internal/process/task_queues:104:5)
    at async callLLM (file:///home/z/my-project/scripts/ph3_engine.mjs:231:26)
    at async tashkeelSingle (file:///home/z/my-project/scripts/ph3_engine.mjs:295:23)
    at async main (file:///home/z/my-project/scripts/ph3_engine.mjs:389:41)
    [429] waiting 6s before retry 3/5
Failed to make API request: Error: API request failed with status 429: {"error":"Too many requests, please try again later"}
    at ZAI.createChatCompletion (file:///home/z/.bun/install/global/node_modules/z-ai-web-dev-sdk/dist/index.js:103:23)
    at process.processTicksAndRejections (node:internal/process/task_queues:104:5)
    at async callLLM (file:///home/z/my-project/scripts/ph3_engine.mjs:231:26)
    at async tashkeelSingle (file:///home/z/my-project/scripts/ph3_engine.mjs:295:23)
    at async main (file:///home/z/my-project/scripts/ph3_engine.mjs:389:41)
    [429] waiting 12s before retry 4/5
Failed to make API request: Error: API request failed with status 429: {"error":"Too many requests, please try again later"}
    at ZAI.createChatCompletion (file:///home/z/.bun/install/global/node_modules/z-ai-web-dev-sdk/dist/index.js:103:23)
    at process.processTicksAndRejections (node:internal/process/task_queues:104:5)
    at async callLLM (file:///home/z/my-project/scripts/ph3_engine.mjs:231:26)
    at async tashkeelSingle (file:///home/z/my-project/scripts/ph3_engine.mjs:295:23)
    at async main (file:///home/z/my-project/scripts/ph3_engine.mjs:389:41)
    [429] waiting 24s before retry 5/5
Failed to make API request: Error: API request failed with status 429: {"error":"Too many requests, please try again later"}
    at ZAI.createChatCompletion (file:///home/z/.bun/install/global/node_modules/z-ai-web-dev-sdk/dist/index.js:103:23)
    at process.processTicksAndRejections (node:internal/process/task_queues:104:5)
    at async callLLM (file:///home/z/my-project/scripts/ph3_engine.mjs:231:26)
    at async tashkeelSingle (file:///home/z/my-project/scripts/ph3_engine.mjs:295:23)
    at async main (file:///home/z/my-project/scripts/ph3_engine.mjs:389:41)
  0_01414_01: failed (attempts=4)
Failed to make API request: Error: API request failed with status 429: {"error":"Too many requests, please try again later"}
    at ZAI.createChatCompletion (file:///home/z/.bun/install/global/node_modules/z-ai-web-dev-sdk/dist/index.js:103:23)
    at process.processTicksAndRejections (node:internal/process/task_queues:104:5)
    at async callLLM (file:///home/z/my-project/scripts/ph3_engine.mjs:231:26)
    at async tashkeelSingle (file:///home/z/my-project/scripts/ph3_engine.mjs:295:23)
    at async main (file:///home/z/my-project/scripts/ph3_engine.mjs:389:41)
    [429] waiting 3s before retry 2/5
Failed to make API request: Error: API request failed with status 429: {"error":"Too many requests, please try again later"}
    at ZAI.createChatCompletion (file:///home/z/.bun/install/global/node_modules/z-ai-web-dev-sdk/dist/index.js:103:23)
    at process.processTicksAndRejections (node:internal/process/task_queues:104:5)
    at async callLLM (file:///home/z/my-project/scripts/ph3_engine.mjs:231:26)
    at async tashkeelSingle (file:///home/z/my-project/scripts/ph3_engine.mjs:295:23)
    at async main (file:///home/z/my-project/scripts/ph3_engine.mjs:389:41)
    [429] waiting 6s before retry 3/5
Failed to make API request: Error: API request failed with status 429: {"error":"Too many requests, please try again later"}
    at ZAI.createChatCompletion (file:///home/z/.bun/install/global/node_modules/z-ai-web-dev-sdk/dist/index.js:103:23)
    at process.processTicksAndRejections (node:internal/process/task_queues:104:5)
    at async callLLM (file:///home/z/my-project/scripts/ph3_engine.mjs:231:26)
    at async tashkeelSingle (file:///home/z/my-project/scripts/ph3_engine.mjs:295:23)
    at async main (file:///home/z/my-project/scripts/ph3_engine.mjs:389:41)
    [429] waiting 12s before retry 4/5
Failed to make API request: Error: API request failed with status 429: {"error":"Too many requests, please try again later"}
    at ZAI.createChatCompletion (file:///home/z/.bun/install/global/node_modules/z-ai-web-dev-sdk/dist/index.js:103:23)
    at process.processTicksAndRejections (node:internal/process/task_queues:104:5)
    at async callLLM (file:///home/z/my-project/scripts/ph3_engine.mjs:231:26)
    at async tashkeelSingle (file:///home/z/my-project/scripts/ph3_engine.mjs:295:23)
    at async main (file:///home/z/my-project/scripts/ph3_engine.mjs:389:41)
    [429] waiting 24s before retry 5/5
Failed to make API request: Error: API request failed with status 429: {"error":"Too many requests, please try again later"}
    at ZAI.createChatCompletion (file:///home/z/.bun/install/global/node_modules/z-ai-web-dev-sdk/dist/index.js:103:23)
    at process.processTicksAndRejections (node:internal/process/task_queues:104:5)
    at async callLLM (file:///home/z/my-project/scripts/ph3_engine.mjs:231:26)
    at async tashkeelSingle (file:///home/z/my-project/scripts/ph3_engine.mjs:295:23)
    at async main (file:///home/z/my-project/scripts/ph3_engine.mjs:389:41)
Failed to make API request: Error: API request failed with status 429: {"error":"Too many requests, please try again later"}
    at ZAI.createChatCompletion (file:///home/z/.bun/install/global/node_modules/z-ai-web-dev-sdk/dist/index.js:103:23)
    at process.processTicksAndRejections (node:internal/process/task_queues:104:5)
    at async callLLM (file:///home/z/my-project/scripts/ph3_engine.mjs:231:26)
    at async tashkeelSingle (file:///home/z/my-project/scripts/ph3_engine.mjs:295:23)
    at async main (file:///home/z/my-project/scripts/ph3_engine.mjs:389:41)
    [429] waiting 3s before retry 2/5
Failed to make API request: Error: API request failed with status 429: {"error":"Too many requests, please try again later"}
    at ZAI.createChatCompletion (file:///home/z/.bun/install/global/node_modules/z-ai-web-dev-sdk/dist/index.js:103:23)
    at process.processTicksAndRejections (node:internal/process/task_queues:104:5)
    at async callLLM (file:///home/z/my-project/scripts/ph3_engine.mjs:231:26)
    at async tashkeelSingle (file:///home/z/my-project/scripts/ph3_engine.mjs:295:23)
    at async main (file:///home/z/my-project/scripts/ph3_engine.mjs:389:41)
    [429] waiting 6s before retry 3/5
Failed to make API request: Error: API request failed with status 429: {"error":"Too many requests, please try again later"}
    at ZAI.createChatCompletion (file:///home/z/.bun/install/global/node_modules/z-ai-web-dev-sdk/dist/index.js:103:23)
    at process.processTicksAndRejections (node:internal/process/task_queues:104:5)
    at async callLLM (file:///home/z/my-project/scripts/ph3_engine.mjs:231:26)
    at async tashkeelSingle (file:///home/z/my-project/scripts/ph3_engine.mjs:295:23)
    at async main (file:///home/z/my-project/scripts/ph3_engine.mjs:389:41)
    [429] waiting 12s before retry 4/5
Failed to make API request: Error: API request failed with status 429: {"error":"Too many requests, please try again later"}
    at ZAI.createChatCompletion (file:///home/z/.bun/install/global/node_modules/z-ai-web-dev-sdk/dist/index.js:103:23)
    at process.processTicksAndRejections (node:internal/process/task_queues:104:5)
    at async callLLM (file:///home/z/my-project/scripts/ph3_engine.mjs:231:26)
    at async tashkeelSingle (file:///home/z/my-project/scripts/ph3_engine.mjs:295:23)
    at async main (file:///home/z/my-project/scripts/ph3_engine.mjs:389:41)
    [429] waiting 24s before retry 5/5
Failed to make API request: Error: API request failed with status 429: {"error":"Too many requests, please try again later"}
    at ZAI.createChatCompletion (file:///home/z/.bun/install/global/node_modules/z-ai-web-dev-sdk/dist/index.js:103:23)
    at process.processTicksAndRejections (node:internal/process/task_queues:104:5)
    at async callLLM (file:///home/z/my-project/scripts/ph3_engine.mjs:231:26)
    at async tashkeelSingle (file:///home/z/my-project/scripts/ph3_engine.mjs:295:23)
    at async main (file:///home/z/my-project/scripts/ph3_engine.mjs:389:41)
Failed to make API request: Error: API request failed with status 429: {"error":"Too many requests, please try again later"}
    at ZAI.createChatCompletion (file:///home/z/.bun/install/global/node_modules/z-ai-web-dev-sdk/dist/index.js:103:23)
    at process.processTicksAndRejections (node:internal/process/task_queues:104:5)
    at async callLLM (file:///home/z/my-project/scripts/ph3_engine.mjs:231:26)
    at async tashkeelSingle (file:///home/z/my-project/scripts/ph3_engine.mjs:295:23)
    at async main (file:///home/z/my-project/scripts/ph3_engine.mjs:389:41)
    [429] waiting 3s before retry 2/5
Failed to make API request: Error: API request failed with status 429: {"error":"Too many requests, please try again later"}
    at ZAI.createChatCompletion (file:///home/z/.bun/install/global/node_modules/z-ai-web-dev-sdk/dist/index.js:103:23)
    at process.processTicksAndRejections (node:internal/process/task_queues:104:5)
    at async callLLM (file:///home/z/my-project/scripts/ph3_engine.mjs:231:26)
    at async tashkeelSingle (file:///home/z/my-project/scripts/ph3_engine.mjs:295:23)
    at async main (file:///home/z/my-project/scripts/ph3_engine.mjs:389:41)
    [429] waiting 6s before retry 3/5
Failed to make API request: Error: API request failed with status 429: {"error":"Too many requests, please try again later"}
    at ZAI.createChatCompletion (file:///home/z/.bun/install/global/node_modules/z-ai-web-dev-sdk/dist/index.js:103:23)
    at process.processTicksAndRejections (node:internal/process/task_queues:104:5)
    at async callLLM (file:///home/z/my-project/scripts/ph3_engine.mjs:231:26)
    at async tashkeelSingle (file:///home/z/my-project/scripts/ph3_engine.mjs:295:23)
    at async main (file:///home/z/my-project/scripts/ph3_engine.mjs:389:41)
    [429] waiting 12s before retry 4/5
Failed to make API request: Error: API request failed with status 429: {"error":"Too many requests, please try again later"}
    at ZAI.createChatCompletion (file:///home/z/.bun/install/global/node_modules/z-ai-web-dev-sdk/dist/index.js:103:23)
    at process.processTicksAndRejections (node:internal/process/task_queues:104:5)
    at async callLLM (file:///home/z/my-project/scripts/ph3_engine.mjs:231:26)
    at async tashkeelSingle (file:///home/z/my-project/scripts/ph3_engine.mjs:295:23)
    at async main (file:///home/z/my-project/scripts/ph3_engine.mjs:389:41)
    [429] waiting 24s before retry 5/5
Failed to make API request: Error: API request failed with status 429: {"error":"Too many requests, please try again later"}
    at ZAI.createChatCompletion (file:///home/z/.bun/install/global/node_modules/z-ai-web-dev-sdk/dist/index.js:103:23)
    at process.processTicksAndRejections (node:internal/process/task_queues:104:5)
    at async callLLM (file:///home/z/my-project/scripts/ph3_engine.mjs:231:26)
    at async tashkeelSingle (file:///home/z/my-project/scripts/ph3_engine.mjs:295:23)
    at async main (file:///home/z/my-project/scripts/ph3_engine.mjs:389:41)
  0_01414_02: failed (attempts=4)
Failed to make API request: Error: API request failed with status 429: {"error":"Too many requests, please try again later"}
    at ZAI.createChatCompletion (file:///home/z/.bun/install/global/node_modules/z-ai-web-dev-sdk/dist/index.js:103:23)
    at process.processTicksAndRejections (node:internal/process/task_queues:104:5)
    at async callLLM (file:///home/z/my-project/scripts/ph3_engine.mjs:231:26)
    at async tashkeelSingle (file:///home/z/my-project/scripts/ph3_engine.mjs:295:23)
    at async main (file:///home/z/my-project/scripts/ph3_engine.mjs:389:41)
    [429] waiting 3s before retry 2/5
Failed to make API request: Error: API request failed with status 429: {"error":"Too many requests, please try again later"}
    at ZAI.createChatCompletion (file:///home/z/.bun/install/global/node_modules/z-ai-web-dev-sdk/dist/index.js:103:23)
    at process.processTicksAndRejections (node:internal/process/task_queues:104:5)
    at async callLLM (file:///home/z/my-project/scripts/ph3_engine.mjs:231:26)
    at async tashkeelSingle (file:///home/z/my-project/scripts/ph3_engine.mjs:295:23)
    at async main (file:///home/z/my-project/scripts/ph3_engine.mjs:389:41)
    [429] waiting 6s before retry 3/5
Failed to make API request: Error: API request failed with status 429: {"error":"Too many requests, please try again later"}
    at ZAI.createChatCompletion (file:///home/z/.bun/install/global/node_modules/z-ai-web-dev-sdk/dist/index.js:103:23)
    at process.processTicksAndRejections (node:internal/process/task_queues:104:5)
    at async callLLM (file:///home/z/my-project/scripts/ph3_engine.mjs:231:26)
    at async tashkeelSingle (file:///home/z/my-project/scripts/ph3_engine.mjs:295:23)
    at async main (file:///home/z/my-project/scripts/ph3_engine.mjs:389:41)
    [429] waiting 12s before retry 4/5
input=1368 done=7 quarantined=0 todo=1361 batch=3 tierA=18forms/88pos
batch 1: units 1-3
Failed to make API request: Error: API request failed with status 429: {"error":"Too many requests, please try again later"}
    at ZAI.createChatCompletion (file:///home/z/.bun/install/global/node_modules/z-ai-web-dev-sdk/dist/index.js:103:23)
    at process.processTicksAndRejections (node:internal/process/task_queues:104:5)
    at async callLLM (file:///home/z/my-project/scripts/ph3_engine.mjs:240:26)
    at async tashkeelBatch (file:///home/z/my-project/scripts/ph3_engine.mjs:286:30)
    at async main (file:///home/z/my-project/scripts/ph3_engine.mjs:365:34)
    [429] waiting 3s before retry 2/5
Failed to make API request: Error: API request failed with status 429: {"error":"Too many requests, please try again later"}
    at ZAI.createChatCompletion (file:///home/z/.bun/install/global/node_modules/z-ai-web-dev-sdk/dist/index.js:103:23)
    at process.processTicksAndRejections (node:internal/process/task_queues:104:5)
    at async callLLM (file:///home/z/my-project/scripts/ph3_engine.mjs:240:26)
    at async tashkeelBatch (file:///home/z/my-project/scripts/ph3_engine.mjs:286:30)
    at async main (file:///home/z/my-project/scripts/ph3_engine.mjs:365:34)
    [429] waiting 6s before retry 3/5
Failed to make API request: Error: API request failed with status 429: {"error":"Too many requests, please try again later"}
    at ZAI.createChatCompletion (file:///home/z/.bun/install/global/node_modules/z-ai-web-dev-sdk/dist/index.js:103:23)
    at process.processTicksAndRejections (node:internal/process/task_queues:104:5)
    at async callLLM (file:///home/z/my-project/scripts/ph3_engine.mjs:240:26)
    at async tashkeelBatch (file:///home/z/my-project/scripts/ph3_engine.mjs:286:30)
    at async main (file:///home/z/my-project/scripts/ph3_engine.mjs:365:34)
    [429] waiting 12s before retry 4/5
Failed to make API request: Error: API request failed with status 429: {"error":"Too many requests, please try again later"}
    at ZAI.createChatCompletion (file:///home/z/.bun/install/global/node_modules/z-ai-web-dev-sdk/dist/index.js:103:23)
    at process.processTicksAndRejections (node:internal/process/task_queues:104:5)
    at async callLLM (file:///home/z/my-project/scripts/ph3_engine.mjs:240:26)
    at async tashkeelBatch (file:///home/z/my-project/scripts/ph3_engine.mjs:286:30)
    at async main (file:///home/z/my-project/scripts/ph3_engine.mjs:365:34)
    [429] waiting 24s before retry 5/5
Failed to make API request: Error: API request failed with status 429: {"error":"Too many requests, please try again later"}
    at ZAI.createChatCompletion (file:///home/z/.bun/install/global/node_modules/z-ai-web-dev-sdk/dist/index.js:103:23)
    at process.processTicksAndRejections (node:internal/process/task_queues:104:5)
    at async callLLM (file:///home/z/my-project/scripts/ph3_engine.mjs:240:26)
    at async tashkeelBatch (file:///home/z/my-project/scripts/ph3_engine.mjs:286:30)
    at async main (file:///home/z/my-project/scripts/ph3_engine.mjs:365:34)
  batch-level parse failure: API request failed with status 429: {"error":"Too many requests, please try again later"} -> per-item fallback
Failed to make API request: Error: API request failed with status 429: {"error":"Too many requests, please try again later"}
    at ZAI.createChatCompletion (file:///home/z/.bun/install/global/node_modules/z-ai-web-dev-sdk/dist/index.js:103:23)
    at process.processTicksAndRejections (node:internal/process/task_queues:104:5)
    at async callLLM (file:///home/z/my-project/scripts/ph3_engine.mjs:240:26)
    at async tashkeelSingle (file:///home/z/my-project/scripts/ph3_engine.mjs:304:23)
    at async main (file:///home/z/my-project/scripts/ph3_engine.mjs:398:41)
    [429] waiting 3s before retry 2/5
Failed to make API request: Error: API request failed with status 429: {"error":"Too many requests, please try again later"}
    at ZAI.createChatCompletion (file:///home/z/.bun/install/global/node_modules/z-ai-web-dev-sdk/dist/index.js:103:23)
    at process.processTicksAndRejections (node:internal/process/task_queues:104:5)
    at async callLLM (file:///home/z/my-project/scripts/ph3_engine.mjs:240:26)
    at async tashkeelSingle (file:///home/z/my-project/scripts/ph3_engine.mjs:304:23)
    at async main (file:///home/z/my-project/scripts/ph3_engine.mjs:398:41)
    [429] waiting 6s before retry 3/5
Failed to make API request: Error: API request failed with status 429: {"error":"Too many requests, please try again later"}
    at ZAI.createChatCompletion (file:///home/z/.bun/install/global/node_modules/z-ai-web-dev-sdk/dist/index.js:103:23)
    at process.processTicksAndRejections (node:internal/process/task_queues:104:5)
    at async callLLM (file:///home/z/my-project/scripts/ph3_engine.mjs:240:26)
    at async tashkeelSingle (file:///home/z/my-project/scripts/ph3_engine.mjs:304:23)
    at async main (file:///home/z/my-project/scripts/ph3_engine.mjs:398:41)
    [429] waiting 12s before retry 4/5
Failed to make API request: Error: API request failed with status 429: {"error":"Too many requests, please try again later"}
    at ZAI.createChatCompletion (file:///home/z/.bun/install/global/node_modules/z-ai-web-dev-sdk/dist/index.js:103:23)
    at process.processTicksAndRejections (node:internal/process/task_queues:104:5)
    at async callLLM (file:///home/z/my-project/scripts/ph3_engine.mjs:240:26)
    at async tashkeelSingle (file:///home/z/my-project/scripts/ph3_engine.mjs:304:23)
    at async main (file:///home/z/my-project/scripts/ph3_engine.mjs:398:41)
    [429] waiting 24s before retry 5/5
Failed to make API request: Error: API request failed with status 429: {"error":"Too many requests, please try again later"}
    at ZAI.createChatCompletion (file:///home/z/.bun/install/global/node_modules/z-ai-web-dev-sdk/dist/index.js:103:23)
    at process.processTicksAndRejections (node:internal/process/task_queues:104:5)
    at async callLLM (file:///home/z/my-project/scripts/ph3_engine.mjs:240:26)
    at async tashkeelSingle (file:///home/z/my-project/scripts/ph3_engine.mjs:304:23)
    at async main (file:///home/z/my-project/scripts/ph3_engine.mjs:398:41)
Failed to make API request: Error: API request failed with status 429: {"error":"Too many requests, please try again later"}
    at ZAI.createChatCompletion (file:///home/z/.bun/install/global/node_modules/z-ai-web-dev-sdk/dist/index.js:103:23)
    at process.processTicksAndRejections (node:internal/process/task_queues:104:5)
    at async callLLM (file:///home/z/my-project/scripts/ph3_engine.mjs:240:26)
    at async tashkeelSingle (file:///home/z/my-project/scripts/ph3_engine.mjs:304:23)
    at async main (file:///home/z/my-project/scripts/ph3_engine.mjs:398:41)
    [429] waiting 3s before retry 2/5
Failed to make API request: Error: API request failed with status 429: {"error":"Too many requests, please try again later"}
    at ZAI.createChatCompletion (file:///home/z/.bun/install/global/node_modules/z-ai-web-dev-sdk/dist/index.js:103:23)
    at process.processTicksAndRejections (node:internal/process/task_queues:104:5)
    at async callLLM (file:///home/z/my-project/scripts/ph3_engine.mjs:240:26)
    at async tashkeelSingle (file:///home/z/my-project/scripts/ph3_engine.mjs:304:23)
    at async main (file:///home/z/my-project/scripts/ph3_engine.mjs:398:41)
    [429] waiting 6s before retry 3/5
Failed to make API request: Error: API request failed with status 429: {"error":"Too many requests, please try again later"}
    at ZAI.createChatCompletion (file:///home/z/.bun/install/global/node_modules/z-ai-web-dev-sdk/dist/index.js:103:23)
    at process.processTicksAndRejections (node:internal/process/task_queues:104:5)
    at async callLLM (file:///home/z/my-project/scripts/ph3_engine.mjs:240:26)
    at async tashkeelSingle (file:///home/z/my-project/scripts/ph3_engine.mjs:304:23)
    at async main (file:///home/z/my-project/scripts/ph3_engine.mjs:398:41)
    [429] waiting 12s before retry 4/5
Failed to make API request: Error: API request failed with status 429: {"error":"Too many requests, please try again later"}
    at ZAI.createChatCompletion (file:///home/z/.bun/install/global/node_modules/z-ai-web-dev-sdk/dist/index.js:103:23)
    at process.processTicksAndRejections (node:internal/process/task_queues:104:5)
    at async callLLM (file:///home/z/my-project/scripts/ph3_engine.mjs:240:26)
    at async tashkeelSingle (file:///home/z/my-project/scripts/ph3_engine.mjs:304:23)
    at async main (file:///home/z/my-project/scripts/ph3_engine.mjs:398:41)
    [429] waiting 24s before retry 5/5
Failed to make API request: Error: API request failed with status 429: {"error":"Too many requests, please try again later"}
    at ZAI.createChatCompletion (file:///home/z/.bun/install/global/node_modules/z-ai-web-dev-sdk/dist/index.js:103:23)
    at process.processTicksAndRejections (node:internal/process/task_queues:104:5)
    at async callLLM (file:///home/z/my-project/scripts/ph3_engine.mjs:240:26)
    at async tashkeelSingle (file:///home/z/my-project/scripts/ph3_engine.mjs:304:23)
    at async main (file:///home/z/my-project/scripts/ph3_engine.mjs:398:41)
Failed to make API request: Error: API request failed with status 429: {"error":"Too many requests, please try again later"}
    at ZAI.createChatCompletion (file:///home/z/.bun/install/global/node_modules/z-ai-web-dev-sdk/dist/index.js:103:23)
    at process.processTicksAndRejections (node:internal/process/task_queues:104:5)
    at async callLLM (file:///home/z/my-project/scripts/ph3_engine.mjs:240:26)
    at async tashkeelSingle (file:///home/z/my-project/scripts/ph3_engine.mjs:304:23)
    at async main (file:///home/z/my-project/scripts/ph3_engine.mjs:398:41)
    [429] waiting 3s before retry 2/5
Failed to make API request: Error: API request failed with status 429: {"error":"Too many requests, please try again later"}
    at ZAI.createChatCompletion (file:///home/z/.bun/install/global/node_modules/z-ai-web-dev-sdk/dist/index.js:103:23)
    at process.processTicksAndRejections (node:internal/process/task_queues:104:5)
    at async callLLM (file:///home/z/my-project/scripts/ph3_engine.mjs:240:26)
    at async tashkeelSingle (file:///home/z/my-project/scripts/ph3_engine.mjs:304:23)
    at async main (file:///home/z/my-project/scripts/ph3_engine.mjs:398:41)
    [429] waiting 6s before retry 3/5
Failed to make API request: Error: API request failed with status 429: {"error":"Too many requests, please try again later"}
    at ZAI.createChatCompletion (file:///home/z/.bun/install/global/node_modules/z-ai-web-dev-sdk/dist/index.js:103:23)
    at process.processTicksAndRejections (node:internal/process/task_queues:104:5)
    at async callLLM (file:///home/z/my-project/scripts/ph3_engine.mjs:240:26)
    at async tashkeelSingle (file:///home/z/my-project/scripts/ph3_engine.mjs:304:23)
    at async main (file:///home/z/my-project/scripts/ph3_engine.mjs:398:41)
    [429] waiting 12s before retry 4/5
Failed to make API request: Error: API request failed with status 429: {"error":"Too many requests, please try again later"}
    at ZAI.createChatCompletion (file:///home/z/.bun/install/global/node_modules/z-ai-web-dev-sdk/dist/index.js:103:23)
    at process.processTicksAndRejections (node:internal/process/task_queues:104:5)
    at async callLLM (file:///home/z/my-project/scripts/ph3_engine.mjs:240:26)
    at async tashkeelSingle (file:///home/z/my-project/scripts/ph3_engine.mjs:304:23)
    at async main (file:///home/z/my-project/scripts/ph3_engine.mjs:398:41)
    [429] waiting 24s before retry 5/5
Failed to make API request: Error: API request failed with status 429: {"error":"Too many requests, please try again later"}
    at ZAI.createChatCompletion (file:///home/z/.bun/install/global/node_modules/z-ai-web-dev-sdk/dist/index.js:103:23)
    at process.processTicksAndRejections (node:internal/process/task_queues:104:5)
    at async callLLM (file:///home/z/my-project/scripts/ph3_engine.mjs:240:26)
    at async tashkeelSingle (file:///home/z/my-project/scripts/ph3_engine.mjs:304:23)
    at async main (file:///home/z/my-project/scripts/ph3_engine.mjs:398:41)
Failed to make API request: Error: API request failed with status 429: {"error":"Too many requests, please try again later"}
    at ZAI.createChatCompletion (file:///home/z/.bun/install/global/node_modules/z-ai-web-dev-sdk/dist/index.js:103:23)
    at process.processTicksAndRejections (node:internal/process/task_queues:104:5)
    at async callLLM (file:///home/z/my-project/scripts/ph3_engine.mjs:240:26)
    at async tashkeelSingle (file:///home/z/my-project/scripts/ph3_engine.mjs:304:23)
    at async main (file:///home/z/my-project/scripts/ph3_engine.mjs:398:41)
    [429] waiting 3s before retry 2/5
Failed to make API request: Error: API request failed with status 429: {"error":"Too many requests, please try again later"}
    at ZAI.createChatCompletion (file:///home/z/.bun/install/global/node_modules/z-ai-web-dev-sdk/dist/index.js:103:23)
    at process.processTicksAndRejections (node:internal/process/task_queues:104:5)
    at async callLLM (file:///home/z/my-project/scripts/ph3_engine.mjs:240:26)
    at async tashkeelSingle (file:///home/z/my-project/scripts/ph3_engine.mjs:304:23)
    at async main (file:///home/z/my-project/scripts/ph3_engine.mjs:398:41)
    [429] waiting 6s before retry 3/5
Failed to make API request: Error: API request failed with status 429: {"error":"Too many requests, please try again later"}
    at ZAI.createChatCompletion (file:///home/z/.bun/install/global/node_modules/z-ai-web-dev-sdk/dist/index.js:103:23)
    at process.processTicksAndRejections (node:internal/process/task_queues:104:5)
    at async callLLM (file:///home/z/my-project/scripts/ph3_engine.mjs:240:26)
    at async tashkeelSingle (file:///home/z/my-project/scripts/ph3_engine.mjs:304:23)
    at async main (file:///home/z/my-project/scripts/ph3_engine.mjs:398:41)
    [429] waiting 12s before retry 4/5
Failed to make API request: Error: API request failed with status 429: {"error":"Too many requests, please try again later"}
    at ZAI.createChatCompletion (file:///home/z/.bun/install/global/node_modules/z-ai-web-dev-sdk/dist/index.js:103:23)
    at process.processTicksAndRejections (node:internal/process/task_queues:104:5)
    at async callLLM (file:///home/z/my-project/scripts/ph3_engine.mjs:240:26)
    at async tashkeelSingle (file:///home/z/my-project/scripts/ph3_engine.mjs:304:23)
    at async main (file:///home/z/my-project/scripts/ph3_engine.mjs:398:41)
    [429] waiting 24s before retry 5/5
Failed to make API request: Error: API request failed with status 429: {"error":"Too many requests, please try again later"}
    at ZAI.createChatCompletion (file:///home/z/.bun/install/global/node_modules/z-ai-web-dev-sdk/dist/index.js:103:23)
    at process.processTicksAndRejections (node:internal/process/task_queues:104:5)
    at async callLLM (file:///home/z/my-project/scripts/ph3_engine.mjs:240:26)
    at async tashkeelSingle (file:///home/z/my-project/scripts/ph3_engine.mjs:304:23)
    at async main (file:///home/z/my-project/scripts/ph3_engine.mjs:398:41)
  0_01419_00: failed (attempts=4)
Failed to make API request: Error: API request failed with status 429: {"error":"Too many requests, please try again later"}
    at ZAI.createChatCompletion (file:///home/z/.bun/install/global/node_modules/z-ai-web-dev-sdk/dist/index.js:103:23)
    at process.processTicksAndRejections (node:internal/process/task_queues:104:5)
    at async callLLM (file:///home/z/my-project/scripts/ph3_engine.mjs:240:26)
    at async tashkeelSingle (file:///home/z/my-project/scripts/ph3_engine.mjs:304:23)
    at async main (file:///home/z/my-project/scripts/ph3_engine.mjs:398:41)
    [429] waiting 3s before retry 2/5
Failed to make API request: Error: API request failed with status 429: {"error":"Too many requests, please try again later"}
    at ZAI.createChatCompletion (file:///home/z/.bun/install/global/node_modules/z-ai-web-dev-sdk/dist/index.js:103:23)
    at process.processTicksAndRejections (node:internal/process/task_queues:104:5)
    at async callLLM (file:///home/z/my-project/scripts/ph3_engine.mjs:240:26)
    at async tashkeelSingle (file:///home/z/my-project/scripts/ph3_engine.mjs:304:23)
    at async main (file:///home/z/my-project/scripts/ph3_engine.mjs:398:41)
    [429] waiting 6s before retry 3/5
Failed to make API request: Error: API request failed with status 429: {"error":"Too many requests, please try again later"}
    at ZAI.createChatCompletion (file:///home/z/.bun/install/global/node_modules/z-ai-web-dev-sdk/dist/index.js:103:23)
    at process.processTicksAndRejections (node:internal/process/task_queues:104:5)
    at async callLLM (file:///home/z/my-project/scripts/ph3_engine.mjs:240:26)
    at async tashkeelSingle (file:///home/z/my-project/scripts/ph3_engine.mjs:304:23)
    at async main (file:///home/z/my-project/scripts/ph3_engine.mjs:398:41)
    [429] waiting 12s before retry 4/5
Failed to make API request: Error: API request failed with status 429: {"error":"Too many requests, please try again later"}
    at ZAI.createChatCompletion (file:///home/z/.bun/install/global/node_modules/z-ai-web-dev-sdk/dist/index.js:103:23)
    at process.processTicksAndRejections (node:internal/process/task_queues:104:5)
    at async callLLM (file:///home/z/my-project/scripts/ph3_engine.mjs:240:26)
    at async tashkeelSingle (file:///home/z/my-project/scripts/ph3_engine.mjs:304:23)
    at async main (file:///home/z/my-project/scripts/ph3_engine.mjs:398:41)
    [429] waiting 24s before retry 5/5
Failed to make API request: Error: API request failed with status 429: {"error":"Too many requests, please try again later"}
    at ZAI.createChatCompletion (file:///home/z/.bun/install/global/node_modules/z-ai-web-dev-sdk/dist/index.js:103:23)
    at process.processTicksAndRejections (node:internal/process/task_queues:104:5)
    at async callLLM (file:///home/z/my-project/scripts/ph3_engine.mjs:240:26)
    at async tashkeelSingle (file:///home/z/my-project/scripts/ph3_engine.mjs:304:23)
    at async main (file:///home/z/my-project/scripts/ph3_engine.mjs:398:41)
Failed to make API request: Error: API request failed with status 429: {"error":"Too many requests, please try again later"}
    at ZAI.createChatCompletion (file:///home/z/.bun/install/global/node_modules/z-ai-web-dev-sdk/dist/index.js:103:23)
    at process.processTicksAndRejections (node:internal/process/task_queues:104:5)
    at async callLLM (file:///home/z/my-project/scripts/ph3_engine.mjs:240:26)
    at async tashkeelSingle (file:///home/z/my-project/scripts/ph3_engine.mjs:304:23)
    at async main (file:///home/z/my-project/scripts/ph3_engine.mjs:398:41)
    [429] waiting 3s before retry 2/5
Failed to make API request: Error: API request failed with status 429: {"error":"Too many requests, please try again later"}
    at ZAI.createChatCompletion (file:///home/z/.bun/install/global/node_modules/z-ai-web-dev-sdk/dist/index.js:103:23)
    at process.processTicksAndRejections (node:internal/process/task_queues:104:5)
    at async callLLM (file:///home/z/my-project/scripts/ph3_engine.mjs:240:26)
    at async tashkeelSingle (file:///home/z/my-project/scripts/ph3_engine.mjs:304:23)
    at async main (file:///home/z/my-project/scripts/ph3_engine.mjs:398:41)
    [429] waiting 6s before retry 3/5
Failed to make API request: Error: API request failed with status 429: {"error":"Too many requests, please try again later"}
    at ZAI.createChatCompletion (file:///home/z/.bun/install/global/node_modules/z-ai-web-dev-sdk/dist/index.js:103:23)
    at process.processTicksAndRejections (node:internal/process/task_queues:104:5)
    at async callLLM (file:///home/z/my-project/scripts/ph3_engine.mjs:240:26)
    at async tashkeelSingle (file:///home/z/my-project/scripts/ph3_engine.mjs:304:23)
    at async main (file:///home/z/my-project/scripts/ph3_engine.mjs:398:41)
    [429] waiting 12s before retry 4/5
Failed to make API request: Error: API request failed with status 429: {"error":"Too many requests, please try again later"}
    at ZAI.createChatCompletion (file:///home/z/.bun/install/global/node_modules/z-ai-web-dev-sdk/dist/index.js:103:23)
    at process.processTicksAndRejections (node:internal/process/task_queues:104:5)
    at async callLLM (file:///home/z/my-project/scripts/ph3_engine.mjs:240:26)
    at async tashkeelSingle (file:///home/z/my-project/scripts/ph3_engine.mjs:304:23)
    at async main (file:///home/z/my-project/scripts/ph3_engine.mjs:398:41)
    [429] waiting 24s before retry 5/5
Failed to make API request: Error: API request failed with status 429: {"error":"Too many requests, please try again later"}
    at ZAI.createChatCompletion (file:///home/z/.bun/install/global/node_modules/z-ai-web-dev-sdk/dist/index.js:103:23)
    at process.processTicksAndRejections (node:internal/process/task_queues:104:5)
    at async callLLM (file:///home/z/my-project/scripts/ph3_engine.mjs:240:26)
    at async tashkeelSingle (file:///home/z/my-project/scripts/ph3_engine.mjs:304:23)
    at async main (file:///home/z/my-project/scripts/ph3_engine.mjs:398:41)
Failed to make API request: Error: API request failed with status 429: {"error":"Too many requests, please try again later"}
    at ZAI.createChatCompletion (file:///home/z/.bun/install/global/node_modules/z-ai-web-dev-sdk/dist/index.js:103:23)
    at process.processTicksAndRejections (node:internal/process/task_queues:104:5)
    at async callLLM (file:///home/z/my-project/scripts/ph3_engine.mjs:240:26)
    at async tashkeelSingle (file:///home/z/my-project/scripts/ph3_engine.mjs:304:23)
    at async main (file:///home/z/my-project/scripts/ph3_engine.mjs:398:41)
    [429] waiting 3s before retry 2/5
Failed to make API request: Error: API request failed with status 429: {"error":"Too many requests, please try again later"}
    at ZAI.createChatCompletion (file:///home/z/.bun/install/global/node_modules/z-ai-web-dev-sdk/dist/index.js:103:23)
    at process.processTicksAndRejections (node:internal/process/task_queues:104:5)
    at async callLLM (file:///home/z/my-project/scripts/ph3_engine.mjs:240:26)
    at async tashkeelSingle (file:///home/z/my-project/scripts/ph3_engine.mjs:304:23)
    at async main (file:///home/z/my-project/scripts/ph3_engine.mjs:398:41)
    [429] waiting 6s before retry 3/5
Failed to make API request: Error: API request failed with status 429: {"error":"Too many requests, please try again later"}
    at ZAI.createChatCompletion (file:///home/z/.bun/install/global/node_modules/z-ai-web-dev-sdk/dist/index.js:103:23)
    at process.processTicksAndRejections (node:internal/process/task_queues:104:5)
    at async callLLM (file:///home/z/my-project/scripts/ph3_engine.mjs:240:26)
    at async tashkeelSingle (file:///home/z/my-project/scripts/ph3_engine.mjs:304:23)
    at async main (file:///home/z/my-project/scripts/ph3_engine.mjs:398:41)
    [429] waiting 12s before retry 4/5
Failed to make API request: Error: API request failed with status 429: {"error":"Too many requests, please try again later"}
    at ZAI.createChatCompletion (file:///home/z/.bun/install/global/node_modules/z-ai-web-dev-sdk/dist/index.js:103:23)
    at process.processTicksAndRejections (node:internal/process/task_queues:104:5)
    at async callLLM (file:///home/z/my-project/scripts/ph3_engine.mjs:240:26)
    at async tashkeelSingle (file:///home/z/my-project/scripts/ph3_engine.mjs:304:23)
    at async main (file:///home/z/my-project/scripts/ph3_engine.mjs:398:41)
    [429] waiting 24s before retry 5/5
Failed to make API request: Error: API request failed with status 429: {"error":"Too many requests, please try again later"}
    at ZAI.createChatCompletion (file:///home/z/.bun/install/global/node_modules/z-ai-web-dev-sdk/dist/index.js:103:23)
    at process.processTicksAndRejections (node:internal/process/task_queues:104:5)
    at async callLLM (file:///home/z/my-project/scripts/ph3_engine.mjs:240:26)
    at async tashkeelSingle (file:///home/z/my-project/scripts/ph3_engine.mjs:304:23)
    at async main (file:///home/z/my-project/scripts/ph3_engine.mjs:398:41)
Failed to make API request: Error: API request failed with status 429: {"error":"Too many requests, please try again later"}
    at ZAI.createChatCompletion (file:///home/z/.bun/install/global/node_modules/z-ai-web-dev-sdk/dist/index.js:103:23)
    at process.processTicksAndRejections (node:internal/process/task_queues:104:5)
    at async callLLM (file:///home/z/my-project/scripts/ph3_engine.mjs:240:26)
    at async tashkeelSingle (file:///home/z/my-project/scripts/ph3_engine.mjs:304:23)
    at async main (file:///home/z/my-project/scripts/ph3_engine.mjs:398:41)
    [429] waiting 3s before retry 2/5
Failed to make API request: Error: API request failed with status 429: {"error":"Too many requests, please try again later"}
    at ZAI.createChatCompletion (file:///home/z/.bun/install/global/node_modules/z-ai-web-dev-sdk/dist/index.js:103:23)
    at process.processTicksAndRejections (node:internal/process/task_queues:104:5)
    at async callLLM (file:///home/z/my-project/scripts/ph3_engine.mjs:240:26)
    at async tashkeelSingle (file:///home/z/my-project/scripts/ph3_engine.mjs:304:23)
    at async main (file:///home/z/my-project/scripts/ph3_engine.mjs:398:41)
    [429] waiting 6s before retry 3/5
Failed to make API request: Error: API request failed with status 429: {"error":"Too many requests, please try again later"}
    at ZAI.createChatCompletion (file:///home/z/.bun/install/global/node_modules/z-ai-web-dev-sdk/dist/index.js:103:23)
    at process.processTicksAndRejections (node:internal/process/task_queues:104:5)
    at async callLLM (file:///home/z/my-project/scripts/ph3_engine.mjs:240:26)
    at async tashkeelSingle (file:///home/z/my-project/scripts/ph3_engine.mjs:304:23)
    at async main (file:///home/z/my-project/scripts/ph3_engine.mjs:398:41)
    [429] waiting 12s before retry 4/5
Failed to make API request: Error: API request failed with status 429: {"error":"Too many requests, please try again later"}
    at ZAI.createChatCompletion (file:///home/z/.bun/install/global/node_modules/z-ai-web-dev-sdk/dist/index.js:103:23)
    at process.processTicksAndRejections (node:internal/process/task_queues:104:5)
    at async callLLM (file:///home/z/my-project/scripts/ph3_engine.mjs:240:26)
    at async tashkeelSingle (file:///home/z/my-project/scripts/ph3_engine.mjs:304:23)
    at async main (file:///home/z/my-project/scripts/ph3_engine.mjs:398:41)
    [429] waiting 24s before retry 5/5
Failed to make API request: Error: API request failed with status 429: {"error":"Too many requests, please try again later"}
    at ZAI.createChatCompletion (file:///home/z/.bun/install/global/node_modules/z-ai-web-dev-sdk/dist/index.js:103:23)
    at process.processTicksAndRejections (node:internal/process/task_queues:104:5)
    at async callLLM (file:///home/z/my-project/scripts/ph3_engine.mjs:240:26)
    at async tashkeelSingle (file:///home/z/my-project/scripts/ph3_engine.mjs:304:23)
    at async main (file:///home/z/my-project/scripts/ph3_engine.mjs:398:41)
  0_01419_01: failed (attempts=4)
Failed to make API request: Error: API request failed with status 429: {"error":"Too many requests, please try again later"}
    at ZAI.createChatCompletion (file:///home/z/.bun/install/global/node_modules/z-ai-web-dev-sdk/dist/index.js:103:23)
    at process.processTicksAndRejections (node:internal/process/task_queues:104:5)
    at async callLLM (file:///home/z/my-project/scripts/ph3_engine.mjs:240:26)
    at async tashkeelSingle (file:///home/z/my-project/scripts/ph3_engine.mjs:304:23)
    at async main (file:///home/z/my-project/scripts/ph3_engine.mjs:398:41)
    [429] waiting 3s before retry 2/5
Failed to make API request: Error: API request failed with status 429: {"error":"Too many requests, please try again later"}
    at ZAI.createChatCompletion (file:///home/z/.bun/install/global/node_modules/z-ai-web-dev-sdk/dist/index.js:103:23)
    at process.processTicksAndRejections (node:internal/process/task_queues:104:5)
    at async callLLM (file:///home/z/my-project/scripts/ph3_engine.mjs:240:26)
    at async tashkeelSingle (file:///home/z/my-project/scripts/ph3_engine.mjs:304:23)
    at async main (file:///home/z/my-project/scripts/ph3_engine.mjs:398:41)
    [429] waiting 6s before retry 3/5
Failed to make API request: Error: API request failed with status 429: {"error":"Too many requests, please try again later"}
    at ZAI.createChatCompletion (file:///home/z/.bun/install/global/node_modules/z-ai-web-dev-sdk/dist/index.js:103:23)
    at process.processTicksAndRejections (node:internal/process/task_queues:104:5)
    at async callLLM (file:///home/z/my-project/scripts/ph3_engine.mjs:240:26)
    at async tashkeelSingle (file:///home/z/my-project/scripts/ph3_engine.mjs:304:23)
    at async main (file:///home/z/my-project/scripts/ph3_engine.mjs:398:41)
    [429] waiting 12s before retry 4/5
Failed to make API request: Error: API request failed with status 429: {"error":"Too many requests, please try again later"}
    at ZAI.createChatCompletion (file:///home/z/.bun/install/global/node_modules/z-ai-web-dev-sdk/dist/index.js:103:23)
    at process.processTicksAndRejections (node:internal/process/task_queues:104:5)
    at async callLLM (file:///home/z/my-project/scripts/ph3_engine.mjs:240:26)
    at async tashkeelSingle (file:///home/z/my-project/scripts/ph3_engine.mjs:304:23)
    at async main (file:///home/z/my-project/scripts/ph3_engine.mjs:398:41)
    [429] waiting 24s before retry 5/5
Failed to make API request: Error: API request failed with status 429: {"error":"Too many requests, please try again later"}
    at ZAI.createChatCompletion (file:///home/z/.bun/install/global/node_modules/z-ai-web-dev-sdk/dist/index.js:103:23)
    at process.processTicksAndRejections (node:internal/process/task_queues:104:5)
    at async callLLM (file:///home/z/my-project/scripts/ph3_engine.mjs:240:26)
    at async tashkeelSingle (file:///home/z/my-project/scripts/ph3_engine.mjs:304:23)
    at async main (file:///home/z/my-project/scripts/ph3_engine.mjs:398:41)
Failed to make API request: Error: API request failed with status 429: {"error":"Too many requests, please try again later"}
    at ZAI.createChatCompletion (file:///home/z/.bun/install/global/node_modules/z-ai-web-dev-sdk/dist/index.js:103:23)
    at process.processTicksAndRejections (node:internal/process/task_queues:104:5)
    at async callLLM (file:///home/z/my-project/scripts/ph3_engine.mjs:240:26)
    at async tashkeelSingle (file:///home/z/my-project/scripts/ph3_engine.mjs:304:23)
    at async main (file:///home/z/my-project/scripts/ph3_engine.mjs:398:41)
    [429] waiting 3s before retry 2/5
Failed to make API request: Error: API request failed with status 429: {"error":"Too many requests, please try again later"}
    at ZAI.createChatCompletion (file:///home/z/.bun/install/global/node_modules/z-ai-web-dev-sdk/dist/index.js:103:23)
    at process.processTicksAndRejections (node:internal/process/task_queues:104:5)
    at async callLLM (file:///home/z/my-project/scripts/ph3_engine.mjs:240:26)
    at async tashkeelSingle (file:///home/z/my-project/scripts/ph3_engine.mjs:304:23)
    at async main (file:///home/z/my-project/scripts/ph3_engine.mjs:398:41)
    [429] waiting 6s before retry 3/5
Failed to make API request: Error: API request failed with status 429: {"error":"Too many requests, please try again later"}
    at ZAI.createChatCompletion (file:///home/z/.bun/install/global/node_modules/z-ai-web-dev-sdk/dist/index.js:103:23)
    at process.processTicksAndRejections (node:internal/process/task_queues:104:5)
    at async callLLM (file:///home/z/my-project/scripts/ph3_engine.mjs:240:26)
    at async tashkeelSingle (file:///home/z/my-project/scripts/ph3_engine.mjs:304:23)
    at async main (file:///home/z/my-project/scripts/ph3_engine.mjs:398:41)
    [429] waiting 12s before retry 4/5
Failed to make API request: Error: API request failed with status 429: {"error":"Too many requests, please try again later"}
    at ZAI.createChatCompletion (file:///home/z/.bun/install/global/node_modules/z-ai-web-dev-sdk/dist/index.js:103:23)
    at process.processTicksAndRejections (node:internal/process/task_queues:104:5)
    at async callLLM (file:///home/z/my-project/scripts/ph3_engine.mjs:240:26)
    at async tashkeelSingle (file:///home/z/my-project/scripts/ph3_engine.mjs:304:23)
    at async main (file:///home/z/my-project/scripts/ph3_engine.mjs:398:41)
    [429] waiting 24s before retry 5/5
Failed to make API request: Error: API request failed with status 429: {"error":"Too many requests, please try again later"}
    at ZAI.createChatCompletion (file:///home/z/.bun/install/global/node_modules/z-ai-web-dev-sdk/dist/index.js:103:23)
    at process.processTicksAndRejections (node:internal/process/task_queues:104:5)
    at async callLLM (file:///home/z/my-project/scripts/ph3_engine.mjs:240:26)
    at async tashkeelSingle (file:///home/z/my-project/scripts/ph3_engine.mjs:304:23)
    at async main (file:///home/z/my-project/scripts/ph3_engine.mjs:398:41)
Failed to make API request: Error: API request failed with status 429: {"error":"Too many requests, please try again later"}
    at ZAI.createChatCompletion (file:///home/z/.bun/install/global/node_modules/z-ai-web-dev-sdk/dist/index.js:103:23)
    at process.processTicksAndRejections (node:internal/process/task_queues:104:5)
    at async callLLM (file:///home/z/my-project/scripts/ph3_engine.mjs:240:26)
    at async tashkeelSingle (file:///home/z/my-project/scripts/ph3_engine.mjs:304:23)
    at async main (file:///home/z/my-project/scripts/ph3_engine.mjs:398:41)
    [429] waiting 3s before retry 2/5
Failed to make API request: Error: API request failed with status 429: {"error":"Too many requests, please try again later"}
    at ZAI.createChatCompletion (file:///home/z/.bun/install/global/node_modules/z-ai-web-dev-sdk/dist/index.js:103:23)
    at process.processTicksAndRejections (node:internal/process/task_queues:104:5)
    at async callLLM (file:///home/z/my-project/scripts/ph3_engine.mjs:240:26)
    at async tashkeelSingle (file:///home/z/my-project/scripts/ph3_engine.mjs:304:23)
    at async main (file:///home/z/my-project/scripts/ph3_engine.mjs:398:41)
    [429] waiting 6s before retry 3/5
Failed to make API request: Error: API request failed with status 429: {"error":"Too many requests, please try again later"}
    at ZAI.createChatCompletion (file:///home/z/.bun/install/global/node_modules/z-ai-web-dev-sdk/dist/index.js:103:23)
    at process.processTicksAndRejections (node:internal/process/task_queues:104:5)
    at async callLLM (file:///home/z/my-project/scripts/ph3_engine.mjs:240:26)
    at async tashkeelSingle (file:///home/z/my-project/scripts/ph3_engine.mjs:304:23)
    at async main (file:///home/z/my-project/scripts/ph3_engine.mjs:398:41)
    [429] waiting 12s before retry 4/5
Failed to make API request: Error: API request failed with status 429: {"error":"Too many requests, please try again later"}
    at ZAI.createChatCompletion (file:///home/z/.bun/install/global/node_modules/z-ai-web-dev-sdk/dist/index.js:103:23)
    at process.processTicksAndRejections (node:internal/process/task_queues:104:5)
    at async callLLM (file:///home/z/my-project/scripts/ph3_engine.mjs:240:26)
    at async tashkeelSingle (file:///home/z/my-project/scripts/ph3_engine.mjs:304:23)
    at async main (file:///home/z/my-project/scripts/ph3_engine.mjs:398:41)
    [429] waiting 24s before retry 5/5
input=1368 done=9 quarantined=0 todo=1359 batch=3 tierA=18forms/88pos
batch 1: units 1-3
Failed to make API request: Error: API request failed with status 429: {"error":"Too many requests, please try again later"}
    at ZAI.createChatCompletion (file:///home/z/.bun/install/global/node_modules/z-ai-web-dev-sdk/dist/index.js:103:23)
    at process.processTicksAndRejections (node:internal/process/task_queues:104:5)
    at async callLLM (file:///home/z/my-project/scripts/ph3_engine.mjs:240:26)
    at async tashkeelBatch (file:///home/z/my-project/scripts/ph3_engine.mjs:286:30)
    at async main (file:///home/z/my-project/scripts/ph3_engine.mjs:365:34)
    [429] waiting 3s before retry 2/5
Failed to make API request: Error: API request failed with status 429: {"error":"Too many requests, please try again later"}
    at ZAI.createChatCompletion (file:///home/z/.bun/install/global/node_modules/z-ai-web-dev-sdk/dist/index.js:103:23)
    at process.processTicksAndRejections (node:internal/process/task_queues:104:5)
    at async callLLM (file:///home/z/my-project/scripts/ph3_engine.mjs:240:26)
    at async tashkeelBatch (file:///home/z/my-project/scripts/ph3_engine.mjs:286:30)
    at async main (file:///home/z/my-project/scripts/ph3_engine.mjs:365:34)
    [429] waiting 6s before retry 3/5
Failed to make API request: Error: API request failed with status 429: {"error":"Too many requests, please try again later"}
    at ZAI.createChatCompletion (file:///home/z/.bun/install/global/node_modules/z-ai-web-dev-sdk/dist/index.js:103:23)
    at process.processTicksAndRejections (node:internal/process/task_queues:104:5)
    at async callLLM (file:///home/z/my-project/scripts/ph3_engine.mjs:240:26)
    at async tashkeelBatch (file:///home/z/my-project/scripts/ph3_engine.mjs:286:30)
    at async main (file:///home/z/my-project/scripts/ph3_engine.mjs:365:34)
    [429] waiting 12s before retry 4/5
Failed to make API request: Error: API request failed with status 429: {"error":"Too many requests, please try again later"}
    at ZAI.createChatCompletion (file:///home/z/.bun/install/global/node_modules/z-ai-web-dev-sdk/dist/index.js:103:23)
    at process.processTicksAndRejections (node:internal/process/task_queues:104:5)
    at async callLLM (file:///home/z/my-project/scripts/ph3_engine.mjs:240:26)
    at async tashkeelBatch (file:///home/z/my-project/scripts/ph3_engine.mjs:286:30)
    at async main (file:///home/z/my-project/scripts/ph3_engine.mjs:365:34)
    [429] waiting 24s before retry 5/5
Failed to make API request: Error: API request failed with status 429: {"error":"Too many requests, please try again later"}
    at ZAI.createChatCompletion (file:///home/z/.bun/install/global/node_modules/z-ai-web-dev-sdk/dist/index.js:103:23)
    at process.processTicksAndRejections (node:internal/process/task_queues:104:5)
    at async callLLM (file:///home/z/my-project/scripts/ph3_engine.mjs:240:26)
    at async tashkeelBatch (file:///home/z/my-project/scripts/ph3_engine.mjs:286:30)
    at async main (file:///home/z/my-project/scripts/ph3_engine.mjs:365:34)
  batch-level parse failure: API request failed with status 429: {"error":"Too many requests, please try again later"} -> per-item fallback
Failed to make API request: Error: API request failed with status 429: {"error":"Too many requests, please try again later"}
    at ZAI.createChatCompletion (file:///home/z/.bun/install/global/node_modules/z-ai-web-dev-sdk/dist/index.js:103:23)
    at process.processTicksAndRejections (node:internal/process/task_queues:104:5)
    at async callLLM (file:///home/z/my-project/scripts/ph3_engine.mjs:240:26)
    at async tashkeelSingle (file:///home/z/my-project/scripts/ph3_engine.mjs:304:23)
    at async main (file:///home/z/my-project/scripts/ph3_engine.mjs:398:41)
    [429] waiting 3s before retry 2/5
Failed to make API request: Error: API request failed with status 429: {"error":"Too many requests, please try again later"}
    at ZAI.createChatCompletion (file:///home/z/.bun/install/global/node_modules/z-ai-web-dev-sdk/dist/index.js:103:23)
    at process.processTicksAndRejections (node:internal/process/task_queues:104:5)
    at async callLLM (file:///home/z/my-project/scripts/ph3_engine.mjs:240:26)
    at async tashkeelSingle (file:///home/z/my-project/scripts/ph3_engine.mjs:304:23)
    at async main (file:///home/z/my-project/scripts/ph3_engine.mjs:398:41)
    [429] waiting 6s before retry 3/5
Failed to make API request: Error: API request failed with status 429: {"error":"Too many requests, please try again later"}
    at ZAI.createChatCompletion (file:///home/z/.bun/install/global/node_modules/z-ai-web-dev-sdk/dist/index.js:103:23)
    at process.processTicksAndRejections (node:internal/process/task_queues:104:5)
    at async callLLM (file:///home/z/my-project/scripts/ph3_engine.mjs:240:26)
    at async tashkeelSingle (file:///home/z/my-project/scripts/ph3_engine.mjs:304:23)
    at async main (file:///home/z/my-project/scripts/ph3_engine.mjs:398:41)
    [429] waiting 12s before retry 4/5
Failed to make API request: Error: API request failed with status 429: {"error":"Too many requests, please try again later"}
    at ZAI.createChatCompletion (file:///home/z/.bun/install/global/node_modules/z-ai-web-dev-sdk/dist/index.js:103:23)
    at process.processTicksAndRejections (node:internal/process/task_queues:104:5)
    at async callLLM (file:///home/z/my-project/scripts/ph3_engine.mjs:240:26)
    at async tashkeelSingle (file:///home/z/my-project/scripts/ph3_engine.mjs:304:23)
    at async main (file:///home/z/my-project/scripts/ph3_engine.mjs:398:41)
    [429] waiting 24s before retry 5/5
Failed to make API request: Error: API request failed with status 429: {"error":"Too many requests, please try again later"}
    at ZAI.createChatCompletion (file:///home/z/.bun/install/global/node_modules/z-ai-web-dev-sdk/dist/index.js:103:23)
    at process.processTicksAndRejections (node:internal/process/task_queues:104:5)
    at async callLLM (file:///home/z/my-project/scripts/ph3_engine.mjs:240:26)
    at async tashkeelSingle (file:///home/z/my-project/scripts/ph3_engine.mjs:304:23)
    at async main (file:///home/z/my-project/scripts/ph3_engine.mjs:398:41)
Failed to make API request: Error: API request failed with status 429: {"error":"Too many requests, please try again later"}
    at ZAI.createChatCompletion (file:///home/z/.bun/install/global/node_modules/z-ai-web-dev-sdk/dist/index.js:103:23)
    at process.processTicksAndRejections (node:internal/process/task_queues:104:5)
    at async callLLM (file:///home/z/my-project/scripts/ph3_engine.mjs:240:26)
    at async tashkeelSingle (file:///home/z/my-project/scripts/ph3_engine.mjs:304:23)
    at async main (file:///home/z/my-project/scripts/ph3_engine.mjs:398:41)
    [429] waiting 3s before retry 2/5
Failed to make API request: Error: API request failed with status 429: {"error":"Too many requests, please try again later"}
    at ZAI.createChatCompletion (file:///home/z/.bun/install/global/node_modules/z-ai-web-dev-sdk/dist/index.js:103:23)
    at process.processTicksAndRejections (node:internal/process/task_queues:104:5)
    at async callLLM (file:///home/z/my-project/scripts/ph3_engine.mjs:240:26)
    at async tashkeelSingle (file:///home/z/my-project/scripts/ph3_engine.mjs:304:23)
    at async main (file:///home/z/my-project/scripts/ph3_engine.mjs:398:41)
    [429] waiting 6s before retry 3/5
Failed to make API request: Error: API request failed with status 429: {"error":"Too many requests, please try again later"}
    at ZAI.createChatCompletion (file:///home/z/.bun/install/global/node_modules/z-ai-web-dev-sdk/dist/index.js:103:23)
    at process.processTicksAndRejections (node:internal/process/task_queues:104:5)
    at async callLLM (file:///home/z/my-project/scripts/ph3_engine.mjs:240:26)
    at async tashkeelSingle (file:///home/z/my-project/scripts/ph3_engine.mjs:304:23)
    at async main (file:///home/z/my-project/scripts/ph3_engine.mjs:398:41)
    [429] waiting 12s before retry 4/5
Failed to make API request: Error: API request failed with status 429: {"error":"Too many requests, please try again later"}
    at ZAI.createChatCompletion (file:///home/z/.bun/install/global/node_modules/z-ai-web-dev-sdk/dist/index.js:103:23)
    at process.processTicksAndRejections (node:internal/process/task_queues:104:5)
    at async callLLM (file:///home/z/my-project/scripts/ph3_engine.mjs:240:26)
    at async tashkeelSingle (file:///home/z/my-project/scripts/ph3_engine.mjs:304:23)
    at async main (file:///home/z/my-project/scripts/ph3_engine.mjs:398:41)
    [429] waiting 24s before retry 5/5
Failed to make API request: Error: API request failed with status 429: {"error":"Too many requests, please try again later"}
    at ZAI.createChatCompletion (file:///home/z/.bun/install/global/node_modules/z-ai-web-dev-sdk/dist/index.js:103:23)
    at process.processTicksAndRejections (node:internal/process/task_queues:104:5)
    at async callLLM (file:///home/z/my-project/scripts/ph3_engine.mjs:240:26)
    at async tashkeelSingle (file:///home/z/my-project/scripts/ph3_engine.mjs:304:23)
    at async main (file:///home/z/my-project/scripts/ph3_engine.mjs:398:41)
Failed to make API request: Error: API request failed with status 429: {"error":"Too many requests, please try again later"}
    at ZAI.createChatCompletion (file:///home/z/.bun/install/global/node_modules/z-ai-web-dev-sdk/dist/index.js:103:23)
    at process.processTicksAndRejections (node:internal/process/task_queues:104:5)
    at async callLLM (file:///home/z/my-project/scripts/ph3_engine.mjs:240:26)
    at async tashkeelSingle (file:///home/z/my-project/scripts/ph3_engine.mjs:304:23)
    at async main (file:///home/z/my-project/scripts/ph3_engine.mjs:398:41)
    [429] waiting 3s before retry 2/5
Failed to make API request: Error: API request failed with status 429: {"error":"Too many requests, please try again later"}
    at ZAI.createChatCompletion (file:///home/z/.bun/install/global/node_modules/z-ai-web-dev-sdk/dist/index.js:103:23)
    at process.processTicksAndRejections (node:internal/process/task_queues:104:5)
    at async callLLM (file:///home/z/my-project/scripts/ph3_engine.mjs:240:26)
    at async tashkeelSingle (file:///home/z/my-project/scripts/ph3_engine.mjs:304:23)
    at async main (file:///home/z/my-project/scripts/ph3_engine.mjs:398:41)
    [429] waiting 6s before retry 3/5
Failed to make API request: Error: API request failed with status 429: {"error":"Too many requests, please try again later"}
    at ZAI.createChatCompletion (file:///home/z/.bun/install/global/node_modules/z-ai-web-dev-sdk/dist/index.js:103:23)
    at process.processTicksAndRejections (node:internal/process/task_queues:104:5)
    at async callLLM (file:///home/z/my-project/scripts/ph3_engine.mjs:240:26)
    at async tashkeelSingle (file:///home/z/my-project/scripts/ph3_engine.mjs:304:23)
    at async main (file:///home/z/my-project/scripts/ph3_engine.mjs:398:41)
    [429] waiting 12s before retry 4/5
Failed to make API request: Error: API request failed with status 429: {"error":"Too many requests, please try again later"}
    at ZAI.createChatCompletion (file:///home/z/.bun/install/global/node_modules/z-ai-web-dev-sdk/dist/index.js:103:23)
    at process.processTicksAndRejections (node:internal/process/task_queues:104:5)
    at async callLLM (file:///home/z/my-project/scripts/ph3_engine.mjs:240:26)
    at async tashkeelSingle (file:///home/z/my-project/scripts/ph3_engine.mjs:304:23)
    at async main (file:///home/z/my-project/scripts/ph3_engine.mjs:398:41)
    [429] waiting 24s before retry 5/5
Failed to make API request: Error: API request failed with status 429: {"error":"Too many requests, please try again later"}
    at ZAI.createChatCompletion (file:///home/z/.bun/install/global/node_modules/z-ai-web-dev-sdk/dist/index.js:103:23)
    at process.processTicksAndRejections (node:internal/process/task_queues:104:5)
    at async callLLM (file:///home/z/my-project/scripts/ph3_engine.mjs:240:26)
    at async tashkeelSingle (file:///home/z/my-project/scripts/ph3_engine.mjs:304:23)
    at async main (file:///home/z/my-project/scripts/ph3_engine.mjs:398:41)
Failed to make API request: Error: API request failed with status 429: {"error":"Too many requests, please try again later"}
    at ZAI.createChatCompletion (file:///home/z/.bun/install/global/node_modules/z-ai-web-dev-sdk/dist/index.js:103:23)
    at process.processTicksAndRejections (node:internal/process/task_queues:104:5)
    at async callLLM (file:///home/z/my-project/scripts/ph3_engine.mjs:240:26)
    at async tashkeelSingle (file:///home/z/my-project/scripts/ph3_engine.mjs:304:23)
    at async main (file:///home/z/my-project/scripts/ph3_engine.mjs:398:41)
    [429] waiting 3s before retry 2/5
Failed to make API request: Error: API request failed with status 429: {"error":"Too many requests, please try again later"}
    at ZAI.createChatCompletion (file:///home/z/.bun/install/global/node_modules/z-ai-web-dev-sdk/dist/index.js:103:23)
    at process.processTicksAndRejections (node:internal/process/task_queues:104:5)
    at async callLLM (file:///home/z/my-project/scripts/ph3_engine.mjs:240:26)
    at async tashkeelSingle (file:///home/z/my-project/scripts/ph3_engine.mjs:304:23)
    at async main (file:///home/z/my-project/scripts/ph3_engine.mjs:398:41)
    [429] waiting 6s before retry 3/5
Failed to make API request: Error: API request failed with status 429: {"error":"Too many requests, please try again later"}
    at ZAI.createChatCompletion (file:///home/z/.bun/install/global/node_modules/z-ai-web-dev-sdk/dist/index.js:103:23)
    at process.processTicksAndRejections (node:internal/process/task_queues:104:5)
    at async callLLM (file:///home/z/my-project/scripts/ph3_engine.mjs:240:26)
    at async tashkeelSingle (file:///home/z/my-project/scripts/ph3_engine.mjs:304:23)
    at async main (file:///home/z/my-project/scripts/ph3_engine.mjs:398:41)
    [429] waiting 12s before retry 4/5
Failed to make API request: Error: API request failed with status 429: {"error":"Too many requests, please try again later"}
    at ZAI.createChatCompletion (file:///home/z/.bun/install/global/node_modules/z-ai-web-dev-sdk/dist/index.js:103:23)
    at process.processTicksAndRejections (node:internal/process/task_queues:104:5)
    at async callLLM (file:///home/z/my-project/scripts/ph3_engine.mjs:240:26)
    at async tashkeelSingle (file:///home/z/my-project/scripts/ph3_engine.mjs:304:23)
    at async main (file:///home/z/my-project/scripts/ph3_engine.mjs:398:41)
    [429] waiting 24s before retry 5/5
Failed to make API request: Error: API request failed with status 429: {"error":"Too many requests, please try again later"}
    at ZAI.createChatCompletion (file:///home/z/.bun/install/global/node_modules/z-ai-web-dev-sdk/dist/index.js:103:23)
    at process.processTicksAndRejections (node:internal/process/task_queues:104:5)
    at async callLLM (file:///home/z/my-project/scripts/ph3_engine.mjs:240:26)
    at async tashkeelSingle (file:///home/z/my-project/scripts/ph3_engine.mjs:304:23)
    at async main (file:///home/z/my-project/scripts/ph3_engine.mjs:398:41)
  0_01421_00: failed (attempts=4)
Failed to make API request: Error: API request failed with status 429: {"error":"Too many requests, please try again later"}
    at ZAI.createChatCompletion (file:///home/z/.bun/install/global/node_modules/z-ai-web-dev-sdk/dist/index.js:103:23)
    at process.processTicksAndRejections (node:internal/process/task_queues:104:5)
    at async callLLM (file:///home/z/my-project/scripts/ph3_engine.mjs:240:26)
    at async tashkeelSingle (file:///home/z/my-project/scripts/ph3_engine.mjs:304:23)
    at async main (file:///home/z/my-project/scripts/ph3_engine.mjs:398:41)
    [429] waiting 3s before retry 2/5
Failed to make API request: Error: API request failed with status 429: {"error":"Too many requests, please try again later"}
    at ZAI.createChatCompletion (file:///home/z/.bun/install/global/node_modules/z-ai-web-dev-sdk/dist/index.js:103:23)
    at process.processTicksAndRejections (node:internal/process/task_queues:104:5)
    at async callLLM (file:///home/z/my-project/scripts/ph3_engine.mjs:240:26)
    at async tashkeelSingle (file:///home/z/my-project/scripts/ph3_engine.mjs:304:23)
    at async main (file:///home/z/my-project/scripts/ph3_engine.mjs:398:41)
    [429] waiting 6s before retry 3/5
Failed to make API request: Error: API request failed with status 429: {"error":"Too many requests, please try again later"}
    at ZAI.createChatCompletion (file:///home/z/.bun/install/global/node_modules/z-ai-web-dev-sdk/dist/index.js:103:23)
    at process.processTicksAndRejections (node:internal/process/task_queues:104:5)
    at async callLLM (file:///home/z/my-project/scripts/ph3_engine.mjs:240:26)
    at async tashkeelSingle (file:///home/z/my-project/scripts/ph3_engine.mjs:304:23)
    at async main (file:///home/z/my-project/scripts/ph3_engine.mjs:398:41)
    [429] waiting 12s before retry 4/5
Failed to make API request: Error: API request failed with status 429: {"error":"Too many requests, please try again later"}
    at ZAI.createChatCompletion (file:///home/z/.bun/install/global/node_modules/z-ai-web-dev-sdk/dist/index.js:103:23)
    at process.processTicksAndRejections (node:internal/process/task_queues:104:5)
    at async callLLM (file:///home/z/my-project/scripts/ph3_engine.mjs:240:26)
    at async tashkeelSingle (file:///home/z/my-project/scripts/ph3_engine.mjs:304:23)
    at async main (file:///home/z/my-project/scripts/ph3_engine.mjs:398:41)
    [429] waiting 24s before retry 5/5
Failed to make API request: Error: API request failed with status 429: {"error":"Too many requests, please try again later"}
    at ZAI.createChatCompletion (file:///home/z/.bun/install/global/node_modules/z-ai-web-dev-sdk/dist/index.js:103:23)
    at process.processTicksAndRejections (node:internal/process/task_queues:104:5)
    at async callLLM (file:///home/z/my-project/scripts/ph3_engine.mjs:240:26)
    at async tashkeelSingle (file:///home/z/my-project/scripts/ph3_engine.mjs:304:23)
    at async main (file:///home/z/my-project/scripts/ph3_engine.mjs:398:41)
Failed to make API request: Error: API request failed with status 429: {"error":"Too many requests, please try again later"}
    at ZAI.createChatCompletion (file:///home/z/.bun/install/global/node_modules/z-ai-web-dev-sdk/dist/index.js:103:23)
    at process.processTicksAndRejections (node:internal/process/task_queues:104:5)
    at async callLLM (file:///home/z/my-project/scripts/ph3_engine.mjs:240:26)
    at async tashkeelSingle (file:///home/z/my-project/scripts/ph3_engine.mjs:304:23)
    at async main (file:///home/z/my-project/scripts/ph3_engine.mjs:398:41)
    [429] waiting 3s before retry 2/5
Failed to make API request: Error: API request failed with status 429: {"error":"Too many requests, please try again later"}
    at ZAI.createChatCompletion (file:///home/z/.bun/install/global/node_modules/z-ai-web-dev-sdk/dist/index.js:103:23)
    at process.processTicksAndRejections (node:internal/process/task_queues:104:5)
    at async callLLM (file:///home/z/my-project/scripts/ph3_engine.mjs:240:26)
    at async tashkeelSingle (file:///home/z/my-project/scripts/ph3_engine.mjs:304:23)
    at async main (file:///home/z/my-project/scripts/ph3_engine.mjs:398:41)
    [429] waiting 6s before retry 3/5
Failed to make API request: Error: API request failed with status 429: {"error":"Too many requests, please try again later"}
    at ZAI.createChatCompletion (file:///home/z/.bun/install/global/node_modules/z-ai-web-dev-sdk/dist/index.js:103:23)
    at process.processTicksAndRejections (node:internal/process/task_queues:104:5)
    at async callLLM (file:///home/z/my-project/scripts/ph3_engine.mjs:240:26)
    at async tashkeelSingle (file:///home/z/my-project/scripts/ph3_engine.mjs:304:23)
    at async main (file:///home/z/my-project/scripts/ph3_engine.mjs:398:41)
    [429] waiting 12s before retry 4/5
Failed to make API request: Error: API request failed with status 429: {"error":"Too many requests, please try again later"}
    at ZAI.createChatCompletion (file:///home/z/.bun/install/global/node_modules/z-ai-web-dev-sdk/dist/index.js:103:23)
    at process.processTicksAndRejections (node:internal/process/task_queues:104:5)
    at async callLLM (file:///home/z/my-project/scripts/ph3_engine.mjs:240:26)
    at async tashkeelSingle (file:///home/z/my-project/scripts/ph3_engine.mjs:304:23)
    at async main (file:///home/z/my-project/scripts/ph3_engine.mjs:398:41)
    [429] waiting 24s before retry 5/5
Failed to make API request: Error: API request failed with status 429: {"error":"Too many requests, please try again later"}
    at ZAI.createChatCompletion (file:///home/z/.bun/install/global/node_modules/z-ai-web-dev-sdk/dist/index.js:103:23)
    at process.processTicksAndRejections (node:internal/process/task_queues:104:5)
    at async callLLM (file:///home/z/my-project/scripts/ph3_engine.mjs:240:26)
    at async tashkeelSingle (file:///home/z/my-project/scripts/ph3_engine.mjs:304:23)
    at async main (file:///home/z/my-project/scripts/ph3_engine.mjs:398:41)
Failed to make API request: Error: API request failed with status 429: {"error":"Too many requests, please try again later"}
    at ZAI.createChatCompletion (file:///home/z/.bun/install/global/node_modules/z-ai-web-dev-sdk/dist/index.js:103:23)
    at process.processTicksAndRejections (node:internal/process/task_queues:104:5)
    at async callLLM (file:///home/z/my-project/scripts/ph3_engine.mjs:240:26)
    at async tashkeelSingle (file:///home/z/my-project/scripts/ph3_engine.mjs:304:23)
    at async main (file:///home/z/my-project/scripts/ph3_engine.mjs:398:41)
    [429] waiting 3s before retry 2/5
Failed to make API request: Error: API request failed with status 429: {"error":"Too many requests, please try again later"}
    at ZAI.createChatCompletion (file:///home/z/.bun/install/global/node_modules/z-ai-web-dev-sdk/dist/index.js:103:23)
    at process.processTicksAndRejections (node:internal/process/task_queues:104:5)
    at async callLLM (file:///home/z/my-project/scripts/ph3_engine.mjs:240:26)
    at async tashkeelSingle (file:///home/z/my-project/scripts/ph3_engine.mjs:304:23)
    at async main (file:///home/z/my-project/scripts/ph3_engine.mjs:398:41)
    [429] waiting 6s before retry 3/5
Failed to make API request: Error: API request failed with status 429: {"error":"Too many requests, please try again later"}
    at ZAI.createChatCompletion (file:///home/z/.bun/install/global/node_modules/z-ai-web-dev-sdk/dist/index.js:103:23)
    at process.processTicksAndRejections (node:internal/process/task_queues:104:5)
    at async callLLM (file:///home/z/my-project/scripts/ph3_engine.mjs:240:26)
    at async tashkeelSingle (file:///home/z/my-project/scripts/ph3_engine.mjs:304:23)
    at async main (file:///home/z/my-project/scripts/ph3_engine.mjs:398:41)
    [429] waiting 12s before retry 4/5
Failed to make API request: Error: API request failed with status 429: {"error":"Too many requests, please try again later"}
    at ZAI.createChatCompletion (file:///home/z/.bun/install/global/node_modules/z-ai-web-dev-sdk/dist/index.js:103:23)
    at process.processTicksAndRejections (node:internal/process/task_queues:104:5)
    at async callLLM (file:///home/z/my-project/scripts/ph3_engine.mjs:240:26)
    at async tashkeelSingle (file:///home/z/my-project/scripts/ph3_engine.mjs:304:23)
    at async main (file:///home/z/my-project/scripts/ph3_engine.mjs:398:41)
    [429] waiting 24s before retry 5/5
Failed to make API request: Error: API request failed with status 429: {"error":"Too many requests, please try again later"}
    at ZAI.createChatCompletion (file:///home/z/.bun/install/global/node_modules/z-ai-web-dev-sdk/dist/index.js:103:23)
    at process.processTicksAndRejections (node:internal/process/task_queues:104:5)
    at async callLLM (file:///home/z/my-project/scripts/ph3_engine.mjs:240:26)
    at async tashkeelSingle (file:///home/z/my-project/scripts/ph3_engine.mjs:304:23)
    at async main (file:///home/z/my-project/scripts/ph3_engine.mjs:398:41)
Failed to make API request: Error: API request failed with status 429: {"error":"Too many requests, please try again later"}
    at ZAI.createChatCompletion (file:///home/z/.bun/install/global/node_modules/z-ai-web-dev-sdk/dist/index.js:103:23)
    at process.processTicksAndRejections (node:internal/process/task_queues:104:5)
    at async callLLM (file:///home/z/my-project/scripts/ph3_engine.mjs:240:26)
    at async tashkeelSingle (file:///home/z/my-project/scripts/ph3_engine.mjs:304:23)
    at async main (file:///home/z/my-project/scripts/ph3_engine.mjs:398:41)
    [429] waiting 3s before retry 2/5
Failed to make API request: Error: API request failed with status 429: {"error":"Too many requests, please try again later"}
    at ZAI.createChatCompletion (file:///home/z/.bun/install/global/node_modules/z-ai-web-dev-sdk/dist/index.js:103:23)
    at process.processTicksAndRejections (node:internal/process/task_queues:104:5)
    at async callLLM (file:///home/z/my-project/scripts/ph3_engine.mjs:240:26)
    at async tashkeelSingle (file:///home/z/my-project/scripts/ph3_engine.mjs:304:23)
    at async main (file:///home/z/my-project/scripts/ph3_engine.mjs:398:41)
    [429] waiting 6s before retry 3/5
Failed to make API request: Error: API request failed with status 429: {"error":"Too many requests, please try again later"}
    at ZAI.createChatCompletion (file:///home/z/.bun/install/global/node_modules/z-ai-web-dev-sdk/dist/index.js:103:23)
    at process.processTicksAndRejections (node:internal/process/task_queues:104:5)
    at async callLLM (file:///home/z/my-project/scripts/ph3_engine.mjs:240:26)
    at async tashkeelSingle (file:///home/z/my-project/scripts/ph3_engine.mjs:304:23)
    at async main (file:///home/z/my-project/scripts/ph3_engine.mjs:398:41)
    [429] waiting 12s before retry 4/5
Failed to make API request: Error: API request failed with status 429: {"error":"Too many requests, please try again later"}
    at ZAI.createChatCompletion (file:///home/z/.bun/install/global/node_modules/z-ai-web-dev-sdk/dist/index.js:103:23)
    at process.processTicksAndRejections (node:internal/process/task_queues:104:5)
    at async callLLM (file:///home/z/my-project/scripts/ph3_engine.mjs:240:26)
    at async tashkeelSingle (file:///home/z/my-project/scripts/ph3_engine.mjs:304:23)
    at async main (file:///home/z/my-project/scripts/ph3_engine.mjs:398:41)
    [429] waiting 24s before retry 5/5
Failed to make API request: Error: API request failed with status 429: {"error":"Too many requests, please try again later"}
    at ZAI.createChatCompletion (file:///home/z/.bun/install/global/node_modules/z-ai-web-dev-sdk/dist/index.js:103:23)
    at process.processTicksAndRejections (node:internal/process/task_queues:104:5)
    at async callLLM (file:///home/z/my-project/scripts/ph3_engine.mjs:240:26)
    at async tashkeelSingle (file:///home/z/my-project/scripts/ph3_engine.mjs:304:23)
    at async main (file:///home/z/my-project/scripts/ph3_engine.mjs:398:41)
  0_01423_00: failed (attempts=4)
Failed to make API request: Error: API request failed with status 429: {"error":"Too many requests, please try again later"}
    at ZAI.createChatCompletion (file:///home/z/.bun/install/global/node_modules/z-ai-web-dev-sdk/dist/index.js:103:23)
    at process.processTicksAndRejections (node:internal/process/task_queues:104:5)
    at async callLLM (file:///home/z/my-project/scripts/ph3_engine.mjs:240:26)
    at async tashkeelSingle (file:///home/z/my-project/scripts/ph3_engine.mjs:304:23)
    at async main (file:///home/z/my-project/scripts/ph3_engine.mjs:398:41)
    [429] waiting 3s before retry 2/5
Failed to make API request: Error: API request failed with status 429: {"error":"Too many requests, please try again later"}
    at ZAI.createChatCompletion (file:///home/z/.bun/install/global/node_modules/z-ai-web-dev-sdk/dist/index.js:103:23)
    at process.processTicksAndRejections (node:internal/process/task_queues:104:5)
    at async callLLM (file:///home/z/my-project/scripts/ph3_engine.mjs:240:26)
    at async tashkeelSingle (file:///home/z/my-project/scripts/ph3_engine.mjs:304:23)
    at async main (file:///home/z/my-project/scripts/ph3_engine.mjs:398:41)
    [429] waiting 6s before retry 3/5
Failed to make API request: Error: API request failed with status 429: {"error":"Too many requests, please try again later"}
    at ZAI.createChatCompletion (file:///home/z/.bun/install/global/node_modules/z-ai-web-dev-sdk/dist/index.js:103:23)
    at process.processTicksAndRejections (node:internal/process/task_queues:104:5)
    at async callLLM (file:///home/z/my-project/scripts/ph3_engine.mjs:240:26)
    at async tashkeelSingle (file:///home/z/my-project/scripts/ph3_engine.mjs:304:23)
    at async main (file:///home/z/my-project/scripts/ph3_engine.mjs:398:41)
    [429] waiting 12s before retry 4/5
Failed to make API request: Error: API request failed with status 429: {"error":"Too many requests, please try again later"}
    at ZAI.createChatCompletion (file:///home/z/.bun/install/global/node_modules/z-ai-web-dev-sdk/dist/index.js:103:23)
    at process.processTicksAndRejections (node:internal/process/task_queues:104:5)
    at async callLLM (file:///home/z/my-project/scripts/ph3_engine.mjs:240:26)
    at async tashkeelSingle (file:///home/z/my-project/scripts/ph3_engine.mjs:304:23)
    at async main (file:///home/z/my-project/scripts/ph3_engine.mjs:398:41)
    [429] waiting 24s before retry 5/5
Failed to make API request: Error: API request failed with status 429: {"error":"Too many requests, please try again later"}
    at ZAI.createChatCompletion (file:///home/z/.bun/install/global/node_modules/z-ai-web-dev-sdk/dist/index.js:103:23)
    at process.processTicksAndRejections (node:internal/process/task_queues:104:5)
    at async callLLM (file:///home/z/my-project/scripts/ph3_engine.mjs:240:26)
    at async tashkeelSingle (file:///home/z/my-project/scripts/ph3_engine.mjs:304:23)
    at async main (file:///home/z/my-project/scripts/ph3_engine.mjs:398:41)
Failed to make API request: Error: API request failed with status 429: {"error":"Too many requests, please try again later"}
    at ZAI.createChatCompletion (file:///home/z/.bun/install/global/node_modules/z-ai-web-dev-sdk/dist/index.js:103:23)
    at process.processTicksAndRejections (node:internal/process/task_queues:104:5)
    at async callLLM (file:///home/z/my-project/scripts/ph3_engine.mjs:240:26)
    at async tashkeelSingle (file:///home/z/my-project/scripts/ph3_engine.mjs:304:23)
    at async main (file:///home/z/my-project/scripts/ph3_engine.mjs:398:41)
    [429] waiting 3s before retry 2/5
Failed to make API request: Error: API request failed with status 429: {"error":"Too many requests, please try again later"}
    at ZAI.createChatCompletion (file:///home/z/.bun/install/global/node_modules/z-ai-web-dev-sdk/dist/index.js:103:23)
    at process.processTicksAndRejections (node:internal/process/task_queues:104:5)
    at async callLLM (file:///home/z/my-project/scripts/ph3_engine.mjs:240:26)
    at async tashkeelSingle (file:///home/z/my-project/scripts/ph3_engine.mjs:304:23)
    at async main (file:///home/z/my-project/scripts/ph3_engine.mjs:398:41)
    [429] waiting 6s before retry 3/5
Failed to make API request: Error: API request failed with status 429: {"error":"Too many requests, please try again later"}
    at ZAI.createChatCompletion (file:///home/z/.bun/install/global/node_modules/z-ai-web-dev-sdk/dist/index.js:103:23)
    at process.processTicksAndRejections (node:internal/process/task_queues:104:5)
    at async callLLM (file:///home/z/my-project/scripts/ph3_engine.mjs:240:26)
    at async tashkeelSingle (file:///home/z/my-project/scripts/ph3_engine.mjs:304:23)
    at async main (file:///home/z/my-project/scripts/ph3_engine.mjs:398:41)
    [429] waiting 12s before retry 4/5
Failed to make API request: Error: API request failed with status 429: {"error":"Too many requests, please try again later"}
    at ZAI.createChatCompletion (file:///home/z/.bun/install/global/node_modules/z-ai-web-dev-sdk/dist/index.js:103:23)
    at process.processTicksAndRejections (node:internal/process/task_queues:104:5)
    at async callLLM (file:///home/z/my-project/scripts/ph3_engine.mjs:240:26)
    at async tashkeelSingle (file:///home/z/my-project/scripts/ph3_engine.mjs:304:23)
    at async main (file:///home/z/my-project/scripts/ph3_engine.mjs:398:41)
    [429] waiting 24s before retry 5/5
Failed to make API request: Error: API request failed with status 429: {"error":"Too many requests, please try again later"}
    at ZAI.createChatCompletion (file:///home/z/.bun/install/global/node_modules/z-ai-web-dev-sdk/dist/index.js:103:23)
    at process.processTicksAndRejections (node:internal/process/task_queues:104:5)
    at async callLLM (file:///home/z/my-project/scripts/ph3_engine.mjs:240:26)
    at async tashkeelSingle (file:///home/z/my-project/scripts/ph3_engine.mjs:304:23)
    at async main (file:///home/z/my-project/scripts/ph3_engine.mjs:398:41)
Failed to make API request: Error: API request failed with status 429: {"error":"Too many requests, please try again later"}
    at ZAI.createChatCompletion (file:///home/z/.bun/install/global/node_modules/z-ai-web-dev-sdk/dist/index.js:103:23)
    at process.processTicksAndRejections (node:internal/process/task_queues:104:5)
    at async callLLM (file:///home/z/my-project/scripts/ph3_engine.mjs:240:26)
    at async tashkeelSingle (file:///home/z/my-project/scripts/ph3_engine.mjs:304:23)
    at async main (file:///home/z/my-project/scripts/ph3_engine.mjs:398:41)
    [429] waiting 3s before retry 2/5
Failed to make API request: Error: API request failed with status 429: {"error":"Too many requests, please try again later"}
    at ZAI.createChatCompletion (file:///home/z/.bun/install/global/node_modules/z-ai-web-dev-sdk/dist/index.js:103:23)
    at process.processTicksAndRejections (node:internal/process/task_queues:104:5)
    at async callLLM (file:///home/z/my-project/scripts/ph3_engine.mjs:240:26)
    at async tashkeelSingle (file:///home/z/my-project/scripts/ph3_engine.mjs:304:23)
    at async main (file:///home/z/my-project/scripts/ph3_engine.mjs:398:41)
    [429] waiting 6s before retry 3/5
Failed to make API request: Error: API request failed with status 429: {"error":"Too many requests, please try again later"}
    at ZAI.createChatCompletion (file:///home/z/.bun/install/global/node_modules/z-ai-web-dev-sdk/dist/index.js:103:23)
    at process.processTicksAndRejections (node:internal/process/task_queues:104:5)
    at async callLLM (file:///home/z/my-project/scripts/ph3_engine.mjs:240:26)
    at async tashkeelSingle (file:///home/z/my-project/scripts/ph3_engine.mjs:304:23)
    at async main (file:///home/z/my-project/scripts/ph3_engine.mjs:398:41)
    [429] waiting 12s before retry 4/5
Failed to make API request: Error: API request failed with status 429: {"error":"Too many requests, please try again later"}
    at ZAI.createChatCompletion (file:///home/z/.bun/install/global/node_modules/z-ai-web-dev-sdk/dist/index.js:103:23)
    at process.processTicksAndRejections (node:internal/process/task_queues:104:5)
    at async callLLM (file:///home/z/my-project/scripts/ph3_engine.mjs:240:26)
    at async tashkeelSingle (file:///home/z/my-project/scripts/ph3_engine.mjs:304:23)
    at async main (file:///home/z/my-project/scripts/ph3_engine.mjs:398:41)
    [429] waiting 24s before retry 5/5
Failed to make API request: Error: API request failed with status 429: {"error":"Too many requests, please try again later"}
    at ZAI.createChatCompletion (file:///home/z/.bun/install/global/node_modules/z-ai-web-dev-sdk/dist/index.js:103:23)
    at process.processTicksAndRejections (node:internal/process/task_queues:104:5)
    at async callLLM (file:///home/z/my-project/scripts/ph3_engine.mjs:240:26)
    at async tashkeelSingle (file:///home/z/my-project/scripts/ph3_engine.mjs:304:23)
    at async main (file:///home/z/my-project/scripts/ph3_engine.mjs:398:41)
Failed to make API request: Error: API request failed with status 429: {"error":"Too many requests, please try again later"}
    at ZAI.createChatCompletion (file:///home/z/.bun/install/global/node_modules/z-ai-web-dev-sdk/dist/index.js:103:23)
    at process.processTicksAndRejections (node:internal/process/task_queues:104:5)
    at async callLLM (file:///home/z/my-project/scripts/ph3_engine.mjs:240:26)
    at async tashkeelSingle (file:///home/z/my-project/scripts/ph3_engine.mjs:304:23)
    at async main (file:///home/z/my-project/scripts/ph3_engine.mjs:398:41)
    [429] waiting 3s before retry 2/5
Failed to make API request: Error: API request failed with status 429: {"error":"Too many requests, please try again later"}
    at ZAI.createChatCompletion (file:///home/z/.bun/install/global/node_modules/z-ai-web-dev-sdk/dist/index.js:103:23)
    at process.processTicksAndRejections (node:internal/process/task_queues:104:5)
    at async callLLM (file:///home/z/my-project/scripts/ph3_engine.mjs:240:26)
    at async tashkeelSingle (file:///home/z/my-project/scripts/ph3_engine.mjs:304:23)
    at async main (file:///home/z/my-project/scripts/ph3_engine.mjs:398:41)
    [429] waiting 6s before retry 3/5
